vehicle_id,vin,make,model,year,color,engine_type,mileage,customer_id,customer_name,email,phone,service_id,service_date,service_type,technician,cost,parts_cost,labor_cost,warranty_status,last_inspection,status,last_updated
VEH-000001,9CGKKH1SC1KVM2H4T,Tesla,Model 3,2022,Tan,Diesel,67689,CUST-56345,Mr. Matthew Parker,ecollins@example.net,921-288-5414x157,SVC-00000001,2024-04-30,Body Work,Sara Marquez,1940.97,1117.98,822.99,Active,2026-01-05,Inactive,2024-06-11
VEH-000002,5YGG6ZSXPELLYJBZ5,Chevrolet,Traverse,2006,Orchid,Hybrid,47867,CUST-48871,Kimberly Hart,dgilmore@example.org,497.302.8432,SVC-00000002,2023-06-08,Battery Replacement,Brian Rivera,2505.35,1407.03,1098.32,Expired,2024-06-15,Active,2024-02-21
VEH-000003,69809BP6ELD7JYAF8,Honda,Civic,2018,DarkOrange,Gasoline,39260,CUST-78482,Erin Brown,shafferthomas@example.com,(754)549-2248,SVC-00000003,2024-05-06,Oil Change,Laura Gray,2067.54,1067.64,999.9,Expired,2025-06-07,Scrapped,2025-06-27
VEH-000004,CD50ZSZ6SAHY72TC5,Ford,Bronco,1997,BlueViolet,Electric,64216,CUST-97599,Matthew Smith,laura31@example.org,918-392-8865,SVC-00000004,2025-09-14,Oil Change,Joshua Cooper,2134.47,1543.96,590.51,Expired,2024-07-10,Active,2023-07-16
VEH-000005,12FK1BD4J4JV2B2BX,Ford,Mustang,2003,CornflowerBlue,Electric,105739,CUST-26144,Matthew Hudson,andre32@example.net,+1-679-977-0199x425,SVC-00000005,2025-07-22,Brake Service,Edward Allison,1187.0,672.42,514.58,Not Applicable,2024-10-08,Scrapped,2024-06-05
VEH-000006,69SNDWE2KNURWYDUC,Tesla,Model X,2014,BlanchedAlmond,Diesel,125940,CUST-49048,Vanessa Harper,erin34@example.org,584-921-0090x90554,SVC-00000006,2025-08-23,Tire Rotation,Joshua Cooper,3056.99,1980.86,1076.13,Not Applicable,2024-07-04,Inactive,2025-03-18
VEH-000007,VTDXDBRVCW27DB5WW,Kia,Sorento,2014,DarkMagenta,Plug-in Hybrid,228452,CUST-30599,Evelyn Woodard,beanstephanie@example.net,(351)827-4280,SVC-00000007,2023-09-10,Other,Jessica Thomas,445.88,279.67,166.21,Not Applicable,2025-10-04,Inactive,2025-12-07
VEH-000008,E9G7Z9ZG2TWPHMT12,Tesla,Cybertruck,2001,GhostWhite,Hybrid,67351,CUST-28706,Adrienne Cuevas,tkelly@example.com,666-653-3893,SVC-00000008,2026-03-20,Engine Repair,Wanda Gutierrez,1764.29,434.15,1330.14,Not Applicable,2024-04-28,Scrapped,2026-03-17
VEH-000009,WLHE29KWHWJ3MAHP6,Toyota,Highlander,2099,OliveDrab,Hybrid,248176,CUST-46074,Laurie Charles,jason46@example.com,001-775-710-8544,SVC-00000009,2022-11-12,Tire Rotation,David Martin,2035.85,1567.96,467.89,Expired,2025-04-28,Active,2024-03-30
VEH-000010,T64YUC2A3F2JEV063,Tesla,Model S,2001,LimeGreen,Diesel,1321,CUST-84910,Jenna Wright,calvin96@example.org,250-433-9185,SVC-00000010,2023-06-09,Battery Replacement,Colton Armstrong,2139.11,1849.54,289.57,Expired,2025-10-16,Inactive,2026-01-29
VEH-000011,79YDF2ZHDR0HCC5V5,BMW,M4,2022,Orchid,Gasoline,46515,CUST-15818,Gregory Moore,david27@example.com,,SVC-00000011,2025-10-30,Battery Replacement,Kathryn Patel,1946.34,1572.9,373.44,Active,2024-06-09,Active,2023-12-28
VEH-000012,K66KXRA7W9X96PXDD,Nissan,Rogue,2005,LemonChiffon,Diesel,219242,CUST-87279,Deborah Smith,,919.772.0622,SVC-00000012,2022-06-29,Inspection,Maria Rubio,1775.08,1666.69,108.39,Not Applicable,2025-05-03,Inactive,2025-12-10
VEH-000013,PV8RX8XE12DFSZTJ3,Hyundai,Santa Fe,2012,HotPink,Gasoline,160852,CUST-62210,Jonathan Gordon,crystalmendoza@example.com,+1-527-533-1015,SVC-00000013,2025-06-03,Other,Susan Davis,2038.44,1832.51,102.17,Expired,2025-12-08,Scrapped,2026-02-19
VEH-000014,ABC123,Nissan,Rogue,2012,Coral,Gasoline,93353,CUST-97312,Dennis Knox,morrisryan@example.com,+1-857-291-9993x11403,SVC-00000014,2024-12-30,Tire Rotation,Susan Davis,1131.5,761.62,369.88,Not Applicable,2024-05-19,Inactive,2024-06-18
VEH-000015,00000000000000000,Ford,Mustang,2005,LightBlue,Diesel,57183,CUST-58794,Joseph Hayes,matthewhancock@example.net,,SVC-00000015,2023-11-24,Other,Paul Valencia,755.71,315.69,440.02,Not Applicable,2024-10-06,Active,2025-12-07
VEH-000016,WCD21UNY39099V553,Tesla,Model 3,2017,Bisque,Gasoline,245596,CUST-66634,Mary Taylor,adam77@example.org,778-375-6028x53766,SVC-00000016,2023-01-31,Oil Change,Melissa Mendez,2815.68,1954.72,860.96,Expired,2026-04-02,Active,2024-08-30
VEH-000017,8FNR42MY7AKB30K7N,Chevrolet,Silverado,2017,Silver,Electric,160748,CUST-44070,Margaret Young,nrodriguez@example.org,429.341.2967x51600,SVC-00000017,2025-06-27,Engine Repair,Brian Rivera,617.64,335.71,281.93,Not Applicable,2024-05-29,Inactive,2023-10-15
VEH-000018,9LKTGSYL5V6CAJY33,Hyundai,Santa Fe,2000,LightPink,Diesel,78866,CUST-23957,Elaine Hess,jared71@example.net,610.602.9503,SVC-00000018,2024-10-29,Brake Service,Melissa Mendez,2473.67,861.69,1123.27,Not Applicable,2024-08-09,Scrapped,2026-02-05
VEH-000019,63XHC5CEKM6XP588X,Tesla,Model Y,1996,MistyRose,Hybrid,26697,CUST-66037,Jason Hall,turnerjose@example.net,864-891-2056x7043,SVC-00000019,2025-12-24,Tire Rotation,Travis Contreras,1777.31,914.07,863.24,Expired,2024-11-01,Active,2026-01-30
VEH-000020,E5T72WDY5XLNUEDR8,Ford,F-150,2002,Linen,Hybrid,228170,CUST-65571,Jessica Aguirre,elizabethmayo@example.org,+1-897-618-8345x44098,SVC-00000020,2022-10-23,Other,Debbie West,1021.77,658.86,362.91,Expired,2025-08-02,Active,2025-12-29
VEH-000021,6DWKRJUZXP5MTCJDA,Nissan,Frontier,1996,Bisque,Hybrid,-175816,CUST-49089,David Miller,chelsea35@example.net,410-206-9858x3797,SVC-00000021,2026-05-21,Battery Replacement,Brian Rivera,1097.7,675.08,422.62,Expired,2025-10-07,Scrapped,2024-12-27
VEH-000022,GE2NGTUAHNYLC6GSJ,chevrolet,Equinox,2003,GreenYellow,Plug-in Hybrid,222249,CUST-71630,Colleen Fletcher,john68@example.com,551.836.1780,SVC-00000022,2023-07-25,Inspection,Laura Gray,1772.02,807.09,964.93,Not Applicable,2025-11-04,Active,2024-04-14
VEH-000023,Z2RBXJJ7J1MJAX7FH,Mercedes,S-Class,2000,AntiqueWhite,Diesel,246037,CUST-97673,Richard Nielsen,duartealan@example.com,653-597-6738,SVC-00000023,2022-07-31,Oil Change,Caitlin Marshall,2640.77,1506.04,1134.73,Expired,2025-09-04,Active,2024-06-10
VEH-000024,1HGBH41JXMN10916,Kia,Telluride,2013,MidnightBlue,Hybrid,194084,CUST-19491,Cynthia Alvarez,steven59@example.org,437.264.9748,SVC-00000024,2023-03-11,Engine Repair,Wanda Gutierrez,2666.56,1806.32,860.24,Expired,2025-10-25,Active,2024-03-02
VEH-000025,ZCFS0AR3K17EMUKRL,Toyota,Highlander,2020,FireBrick,Diesel,138240,CUST-17433,Maria Bennett,eli@example.com,001-397-750-3092x2493,SVC-00000025,2025-01-13,Body Work,Jessica Thomas,433.24,362.96,70.28,Active,2025-05-06,Active,2024-10-23
VEH-000026,B9SNXB6S0G4VNS0V1,Honda,Pilot,2023,Yellow,Electric,135942,CUST-36679,Michael Boone,erichayden@example.net,717-799-7448x2951,SVC-00000026,2022-06-06,Tire Rotation,Wanda Gutierrez,353.35,36.47,409.59,Active,2024-05-27,Scrapped,2024-02-07
VEH-000027,WEPKEURKYUGXT0SDN,Honda,Accord,2021,SkyBlue,Gasoline,228927,CUST-18161,Nancy Hays,jillianjohnston@example.net,+1-211-502-0160,SVC-00000027,2024-10-16,Oil Change,Jessica Thomas,1849.64,1072.32,777.32,Active,2024-07-06,Scrapped,2024-04-09
VEH-000028,CGA60HMTL9RYVS9ZZ,Ford,Mustang,2005,SlateGray,Hybrid,-112639,CUST-27257,Brandy Barron,charles16@example.org,(800)777-5184,SVC-00000028,2023-12-22,Other,Robert Sanford,2040.06,941.08,1098.98,Expired,2025-10-31,Active,2024-02-22
VEH-000029,FJ322CW5G263PJ3BE,Mercedes,C-Class,2023,Gainsboro,Gasoline,47975,CUST-30739,Jeanette Craig,wrightveronica@example.com,(497)285-7839,SVC-00000029,2025-08-10,Engine Repair,David Martin,3209.19,1753.62,1455.57,Active,2024-09-14,Active,2024-07-25
VEH-000030,R22Z2TRHN9KX52UR1,Kia,Soul,2000,MintCream,Hybrid,208027,CUST-43832,Barbara Martinez,loriwalsh@example.com,(315)531-5788x6849,SVC-00000030,2023-03-11,Other,Michelle Torres,1195.25,851.27,343.98,Expired,2024-09-27,Inactive,2023-07-04
VEH-000031,VK4W03L234T6TU098,BMW,5 Series,2006,Khaki,Electric,178635,CUST-15269,Dalton Wong,kathleen61@example.org,+1-937-254-2804x1695,SVC-00000031,2023-11-19,Inspection,Shelley Wilson,1881.63,711.23,1170.4,Expired,2025-01-10,Scrapped,2024-09-22
VEH-000032,N7S4AE373XVG630P2,Honda,Civic,2007,LightCyan,Diesel,188290,CUST-37849,Jared Sanders,ashley98@example.com,913.282.5880,SVC-00000032,2026-07-07,Oil Change,David Martin,2249.97,1842.37,407.6,Expired,2024-07-26,Scrapped,2024-03-19
VEH-000033,J5EF1461JPBZVJJFJ,Ford,Mustang,2006,Khaki,Diesel,96573,CUST-57901,Sarah Rhodes,tammyreed@example.net,+1-296-305-8639x492,SVC-00000033,2022-08-18,Other,Paul Valencia,2092.69,1233.38,859.31,Expired,2025-02-20,Scrapped,2025-11-29
VEH-000034,DXAM525LHKMH5Z59R,Hyundai,Santa Fe,2009,Violet,Electric,202384,CUST-69893,Angela Patrick,kristiphillips@example.com,928.259.5216x635,SVC-00000034,2023-03-07,Brake Service,,2080.87,1491.01,589.86,Not Applicable,2025-08-23,Scrapped,2024-02-21
VEH-000035,VNE3NBCVR33BL7TTG,Honda,CR-V,2019,SpringGreen,Gasoline,108186,CUST-88343,Amber Walker,aclayton@example.com,828-384-1377x026,SVC-00000035,2023-11-13,Battery Replacement,Charles Nelson,1530.46,341.12,1189.34,Not Applicable,2026-04-04,Inactive,2023-08-18
VEH-000036,SLE5KU6TS1VVM1MPS,Tesla,Model X,2024,Bisque,Plug-in Hybrid,70031,CUST-18861,Virginia Garcia,kimberlyhines@example.net,(381)526-0896,SVC-00000036,2024-03-20,Body Work,Melissa Mendez,1401.2,472.78,928.42,Active,2025-08-10,Inactive,2024-02-12
VEH-000037,WEVM10ZY6R8Y3H8N5,Mercedes,S-Class,2024,PaleGoldenRod,Diesel,239905,CUST-82227,Justin Robinson,david19@example.org,8325718268,SVC-00000037,2023-03-20,Tire Rotation,Laura Gray,1149.71,589.48,560.23,Active,2026-03-12,Scrapped,2024-06-17
VEH-000038,4TEDVN1G3FNFN8GAN,Nissan,Frontier,1997,DarkCyan,Diesel,5044,CUST-10890,Derrick Brown,taylorapril@example.org,(885)266-0430x85087,SVC-00000038,2024-04-19,Inspection,Charles Nelson,2934.28,1598.36,1335.92,Not Applicable,2024-06-27,Active,2024-12-13
VEH-000039,7PFBT27U7VLSGG1MZ,Honda,Pilot,1995,Maroon,Electric,131318,CUST-26790,Michael Bryant,hartalan@example.net,233.437.2378,SVC-00000039,2025-07-20,Engine Repair,Joshua Cooper,1297.3,980.46,316.84,Not Applicable,2025-02-03,Inactive,2023-06-02
VEH-000040,1SSMSKXN8ALBCRBL1,Kia,Soul,2006,DodgerBlue,Diesel,152402,CUST-38501,Mary Burton,kellymichelle@example.net,+1-674-439-0379,SVC-00000040,2024-10-18,Battery Replacement,Melissa Mendez,911.45,417.84,493.61,Expired,2026-03-11,Active,2025-01-21
VEH-000041,SSB3PSJB0DCYTS2GP,Tesla,Model S,2011,Olive,Hybrid,107797,CUST-28791,Mark Cook,,6995612253,SVC-00000041,2022-09-14,Engine Repair,,2555.09,1890.44,664.65,Not Applicable,2025-05-15,Scrapped,2024-10-09
VEH-000042,3ETUZ0BLJ503ZRRVC,BMW,X3,2012,SpringGreen,Gasoline,235005,CUST-92962,Ricky Ward,kenneth56@example.com,686-772-2666,SVC-00000042,2023-08-04,Other,Katherine Bridges,1432.68,859.89,572.79,Expired,2025-04-20,Scrapped,2025-01-25
VEH-000043,1134DHGN67TZT1MEU,Mercedes,E-Class,2013,Brown,Plug-in Hybrid,71807,CUST-25418,Brandon Morgan,patrickharrison@example.net,001-694-402-6410x861,SVC-00000043,2022-11-13,Brake Service,Susan Davis,2163.03,1564.36,598.67,Not Applicable,2025-03-10,Scrapped,2025-12-23
VEH-000044,GFJD69404VLU2D00M,Toyota,Highlander,2018,OliveDrab,Electric,30546,CUST-21311,Jasmine Davis MD,rochajennifer@example.com,324-547-2648,SVC-00000044,2023-07-21,Tire Rotation,Sarah Murray,1643.89,1354.72,289.17,Expired,2025-04-29,Active,2023-06-30
VEH-000045,EG7P8ZWP114T8BY9U,chevrolet,Silverado,2010,LightSteelBlue,Plug-in Hybrid,136398,CUST-26723,Samuel Morales,xmcmillan@example.com,,SVC-00000045,2024-12-25,Engine Repair,Sarah Murray,736.14,437.31,298.83,Expired,2026-03-30,Active,2024-06-20
VEH-000046,C9FN2GJ74RCKBY4B8,Ford,Explorer,1999,LightSkyBlue,Hybrid,41086,CUST-97644,Brandon Ward,pshannon@example.org,001-502-920-4927,SVC-00000046,2026-03-06,Engine Repair,,1139.16,469.83,879.86,Not Applicable,2025-10-17,Active,2023-05-06
VEH-000047,R495SA6GA75S3PUK8,Toyota,Highlander,1997,Salmon,Hybrid,128391,CUST-54343,Amanda Mills,nicolecarroll@example.org,,SVC-00000047,2025-11-05,Body Work,David Martin,915.75,512.21,403.54,Expired,2024-11-21,Active,2025-10-24
VEH-000048,1HGBH41JXMN10916,FORD,Mustang,2014,SkyBlue,Gasoline,24173,CUST-92072,Nicole Mitchell,guerraaudrey@example.net,768.940.0276x46881,SVC-00000048,2022-10-26,Tire Rotation,Michelle Torres,1216.52,539.66,676.86,Not Applicable,2025-06-21,Active,2025-06-21
VEH-000049,03RC3DX1RC9UVFZGC,Mercedes,S-Class,1996,DarkRed,Diesel,228881,CUST-22889,Kenneth Campbell,reevesscott@example.com,(356)321-7970x9030,SVC-00000049,2023-05-10,Engine Repair,Sarah Murray,2658.7,1288.74,1369.96,Expired,2024-11-29,Scrapped,2023-10-18
VEH-000050,LGC99TAH7C9XVTYXJ,Hyundai,Elantra,1995,Snow,Gasoline,225228,CUST-15304,Haley Jones,ohenderson@example.org,9704765212,SVC-00000050,2022-07-25,Engine Repair,Charles Nelson,1768.55,1367.73,400.82,Not Applicable,2026-04-08,Inactive,2024-05-29
VEH-000051,G10WJ2YV1MWK4RUUZ,BMW,3 Series,2015,GhostWhite,Plug-in Hybrid,157181,CUST-88702,Kristine Diaz,ginajones@example.com,712.493.2314,SVC-00000051,2023-08-19,Engine Repair,Jessica Thomas,2209.14,1086.61,1122.53,Not Applicable,2025-07-02,Scrapped,2025-10-09
VEH-000052,RGGWVJA5DHDRBH8RW,Honda,Odyssey,2001,SteelBlue,Gasoline,20568,CUST-50961,Nancy Keller,juliewagner@example.net,001-414-781-6497x4475,SVC-00000052,2024-05-11,Battery Replacement,Charles Nelson,2217.83,1160.01,1057.82,Expired,2024-06-21,Inactive,2025-05-25
VEH-000053,LSM1ADZZYJ4VZH45R,Tesla,Model X,2001,RoyalBlue,Hybrid,170378,CUST-20260,Colleen Carlson,johnnyphillips@example.net,(780)344-0364x29423,SVC-00000053,2023-05-30,Brake Service,Katherine Bridges,548.53,201.78,346.75,Expired,2025-11-03,Active,2025-03-24
VEH-000054,1HGCM82633AO04747,Toyota,Corolla,2009,MintCream,Electric,94620,CUST-36146,Thomas Turner MD,nwatson@example.net,336-249-9219x4059,SVC-00000054,2022-10-29,Other,Sara Marquez,1366.71,1261.25,105.46,Expired,2025-02-02,Scrapped,2024-11-02
VEH-000055,RY3390ATXJF66NFWV,Toyota,Corolla,1996,LightGray,Diesel,192667,CUST-60638,Robert Washington,lsmith@example.net,001-210-722-0327x39080,SVC-00000055,2023-11-18,Oil Change,Debbie West,1597.84,1397.35,200.49,Not Applicable,2024-11-24,Inactive,2023-06-16
VEH-000056,SK8HCSCW72VL8D6HV,BMW,M4,2001,Gold,Hybrid,70424,CUST-29589,Rickey Hale,lopezdaniel@example.com,7472746862,SVC-00000056,2023-02-08,Tire Rotation,Travis Contreras,1567.73,1208.79,358.94,Not Applicable,2026-01-02,Scrapped,2023-08-12
VEH-000057,GKEY42ZNFMJNN4NJT,Hyundai,Tucson,2018,DarkOrange,Diesel,125217,CUST-84626,Calvin Dunn,zachary84@example.com,636-909-1540x8763,SVC-00000057,2022-06-26,Inspection,Charles Nelson,4206.35,1713.36,1105.04,Not Applicable,2025-08-24,Inactive,2024-06-18
VEH-000058,H18S6GKEUR4Y3PKW9,Mercedes,GLE,2015,SkyBlue,Diesel,17938,CUST-74325,Gregory Pearson,anthonyirwin@example.org,642-718-6022,SVC-00000058,2025-11-11,Other,Jessica Thomas,2015.21,1579.84,435.37,Expired,2024-10-19,Scrapped,2023-10-24
VEH-000059,DJR0HNW34ZD78DSHW,BMW,5 Series,1995,Wheat,Plug-in Hybrid,179896,CUST-79844,Christopher Lee,smiller@example.org,001-952-608-6732x3821,SVC-00000059,2026-02-23,Engine Repair,Wanda Gutierrez,553.12,404.41,148.71,Expired,2024-10-15,Inactive,2023-06-18
VEH-000060,FRTNHEG9B2Z1AH60J,Chevrolet,Silverado,1998,Bisque,Gasoline,19796,CUST-20363,Mary Rodriguez,mturner@example.com,(370)781-5072x0809,SVC-00000060,2025-10-18,Body Work,Sarah Murray,2116.62,1103.47,1013.15,Not Applicable,2025-04-29,Active,2023-09-01
VEH-000061,F6PA880D9AD5N1GXC,Tesla,Model 3,2003,PowderBlue,Hybrid,99347,CUST-28977,James Reynolds,robert67@example.org,262.603.1343x863,SVC-00000061,2022-05-21,Brake Service,Joshua Cooper,2130.1,932.79,1197.31,Expired,2025-12-17,Inactive,2024-07-24
VEH-000062,DM27803NDHSFGXYV4,Toyota,RAV4,2007,DarkGreen,Gasoline,167566,CUST-29726,Thomas Rice,qspencer@example.com,,SVC-00000062,2024-05-31,Brake Service,Maria Rubio,1252.82,1138.24,114.58,Not Applicable,2025-02-05,Active,2024-12-02
VEH-000063,RCP5A9U9TJXX2TEEU,BMW,5 Series,2022,LightCyan,Plug-in Hybrid,209323,CUST-82153,Kelsey Adams,udavis@example.com,643-732-1204,SVC-00000063,2022-07-15,Tire Rotation,Paul Valencia,987.49,555.71,431.78,Active,2025-12-20,Inactive,2024-05-21
VEH-000064,JAVYMNWWA0SLJ7S2Z,Tesla,Model 3,2014,Pink,Plug-in Hybrid,247634,CUST-84581,Jared Gonzalez,robersonbrandy@example.org,425-498-4980x3502,SVC-00000064,2026-02-25,Oil Change,Michelle Hays,3159.1,1850.45,1308.65,Not Applicable,2024-08-30,Inactive,2023-12-29
VEH-000065,TD0AHSDU1GZ1377J4,Honda,Accord,1995,LavenderBlush,Electric,162765,CUST-61723,Ryan Williams Jr.,daniellefreeman@example.com,6734605576,SVC-00000065,2024-02-26,Inspection,Brian Rivera,1503.59,876.68,626.91,Not Applicable,2024-05-02,Active,2025-04-27
VEH-000066,YGZA8YCRGLS730G13,Kia,Forte,1997,CadetBlue,Gasoline,224068,CUST-77494,Vickie Gibson,tjohnson@example.net,+1-525-858-6060x472,SVC-00000066,2025-09-18,Inspection,,1150.83,793.99,356.84,Not Applicable,2025-11-09,Inactive,2023-09-02
VEH-000067,00000000000000000,Mercedes,GLE,2014,Magenta,Diesel,94792,CUST-67786,Jillian Wilson,,(325)799-4123x929,SVC-00000067,2026-01-01,Engine Repair,Paul Valencia,197.08,25.13,171.95,Expired,2025-04-03,Scrapped,2023-11-13
VEH-000068,5GV7ZH8M8X7K9CA64,Ford,Mustang,2002,Sienna,Electric,201367,CUST-97070,Edward Phillips,robinsondanielle@example.net,001-764-736-5648,SVC-00000068,2023-10-11,Inspection,Paul Valencia,1504.96,1116.69,388.27,Expired,2024-07-30,Scrapped,2024-10-09
VEH-000069,N67ESNKGKD1AF4EZY,Honda,Accord,1995,DarkKhaki,Hybrid,175898,CUST-94755,Jonathan Rowe,josephwilson@example.com,424-377-3506x4737,SVC-00000069,2024-06-12,Brake Service,David Martin,1954.04,1343.63,610.41,Expired,2024-10-04,Inactive,2025-03-31
VEH-000070,34D5YPLCK43UD76PJ,Chevrolet,Malibu,2014,SaddleBrown,Electric,7003,CUST-55502,Jesse Shaffer,njohnson@example.com,(552)355-6504,SVC-00000070,2023-02-19,Tire Rotation,Paul Valencia,1044.79,340.39,704.4,Not Applicable,2025-01-30,Scrapped,2023-08-31
VEH-000071,2FC1XXCRBLMN5785J,Toyota,RAV4,2016,OrangeRed,Plug-in Hybrid,53864,CUST-21258,Dr. Cheryl Jackson,samanthahodge@example.com,(303)943-8890,SVC-00000071,2022-11-18,Other,Jessica Thomas,1718.08,1383.27,334.81,Expired,2024-12-18,Inactive,2024-01-31
VEH-000072,EJTUUER1BYHG4FZ51,Tesla,Model X,2000,SteelBlue,Diesel,23587,CUST-26526,Nathan Watson,devingomez@example.net,(766)611-4772x373,SVC-00000072,2023-02-06,Oil Change,Brian Rivera,2368.74,1435.64,933.1,Not Applicable,2026-02-28,Scrapped,2025-07-03
VEH-000073,R9KZLDRWEBNDK6PK4,Ford,Bronco,2020,LightYellow,Hybrid,192963,CUST-43974,April Brock,traceyyang@example.net,001-454-556-2356,SVC-00000073,2025-06-16,Oil Change,Sarah Murray,1926.52,924.8,1001.72,Active,2025-01-24,Inactive,2024-04-21
VEH-000074,NR7KVB1MAG2YUM32P,Toyota,Highlander,2011,DarkViolet,Gasoline,100272,CUST-49087,Mary Brown,susanjones@example.org,350-298-2856x2137,SVC-00000074,2022-07-13,Brake Service,Robert Sanford,1057.73,373.18,684.55,Not Applicable,2025-02-07,Inactive,2026-03-06
VEH-000075,AV3JXB2NBZHPF7ZL5,Kia,Forte,2012,DarkViolet,Diesel,107262,CUST-11855,Jay Powell,ryanlee@example.net,,SVC-00000075,2024-07-09,Engine Repair,Sara Marquez,1155.45,181.32,974.13,Not Applicable,2024-06-19,Inactive,2025-01-28
VEH-000076,YLP307TT0V0CHKPGE,Nissan,Altima,2003,Lavender,Electric,136290,CUST-94667,Michelle Stanley,raymond36@example.net,(278)979-4759,SVC-00000076,2024-01-29,Other,Charles Nelson,444.77,295.59,149.18,Not Applicable,2025-01-13,Scrapped,2025-04-22
VEH-000077,12KVRN4XNH7KFN525,BMW,5 Series,2020,DarkSlateGray,Gasoline,140263,CUST-19370,Mark Kidd,brenda50@example.com,+1-448-297-2412x137,SVC-00000077,2026-09-30,Body Work,,2530.07,1335.06,1195.01,Active,2025-05-01,Scrapped,2023-09-25
VEH-000078,PD339CNZ2YMJW6C16,Honda,Civic,1999,Coral,Electric,47593,CUST-33665,Susan Hill,stephanie61@example.com,856.654.9651,SVC-00000078,2023-12-15,Other,Katherine Bridges,737.28,682.26,55.02,Not Applicable,2025-05-11,Active,2025-07-16
VEH-000079,1HGBH41JXMN10916,Toyota,RAV4,2018,Green,Diesel,100663,CUST-39713,Miss Nicole Joyce DDS,hmcbride@example.org,746.430.4642,SVC-00000079,2026-03-22,Oil Change,Laura Gray,1251.82,1104.75,147.07,Not Applicable,2026-03-26,Active,2024-11-09
VEH-000080,KCN48RNYS3MJHY8F6,Toyota,Tacoma,1997,LightSkyBlue,Electric,2067,CUST-17319,Dr. Taylor Howell DDS,josephjackson@example.org,590-841-0667x17395,SVC-00000080,2024-08-14,Oil Change,Paul Valencia,2767.46,1600.25,278.05,Not Applicable,2026-01-20,Scrapped,2025-01-17
VEH-000081,N3N26GUA58AGDZ8BV,Nissan,Frontier,1997,BurlyWood,Hybrid,116784,CUST-61267,Joshua Chavez,xstewart@example.com,792-570-0665,SVC-00000081,2024-01-10,Brake Service,Wanda Gutierrez,1986.98,600.91,1386.07,Not Applicable,2025-06-18,Scrapped,2024-04-17
VEH-000082,D1HHMT5SPGR29VYCH,Ford,Escape,2002,Sienna,Plug-in Hybrid,175585,CUST-98546,Sarah Carlson,scooper@example.com,575-698-0880x715,SVC-00000082,2026-08-10,Other,Kathryn Patel,1349.02,600.09,748.93,Expired,2026-01-23,Scrapped,2025-09-19
VEH-000083,B25UK0BULMBPVZ8VN,BMW,5 Series,2005,RoyalBlue,Diesel,127031,CUST-94092,Darren Martinez,wshepherd@example.org,918.642.9567,SVC-00000083,2025-10-12,Oil Change,Sara Marquez,1021.72,420.29,601.43,Expired,2025-08-22,Inactive,2023-07-11
VEH-000084,XUR4W7NM7HKVXNP5H,Ford,F-150,1997,Maroon,Diesel,87687,CUST-46901,Tanya Craig,nrasmussen@example.net,517.674.8575x280,SVC-00000084,2022-07-24,Engine Repair,David Martin,2577.9,1649.43,928.47,Expired,2025-09-15,Active,2024-11-27
VEH-000085,N74TZ6JG19K4UARF3,Chevrolet,Tahoe,1996,MediumPurple,Plug-in Hybrid,168869,CUST-47527,Angel Mercado,ljones@example.net,908-934-7411x67218,SVC-00000085,2025-06-06,Inspection,Michelle Torres,2509.4,1811.41,697.99,Not Applicable,2024-06-18,Inactive,2024-08-03
VEH-000086,973E4YUT56BZ61L5U,BMW,3 Series,2019,MediumSpringGreen,Diesel,241890,CUST-99765,David Ramirez,,001-534-675-3321x192,SVC-00000086,2023-06-27,Tire Rotation,Shelley Wilson,1771.06,1405.83,365.23,Not Applicable,2024-11-22,Scrapped,2024-06-15
VEH-000087,4X2MZSXPEU8TE4MU6,BMW,5 Series,1997,SandyBrown,Plug-in Hybrid,241814,CUST-55981,Michelle Mckenzie,valerie40@example.com,001-890-359-5434x69921,SVC-00000087,2023-10-18,Body Work,Susan Davis,673.98,489.36,184.62,Expired,2025-05-12,Active,2025-12-29
VEH-000088,GLC5V41ZH5STP0XND,Nissan,Sentra,2008,BurlyWood,Hybrid,185536,CUST-21599,Brian Hartman,kari57@example.com,919-467-1014x54187,SVC-00000088,2023-06-05,Brake Service,Katherine Bridges,2045.81,1253.65,792.16,Expired,2024-11-17,Active,2025-12-05
VEH-000089,73KJYR4X87ARRLZKT,nissan,Sentra,2012,Violet,Plug-in Hybrid,146208,CUST-48213,Amanda Collins,travisodonnell@example.com,8404583774,SVC-00000089,2022-07-15,Inspection,Brittany Kidd,2854.49,1854.76,999.73,Not Applicable,2024-07-15,Active,2023-12-10
VEH-000090,JBFC9T2UCAXA62BKY,Toyota,Camry,2000,DarkSeaGreen,Hybrid,162095,CUST-56699,Stephanie Bennett,jknight@example.com,+1-837-785-9823x4757,SVC-00000090,2024-12-10,Oil Change,Jessica Thomas,2105.39,1654.36,451.03,Not Applicable,2026-01-06,Inactive,2023-08-11
VEH-000091,1JXP662SADZMT39HR,BMW,M4,2024,FloralWhite,Plug-in Hybrid,194356,CUST-41369,Courtney Allen,wendy63@example.net,940-491-1574x060,SVC-00000091,2023-09-02,Inspection,,2958.94,1866.08,1092.86,Active,2026-03-25,Active,2025-10-28
VEH-000092,45U4W2ZRG3WCX1HKR,Tesla,Model S,2017,PeachPuff,Gasoline,95144,CUST-16730,Stephen Gates,reneenguyen@example.org,768.696.6494x7538,SVC-00000092,2025-03-11,Engine Repair,Sara Marquez,1684.93,1401.69,283.24,Not Applicable,2026-04-12,Scrapped,2023-06-27
VEH-000093,ABC123,Toyota,RAV4,2005,Yellow,Diesel,71907,CUST-76625,Ashley Wallace,ballardjames@example.net,737-423-4298x7442,SVC-00000093,2023-05-17,Tire Rotation,Wanda Gutierrez,2816.55,1636.04,1180.51,Expired,2024-05-08,Scrapped,2023-06-12
VEH-000094,WLWM63M32WXS1VTYG,Hyundai,Sonata,1997,Green,Electric,204266,CUST-44215,Ethan Cruz,taylormatthew@example.org,948-751-2404x9611,SVC-00000094,2024-07-08,Body Work,Caitlin Marshall,1461.79,561.7,900.09,Expired,2024-06-04,Scrapped,2023-06-11
VEH-000095,565NYL12WE6VAA4NK,Tesla,Cybertruck,2014,Lavender,Electric,23691,CUST-42960,Lisa Boyd,williamsadam@example.net,(570)439-1618x88462,SVC-00000095,2025-10-05,Body Work,Laura Gray,2548.53,1797.49,751.04,Not Applicable,2024-12-02,Inactive,2024-11-23
VEH-000096,6DTU2H1GAT51NERU9,Tesla,Model X,2006,Wheat,Gasoline,178323,CUST-32143,Kenneth Gibson,,205-956-7720,SVC-00000096,2025-09-21,Brake Service,Edward Allison,846.6,695.46,151.14,Not Applicable,2025-09-06,Scrapped,2023-08-01
VEH-000097,HJZ00NFV72W8KASU8,Hyundai,Santa Fe,2003,PowderBlue,Diesel,14869,CUST-82624,Joshua Gomez,vancekristin@example.net,714-258-8214x8874,SVC-00000097,2025-12-02,Battery Replacement,Maria Rubio,2548.5,1795.44,753.06,Expired,2026-02-26,Active,2023-05-02
VEH-000098,631S8AXPK3EK6E012,Tesla,Model X,2005,Lavender,Electric,140248,CUST-53525,Frederick Farrell,travis01@example.com,835.809.8992,SVC-00000098,2024-02-20,Oil Change,Travis Contreras,2283.06,1330.17,952.89,Not Applicable,2024-08-13,Scrapped,2024-02-02
VEH-000099,9AJW4VEBAY175MHPV,Ford,Mustang,2001,Snow,Plug-in Hybrid,198374,CUST-62836,Margaret Williams,stephaniewilliams@example.net,(917)602-9304x65625,SVC-00000099,2022-12-29,Body Work,Travis Contreras,2686.24,1981.55,704.69,Not Applicable,2024-09-13,Active,2026-01-05
VEH-000100,64GH2KBBBH4YFU3P2,Honda,Accord,2019,SeaShell,Electric,216919,CUST-62850,Anita Sheppard,shawnware@example.org,3579766040,SVC-00000100,2024-01-20,Brake Service,Charles Nelson,1466.45,596.59,869.86,Expired,2025-12-20,Active,2025-12-20
VEH-000101,B19J313A1XMC7CEDG,kia,Forte,2015,Brown,Gasoline,147581,CUST-30860,Diana May,kelly37@example.org,001-256-928-4507x3168,SVC-00000101,2024-12-28,Engine Repair,Michelle Torres,2996.29,1827.08,1237.9,Not Applicable,2024-11-28,Active,2025-08-25
VEH-000102,TDRMLAXU9JK31H4V7,Tesla,Model Y,2015,FireBrick,Plug-in Hybrid,136030,CUST-13748,Emily Miller,yhobbs@example.com,847-498-6229x731,SVC-00000102,2024-08-15,Body Work,Joshua Cooper,1114.76,824.74,290.02,Expired,2024-10-02,Scrapped,2025-01-02
VEH-000103,P9T4FNNLC30F1553M,Mercedes,GLC,2004,Bisque,Gasoline,213793,CUST-76391,Patricia Miller,dnash@example.org,234.796.2618,SVC-00000103,2026-04-05,Battery Replacement,David Martin,1508.84,380.28,1128.56,Expired,2024-11-09,Active,2024-09-04
VEH-000104,7FZ4EMD7YKGS51A01,Toyota,Highlander,2015,LightGray,Hybrid,186818,CUST-10801,Sara Santiago,wlewis@example.net,+1-216-680-5015x6337,SVC-00000104,2025-07-03,Oil Change,Edward Allison,1521.84,220.15,1301.69,Not Applicable,2024-12-14,Scrapped,2023-11-04
VEH-000105,39TYFPT0VV86UKGRN,Toyota,Tacoma,2003,OrangeRed,Diesel,201951,CUST-70508,Kevin Richardson,smithcourtney@example.com,(673)254-0245,SVC-00000105,2025-10-28,Other,Susan Davis,2254.93,1777.61,477.32,Not Applicable,2024-12-24,Scrapped,2024-06-30
VEH-000106,HEHXEPTDHF3DVYZHK,Tesla,Model X,2023,LawnGreen,Diesel,189557,CUST-93404,David Townsend,espinozaandrew@example.net,(419)773-3915,SVC-00000106,2025-11-10,Battery Replacement,Kathryn Patel,1218.15,42.92,1175.23,Active,2026-03-25,Inactive,2023-05-02
VEH-000107,TXPW2VGB3W44VV235,Honda,Odyssey,2004,Lavender,Diesel,8266,CUST-78376,Michael Reyes,davidmeyer@example.org,999.696.2431x5937,SVC-00000107,2024-06-23,Tire Rotation,Jessica Thomas,1769.17,1059.01,710.16,Not Applicable,2024-07-17,Active,2024-08-06
VEH-000108,HLL1T8NJDBDRL79HV,Hyundai,Santa Fe,2003,OliveDrab,Gasoline,239768,CUST-78588,Tammy Berg,christineperez@example.net,430-558-6408x607,SVC-00000108,2026-01-07,Engine Repair,Sara Marquez,2164.68,1202.05,962.63,Expired,2025-08-07,Inactive,2023-11-12
VEH-000109,BS2HRFF2ZVLZU1N1D,Toyota,RAV4,2018,DarkSeaGreen,Plug-in Hybrid,110751,CUST-81257,Donna Robinson,cchase@example.net,(351)710-2100x153,SVC-00000109,2022-08-06,Inspection,Laura Gray,2270.38,292.28,1303.48,Not Applicable,2026-02-17,Inactive,2025-05-07
VEH-000110,P70FAGNCDA0XYFJW2,BMW,X3,2003,Fuchsia,Electric,95874,CUST-41187,Robert Cortez,,(563)409-7700,SVC-00000110,2026-02-07,Engine Repair,,2507.83,1932.95,574.88,Expired,2026-01-17,Scrapped,2025-10-27
VEH-000111,8DGX1C1B0CZMP3KV6,Hyundai,Palisade,1999,DarkOliveGreen,Gasoline,208522,CUST-50505,Ashley Ramirez,daniellefitzpatrick@example.org,(961)475-5987x197,SVC-00000111,2024-11-07,Inspection,Jessica Thomas,1774.49,787.22,987.27,Expired,2025-07-08,Active,2025-03-26
VEH-000112,FFPVYWTFPAYXTPL99,Kia,Sportage,2022,PowderBlue,Plug-in Hybrid,246606,CUST-41093,Benjamin Levine,aguilarkevin@example.net,(658)631-3015x24938,SVC-00000112,2023-07-11,Body Work,Paul Valencia,2695.07,1585.53,1109.54,Active,2025-09-02,Scrapped,2024-11-24
VEH-000113,65EEW0LK5F9RAPZMU,Honda,Pilot,1998,SteelBlue,Plug-in Hybrid,132808,CUST-77034,Courtney Gutierrez,grayjeffery@example.com,+1-369-467-3631x117,SVC-00000113,2022-07-31,Body Work,Caitlin Marshall,1668.03,623.52,961.79,Expired,2024-05-02,Scrapped,2024-07-19
VEH-000114,FUCJ8LWAUFX6P9ZM6,tesla,Cybertruck,2021,Indigo,Hybrid,171559,CUST-18925,Richard Cole,brucesutton@example.com,+1-713-797-1041x027,SVC-00000114,2024-07-09,Oil Change,Edward Allison,1865.44,1589.75,275.69,Active,2025-02-19,Scrapped,2024-03-26
VEH-000115,B3V0W1GK78Z05WZXG,Chevrolet,Silverado,2022,DarkGray,Electric,176506,CUST-36094,Kathryn Barnes,timothy93@example.org,(825)406-0736,SVC-00000115,2025-10-29,Battery Replacement,Michelle Hays,1277.99,1035.26,242.73,Active,2024-10-09,Active,2023-05-19
VEH-000116,L1U0PKSCRBYEJMAMD,Hyundai,Sonata,1997,SlateBlue,Hybrid,214437,CUST-94750,Lauren Howard,,908.212.2545,SVC-00000116,2025-05-30,Inspection,Colton Armstrong,478.68,77.75,400.93,Expired,2024-10-15,Inactive,2024-09-27
VEH-000117,UF9UAHRGHWE1FNFDU,Honda,CR-V,1998,DarkKhaki,Gasoline,86543,CUST-10069,John Dodson,ericmorrison@example.com,(331)303-5590,SVC-00000117,2026-04-02,Oil Change,Maria Rubio,1831.08,869.86,961.22,Expired,2025-09-13,Inactive,2024-01-22
VEH-000118,1Y00V2A00WSW8PMBL,Toyota,Highlander,2013,Coral,Hybrid,23279,CUST-52215,David Good,martindennis@example.com,887.328.6423,SVC-00000118,2024-08-25,Engine Repair,Maria Rubio,2378.37,918.23,1460.14,Not Applicable,2024-10-02,Scrapped,2026-04-05
VEH-000119,0GGGJSD45S7649VM6,Chevrolet,Equinox,-1,PaleTurquoise,Plug-in Hybrid,75843,CUST-35936,Peggy Watkins,,(700)916-2213,SVC-00000119,2022-06-17,Brake Service,Maria Rubio,1008.59,678.11,330.48,Expired,2025-12-04,Inactive,2023-10-07
VEH-000120,8FCRWVDK2RBVAL8AP,Kia,Telluride,2001,DarkOrange,Hybrid,212386,CUST-40851,Timothy Anthony,opace@example.net,+1-938-348-7134x32768,SVC-00000120,2025-02-15,Tire Rotation,Colton Armstrong,1732.08,850.88,881.2,Expired,2024-12-23,Inactive,2024-11-06
VEH-000121,JM3TWCUSZNC1E069F,hyundai,Elantra,2010,DarkViolet,Plug-in Hybrid,235793,CUST-29075,Cynthia Jordan,kristina04@example.com,+1-730-317-6545x4528,SVC-00000121,2024-05-23,Brake Service,Brian Rivera,390.13,41.2,348.93,Expired,2026-02-17,Scrapped,2024-03-10
VEH-000122,W5LH9WUS6BWVAYCJU,Nissan,Altima,2015,Azure,Electric,233737,CUST-99953,Christopher Fuller,bjohnson@example.org,483.662.7829x169,SVC-00000122,2023-10-08,Battery Replacement,Sara Marquez,131.55,78.9,52.65,Not Applicable,2024-05-12,Active,2025-03-13
VEH-000123,MTNXSFYNM4ZP7VAZ6,Tesla,Model 3,2020,Beige,Plug-in Hybrid,211784,CUST-54803,Deborah Wagner,boydjeremy@example.com,392.502.3307x194,SVC-00000123,2024-12-25,Brake Service,Shelley Wilson,1397.38,323.69,1073.69,Active,2024-04-20,Scrapped,2026-02-22
VEH-000124,T9EFXBSDWTTJTN54M,Chevrolet,Malibu,2000,Aqua,Diesel,19630,CUST-49626,Mario Malone,tperez@example.net,3894855324,SVC-00000124,2026-03-25,Engine Repair,Paul Valencia,912.16,623.92,288.24,Not Applicable,2025-01-20,Active,2025-11-14
VEH-000125,DNUD880B9XD77330R,Ford,Explorer,2007,BlueViolet,Hybrid,163874,CUST-52684,Corey Gross,ericvilla@example.com,503.966.2729x927,SVC-00000125,2024-03-01,Tire Rotation,Robert Sanford,569.56,18.64,550.92,Not Applicable,2024-11-25,Scrapped,2023-10-16
VEH-000126,63020H5LZCEKVRJMN,Kia,Sportage,2011,DarkTurquoise,Hybrid,151619,CUST-28113,Colin Bartlett,rebecca19@example.org,633.227.6211x71144,SVC-00000126,2024-10-20,Engine Repair,Colton Armstrong,1665.46,1240.64,424.82,Not Applicable,2024-08-13,Scrapped,2024-03-21
VEH-000127,D5B7G2BTV11R0R5MX,Toyota,Camry,2004,Linen,Electric,17237,CUST-54139,Jessica Mccoy,nicolas17@example.com,373.831.5263x015,SVC-00000127,2026-09-19,Other,,1567.6,1371.4,196.2,Not Applicable,2026-02-06,Scrapped,2023-10-21
VEH-000128,PPR5H91XL7P04Y89H,Chevrolet,Tahoe,2019,DarkSeaGreen,Hybrid,61334,CUST-97276,Lisa Ritter,hendersonterri@example.com,(421)975-1736,SVC-00000128,2023-11-10,Tire Rotation,Sara Marquez,726.39,392.26,334.13,Expired,2024-06-06,Active,2025-11-05
VEH-000129,Y224P5CJE9EP3XKCE,Nissan,Sentra,2016,Blue,Hybrid,8766,CUST-36145,Martha Stone,lpatterson@example.com,842.410.2154x79511,SVC-00000129,2023-10-19,Body Work,Paul Valencia,2146.32,1105.59,1040.73,Expired,2024-12-01,Scrapped,2023-10-19
VEH-000130,FJZJ7P8HHJA13F26Z,BMW,X3,2005,Cyan,Electric,206268,CUST-66498,Suzanne Ward,brandynelson@example.org,+1-912-295-3319,SVC-00000130,2024-12-17,Brake Service,Jessica Thomas,428.18,303.4,124.78,Not Applicable,2025-07-14,Active,2024-06-19
VEH-000131,ULPVA3HGKFJ37KAA9,Kia,Telluride,2007,DarkMagenta,Diesel,214311,CUST-57061,Jennifer Watts,gfarmer@example.org,(782)850-2648x903,SVC-00000131,2024-09-27,Other,Katherine Bridges,1537.31,320.45,1216.86,Not Applicable,2024-12-03,Scrapped,2025-11-17
VEH-000132,CLZB4TXHURSNJPS45,Nissan,Frontier,2005,AntiqueWhite,Electric,33779,CUST-71423,Steven Hughes,darryl30@example.net,+1-587-911-3556x79218,SVC-00000132,2025-02-26,Battery Replacement,Laura Gray,2406.46,923.57,1482.89,Not Applicable,2025-07-11,Active,2024-09-05
VEH-000133,LN6MT2MWXHS62D3R7,Hyundai,Palisade,2008,MediumSpringGreen,Hybrid,175676,CUST-93819,Judy Mitchell,gbrown@example.org,589-507-6328x3220,SVC-00000133,2024-07-17,Battery Replacement,Paul Valencia,2556.0,1699.8,856.2,Not Applicable,2025-07-17,Inactive,2023-06-13
VEH-000134,9EGJL6GSLMX74FLY8,Chevrolet,Malibu,2020,CadetBlue,Diesel,175658,CUST-86143,Stephanie Edwards,johnsonkatherine@example.com,001-509-339-7152x3753,SVC-00000134,2024-10-30,Engine Repair,Susan Davis,2047.38,1281.19,766.19,Active,2024-05-21,Scrapped,2024-10-02
VEH-000135,ZWKDP80EP1DCBAP1Z,Kia,Forte,2013,PowderBlue,Hybrid,142847,CUST-77272,Cassandra Ball,heatherwilliamson@example.com,477-645-7643x439,SVC-00000135,2025-09-26,Inspection,Joshua Cooper,1793.35,1292.25,501.1,Not Applicable,2025-02-07,Active,2025-11-04
VEH-000136,T432E7RKSPJP7UY2M,Hyundai,Santa Fe,2004,MediumTurquoise,Hybrid,16566,CUST-62125,Sherri Hernandez,zstanton@example.com,+1-471-722-3717x409,SVC-00000136,2023-09-30,Body Work,Sarah Murray,1807.62,1594.64,212.98,Not Applicable,2025-12-24,Active,2025-08-21
VEH-000137,FLKB2ZNZ0H94SWPZF,Nissan,Altima,2023,PowderBlue,Plug-in Hybrid,229496,CUST-95907,Alyssa King,gibsonlisa@example.net,+1-992-706-0265x96477,SVC-00000137,2024-11-30,Inspection,Paul Valencia,2202.5,1614.97,587.53,Active,2024-06-16,Active,2024-05-30
VEH-000138,LT30STZMDV6Z08SPF,Toyota,RAV4,2001,CadetBlue,Gasoline,11354,CUST-53172,Janet Harvey,ashleysanchez@example.com,(410)302-6995x3550,SVC-00000138,2026-03-22,Tire Rotation,Melissa Mendez,2677.05,1010.86,683.79,Expired,2025-12-18,Inactive,2024-09-22
VEH-000139,FRCD2D465DA3PCHDM,Mercedes,GLE,2021,Azure,Hybrid,120687,CUST-69989,Charles Frye,sharonallen@example.net,(355)279-4632x970,SVC-00000139,2022-04-30,Other,Colton Armstrong,915.52,493.27,422.25,Active,2024-07-01,Active,2025-06-24
VEH-000140,VAV648HPENNF8W5LM,Toyota,Corolla,2002,MintCream,Diesel,173230,CUST-95398,Danny Allen,welchjustin@example.com,870-492-3039x8271,SVC-00000140,2025-03-21,Other,,399.21,265.5,133.71,Expired,2025-07-10,Scrapped,2025-01-28
VEH-000141,NPD7EMNZBVBFXX45E,Ford,Escape,2015,SkyBlue,Electric,23980,CUST-14371,Tina Clements,tyler33@example.org,+1-946-486-5571x356,SVC-00000141,2024-05-06,Body Work,,1839.6,704.24,1135.36,Expired,2024-08-22,Inactive,2024-02-03
VEH-000142,VLLSVL9N4YMATTYTC,Toyota,RAV4,2014,Lavender,Hybrid,127804,CUST-61624,David Benson,qsanchez@example.org,,SVC-00000142,2023-07-07,Engine Repair,Katherine Bridges,882.13,530.73,351.4,Not Applicable,2025-06-01,Inactive,2023-09-03
VEH-000143,ABC123,Tesla,Model 3,2012,PaleTurquoise,Hybrid,172060,CUST-13665,Wanda Howe,wendy41@example.com,264-460-3145,SVC-00000143,2025-08-20,Oil Change,Kathryn Patel,1887.85,1304.07,583.78,Not Applicable,2025-06-15,Scrapped,2024-04-25
VEH-000144,VC93XK19FFV8DX1MS,Kia,Sportage,2006,Lavender,Hybrid,246245,CUST-54975,Roger Haney,robert22@example.com,(525)660-5982x8038,SVC-00000144,2024-09-18,Body Work,Brittany Kidd,863.46,701.63,161.83,Expired,2026-03-06,Inactive,2025-10-24
VEH-000145,DW0AYGT67457UGZYS,Ford,F-150,2013,DarkViolet,Hybrid,199821,CUST-73063,Jacob Fox,chenashley@example.net,001-818-679-2060x5755,SVC-00000145,2024-03-24,Engine Repair,Travis Contreras,2195.96,979.0,1216.96,Expired,2026-04-05,Active,2023-06-06
VEH-000146,WPP0RSDM6S88SVEDU,Tesla,Model Y,2020,Black,Plug-in Hybrid,112893,CUST-40630,Mark Brooks,james63@example.com,764-703-3185,SVC-00000146,2022-11-26,Other,Kathryn Patel,1210.18,176.13,1034.05,Active,2025-10-09,Scrapped,2026-03-16
VEH-000147,FTWKR8KZLUMGNP7CT,Nissan,Rogue,2004,Chartreuse,Hybrid,82425,CUST-90127,Erin Goodman,gonzalezcrystal@example.org,001-549-884-4085,SVC-00000147,2023-12-22,Engine Repair,Jessica Thomas,1775.85,1181.56,594.29,Expired,2024-10-30,Active,2026-03-06
VEH-000148,MPNGJ0V7J0GPRFDG5,Nissan,Pathfinder,2020,BlueViolet,Hybrid,51999,CUST-18938,Sarah Allen,xchan@example.net,929-483-7699,SVC-00000148,2022-10-18,Oil Change,Brian Rivera,5750.88,1629.3,1473.01,Active,2026-03-29,Inactive,2023-04-30
VEH-000149,05SDB2H5TLASPAVDZ,Honda,Accord,2015,LightSalmon,Diesel,235577,CUST-30376,Ashley Sawyer,joshua59@example.org,658.409.7662x40980,SVC-00000149,2023-09-01,Battery Replacement,,1351.56,429.51,922.05,Not Applicable,2024-05-09,Scrapped,2025-08-02
VEH-000150,D832PTKXDJXMX5S5H,Hyundai,Elantra,2017,Maroon,Diesel,152157,CUST-70040,Dawn Martin,steven53@example.com,634-718-6030,SVC-00000150,2025-04-30,Other,Sara Marquez,1747.24,677.22,1070.02,Not Applicable,2025-12-11,Scrapped,2024-12-03
VEH-000151,1F014N1A0MY06MSZX,Hyundai,Tucson,2023,SeaShell,Hybrid,43260,CUST-71920,David Fry,ronnie07@example.net,635-750-9342x788,SVC-00000151,2023-08-11,Body Work,Kathryn Patel,2205.58,1376.54,829.04,Active,2024-08-10,Inactive,2025-04-25
VEH-000152,A21GR7JH291FGWX7D,Chevrolet,Tahoe,2020,White,Electric,220668,CUST-58404,Denise Martinez,ckelly@example.net,(817)219-8270x6871,SVC-00000152,2023-02-21,Oil Change,Brian Rivera,1821.02,1172.99,648.03,Active,2025-09-19,Active,2024-06-15
VEH-000153,69D53F6CX42MWY1YH,Chevrolet,Traverse,2017,DarkViolet,Electric,21598,CUST-29219,Michelle Reyes,murphymonica@example.net,+1-918-555-7461,SVC-00000153,2024-11-09,Engine Repair,Michelle Torres,1699.96,984.48,715.48,Not Applicable,2026-02-01,Active,2025-07-03
VEH-000154,N0G8SY8UE265F2V85,BMW,M4,2001,DarkOliveGreen,Plug-in Hybrid,246031,CUST-99862,George Ritter,ryan59@example.com,878-685-0814x12559,SVC-00000154,2025-07-14,Body Work,Laura Gray,1698.94,1512.37,186.57,Expired,2025-02-15,Active,2025-08-13
VEH-000155,R9UEPUJ4M8RWW19HV,Honda,CR-V,1999,Tan,Electric,8246,CUST-32016,Austin Morse,markbriggs@example.com,881-204-8455,SVC-00000155,2023-08-09,Inspection,Caitlin Marshall,2229.73,987.88,1241.85,Not Applicable,2024-05-03,Scrapped,2024-04-11
VEH-000156,92ZRFHFHURR89WXBU,Tesla,Model X,2007,SeaGreen,Gasoline,141424,CUST-38151,Lisa Tucker,jonesbrian@example.org,001-692-584-1453,SVC-00000156,2024-11-18,Brake Service,Joshua Cooper,1073.6,758.12,214.28,Expired,2025-03-21,Inactive,2024-06-20
VEH-000157,00000000000000000,Toyota,Highlander,1995,LightCoral,Diesel,149338,CUST-22329,Jennifer Jimenez,richmondamber@example.net,(394)480-6009x9198,SVC-00000157,2023-09-17,Battery Replacement,Sarah Murray,3672.78,1968.26,226.93,Expired,2025-06-23,Active,2023-04-29
VEH-000158,MUU21HWVNJRUF77CR,Hyundai,Elantra,2016,LimeGreen,Plug-in Hybrid,2745,CUST-76469,Carl Wagner,reginald46@example.org,681.540.3137,SVC-00000158,2025-03-26,Brake Service,Kathryn Patel,2157.05,1931.04,226.01,Expired,2025-01-23,Active,2023-09-20
VEH-000159,1HGCM82633AO04747,Nissan,Rogue,2024,DarkCyan,Electric,58030,CUST-30903,Wayne Dominguez,carloswhite@example.com,,SVC-00000159,2023-06-03,Oil Change,Travis Contreras,1353.08,335.55,1017.53,Active,2026-03-17,Inactive,2025-03-11
VEH-000160,KAFU5GL9RLMXE26PZ,BMW,M4,1996,MediumTurquoise,Plug-in Hybrid,97905,CUST-30121,Tammy Phillips,brandon80@example.org,9359212487,SVC-00000160,2025-07-25,Oil Change,Wanda Gutierrez,1105.3,92.13,1013.17,Expired,2025-07-02,Inactive,2024-02-28
VEH-000161,TB2PP2J0GYKZBEE5K,Mercedes,E-Class,1996,Navy,Diesel,5016,CUST-73677,Shari Edwards,,(602)324-6344x1660,SVC-00000161,2025-10-25,Other,David Martin,991.01,447.75,543.26,Not Applicable,2024-10-09,Active,2023-04-30
VEH-000162,M7U6D5KPNJ0GL7NJL,Ford,Bronco,2004,PaleVioletRed,Electric,239301,CUST-21310,Patricia Graham DDS,kimberly84@example.com,+1-406-495-4877x992,SVC-00000162,2024-11-30,Tire Rotation,Katherine Bridges,2198.37,851.04,1347.33,Expired,2026-03-02,Inactive,2023-11-02
VEH-000163,00000000000000000,Mercedes,GLE,2018,Pink,Hybrid,80331,CUST-51226,Elizabeth Gonzalez,teresagoodman@example.org,911.485.4139x1721,SVC-00000163,2022-12-17,Other,Sarah Murray,1061.44,368.59,692.85,Not Applicable,2025-01-10,Active,2024-08-18
VEH-000164,YMMAK6W5NRXB9LANN,NISSAN,Sentra,2017,DarkBlue,Diesel,192580,CUST-30097,Natasha Rowe,jonathanhicks@example.com,(780)210-5940,SVC-00000164,2025-04-19,Engine Repair,Michelle Hays,1624.78,208.51,1118.71,Not Applicable,2024-12-02,Inactive,2023-11-27
VEH-000165,0JA19T16VV466P0AG,Honda,Odyssey,2018,PaleTurquoise,Gasoline,179535,CUST-92279,Aaron Jones,jthornton@example.org,388-864-6249x21169,SVC-00000165,2022-08-26,Battery Replacement,Jessica Thomas,1116.23,902.02,214.21,Expired,2025-09-15,Inactive,2023-06-20
VEH-000166,LCV3GU5E9ZBED07AS,Hyundai,Sonata,1998,OliveDrab,Plug-in Hybrid,9546,CUST-37240,Alexander Hale,travis76@example.com,7516349363,SVC-00000166,2023-07-15,Engine Repair,Sara Marquez,1247.65,834.53,413.12,Not Applicable,2024-10-31,Active,2026-01-26
VEH-000167,T1A508SSGZL7PNB6N,Honda,Odyssey,1998,Beige,Diesel,57493,CUST-57889,Richard Johnson,jvega@example.com,653.744.6136x3923,SVC-00000167,2025-09-25,Engine Repair,Sarah Murray,1262.77,279.74,983.03,Expired,2025-09-14,Inactive,2025-05-19
VEH-000168,1K98HTVS3CXXPLYHC,BMW,5 Series,2011,DarkSlateBlue,Plug-in Hybrid,201573,CUST-83951,Michael Mcpherson,conwayjennifer@example.net,+1-303-705-4964,SVC-00000168,2022-04-20,Inspection,Shelley Wilson,3042.42,1887.06,1155.36,Expired,2025-10-10,Active,2024-07-12
VEH-000169,P98RPB5WGZHABUCAH,Mercedes,GLC,2008,Bisque,Plug-in Hybrid,38463,CUST-93394,Linda Mclean,stephanieweber@example.org,001-949-246-4177x910,SVC-00000169,2022-07-25,Tire Rotation,David Martin,509.2,201.42,307.78,Not Applicable,2025-01-03,Scrapped,2023-12-21
VEH-000170,RA3N20AW93CWMJ84W,Honda,Pilot,2021,Navy,Diesel,179152,CUST-40904,Robin Obrien,harrisjennifer@example.com,367.976.4486x288,SVC-00000170,2026-02-12,Inspection,,2311.79,1748.78,563.01,Active,2025-08-07,Active,2024-10-03
VEH-000171,J03JDG978RMZTDL75,Honda,Odyssey,2016,SteelBlue,Gasoline,-215188,CUST-59684,Richard Clark,tdiaz@example.org,939.644.5302,SVC-00000171,2025-06-20,Body Work,Katherine Bridges,1895.63,1584.86,310.77,Not Applicable,2025-07-03,Scrapped,2024-12-11
VEH-000172,MUK85HAJ821W314E4,Ford,Bronco,2001,LightSalmon,Plug-in Hybrid,213215,CUST-43057,Gabrielle Holder,marypatterson@example.com,(526)933-1124x9186,SVC-00000172,2023-05-12,Body Work,Shelley Wilson,1710.67,260.92,1449.75,Expired,2025-10-18,Inactive,2024-04-04
VEH-000173,TTJ0J0VN5AAE7KV9C,Chevrolet,Malibu,2001,WhiteSmoke,Plug-in Hybrid,24261,CUST-67340,Tony Joseph,mariorosales@example.org,455.939.9326,SVC-00000173,2025-07-04,Oil Change,Maria Rubio,1827.04,1241.49,585.55,Expired,2024-11-28,Scrapped,2024-02-25
VEH-000174,ZLL5M5MC922A4G0L3,Mercedes,C-Class,1997,DeepPink,Plug-in Hybrid,26693,CUST-88893,Nicholas Jones,jenniferhunter@example.com,001-895-600-6644x7770,SVC-00000174,2023-09-13,Body Work,Shelley Wilson,1987.81,1506.66,481.15,Expired,2026-02-17,Inactive,2025-04-08
VEH-000175,2HY0CSL719ZHXTKD2,Chevrolet,Tahoe,1999,DarkRed,Electric,117988,CUST-85664,Kenneth Bell,zadams@example.org,450-817-0981x386,SVC-00000175,2024-06-27,Battery Replacement,Colton Armstrong,908.7,646.89,261.81,Not Applicable,2025-10-02,Scrapped,2025-12-19
VEH-000176,BEV7V3XAS4HZRN3BG,Chevrolet,Traverse,1997,Thistle,Electric,90971,CUST-72597,Mr. Brandon Ferrell,johnunderwood@example.net,+1-476-602-9922x387,SVC-00000176,2023-07-25,Tire Rotation,Robert Sanford,1092.4,159.02,933.38,Expired,2024-09-16,Active,2024-07-27
VEH-000177,EMDTB5M8R8LLU7CE8,Chevrolet,Traverse,2005,Khaki,Hybrid,140363,CUST-31274,Andrew Terry,veronicaburnett@example.org,001-248-211-7464,SVC-00000177,2025-07-11,Engine Repair,Maria Rubio,2309.0,842.97,1466.03,Expired,2024-08-24,Inactive,2025-11-15
VEH-000178,VSW4RW92AN525WRF3,Toyota,Tacoma,2002,DarkOrange,Diesel,206995,CUST-29327,Tiffany Choi,smallbenjamin@example.net,785-815-2461x7150,SVC-00000178,2023-02-13,Oil Change,Katherine Bridges,732.73,413.21,319.52,Expired,2024-04-16,Scrapped,2025-11-29
VEH-000179,CT1C6S6JLFPGXPB72,Kia,Telluride,2024,DarkMagenta,Gasoline,24198,CUST-21160,Justin Kelley,jillpatton@example.org,+1-611-838-1318,SVC-00000179,2023-11-09,Battery Replacement,Melissa Mendez,1133.74,112.11,1021.63,Active,2025-04-22,Inactive,2026-01-22
VEH-000180,1HGCM82633AO04747,Hyundai,Elantra,2020,LemonChiffon,Diesel,117814,CUST-77631,Mrs. Mallory Olson,donaldacosta@example.org,001-411-948-5086x9714,SVC-00000180,2023-11-14,Other,,2210.12,1262.07,948.05,Active,2025-05-30,Active,2024-09-06
VEH-000181,KPHEFML3EVFHRFREN,Toyota,Corolla,2007,PaleGoldenRod,Electric,91254,CUST-94001,Mrs. Debbie Elliott,spearsbrooke@example.net,+1-986-470-4796x0179,SVC-00000181,2023-09-04,Inspection,Jessica Thomas,389.11,48.68,705.94,Not Applicable,2025-12-23,Scrapped,2025-05-22
VEH-000182,R0FD35SYZ7LY7DV42,Kia,Sportage,2013,White,Gasoline,215412,CUST-47511,Selena Brown,xperez@example.org,+1-925-412-4704,SVC-00000182,2023-04-19,Inspection,Laura Gray,1773.43,990.36,783.07,Expired,2025-10-17,Scrapped,2026-03-06
VEH-000183,HJNGK408Y8WGCRPAH,BMW,X5,2017,LightGreen,Diesel,233785,CUST-96559,Brittany Martin,dgreen@example.net,+1-629-672-3883x56327,SVC-00000183,2022-10-13,Oil Change,Kathryn Patel,2766.97,1575.13,1191.84,Expired,2025-05-06,Active,2024-05-08
VEH-000184,PL6X0K112UL6M5DCP,nissan,Altima,1995,DarkViolet,Plug-in Hybrid,238518,CUST-26383,Jay Sims,hartbeth@example.org,001-204-705-7275x0211,SVC-00000184,2023-07-08,Tire Rotation,Laura Gray,2172.02,1336.53,835.49,Not Applicable,2024-11-25,Scrapped,2025-12-07
VEH-000185,THAPWU1SL0A1M4UZY,Chevrolet,Tahoe,2021,NavajoWhite,Electric,64583,CUST-83736,Karen Green,moranjoseph@example.net,874.944.9590x501,SVC-00000185,2023-01-06,Brake Service,Michelle Torres,1523.6,94.01,1429.59,Active,2026-04-10,Active,2025-11-21
VEH-000186,NE7UBWRRZ9LVKBFX5,Toyota,Corolla,2012,DarkCyan,Electric,122202,CUST-20282,David Wallace,adamsbrian@example.com,706.610.2946x689,SVC-00000186,2024-07-26,Tire Rotation,Travis Contreras,1518.78,36.13,1482.65,Expired,2025-05-25,Scrapped,2023-08-12
VEH-000187,Y2G25WAJ0M57VXTKK,Honda,Civic,2004,LightBlue,Diesel,94491,CUST-96196,Kevin Parks,arose@example.com,001-845-811-7372,SVC-00000187,2024-09-18,Oil Change,Brian Rivera,616.12,432.92,183.2,Not Applicable,2024-06-29,Inactive,2024-11-26
VEH-000188,9WLFYPVKWUKALY9SS,Honda,Pilot,2008,BurlyWood,Electric,242737,CUST-91657,Aaron Deleon,davisshelby@example.org,001-465-765-9903,SVC-00000188,2026-03-30,Tire Rotation,Wanda Gutierrez,1648.25,758.2,890.05,Not Applicable,2024-11-17,Active,2024-03-13
VEH-000189,9PYUTXR1WEB5VJDV6,Honda,Civic,1995,DarkRed,Electric,152895,CUST-59011,Robert Allen,olivia32@example.net,(580)266-0130,SVC-00000189,2022-05-25,Other,Michelle Hays,2298.49,1845.39,453.1,Expired,2024-07-19,Scrapped,2025-11-08
VEH-000190,MTEU64YS0M2S1K48L,Tesla,Model Y,2010,Magenta,Plug-in Hybrid,42340,CUST-77646,Adrian Tucker,evansmichael@example.com,389.288.7273x66685,SVC-00000190,2023-10-18,Brake Service,Michelle Hays,1818.39,1673.83,144.56,Not Applicable,2025-11-18,Inactive,2023-11-13
VEH-000191,DV1GFHCSMY7HVT70Y,Honda,Civic,2008,MediumOrchid,Hybrid,87527,CUST-85502,Nicole Chen,buchananerica@example.com,001-514-978-7479,SVC-00000191,2022-09-19,Body Work,Charles Nelson,1355.44,1258.12,97.32,Expired,2024-05-31,Inactive,2024-03-25
VEH-000192,WRKTEVWH6SCYB4B5P,Ford,Escape,2021,DarkViolet,Gasoline,13327,CUST-80905,Daniel Thomas,ktravis@example.org,+1-631-474-4187x875,SVC-00000192,2024-03-20,Other,Wanda Gutierrez,2610.15,1198.65,1411.5,Active,2026-01-28,Active,2025-03-31
VEH-000193,C858A80F23VVYDP38,Hyundai,Palisade,2007,LightGoldenRodYellow,Plug-in Hybrid,182826,CUST-66867,John Mcgee,robertbrock@example.com,640.556.8400,SVC-00000193,2023-09-07,Body Work,Brittany Kidd,1813.19,1143.17,670.02,Not Applicable,2025-03-23,Scrapped,2023-08-05
VEH-000194,ZEGVRFR9A2JZT8A93,tesla,Model 3,2024,Lavender,Plug-in Hybrid,194635,CUST-80789,James Ashley,angela98@example.com,001-704-266-1319x901,SVC-00000194,2022-06-26,Battery Replacement,Laura Gray,2971.55,1833.31,1138.24,Active,2025-02-27,Active,2023-09-06
VEH-000195,G1GLN1E0B3GB9ZUA8,Ford,Mustang,2022,LavenderBlush,Hybrid,68045,CUST-89097,Tara Stevens,,001-445-389-4719x3540,SVC-00000195,2025-02-27,Tire Rotation,Sarah Murray,1922.73,1510.46,412.27,Active,2026-02-10,Active,2025-03-11
VEH-000196,5BZFTM8XBYP0379P3,TESLA,Model X,2013,DeepPink,Electric,31842,CUST-93734,Shelley Vaughn,michael39@example.com,+1-918-475-9342x828,SVC-00000196,2025-03-17,Engine Repair,Edward Allison,1599.46,456.24,1143.22,Not Applicable,2025-02-07,Active,2025-10-01
VEH-000197,P8V6WC56RG2JADSYV,Mercedes,S-Class,2016,DarkOliveGreen,Plug-in Hybrid,115303,CUST-26483,Devin Pearson,ronald82@example.net,(241)931-6388x20200,SVC-00000197,2022-08-24,Tire Rotation,Michelle Hays,1440.66,1002.92,437.74,Not Applicable,2024-05-07,Inactive,2023-11-09
VEH-000198,7HK55HLBDUXG7F1Y3,Toyota,Camry,2013,Plum,Diesel,32399,CUST-16729,Tonya Cole,cmcgrath@example.net,(669)448-2625,SVC-00000198,2024-01-30,Tire Rotation,Melissa Mendez,1942.66,1151.17,791.49,Expired,2025-04-01,Scrapped,2025-08-24
VEH-000199,9X9KAZDXKHPTMC4AH,Nissan,Sentra,2006,FloralWhite,Hybrid,76129,CUST-38317,Holly Mejia,jgreen@example.org,+1-513-944-8794x0088,SVC-00000199,2023-11-29,Oil Change,Michelle Torres,1993.39,564.62,606.0,Not Applicable,2025-10-25,Active,2024-05-26
VEH-000200,INVALIDVIN123,Mercedes,GLE,1998,RoyalBlue,Electric,105852,CUST-98833,Michelle Marsh,jcarpenter@example.org,715-980-8743x8812,SVC-00000200,2024-09-07,Brake Service,Michelle Hays,1462.65,525.25,937.4,Not Applicable,2024-09-16,Active,2024-08-11
VEH-000201,P1L6HNLXX763EGL1C,Toyota,Camry,2018,Beige,Hybrid,5968,CUST-43935,Dr. John Hanna,davischarlotte@example.com,698-767-8418,SVC-00000201,2022-08-07,Inspection,Maria Rubio,801.51,985.38,99.58,Expired,2026-01-20,Scrapped,2026-01-26
VEH-000202,E9LKK4F4Z6DDEDEAW,Toyota,Highlander,2000,SlateBlue,Gasoline,98083,CUST-84023,Bethany Knight,keithcollier@example.com,,SVC-00000202,2025-08-15,Battery Replacement,Joshua Cooper,562.06,132.05,430.01,Expired,2026-02-16,Inactive,2023-05-29
VEH-000203,KS818E9SRPFCBRTTG,Hyundai,Santa Fe,2003,MediumSeaGreen,Hybrid,214229,CUST-81575,Christine Herrera,michelleallen@example.org,001-459-284-1424x6452,SVC-00000203,2025-12-24,Engine Repair,,1574.46,758.23,816.23,Not Applicable,2025-04-21,Inactive,2023-08-19
VEH-000204,GSPG7SJ911W56FY1L,Toyota,Highlander,2011,Gray,Hybrid,132428,CUST-81099,Gregory Barrera,,+1-674-943-7275,SVC-00000204,2023-12-27,Body Work,Edward Allison,1256.63,622.1,634.53,Expired,2026-02-08,Inactive,2023-06-15
VEH-000205,EDVACHR02BM8TU0Z7,Hyundai,Sonata,2018,LightPink,Electric,155434,CUST-14976,Michael Jones,cassandraescobar@example.net,+1-333-329-4014x0979,SVC-00000205,2023-06-11,Brake Service,Robert Sanford,634.14,204.98,429.16,Expired,2024-09-26,Inactive,2024-05-31
VEH-000206,L1NX3VV1VMRB7R94U,Ford,Bronco,2016,Aquamarine,Diesel,78573,CUST-62237,Sharon Jones,rayjoseph@example.com,220.335.3393x2368,SVC-00000206,2022-05-19,Oil Change,Katherine Bridges,782.34,24.76,757.58,Expired,2025-11-21,Scrapped,2024-07-22
VEH-000207,6JLHGJT8KHSC4YEDE,Nissan,Frontier,2003,CadetBlue,Electric,223465,CUST-70415,John Myers,forbeslori@example.com,001-257-476-6421x18833,SVC-00000207,2024-03-13,Other,Melissa Mendez,2162.6,1622.56,197.18,Not Applicable,2026-01-26,Scrapped,2024-07-28
VEH-000208,2E1K73X0VSWG8DHHN,Nissan,Pathfinder,2001,SteelBlue,Electric,226812,CUST-34172,Justin Washington,vhopkins@example.net,926-567-6485,SVC-00000208,2024-01-28,Body Work,,1453.03,293.93,1159.1,Not Applicable,2025-10-31,Inactive,2024-04-21
VEH-000209,PJVHW1GDPDMV7PXCK,Chevrolet,Tahoe,1999,MediumVioletRed,Gasoline,105900,CUST-74496,Gary Dean,ubarnes@example.com,523.894.7224,SVC-00000209,2024-07-25,Tire Rotation,Laura Gray,2319.55,1417.27,902.28,Not Applicable,2026-01-03,Scrapped,2023-05-29
VEH-000210,J58USCG9JY145P4ZG,Chevrolet,Malibu,2006,SkyBlue,Hybrid,219991,CUST-75277,Danielle Henry,gonzalezderrick@example.com,001-466-312-4757x921,SVC-00000210,2022-11-14,Tire Rotation,Jessica Thomas,1850.59,518.17,1332.42,Not Applicable,2025-09-23,Scrapped,2025-06-26
VEH-000211,8DRKA7LG2EAPFYU3A,Tesla,Model Y,1997,Coral,Gasoline,132226,CUST-25896,Heather Taylor,stephensshelby@example.net,975.591.9933,SVC-00000211,2024-01-12,Oil Change,David Martin,2733.8,1333.53,1400.27,Expired,2024-11-10,Active,2024-03-01
VEH-000212,AFKZ5VMBATDMUPZD3,Tesla,Model S,2020,LightSteelBlue,Diesel,204337,CUST-31989,Joseph Cline,shermananthony@example.net,001-201-263-9513x10685,SVC-00000212,2023-06-10,Tire Rotation,Brittany Kidd,2134.13,858.05,1276.08,Active,2026-01-09,Scrapped,2025-02-26
VEH-000213,WBXBRKLX72FHB7WWB,Chevrolet,Malibu,2010,Maroon,Plug-in Hybrid,211106,CUST-10256,Lori Yoder,kevin70@example.org,(380)315-2399,SVC-00000213,2024-06-25,Other,Jessica Thomas,1590.67,1254.97,335.7,Not Applicable,2026-02-06,Scrapped,2025-08-15
VEH-000214,DV6VB3SEY0A43MWKP,Ford,F-150,2021,OldLace,Hybrid,92912,CUST-46908,Richard Barrett,thomas03@example.org,419.599.5521x298,SVC-00000214,2024-01-16,Tire Rotation,Debbie West,1730.46,1215.86,514.6,Active,2026-04-03,Scrapped,2024-04-12
VEH-000215,MCN39RRG7YSV3JLGJ,BMW,5 Series,2024,OrangeRed,Gasoline,202065,CUST-39082,Julia Snyder,cindy93@example.net,+1-522-863-2251x827,SVC-00000215,2024-01-18,Oil Change,,3026.43,1894.8,1131.63,Active,2024-04-28,Active,2024-10-28
VEH-000216,9X9ZY22JZCNXH0FTF,BMW,X5,2019,SteelBlue,Diesel,221085,CUST-75540,Steven Copeland,gwebb@example.com,,SVC-00000216,2023-03-10,Tire Rotation,Joshua Cooper,2400.18,1620.28,779.9,Expired,2025-05-08,Active,2023-06-22
VEH-000217,6KC5RAAX4PB8G5FBC,Hyundai,Palisade,2009,DarkOliveGreen,Hybrid,111509,CUST-65415,Tyler Collier,johnsonernest@example.org,+1-397-327-3525,SVC-00000217,2022-11-20,Inspection,Laura Gray,1007.06,209.1,797.96,Not Applicable,2025-12-01,Active,2025-12-18
VEH-000218,FFEERECLR0VZ2HYFZ,Honda,Odyssey,2015,PaleVioletRed,Hybrid,12629,CUST-22543,Gina Scott,sheagloria@example.org,+1-582-700-0630x785,SVC-00000218,2026-03-07,Other,Melissa Mendez,2313.52,1597.48,716.04,Not Applicable,2024-11-18,Scrapped,2023-09-30
VEH-000219,3PGLWP6MPFUZE648F,Tesla,Cybertruck,2023,IndianRed,Diesel,189898,CUST-70461,Caleb Brown,vrhodes@example.org,273.471.2973,SVC-00000219,2022-08-17,Inspection,Edward Allison,2117.99,1377.92,740.07,Active,2024-05-11,Inactive,2025-05-02
VEH-000220,M6ZB9GMBSZKY2G9MC,Nissan,Altima,2021,LightSkyBlue,Electric,20870,CUST-63117,Christina Smith,vhardin@example.net,8412939798,SVC-00000220,2023-02-03,Other,David Martin,2171.22,1241.22,930.0,Active,2025-05-31,Inactive,2023-04-17
VEH-000221,BCSEWNGK7G19ACVA8,Nissan,Altima,2004,Plum,Electric,33569,CUST-24638,Emily Smith,john33@example.org,9992907566,SVC-00000221,2022-10-16,Battery Replacement,Brian Rivera,2216.29,930.38,1285.91,Expired,2025-07-24,Inactive,2025-09-23
VEH-000222,FGV4PFWDL5R5A4CMS,Toyota,RAV4,2006,PaleGreen,Diesel,86591,CUST-39441,Keith Smith,patrick48@example.com,,SVC-00000222,2023-01-27,Inspection,,578.79,239.14,339.65,Not Applicable,2026-03-02,Active,2024-02-13
VEH-000223,143Z8EYT7CJ7F7NHX,Hyundai,Sonata,2005,Cyan,Diesel,196224,CUST-88123,Miss Lori Larson MD,johnsonmark@example.net,001-959-398-5850x592,SVC-00000223,2025-07-27,Tire Rotation,Kathryn Patel,1882.02,1005.23,876.79,Expired,2025-05-13,Scrapped,2023-06-19
VEH-000224,KTB4LUY1JMRMB8MPC,Chevrolet,Tahoe,2007,MediumPurple,Hybrid,217381,CUST-46450,Andrea Pugh,burtoncarrie@example.net,3886448048,SVC-00000224,2022-07-12,Other,Katherine Bridges,504.52,106.69,397.83,Not Applicable,2025-05-30,Scrapped,2025-10-06
VEH-000225,8U41F7M105KHZCK53,Mercedes,E-Class,1999,Violet,Plug-in Hybrid,176034,CUST-92455,John Long,brittneylove@example.net,403.787.9661x32915,SVC-00000225,2025-11-25,Battery Replacement,Brian Rivera,2517.35,1592.29,925.06,Expired,2025-10-01,Active,2025-04-18
VEH-000226,PEX6FLL3T5ZM8SX0Z,Ford,Escape,2009,LightSteelBlue,Hybrid,125552,CUST-38030,Nicholas Patel,gfuentes@example.com,5464803463,SVC-00000226,2025-10-23,Tire Rotation,Wanda Gutierrez,273.83,194.41,79.42,Expired,2025-11-02,Active,2024-11-26
VEH-000227,HL8TJXPM0CYBKLZPF,Mercedes,E-Class,2007,Bisque,Electric,43374,CUST-41544,Lindsey Cooper,conradapril@example.com,(458)854-7727x79171,SVC-00000227,2024-03-12,Brake Service,Robert Sanford,2239.22,1682.6,556.62,Not Applicable,2025-09-29,Active,2023-07-07
VEH-000228,742JPB71TYWAHJWN0,Kia,Sportage,2014,GoldenRod,Hybrid,51294,CUST-56847,Ana Anderson,john97@example.org,+1-754-204-4988x41170,SVC-00000228,2025-02-24,Battery Replacement,Joshua Cooper,477.13,251.28,225.85,Expired,2025-12-28,Inactive,2025-02-07
VEH-000229,XYD04MV6E25YCSSMT,Ford,Mustang,2002,LavenderBlush,Electric,21874,CUST-82078,Amanda Jimenez,jack63@example.net,494.677.9571x823,SVC-00000229,2023-08-03,Oil Change,Paul Valencia,1628.16,794.73,833.43,Expired,2024-07-10,Inactive,2025-01-17
VEH-000230,0YYR1W6ZH1XBMM8FL,Kia,Forte,2010,Blue,Electric,213640,CUST-28942,Katelyn Beck,jeffduke@example.com,385-870-7163x312,SVC-00000230,2025-10-21,Engine Repair,Edward Allison,1718.05,471.06,1246.99,Expired,2024-07-04,Inactive,2025-08-28
VEH-000231,FY7J0DWSWT7P98CA6,Chevrolet,Tahoe,2022,MistyRose,Plug-in Hybrid,172057,CUST-57979,James Harris,bmedina@example.org,+1-277-212-0527x1141,SVC-00000231,2024-06-05,Brake Service,David Martin,553.69,39.9,513.79,Active,2025-06-11,Active,2024-06-25
VEH-000232,13NCX403798NWN5XH,Kia,Sportage,2007,Lime,Gasoline,166863,CUST-74759,Alison Duncan,ismith@example.org,225-838-8360,SVC-00000232,2026-03-26,Battery Replacement,Jessica Thomas,1128.54,631.92,496.62,Expired,2025-07-27,Inactive,2023-12-19
VEH-000233,HM4C01EBPJBHVDR3K,Nissan,Rogue,2024,Azure,Hybrid,23401,CUST-68548,Donna Smith,arosario@example.net,593-926-3069,SVC-00000233,2025-09-16,Inspection,Travis Contreras,2302.18,1499.76,802.42,Active,2024-06-01,Scrapped,2024-10-30
VEH-000234,Y42WAJA8FS2NU7FAY,Tesla,Model 3,2004,MistyRose,Hybrid,213440,CUST-69115,Martha Schmidt,lesliebarnes@example.org,5505930810,SVC-00000234,2023-09-06,Body Work,Shelley Wilson,1948.77,983.96,964.81,Expired,2025-10-03,Scrapped,2024-10-21
VEH-000235,NMAZRYPURMG9XP84V,Honda,Civic,2016,HotPink,Electric,35113,CUST-80756,Rebecca Walton,hollandmaria@example.net,+1-582-712-4292x0465,SVC-00000235,2024-01-15,Tire Rotation,Sarah Murray,1874.28,748.91,1125.37,Expired,2025-10-16,Inactive,2024-09-20
VEH-000236,VCFGLHBSYM4WNG111,Tesla,Cybertruck,2004,MediumSlateBlue,Hybrid,187974,CUST-40196,Ashley Norton,amber07@example.org,320.362.8379x72552,SVC-00000236,2026-09-21,Engine Repair,Debbie West,1684.46,306.35,1378.11,Expired,2025-12-26,Active,2024-02-18
VEH-000237,LYU8ERV2GETZZ3UZA,Toyota,Tacoma,2011,OliveDrab,Electric,174857,CUST-14207,Stephanie Williams,mitchell60@example.org,275.656.8356x0008,SVC-00000237,2025-01-05,Engine Repair,Melissa Mendez,1854.06,1477.87,376.19,Expired,2025-09-02,Inactive,2026-01-26
VEH-000238,V837F2N6DG7JTD02U,Nissan,Rogue,2003,SandyBrown,Electric,139354,CUST-45939,Austin Sanders,faustin@example.net,+1-594-934-2053x485,SVC-00000238,2025-09-17,Brake Service,Katherine Bridges,1807.15,872.68,934.47,Not Applicable,2024-09-12,Inactive,2024-01-31
VEH-000239,G5CAPA8FBBSL3TJRJ,Honda,Accord,2024,White,Electric,211315,CUST-65195,Crystal Henderson,robert04@example.org,(803)689-0017x9179,SVC-00000239,2026-06-03,Brake Service,Shelley Wilson,2306.86,1484.43,822.43,Active,2025-06-14,Inactive,2024-04-17
VEH-000240,HK6ECX42T2VM2WHVZ,Nissan,Altima,2008,CadetBlue,Plug-in Hybrid,84147,CUST-32161,Willie Ward,amydavis@example.org,(952)662-7865x271,SVC-00000240,2025-08-25,Brake Service,Michelle Torres,1141.4,839.27,302.13,Expired,2025-06-14,Scrapped,2025-06-25
VEH-000241,E1N4XRCNB7G1M4PZF,Nissan,Altima,2009,YellowGreen,Plug-in Hybrid,44247,CUST-51798,Heather Curtis,morganparker@example.net,,SVC-00000241,2024-02-26,Oil Change,Debbie West,881.04,608.89,272.15,Expired,2024-12-06,Scrapped,2023-04-29
VEH-000242,L68Z296UBELFCRRJ4,Honda,Odyssey,2022,LightYellow,Gasoline,1185,CUST-38364,Don Espinoza,hchambers@example.com,+1-348-425-1019x581,SVC-00000242,2026-04-03,Other,,1210.36,142.08,1068.28,Active,2025-08-03,Active,2024-10-09
VEH-000243,ZR98MNSLY6DXG6JRZ,BMW,5 Series,2013,BlanchedAlmond,Gasoline,93896,CUST-33027,John Reyes,,882-838-7477x7982,SVC-00000243,2024-06-17,Battery Replacement,Sara Marquez,1468.86,177.59,1291.27,Not Applicable,2024-12-23,Active,2024-02-26
VEH-000244,5DBPEL14YYK8YY7X1,Tesla,Cybertruck,1996,DimGray,Diesel,126595,CUST-67756,Janet Vazquez,brian80@example.com,(461)969-6762x68252,SVC-00000244,2023-02-14,Battery Replacement,Melissa Mendez,2366.31,1771.28,595.03,Expired,2025-12-14,Inactive,2023-07-27
VEH-000245,3N639MK1JBFG52600,Hyundai,Tucson,1998,Khaki,Gasoline,146793,CUST-75728,Nicole Stout,richard72@example.com,,SVC-00000245,2023-09-08,Engine Repair,Laura Gray,1403.8,1181.94,221.86,Not Applicable,2024-12-27,Scrapped,2024-02-10
VEH-000246,7D5AJUPX1JJNEA55G,Ford,Escape,1997,PaleGoldenRod,Electric,75699,CUST-79033,Joshua Drake,douglas32@example.org,(568)932-0907x96599,SVC-00000246,2023-04-22,Brake Service,Charles Nelson,790.37,296.72,493.65,Not Applicable,2024-04-24,Active,2025-02-06
VEH-000247,729V7VJR2JWRRYJXU,BMW,X3,2010,Gray,Plug-in Hybrid,1167,CUST-44056,Ronnie Ramos,bookeramy@example.org,(437)448-2527x89418,SVC-00000247,2023-02-17,Tire Rotation,Joshua Cooper,2433.0,1086.95,1346.05,Not Applicable,2025-03-31,Inactive,2025-08-05
VEH-000248,C2NU9FTVSJAPZMNP4,Toyota,Tacoma,2020,DeepSkyBlue,Plug-in Hybrid,57954,CUST-48231,Deborah Perkins,nrodriguez@example.net,474.990.8774x133,SVC-00000248,2025-07-18,Oil Change,Debbie West,1592.8,613.67,492.19,Active,2025-01-11,Active,2023-12-19
VEH-000249,19TJ9B7G8CN0EWZKJ,Hyundai,Elantra,1997,DodgerBlue,Gasoline,177672,CUST-11858,Christopher Moreno,michelle88@example.net,001-359-634-5207,SVC-00000249,2024-02-10,Other,Laura Gray,2139.55,1462.0,677.55,Expired,2026-03-28,Active,2024-12-26
VEH-000250,FDX27A5FG9H2J2VBG,Mercedes,C-Class,1999,PowderBlue,Plug-in Hybrid,170717,CUST-48671,Faith Parker,rogersthomas@example.com,542.472.3196x853,SVC-00000250,2022-10-21,Tire Rotation,Jessica Thomas,986.1,898.27,87.83,Not Applicable,2025-09-26,Scrapped,2024-12-14
VEH-000251,EBM9UH55L3V7PV63G,Toyota,Corolla,2013,Sienna,Gasoline,126101,CUST-23467,Patricia Blackburn,mmorris@example.net,611-244-9749x112,SVC-00000251,2025-10-18,Oil Change,Laura Gray,2113.91,1696.99,416.92,Not Applicable,2025-08-07,Scrapped,2026-03-25
VEH-000252,6PYS9122CFHMJ3NVV,BMW,3 Series,2011,Blue,Plug-in Hybrid,110026,CUST-98046,Keith Page,cynthia43@example.net,896.456.8951x7917,SVC-00000252,2023-11-13,Other,Michelle Hays,2101.49,1082.97,1018.52,Expired,2024-06-07,Active,2024-12-09
VEH-000253,TLYNLPUS951F6UA22,Hyundai,Elantra,1999,PaleGoldenRod,Diesel,211357,CUST-43087,Nathan Diaz,ubrooks@example.org,9636916043,SVC-00000253,2023-03-17,Tire Rotation,Shelley Wilson,2697.52,1418.51,1279.01,Expired,2024-07-31,Scrapped,2023-07-09
VEH-000254,R4LCFNT0YD8CASH03,Hyundai,Sonata,2006,SkyBlue,Electric,99014,CUST-81870,Christopher Miller,ctaylor@example.net,387-482-8268,SVC-00000254,2024-04-19,Brake Service,Michelle Hays,559.75,288.2,271.55,Not Applicable,2025-04-11,Active,2023-09-15
VEH-000255,UGEKPMVNANEXE64FW,Ford,Explorer,2006,Blue,Diesel,178530,CUST-33099,Corey Daniel,donnasmith@example.net,700-434-6845x90661,SVC-00000255,2022-05-12,Tire Rotation,Brian Rivera,2687.8,1908.18,779.62,Expired,2026-02-05,Inactive,2024-11-27
VEH-000256,SETELJ62ZEASPXKS3,Ford,Explorer,2010,OliveDrab,Diesel,175187,CUST-60862,Donald Esparza,bernard67@example.com,867-975-4688x119,SVC-00000256,2024-11-21,Tire Rotation,Paul Valencia,2162.02,1225.26,936.76,Expired,2025-03-16,Inactive,2025-03-19
VEH-000257,V5KVATM10NE10CRJ5,Nissan,Frontier,2007,LightCoral,Plug-in Hybrid,129505,CUST-80879,Brianna Wilson,brian44@example.com,2768708730,SVC-00000257,2023-08-19,Oil Change,Kathryn Patel,2009.34,1247.25,762.09,Not Applicable,2026-03-28,Active,2025-10-01
VEH-000258,PDTX6DVTUYVH7YAPY,Chevrolet,Tahoe,2001,RoyalBlue,Plug-in Hybrid,242261,CUST-35985,Norman Tate,morenosean@example.net,560-491-4040,SVC-00000258,2024-02-13,Battery Replacement,Jessica Thomas,2577.96,1078.91,1499.05,Not Applicable,2025-01-28,Inactive,2023-04-22
VEH-000259,VC73SFLJ6PAZ82J69,bmw,5 Series,2018,SteelBlue,Plug-in Hybrid,166455,CUST-13262,Heather Friedman,noahortiz@example.com,3177773438,SVC-00000259,2025-03-10,Engine Repair,Travis Contreras,1429.81,940.85,488.96,Expired,2025-01-21,Inactive,2023-09-02
VEH-000260,BA270V2ELZZW829VW,Kia,Sorento,2011,DarkBlue,Diesel,159342,CUST-58831,Valerie Carter,kimberly62@example.org,(282)457-7360x8412,SVC-00000260,2022-07-03,Engine Repair,Paul Valencia,1544.21,624.13,920.08,Not Applicable,2026-04-08,Inactive,2023-12-12
VEH-000261,LY5GZPY1E6U3Z67PL,Kia,Soul,2019,DarkTurquoise,Plug-in Hybrid,21850,CUST-80997,Timothy Salazar,sethstevens@example.com,,SVC-00000261,2023-02-26,Engine Repair,Maria Rubio,1324.05,348.35,975.7,Not Applicable,2025-11-27,Scrapped,2025-07-23
VEH-000262,7GEZW1XY4B8KKJXXE,Toyota,Corolla,2006,Lime,Hybrid,15041,CUST-25984,William Bowen,carpentergina@example.com,+1-281-664-9762x84717,SVC-00000262,2025-10-12,Tire Rotation,,2423.81,1009.49,1414.32,Expired,2026-04-03,Inactive,2026-04-06
VEH-000263,S6TLADCANYBK9FK9S,Hyundai,Sonata,2005,Cyan,Diesel,129914,CUST-74332,Samantha Huerta,riverachristine@example.com,+1-927-466-6642,SVC-00000263,2023-11-06,Inspection,Maria Rubio,2019.7,1071.22,948.48,Not Applicable,2024-07-14,Inactive,2023-10-25
VEH-000264,W0PS7235189RX8MTV,Chevrolet,Traverse,2009,SandyBrown,Plug-in Hybrid,214862,CUST-50860,Douglas Ellis,joseph90@example.org,+1-577-993-5822x181,SVC-00000264,2024-08-13,Engine Repair,Brittany Kidd,1485.94,1346.81,139.13,Expired,2024-08-04,Active,2025-12-30
VEH-000265,SM990CVGKA02PAH9U,Toyota,Corolla,2001,OldLace,Plug-in Hybrid,156773,CUST-16773,John Olson,alishakennedy@example.org,(373)320-0619,SVC-00000265,2023-05-15,Body Work,Charles Nelson,3038.12,1704.41,1333.71,Expired,2024-05-17,Scrapped,2024-09-05
VEH-000266,745C90PERYS5451T0,Ford,Mustang,2006,LightSteelBlue,Plug-in Hybrid,24186,CUST-42541,Monica Anderson,emoore@example.org,871-460-7843x4737,SVC-00000266,2023-06-22,Brake Service,Melissa Mendez,267.69,199.72,67.97,Not Applicable,2026-02-13,Scrapped,2023-12-03
VEH-000267,RHT8CD8H9VGRS93RH,BMW,X3,2008,DarkViolet,Hybrid,211991,CUST-14167,Christine Martin,wgreen@example.net,640.349.5174,SVC-00000267,2025-04-20,Engine Repair,Edward Allison,1645.97,226.8,1419.17,Expired,2024-10-18,Scrapped,2024-10-27
VEH-000268,566R6HE8MU1FAMXSL,Toyota,Highlander,2023,Brown,Plug-in Hybrid,147557,CUST-89891,Katrina Smith,lozanotyler@example.com,601.757.0243,SVC-00000268,2022-06-24,Oil Change,Kathryn Patel,926.81,265.32,661.49,Active,2024-05-09,Scrapped,2023-05-15
VEH-000269,6WCX1V4JG4KST5DU3,Ford,Bronco,2012,Aquamarine,Plug-in Hybrid,164651,CUST-23521,Melissa Ellis,jordan17@example.com,516.214.4031,SVC-00000269,2022-06-01,Body Work,Katherine Bridges,1910.66,938.36,972.3,Expired,2025-02-27,Scrapped,2024-07-06
VEH-000270,SDX2WDBW2NV3MW4LE,Hyundai,Elantra,2000,AntiqueWhite,Diesel,6620,CUST-73368,Kendra Johnson,iparsons@example.net,571.881.7046x935,SVC-00000270,2026-02-21,Oil Change,Michelle Torres,2858.65,1916.34,942.31,Not Applicable,2024-12-21,Scrapped,2023-08-12
VEH-000271,9PRW7WXEVVPKU82D3,Tesla,Model X,2011,HotPink,Plug-in Hybrid,44764,CUST-74521,Adrian Vang,ryansandra@example.net,001-561-932-5411x638,SVC-00000271,2025-07-17,Other,Paul Valencia,2034.37,935.22,1099.15,Expired,2025-07-16,Active,2025-05-18
VEH-000272,S3S4SUUWTWEGAP66T,Mercedes,GLC,2006,Beige,Diesel,197206,CUST-85502,David Galloway,wheelerlynn@example.net,,SVC-00000272,2022-09-19,Engine Repair,Charles Nelson,2804.93,1860.36,944.57,Expired,2025-01-03,Active,2023-11-08
VEH-000273,1824U7ZKW7KG3Y28S,Mercedes,S-Class,2009,BlanchedAlmond,Diesel,173753,CUST-82967,Christopher Walker MD,jill42@example.net,(797)901-5103x987,SVC-00000273,2025-06-12,Battery Replacement,Paul Valencia,2691.45,1602.65,1088.8,Not Applicable,2025-03-18,Scrapped,2023-04-18
VEH-000274,SBBRKM3BR6DRS2VKE,Ford,Bronco,1998,Azure,Hybrid,32959,CUST-90685,Peter Yu,laurenharrington@example.com,+1-741-424-2803x301,SVC-00000274,2025-01-10,Oil Change,Brian Rivera,1846.77,817.64,1029.13,Expired,2025-07-10,Inactive,2024-10-03
VEH-000275,LAHTVFL476CA2KBT8,Kia,Sorento,1997,DarkCyan,Hybrid,13900,CUST-48052,Ronnie Martin,mcphersonrenee@example.net,721-325-3222,SVC-00000275,2023-01-30,Battery Replacement,Sarah Murray,639.49,183.08,456.41,Expired,2025-07-09,Inactive,2026-02-18
VEH-000276,6PSTBRURMZFL6H35P,Toyota,Camry,2015,DarkTurquoise,Plug-in Hybrid,-84344,CUST-98891,Denise Sanders,jjackson@example.net,(245)270-9860,SVC-00000276,2024-07-06,Oil Change,Sara Marquez,1325.9,1179.7,146.2,Expired,2024-12-26,Inactive,2025-09-14
VEH-000277,J03G1WELZP5PKZPGG,Nissan,Pathfinder,2003,LimeGreen,Hybrid,15802,CUST-80642,Alexis Park,opowell@example.net,227-324-9963,SVC-00000277,2025-08-13,Body Work,Brian Rivera,797.29,745.95,51.34,Not Applicable,2025-06-16,Scrapped,2025-09-28
VEH-000278,92JBS68LTJJELD3LB,KIA,Sportage,2003,DarkOrange,Plug-in Hybrid,130436,CUST-27243,Heather White,nicole33@example.org,(857)498-7307,SVC-00000278,2025-06-08,Other,Susan Davis,1057.05,894.03,163.02,Not Applicable,2025-01-01,Scrapped,2023-12-09
VEH-000279,GN2U4AZHV56UAH2MK,Ford,Bronco,2013,MediumSpringGreen,Diesel,44627,CUST-76146,Stacy Wood,alan16@example.com,(818)466-6136x412,SVC-00000279,2025-07-31,Battery Replacement,Shelley Wilson,1532.06,1176.11,355.95,Expired,2026-02-22,Scrapped,2025-05-04
VEH-000280,62YZRC6GUT6HSWM9J,Mercedes,GLE,2003,MediumVioletRed,Hybrid,225660,CUST-89501,Linda Swanson,mejiacheryl@example.com,(338)250-9987x9375,SVC-00000280,2024-02-05,Body Work,Wanda Gutierrez,2943.95,1731.51,1212.44,Not Applicable,2024-05-31,Inactive,2025-08-30
VEH-000281,4M3E791EKDF7N0N53,Chevrolet,Silverado,2013,Tan,Gasoline,36498,CUST-86795,Jack Taylor,ogreen@example.com,6314256327,SVC-00000281,2022-08-30,Oil Change,Melissa Mendez,232.03,93.11,138.92,Expired,2024-07-15,Inactive,2025-01-07
VEH-000282,FBPN4G5UXGUZSGFNW,Ford,Bronco,2001,SlateBlue,Gasoline,212737,CUST-38973,Miss Lisa Spencer,omays@example.net,641-394-7864,SVC-00000282,2025-06-05,Battery Replacement,Robert Sanford,3390.15,1961.21,1428.94,Not Applicable,2026-02-17,Inactive,2023-10-28
VEH-000283,X7PW7M9BWH0KWSK87,Hyundai,Palisade,1997,Thistle,Diesel,55760,CUST-46944,Hailey Warren,,783.227.4104x630,SVC-00000283,2023-12-19,Oil Change,Kathryn Patel,2204.08,1903.93,300.15,Not Applicable,2025-05-29,Active,2024-03-11
VEH-000284,773FRY4F7BP8B8P8N,Kia,Sportage,1997,SeaShell,Hybrid,152372,CUST-30666,Ivan Smith,wcollins@example.net,001-275-578-8731x313,SVC-00000284,2023-06-30,Tire Rotation,Brian Rivera,1506.83,222.23,1284.6,Not Applicable,2025-02-28,Scrapped,2025-09-10
VEH-000285,FMZ6MWSLEVC5CT9TM,Toyota,Corolla,1996,Moccasin,Plug-in Hybrid,119628,CUST-46361,Megan Murray,pottermatthew@example.net,225.403.5898x7794,SVC-00000285,2026-02-19,Tire Rotation,Jessica Thomas,795.48,155.2,640.28,Not Applicable,2024-11-04,Scrapped,2023-11-12
VEH-000286,60H7RHHHPWD1SBEPN,Kia,Sportage,2021,Khaki,Diesel,199780,CUST-88038,Tonya Kennedy,alexanderhughes@example.net,+1-417-330-9436,SVC-00000286,2024-10-11,Brake Service,Shelley Wilson,2178.31,980.3,1198.01,Active,2025-12-12,Active,2024-04-14
VEH-000287,VIN-MISSING,Honda,Accord,1997,DarkOrange,Electric,15107,CUST-82468,Justin Welch,vvalentine@example.com,001-718-569-7552x10279,SVC-00000287,2024-09-30,Brake Service,Katherine Bridges,1731.09,785.84,945.25,Expired,2025-01-04,Scrapped,2024-08-23
VEH-000288,ES54WVVDW5NH1N54N,Tesla,Model S,2021,BlueViolet,Diesel,240163,CUST-26982,Miguel Garcia,adam86@example.com,(502)888-5754,SVC-00000288,2025-11-04,Battery Replacement,Colton Armstrong,1371.59,66.67,1304.92,Active,2025-04-13,Scrapped,2025-05-19
VEH-000289,1J5WU5CL3HUESG4RX,Tesla,Cybertruck,2013,MediumOrchid,Plug-in Hybrid,206716,CUST-98129,Mary Avila,spencerashley@example.com,,SVC-00000289,2024-05-26,Battery Replacement,Susan Davis,1008.93,137.08,871.85,Not Applicable,2026-02-12,Active,2025-07-15
VEH-000290,1WNDCG3PCEX6MP2FY,Hyundai,Tucson,2005,MediumVioletRed,Diesel,158008,CUST-89525,Faith Thomas,adrienne24@example.com,564-609-6066x3499,SVC-00000290,2025-03-11,Brake Service,Laura Gray,3358.41,1975.68,1382.73,Expired,2025-09-20,Inactive,2024-08-11
VEH-000291,NG1YKLVV6RLM58DRV,Nissan,Frontier,2021,DarkOrange,Electric,198377,CUST-99489,Jacob Harris,xblack@example.net,001-704-658-6592,SVC-00000291,2024-03-18,Body Work,Debbie West,2871.59,1572.86,1298.73,Active,2026-03-26,Inactive,2026-01-22
VEH-000292,SE82DY0UF2H050NC8,Toyota,Corolla,2015,Black,Gasoline,429,CUST-52680,Robert Wagner,owenjames@example.net,+1-650-491-9827x41307,SVC-00000292,2024-11-01,Battery Replacement,Debbie West,2177.42,1709.89,467.53,Expired,2025-09-15,Active,2023-08-23
VEH-000293,EXFMUPGUTBZGCEGJM,nissan,Pathfinder,2004,Tan,Diesel,121536,CUST-73494,Megan Dickson,brandywang@example.com,8108867761,SVC-00000293,2023-06-11,Inspection,Caitlin Marshall,2168.05,776.76,1391.29,Not Applicable,2025-09-06,Active,2025-01-22
VEH-000294,7HEXJ9ZS9H7WSUG1W,Toyota,Tacoma,1995,Orange,Plug-in Hybrid,-61482,CUST-81515,Billy Warner,smithjohn@example.com,878-826-9638x0699,SVC-00000294,2022-09-18,Inspection,Susan Davis,1643.85,295.6,1348.25,Expired,2025-03-27,Inactive,2024-10-29
VEH-000295,CGFV9JP1A43ZT5USR,Kia,Soul,2021,CadetBlue,Electric,118978,CUST-66256,Vanessa Jennings,,202.525.7580x8029,SVC-00000295,2022-10-15,Tire Rotation,Sara Marquez,2152.47,1846.09,306.38,Active,2025-05-30,Scrapped,2024-07-06
VEH-000296,YJSAELNZ6JFH4B1FG,Toyota,RAV4,2024,Silver,Plug-in Hybrid,183430,CUST-17788,Ryan Ellis,zporter@example.org,368.589.5641x870,SVC-00000296,2024-02-23,Engine Repair,Edward Allison,1359.12,390.3,968.82,Active,2026-04-06,Scrapped,2025-02-18
VEH-000297,2HTUJUJ9MARB3AKFS,Ford,Escape,2010,MintCream,Gasoline,220145,CUST-38009,Mary Rogers,danielroberts@example.net,(455)855-9463,SVC-00000297,2023-11-16,Body Work,Sara Marquez,2109.59,1502.73,606.86,Expired,2025-06-29,Active,2025-12-21
VEH-000298,06Y6G8LX6GK2N2378,Toyota,Highlander,2020,BlanchedAlmond,Hybrid,63614,CUST-70583,Douglas Hughes,smiththomas@example.org,,SVC-00000298,2022-10-23,Brake Service,Paul Valencia,796.56,1086.53,347.19,Active,2026-03-10,Active,2023-08-21
VEH-000299,RCEB5HJSVLWE1SY4H,Kia,Sportage,1996,Coral,Diesel,242441,CUST-98379,Antonio Mack,prestonashley@example.org,851-675-8734,SVC-00000299,2026-08-18,Body Work,Melissa Mendez,1971.04,562.46,1408.58,Expired,2026-01-02,Inactive,2024-11-24
VEH-000300,F2Z7PN7SKD6BLAB4L,honda,Odyssey,2002,FireBrick,Electric,65712,CUST-88934,Shannon Kelly,shannonwalton@example.net,313.308.0288,SVC-00000300,2026-02-25,Body Work,Susan Davis,2128.19,1608.02,520.17,Not Applicable,2025-06-27,Active,2025-08-07
VEH-000301,8GBHX20NL4FDF9K8L,Mercedes,C-Class,1995,GhostWhite,Gasoline,108766,CUST-46529,Taylor Banks,timothy13@example.com,396-473-5516,SVC-00000301,2023-10-19,Tire Rotation,Robert Sanford,2051.03,941.07,1109.96,Not Applicable,2025-01-30,Active,2023-05-02
VEH-000302,XE3G7VNDWFAGM8D97,Nissan,Frontier,2000,DarkOliveGreen,Electric,165547,CUST-27103,Jennifer Anderson,robertochoa@example.com,226.509.6966x34112,SVC-00000302,2026-01-29,Tire Rotation,Michelle Torres,1399.2,405.6,993.6,Expired,2024-10-31,Scrapped,2023-09-17
VEH-000303,SZEFG0RUNZPEDKX4P,Toyota,Highlander,2019,Teal,Electric,237495,CUST-24950,Amber Day,marymedina@example.net,8879447214,SVC-00000303,2025-03-01,Battery Replacement,Shelley Wilson,1511.99,1527.36,635.66,Expired,2025-09-21,Active,2024-04-13
VEH-000304,WLRNLEBU9H8JVJHLS,bmw,X3,1995,MediumSeaGreen,Plug-in Hybrid,14944,CUST-76363,Thomas Pierce,catherinerodriguez@example.org,+1-723-809-6260,SVC-00000304,2023-04-04,Oil Change,Laura Gray,2099.92,1028.25,1071.67,Not Applicable,2024-05-27,Inactive,2023-12-25
VEH-000305,RJX21U07PB0JZ67V6,Toyota,Tacoma,2023,Green,Hybrid,48139,CUST-89861,Mrs. Taylor Morris,bfranco@example.com,+1-671-636-1713x92827,SVC-00000305,2023-08-12,Inspection,Michelle Torres,1413.49,139.67,1273.82,Active,2025-05-29,Inactive,2026-01-11
VEH-000306,RUDTW1KDSYFV91GWB,nissan,Sentra,2014,SpringGreen,Hybrid,80309,CUST-62415,Julie Larson,teresahernandez@example.org,980.728.0398x41946,SVC-00000306,2026-03-22,Body Work,Colton Armstrong,2027.05,1890.76,136.29,Expired,2024-05-22,Inactive,2026-01-25
VEH-000307,YMGMNECZ56SSRZ469,Kia,Telluride,2018,FloralWhite,Diesel,198891,CUST-41707,Jessica Perez,glendabrowning@example.com,494.470.1217,SVC-00000307,2023-04-24,Brake Service,Shelley Wilson,2991.46,1615.38,1376.08,Not Applicable,2025-08-13,Inactive,2024-06-20
VEH-000308,UBE0D8M7C0872TLDX,Hyundai,Tucson,2010,Thistle,Diesel,34227,CUST-49739,Sarah Merritt,karen91@example.org,635-845-2683x952,SVC-00000308,2025-07-22,Battery Replacement,,773.57,239.4,534.17,Not Applicable,2024-10-08,Inactive,2025-11-09
VEH-000309,0RDC2RX85A74TFJWJ,Nissan,Pathfinder,2018,MediumPurple,Plug-in Hybrid,161970,CUST-70292,Alan Macias,wstewart@example.net,,SVC-00000309,2023-11-10,Body Work,Katherine Bridges,1214.41,810.99,403.42,Not Applicable,2026-03-17,Inactive,2023-04-17
VEH-000310,7DN04GGWLKP5YC2CL,Honda,Pilot,2020,Olive,Hybrid,21969,CUST-86972,Kevin Gonzalez,hardymarie@example.org,001-537-334-5049x67982,SVC-00000310,2025-05-26,Tire Rotation,Laura Gray,1655.99,1502.19,153.8,Active,2025-10-23,Scrapped,2025-11-12
VEH-000311,Y797PD1VCBBLN3MY1,Hyundai,Santa Fe,1998,Navy,Hybrid,178480,CUST-69520,Duane Moreno,cparker@example.com,001-587-938-8996x53033,SVC-00000311,2024-10-26,Tire Rotation,,1474.3,166.64,1307.66,Not Applicable,2025-02-09,Active,2023-05-26
VEH-000312,2FNPAWJ7DPM0GAWCB,Hyundai,Tucson,2015,Gainsboro,Electric,38938,CUST-53121,Helen Cantu,megandominguez@example.net,001-769-247-3037x938,SVC-00000312,2026-01-07,Battery Replacement,Colton Armstrong,1941.61,851.84,1089.77,Not Applicable,2024-12-04,Inactive,2026-02-18
VEH-000313,J11GRTLS2JE0DSASC,Chevrolet,Tahoe,1999,Tan,Plug-in Hybrid,161020,CUST-56956,Cynthia Huffman,lesliehill@example.net,(823)661-1581,SVC-00000313,2022-05-31,Engine Repair,Joshua Cooper,2542.87,1585.23,636.44,Expired,2025-07-11,Scrapped,2025-08-31
VEH-000314,4BG11MBVXXBZV727X,Tesla,Model S,2023,Orchid,Hybrid,53714,CUST-38750,Marie Taylor,,+1-761-900-7532,SVC-00000314,2026-01-27,Inspection,Joshua Cooper,806.02,23.03,782.99,Active,2024-04-15,Active,2026-01-30
VEH-000315,B20TU08WA6PZRSRFE,Hyundai,Sonata,2015,DarkOliveGreen,Diesel,47225,CUST-74040,Theresa Mclaughlin,stanley30@example.com,,SVC-00000315,2026-05-15,Other,Sara Marquez,899.53,190.51,709.02,Expired,2025-04-24,Inactive,2025-11-01
VEH-000316,J0K4L02FUBZRHG1NS,BMW,3 Series,1998,Lavender,Gasoline,127030,CUST-15177,Melissa Robinson,michellecase@example.net,+1-472-986-1418x6875,SVC-00000316,2023-05-03,Body Work,Caitlin Marshall,1079.41,946.85,132.56,Expired,2026-02-02,Scrapped,2025-08-05
VEH-000317,VEKTU1R45JWBPXC2L,Chevrolet,Tahoe,2010,Cornsilk,Electric,27140,CUST-67504,Dr. Andrew Mendez,amyjuarez@example.com,+1-711-982-2228x3602,SVC-00000317,2024-05-13,Tire Rotation,Maria Rubio,2617.28,1615.99,1001.29,Expired,2026-02-17,Inactive,2025-01-14
VEH-000318,KMTANLNTAAMZCVPU7,BMW,X5,2003,Violet,Diesel,135116,CUST-92709,Christopher Kirk,harrismichele@example.com,499-825-0203x0480,SVC-00000318,2025-09-22,Battery Replacement,Joshua Cooper,1808.89,1502.72,306.17,Not Applicable,2024-09-07,Scrapped,2024-12-20
VEH-000319,EBGRWZETY6WUFPG7Z,Kia,Sportage,1997,White,Diesel,128657,CUST-37487,Samantha Herrera,,203-636-6656x42072,SVC-00000319,2024-02-21,Other,Susan Davis,2679.49,1482.83,1196.66,Not Applicable,2024-06-07,Active,2024-09-17
VEH-000320,4EL51WYU84EYGV0UP,Nissan,Altima,2000,LightPink,Gasoline,118676,CUST-41194,Rachel Gutierrez,mcconnelljessica@example.com,2865414061,SVC-00000320,2024-04-05,Brake Service,Sarah Murray,1093.75,479.54,614.21,Not Applicable,2024-09-11,Scrapped,2024-04-28
VEH-000321,61G14GWNV71U0GJ7H,Toyota,RAV4,2011,Chocolate,Hybrid,156303,CUST-54155,Kevin Steele,farmerchristina@example.net,+1-649-729-4362x2695,SVC-00000321,2023-11-10,Other,Charles Nelson,1294.57,96.64,1165.6,Not Applicable,2025-04-20,Inactive,2025-04-01
VEH-000322,C801C5UFAYMVD94DB,Nissan,Sentra,1996,LightSlateGray,Plug-in Hybrid,167229,CUST-81242,Kyle Manning,eric05@example.net,651.552.1148x82689,SVC-00000322,2023-01-01,Battery Replacement,Kathryn Patel,1228.48,473.82,754.66,Expired,2024-07-16,Inactive,2025-06-24
VEH-000323,B7FB5K4B7320SSH9P,Kia,Forte,2009,Tan,Electric,108241,CUST-43813,Casey Cruz,,769.752.7347x2496,SVC-00000323,2024-03-13,Body Work,Maria Rubio,2902.57,1506.06,1396.51,Expired,2024-12-08,Scrapped,2025-10-27
VEH-000324,ABC123,Nissan,Frontier,2014,LemonChiffon,Electric,-152081,CUST-72636,Tanya Sanders,stephanie04@example.com,3394475879,SVC-00000324,2024-12-17,Body Work,,1996.77,1219.02,777.75,Not Applicable,2025-12-29,Inactive,2025-01-27
VEH-000325,0BT00TXGYUGZBZLSN,Toyota,RAV4,2008,DarkTurquoise,Electric,108586,CUST-80558,Joshua Bauer,copelandjohn@example.com,(803)973-0520,SVC-00000325,2026-03-16,Tire Rotation,Caitlin Marshall,2621.73,1454.57,1167.16,Expired,2024-11-16,Inactive,2025-09-19
VEH-000326,5CB5X8U51C163HRRV,BMW,X5,2016,DarkGreen,Plug-in Hybrid,142014,CUST-21345,Michelle Jones,jasonhopkins@example.com,(879)661-3778,SVC-00000326,2026-03-31,Battery Replacement,Robert Sanford,1204.14,817.05,387.09,Not Applicable,2024-06-19,Active,2024-07-16
VEH-000327,WV76CD8EUCL06RNG3,Honda,CR-V,2001,Lavender,Electric,161279,CUST-46334,David Smith,mitchelljulie@example.org,510.290.2918,SVC-00000327,2026-07-30,Oil Change,Jessica Thomas,1248.94,964.1,284.84,Expired,2025-03-14,Active,2023-08-25
VEH-000328,WJP5K6VYZNS029997,Honda,Odyssey,2005,DarkGoldenRod,Diesel,12026,CUST-71976,Katherine Jackson,nicholas57@example.net,+1-588-983-1569x12080,SVC-00000328,2025-08-11,Oil Change,Jessica Thomas,1843.59,977.65,865.94,Not Applicable,2024-08-10,Inactive,2025-07-31
VEH-000329,LKWE9WN0WZKWGXZE4,bmw,X3,2005,MistyRose,Diesel,87596,CUST-71514,Christina Ritter,jenniferdeleon@example.org,508-409-7151x04620,SVC-00000329,2023-06-08,Body Work,Edward Allison,1128.14,116.96,1011.18,Not Applicable,2024-08-17,Inactive,2024-12-28
VEH-000330,GGVDJ3SX8M4W6DE4B,Mercedes,S-Class,2018,PeachPuff,Gasoline,180421,CUST-55919,April Jordan,sonyastokes@example.net,+1-720-288-9637x787,SVC-00000330,2024-08-07,Tire Rotation,Jessica Thomas,2113.45,888.18,1225.27,Expired,2025-04-28,Inactive,2025-06-01
VEH-000331,P7N5KXWFNMJL9CE0F,BMW,M4,2006,RoyalBlue,Plug-in Hybrid,201211,CUST-18068,Linda Walker,ashleynicole@example.com,(940)487-1549,SVC-00000331,2025-06-16,Inspection,Colton Armstrong,485.99,376.48,109.51,Not Applicable,2025-12-17,Inactive,2025-09-01
VEH-000332,1HGCM82633AO04747,Ford,Mustang,2000,MediumVioletRed,Electric,118027,CUST-12630,Amanda Hunter,kimberlyphillips@example.net,+1-208-325-5810x2144,SVC-00000332,2025-07-29,Inspection,Shelley Wilson,1657.19,1501.83,155.36,Not Applicable,2025-11-14,Inactive,2026-01-11
VEH-000333,S7SGUPWH872P91K80,Chevrolet,Malibu,2024,Orange,Plug-in Hybrid,40418,CUST-95187,Jose Meyer,hhansen@example.net,(511)583-0209x790,SVC-00000333,2024-01-07,Other,Michelle Hays,1581.74,476.3,1105.44,Active,2026-02-17,Inactive,2024-05-28
VEH-000334,4M6GKE3CTJD6N16HU,Toyota,RAV4,2005,LightSeaGreen,Gasoline,131502,CUST-30686,Sheila Harvey,jrichards@example.net,+1-689-236-6476x9185,SVC-00000334,2025-01-08,Oil Change,Travis Contreras,2122.29,1230.41,891.88,Expired,2026-01-14,Inactive,2024-04-20
VEH-000335,Z36UTDXXJ8B11LRP3,Ford,Mustang,2006,White,Gasoline,18380,CUST-53437,Isabel Meyers,carlthompson@example.net,,SVC-00000335,2022-08-09,Oil Change,Colton Armstrong,1926.31,474.41,1451.9,Not Applicable,2024-05-18,Active,2024-10-27
VEH-000336,PD7X0EA8SJ13WH8UF,Kia,Sorento,2023,MediumSeaGreen,Hybrid,158724,CUST-46723,Tommy Greene,tgutierrez@example.org,,SVC-00000336,2025-05-12,Tire Rotation,Edward Allison,1820.59,839.74,980.85,Active,2025-02-10,Inactive,2023-06-22
VEH-000337,EUXU8L6D74BAB1GV5,Nissan,Altima,2013,Teal,Plug-in Hybrid,191845,CUST-73989,Cynthia Hull,reynoldslarry@example.org,(875)825-1321x38732,SVC-00000337,2026-06-04,Oil Change,Brian Rivera,2827.46,1912.25,915.21,Expired,2025-11-23,Inactive,2026-01-04
VEH-000338,JECGTC19N8W5797BV,Toyota,RAV4,2006,YellowGreen,Electric,-127151,CUST-14404,Robert Kim,lryan@example.com,001-760-889-8833x3911,SVC-00000338,2026-03-14,Other,Sara Marquez,1773.98,1232.06,541.92,Not Applicable,2025-02-11,Inactive,2025-10-10
VEH-000339,URP38T1Y5HPXYGBSD,Kia,Soul,2014,Gray,Electric,187233,CUST-59287,Cassandra Acosta DVM,fordsteven@example.net,698-517-7077x79163,SVC-00000339,2025-07-11,Oil Change,Sara Marquez,2988.48,1601.42,1387.06,Not Applicable,2026-01-30,Scrapped,2023-05-31
VEH-000340,R4GAZS4TSTUV4ZBBZ,ford,F-150,2005,RoyalBlue,Hybrid,74926,CUST-42803,Calvin Perry,bcalhoun@example.org,001-276-565-4770x24982,SVC-00000340,2022-09-24,Battery Replacement,Colton Armstrong,3412.55,1914.76,1497.79,Expired,2025-10-15,Inactive,2025-01-19
VEH-000341,8DL22VUMX95HZHEV5,Honda,Odyssey,1996,LimeGreen,Diesel,120205,CUST-90830,Michael Gentry,kharris@example.net,(816)856-6424x77409,SVC-00000341,2022-08-20,Tire Rotation,,947.38,635.93,311.45,Expired,2024-12-14,Active,2024-04-16
VEH-000342,XJEUY0T8GZT5SGC79,chevrolet,Malibu,2006,DarkKhaki,Hybrid,113122,CUST-98430,Eddie Davis,strongjonathan@example.com,684-419-1504x708,SVC-00000342,2024-12-17,Other,Colton Armstrong,1375.14,1093.56,281.58,Not Applicable,2026-04-06,Scrapped,2024-06-24
VEH-000343,HH5VD2K4DF4KM0844,chevrolet,Silverado,2000,Gainsboro,Electric,174005,CUST-45224,Ronald Cunningham,ronaldmitchell@example.org,2898466244,SVC-00000343,2025-08-29,Brake Service,Brian Rivera,1454.71,590.68,176.26,Not Applicable,2026-01-07,Scrapped,2025-02-26
VEH-000344,C3MX8BEAW1F9B4FR3,Mercedes,C-Class,2008,DarkViolet,Hybrid,145117,CUST-42916,Alicia Bowman,littlekimberly@example.net,885.217.2141x751,SVC-00000344,2022-04-26,Brake Service,Michelle Torres,1001.1,905.73,95.37,Expired,2025-02-24,Inactive,2024-04-22
VEH-000345,GDFBE6129VA9RWUZN,Tesla,Model 3,2000,DarkGray,Diesel,141190,CUST-88972,Tyler Martinez,martinabigail@example.com,645.837.5546x095,SVC-00000345,2026-03-13,Tire Rotation,Sarah Murray,1544.95,645.47,899.48,Expired,2025-10-08,Inactive,2025-11-22
VEH-000346,TE0ZZVC829UC2U2B8,Toyota,Highlander,1998,MediumSpringGreen,Diesel,138398,CUST-19742,Rhonda Norris,bjohnson@example.net,625.947.3397x75044,SVC-00000346,2025-04-16,Oil Change,David Martin,1257.77,646.98,610.79,Not Applicable,2025-06-02,Active,2024-04-09
VEH-000347,L4NKA9AK6J7K1W2YH,Nissan,Pathfinder,2002,SpringGreen,Plug-in Hybrid,29052,CUST-71579,Melissa Reid,gary84@example.com,001-243-548-2555x5996,SVC-00000347,2023-06-08,Other,David Martin,2108.44,773.72,1334.72,Not Applicable,2024-06-20,Inactive,2023-07-21
VEH-000348,RC3S5ZNYMY1D10H14,bmw,5 Series,2013,DarkOrchid,Electric,90271,CUST-65652,Julie Moore,danielewing@example.com,609-799-4047x94496,SVC-00000348,2025-10-28,Battery Replacement,Melissa Mendez,1672.87,865.04,807.83,Expired,2025-01-17,Scrapped,2026-01-06
VEH-000349,TNJKTRPCF62D2312T,Kia,Forte,2013,HoneyDew,Diesel,85584,CUST-90307,Laura Benson,tyler59@example.org,785.380.1087,SVC-00000349,2022-06-10,Engine Repair,,1740.47,1227.06,513.41,Expired,2026-01-14,Inactive,2025-12-06
VEH-000350,HX3W098496JY612MK,BMW,5 Series,2017,YellowGreen,Gasoline,108868,CUST-50017,Peter Barnes,anthony28@example.net,(844)758-8863x452,SVC-00000350,2025-01-19,Tire Rotation,David Martin,2343.65,1348.32,995.33,Not Applicable,2025-05-08,Active,2023-08-08
VEH-000351,EP872V0B7HT0VCJCG,MERCEDES,GLC,2024,LightSteelBlue,Diesel,191009,CUST-80328,Kyle Shelton,kelseyblevins@example.com,(715)763-5153x115,SVC-00000351,2026-02-14,Engine Repair,Debbie West,2164.02,1137.22,1026.8,Active,2024-07-29,Scrapped,2025-11-30
VEH-000352,J89U4FKLNVAEJBYA2,nissan,Rogue,2008,Cornsilk,Diesel,191087,CUST-67797,Gabriel Molina,vpierce@example.net,8444935798,SVC-00000352,2022-10-20,Engine Repair,Michelle Hays,2070.56,1155.06,915.5,Expired,2025-09-01,Inactive,2024-10-24
VEH-000353,02VVH9SZ7KE77VJJY,Kia,Sorento,2011,Gainsboro,Hybrid,150060,CUST-21161,Charlene Green,charlesstewart@example.net,4896868613,SVC-00000353,2024-07-06,Oil Change,Travis Contreras,360.21,55.53,304.68,Not Applicable,2025-12-01,Active,2023-05-10
VEH-000354,4YFFSGM4564UC3P7L,Nissan,Frontier,2024,IndianRed,Hybrid,170919,CUST-91120,Tammy Powell,fscott@example.org,732-395-5455x52423,SVC-00000354,2024-12-07,Brake Service,Colton Armstrong,2045.22,679.25,1365.97,Active,2026-01-14,Active,2023-10-07
VEH-000355,XMEHRZHJJ1VLSYC5Y,Hyundai,Elantra,1995,CadetBlue,Hybrid,99469,CUST-71077,Mrs. Tina Graham,jtaylor@example.net,(918)868-3246,SVC-00000355,2026-01-26,Oil Change,Shelley Wilson,990.32,605.74,384.58,Not Applicable,2024-12-31,Scrapped,2025-05-03
VEH-000356,1HGCM82633AO04747,Ford,Escape,2013,IndianRed,Electric,53342,CUST-19456,Linda Blair,frazierelizabeth@example.com,297-675-5884x66920,SVC-00000356,2023-12-18,Inspection,Melissa Mendez,1258.25,688.61,717.06,Expired,2025-06-28,Inactive,2026-03-30
VEH-000357,6JMYT929CTA73DZYU,BMW,M4,2020,Black,Plug-in Hybrid,171599,CUST-49369,William King,kylefuentes@example.com,(522)613-7380,SVC-00000357,2024-08-20,Other,Debbie West,1744.22,1320.6,423.62,Active,2025-06-16,Active,2023-07-12
VEH-000358,ULFGHEL7GTGL6BWJL,Mercedes,E-Class,2019,LightSalmon,Gasoline,1154,CUST-84774,Rebecca Vega,fsavage@example.org,551-301-5938x0344,SVC-00000358,2023-08-08,Tire Rotation,Michelle Torres,1687.67,699.44,988.23,Not Applicable,2025-04-23,Active,2023-05-23
VEH-000359,ARD2KHJMZRZ5GZG7N,Tesla,Model 3,1998,Lime,Gasoline,216127,CUST-89338,Dustin Ramirez,david37@example.org,(627)689-6574x340,SVC-00000359,2025-01-08,Tire Rotation,Robert Sanford,1257.53,498.53,759.0,Expired,2024-07-19,Active,2025-08-31
VEH-000360,CN9F4VYSKXN5ZR6BA,Toyota,Camry,2019,PaleGreen,Gasoline,138180,CUST-96739,Heidi Kennedy,tcunningham@example.net,277.832.8129x667,SVC-00000360,2024-08-14,Engine Repair,Kathryn Patel,473.97,94.3,461.6,Not Applicable,2024-05-23,Scrapped,2023-05-28
VEH-000361,NM0X32LYZHGBX62HG,Kia,Forte,2018,BurlyWood,Hybrid,206311,CUST-21450,Ernest Zuniga,bdaniels@example.org,001-637-482-7399x38026,SVC-00000361,2022-12-22,Body Work,Brian Rivera,555.76,300.65,255.11,Expired,2025-04-12,Active,2024-11-09
VEH-000362,A053DWS8UKCW69U89,Ford,F-150,2011,Cornsilk,Gasoline,35520,CUST-60490,Cindy Walker,hilljack@example.net,688-737-4464x5332,SVC-00000362,2025-03-01,Other,Shelley Wilson,1852.09,1583.28,268.81,Not Applicable,2024-05-26,Active,2023-05-07
VEH-000363,KVYGCVFZZD3UAD5B3,Honda,CR-V,2003,Ivory,Diesel,75062,CUST-16957,Ashley Harris,shannonjones@example.com,+1-259-684-1154x4441,SVC-00000363,2025-11-05,Inspection,Michelle Hays,1327.13,466.65,860.48,Not Applicable,2024-12-25,Inactive,2024-05-19
VEH-000364,EVXKJF8KA3LEX2LXN,Chevrolet,Tahoe,2004,LightSkyBlue,Diesel,4103,CUST-43708,Dana Lowe,wallacecraig@example.com,+1-720-582-9190x6467,SVC-00000364,2023-04-16,Inspection,Travis Contreras,2183.34,797.86,1385.48,Expired,2025-05-15,Inactive,2026-04-05
VEH-000365,YZL89KTLGFG5EL57U,Hyundai,Sonata,2011,Bisque,Gasoline,190519,CUST-38525,Jamie Smith,tmedina@example.org,233-461-0443x72500,SVC-00000365,2024-12-26,Other,,2777.77,1722.36,1055.41,Expired,2025-09-01,Active,2025-02-21
VEH-000366,4TDVDRPZY07XYBZ4D,nissan,Pathfinder,2015,LightSalmon,Plug-in Hybrid,43061,CUST-50416,Christopher Lozano,alyssa72@example.com,5945877197,SVC-00000366,2025-01-22,Oil Change,Debbie West,1877.19,978.13,899.06,Expired,2024-08-11,Active,2025-02-04
VEH-000367,VIN-MISSING,tesla,Cybertruck,2005,MediumTurquoise,Electric,28829,CUST-81663,Diana Long,xsalazar@example.net,612-676-3485x116,SVC-00000367,2023-11-11,Tire Rotation,Caitlin Marshall,1406.68,479.87,926.81,Expired,2026-02-10,Scrapped,2025-07-06
VEH-000368,PCW1P66NKH85TBTAS,Ford,Explorer,2021,Bisque,Gasoline,111127,CUST-20384,Jody Marquez,javier54@example.org,224-424-6424,SVC-00000368,2022-09-20,Tire Rotation,Michelle Torres,1286.56,688.44,598.12,Active,2025-08-16,Active,2024-09-27
VEH-000369,ABC123,BMW,X3,2016,DeepSkyBlue,Plug-in Hybrid,79050,CUST-39537,Matthew Castillo MD,,(674)276-9061x27904,SVC-00000369,2026-03-29,Engine Repair,,1950.42,1346.38,604.04,Expired,2025-07-15,Scrapped,2024-05-12
VEH-000370,JJP2103U89A958NL4,Mercedes,GLC,2002,PeachPuff,Diesel,201722,CUST-22790,Mark Lowery,kharding@example.org,538.772.7689,SVC-00000370,2023-08-23,Tire Rotation,Debbie West,2284.53,898.6,1385.93,Expired,2024-10-29,Active,2025-04-09
VEH-000371,ABC123,Toyota,Corolla,2002,Moccasin,Electric,15811,CUST-17708,Erin Henry,victor58@example.com,(340)468-8992x06911,SVC-00000371,2025-11-16,Battery Replacement,Susan Davis,2641.53,1234.11,1407.42,Expired,2025-07-12,Inactive,2024-07-03
VEH-000372,LPCM395X63MNZGB1R,Nissan,Rogue,2019,Brown,Hybrid,154441,CUST-22706,Paul Jones,robertsashley@example.org,+1-816-924-8254x2540,SVC-00000372,2025-04-25,Oil Change,Brian Rivera,610.56,156.44,454.12,Not Applicable,2025-09-01,Active,2025-04-20
VEH-000373,1HGCM82633AO04747,Ford,Explorer,2001,PaleVioletRed,Hybrid,190495,CUST-22219,Johnny Harrington,crawfordbrianna@example.org,249-524-1937,SVC-00000373,2023-08-19,Tire Rotation,Brian Rivera,1465.18,96.1,1369.08,Expired,2024-07-30,Active,2024-07-14
VEH-000374,6P1B68XCC5RMT530U,Kia,Forte,2012,MediumVioletRed,Plug-in Hybrid,55461,CUST-36392,Jennifer Jones,shaneharris@example.com,495.734.6467,SVC-00000374,2026-05-08,Body Work,Wanda Gutierrez,1815.84,407.64,1408.2,Not Applicable,2025-01-07,Scrapped,2025-12-09
VEH-000375,3NCCXDC3WH5BDXA6S,Kia,Sorento,2021,Cyan,Plug-in Hybrid,55982,CUST-36337,Gregory Lamb,bobbymoses@example.com,001-504-777-0736x0522,SVC-00000375,2024-05-20,Inspection,Travis Contreras,1705.07,1064.58,640.49,Active,2026-01-14,Inactive,2023-11-08
VEH-000376,CZSPGNY591AT3LW84,Ford,F-150,2016,PaleGoldenRod,Diesel,176611,CUST-86604,Tammy Harris,rachael96@example.com,552-767-9295x98687,SVC-00000376,2023-08-31,Tire Rotation,Michelle Hays,2361.74,895.13,1466.61,Expired,2026-02-22,Inactive,2024-07-01
VEH-000377,Y6AYVCTJV5JTW2CZL,Toyota,Camry,2005,MediumSpringGreen,Diesel,153352,CUST-71035,Dr. Sean Carpenter,mary39@example.net,(761)391-3855,SVC-00000377,2025-03-21,Inspection,Melissa Mendez,992.57,756.83,235.74,Not Applicable,2025-01-12,Inactive,2024-01-04
VEH-000378,NLXJBGT64KSKPT5ET,Ford,Explorer,2012,LightSalmon,Electric,11703,CUST-51817,Mark Payne,rgreer@example.com,9716897892,SVC-00000378,2025-09-27,Tire Rotation,Maria Rubio,1469.92,1336.53,133.39,Not Applicable,2024-06-28,Inactive,2025-12-13
VEH-000379,9MDJEJHSHXPK9E5T3,Nissan,Pathfinder,2002,OldLace,Electric,10377,CUST-20483,Jessica Lowe,fernandezrachael@example.com,822.357.0153x46602,SVC-00000379,2026-04-01,Inspection,Brian Rivera,2866.31,1937.86,928.45,Expired,2024-10-27,Scrapped,2024-11-26
VEH-000380,5V6VZ8FCXT6LAHH2L,Ford,Escape,2001,Lavender,Electric,50801,CUST-96435,Mary Sparks,crobertson@example.org,001-879-379-8218x79802,SVC-00000380,2023-01-25,Tire Rotation,Charles Nelson,2337.38,1596.55,740.83,Expired,2024-06-29,Inactive,2025-08-28
VEH-000381,3887S4TSLFAAW7AB7,Kia,Sorento,2024,Sienna,Plug-in Hybrid,228248,CUST-56449,Patrick Bullock,bhall@example.com,861.548.6083,SVC-00000381,2025-05-04,Inspection,Caitlin Marshall,2697.13,1476.32,1220.81,Active,2026-04-03,Scrapped,2026-01-13
VEH-000382,SYYGVR12T4ASZJ5SF,Toyota,Camry,2005,Lime,Hybrid,227660,CUST-74659,Alexander Marshall,adrienneorr@example.net,616.618.9807x5972,SVC-00000382,2026-03-17,Other,Wanda Gutierrez,1602.78,1333.54,269.24,Expired,2024-05-30,Scrapped,2024-05-25
VEH-000383,C9R0VTW5JXL3ZCPV9,Ford,Escape,2018,IndianRed,Electric,238533,CUST-67759,Jason Butler,,877-520-6344,SVC-00000383,2023-11-04,Oil Change,Melissa Mendez,1979.37,1853.96,125.41,Expired,2025-03-05,Active,2024-02-25
VEH-000384,UT16WXLSTW7ENC8XM,Chevrolet,Traverse,2000,Linen,Plug-in Hybrid,230899,CUST-38890,Michael Goodwin,larry24@example.org,001-391-877-4027x748,SVC-00000384,2025-07-25,Engine Repair,Caitlin Marshall,1747.18,571.67,1175.51,Not Applicable,2025-03-05,Inactive,2023-08-20
VEH-000385,REM01FZ706R3WKF9N,bmw,M4,2012,DarkTurquoise,Hybrid,23142,CUST-57127,Kenneth Smith,sarahharper@example.org,697-703-3150,SVC-00000385,2023-07-16,Body Work,Wanda Gutierrez,2208.65,1319.85,888.8,Expired,2025-11-14,Active,2023-08-20
VEH-000386,5YJWKR7KLGYATFDMV,honda,Accord,2007,LightPink,Diesel,17260,CUST-12585,James Reyes,rgordon@example.com,,SVC-00000386,2024-08-19,Battery Replacement,Kathryn Patel,2003.14,1302.59,700.55,Not Applicable,2025-09-22,Inactive,2025-11-14
VEH-000387,35JXUDVS9WVBZTYX9,Nissan,Altima,2015,LightCoral,Hybrid,42576,CUST-93211,Meghan Kelly,jamesford@example.com,+1-285-429-1011x57801,SVC-00000387,2025-02-25,Battery Replacement,Shelley Wilson,2211.26,994.02,1217.24,Not Applicable,2025-06-16,Inactive,2024-07-07
VEH-000388,WRYN3BBJL66A61KW7,Honda,Pilot,1996,Moccasin,Diesel,240847,CUST-80399,Joel Wilson,erinyates@example.net,442.285.4987x0006,SVC-00000388,2022-12-30,Brake Service,Charles Nelson,1116.49,824.52,291.97,Expired,2025-06-08,Inactive,2023-10-16
VEH-000389,GZKSAM9Y6TMPLR7KR,Toyota,RAV4,2006,DarkOrchid,Plug-in Hybrid,133019,CUST-45849,Lisa Johnson,pvargas@example.org,3082385190,SVC-00000389,2023-11-02,Other,Kathryn Patel,1611.48,603.01,1008.47,Not Applicable,2025-10-30,Active,2024-06-27
VEH-000390,YVBSLPPP0SF4WB7SY,Mercedes,E-Class,1999,LightCoral,Gasoline,2718,CUST-34286,Cheryl Campos,whitecassie@example.net,(930)803-8314,SVC-00000390,2023-08-08,Inspection,Kathryn Patel,1663.47,279.92,1383.55,Expired,2025-04-11,Scrapped,2025-07-02
VEH-000391,77BD7JH0D18N5N48G,Hyundai,Tucson,2021,DarkSlateGray,Diesel,65197,CUST-36878,Scott Stevens,rwhite@example.com,001-734-695-7294x055,SVC-00000391,2025-01-01,Oil Change,Maria Rubio,1124.92,336.56,788.36,Active,2025-12-26,Scrapped,2025-12-27
VEH-000392,M0TB4ZHNFX4FPGUGB,Nissan,Frontier,1998,Sienna,Plug-in Hybrid,30243,CUST-38942,David Alexander,matthew17@example.org,(883)807-5492x2230,SVC-00000392,2025-09-10,Battery Replacement,,3001.98,1873.67,1128.31,Not Applicable,2024-05-03,Inactive,2025-11-15
VEH-000393,4EEBPJVEKXCWX0FZW,Nissan,Pathfinder,2001,Yellow,Plug-in Hybrid,195939,CUST-97841,Corey Fleming,jorgelopez@example.com,963-222-5092,SVC-00000393,2023-08-20,Body Work,Susan Davis,2596.29,1766.71,829.58,Not Applicable,2024-08-29,Inactive,2025-05-03
VEH-000394,3YX9DHHVUAXT9X9A8,Ford,Bronco,2020,DarkMagenta,Electric,126930,CUST-53678,Shawn Mueller,,001-792-932-6309x31667,SVC-00000394,2025-08-23,Tire Rotation,Debbie West,1761.03,835.95,925.08,Active,2025-08-22,Scrapped,2025-01-17
VEH-000395,60Y4F1VUSZBV90072,Toyota,Highlander,2002,RoyalBlue,Electric,245689,CUST-98855,Carolyn Snyder,vdouglas@example.net,,SVC-00000395,2025-09-12,Oil Change,Edward Allison,1341.4,1191.69,149.71,Not Applicable,2025-01-22,Inactive,2025-01-18
VEH-000396,5DY9RRK11SYN4N06F,Tesla,Model X,2001,SeaShell,Hybrid,62268,CUST-18817,Diane Levine MD,jill71@example.com,(252)727-7477x377,SVC-00000396,2026-09-22,Body Work,Paul Valencia,1950.85,1575.91,374.94,Expired,2024-09-19,Active,2024-05-21
VEH-000397,FMYS1XKEM5M0J99LZ,Chevrolet,Equinox,2017,SkyBlue,Plug-in Hybrid,31570,CUST-81539,David Nash,snydernicole@example.com,3148926167,SVC-00000397,2023-02-20,Battery Replacement,Jessica Thomas,1301.73,498.84,802.89,Expired,2024-05-25,Scrapped,2024-06-26
VEH-000398,277MS3SZ3ALLP3LWT,Toyota,Tacoma,2012,GhostWhite,Diesel,10082,CUST-74921,Carrie Weber,amandastrong@example.com,5105419886,SVC-00000398,2024-06-16,Oil Change,Joshua Cooper,3132.47,1738.25,1394.22,Not Applicable,2025-10-30,Scrapped,2023-07-01
VEH-000399,ZL7V7TKMN3D0GNAKW,Hyundai,Sonata,2003,LightBlue,Electric,202616,CUST-39939,Joe Baker,jennifer94@example.net,953-964-1227,SVC-00000399,2022-09-06,Inspection,Susan Davis,1843.95,486.1,1357.85,Not Applicable,2025-02-02,Scrapped,2023-06-18
VEH-000400,6FE7RU6E44A7659MV,honda,Accord,1996,DeepPink,Gasoline,170047,CUST-40293,Patricia Russell,,456-816-1836x47812,SVC-00000400,2023-02-23,Inspection,Travis Contreras,783.27,638.14,145.13,Expired,2025-08-16,Scrapped,2023-12-10
VEH-000401,G3KKEM9NXMDKEAHUH,Nissan,Sentra,2015,LimeGreen,Hybrid,2317,CUST-88368,Garrett Pitts,ijohnson@example.org,+1-716-575-7169,SVC-00000401,2023-05-14,Oil Change,Paul Valencia,1874.56,1802.24,72.32,Expired,2025-01-30,Inactive,2023-09-09
VEH-000402,1R61ZKL9T4RL4LPSP,Tesla,Model 3,2013,Lime,Electric,184208,CUST-24137,Wayne Williams,kevin56@example.net,,SVC-00000402,2026-03-18,Tire Rotation,Maria Rubio,2163.91,1773.5,390.41,Not Applicable,2024-09-08,Active,2026-03-12
VEH-000403,CWMM4KD4ZKEF067A8,Nissan,Altima,1998,CadetBlue,Plug-in Hybrid,143817,CUST-73794,Sarah Evans,ejackson@example.com,781-482-4838x690,SVC-00000403,2024-06-29,Other,Brittany Kidd,3095.09,1547.6,299.6,Not Applicable,2025-03-06,Inactive,2025-09-13
VEH-000404,4RD92UEJCBBT7LABG,Mercedes,GLC,2016,Turquoise,Diesel,182566,CUST-41888,Ruben Rodriguez,tracy32@example.com,808.969.6868x91380,SVC-00000404,2024-06-30,Other,Caitlin Marshall,845.15,251.29,593.86,Expired,2026-01-25,Active,2024-10-22
VEH-000405,58XV33CN33ZPUXK5U,Ford,Escape,2021,DarkGoldenRod,Gasoline,154741,CUST-91335,Kelly Reed,nicholas04@example.org,997.438.1596,SVC-00000405,2023-07-28,Inspection,Melissa Mendez,1678.02,1506.57,171.45,Active,2024-05-27,Inactive,2024-05-17
VEH-000406,T9A9453ZCLTUEFSK6,Mercedes,GLC,2011,DimGray,Hybrid,69532,CUST-29730,Raymond Abbott,johnsonstephanie@example.org,479-804-8925,SVC-00000406,2024-01-20,Oil Change,Michelle Torres,2201.9,974.25,1227.65,Expired,2025-10-11,Active,2024-12-13
VEH-000407,1HGCM82633AO04747,BMW,X3,2011,DarkSalmon,Electric,193273,CUST-98492,Hailey Bailey,wbruce@example.com,5292207453,SVC-00000407,2023-02-28,Other,Travis Contreras,1684.85,345.64,1339.21,Expired,2025-05-08,Active,2024-07-18
VEH-000408,33Z0T4KU0VG29KHSL,Kia,Sportage,2006,Thistle,Electric,36607,CUST-39040,Calvin Mitchell,timothy30@example.com,+1-832-796-8012,SVC-00000408,2023-08-22,Body Work,,2786.22,1543.5,1242.72,Expired,2025-06-08,Scrapped,2025-02-22
VEH-000409,FC28C4HHW8HVJ2ZU3,Honda,Odyssey,2000,Khaki,Electric,123335,CUST-51603,Anna Patrick,andrewsdonald@example.net,576-521-6263x2822,SVC-00000409,2024-05-31,Engine Repair,Colton Armstrong,2338.11,1121.54,1216.57,Expired,2024-05-11,Inactive,2023-08-01
VEH-000410,39WXDL8JR0BS7DFX2,Hyundai,Tucson,2019,Magenta,Plug-in Hybrid,77649,CUST-42942,Brittany Villanueva DVM,jessicasimpson@example.org,(334)220-2191,SVC-00000410,2026-06-22,Inspection,Caitlin Marshall,2346.39,1563.0,783.39,Not Applicable,2026-04-01,Inactive,2026-01-04
VEH-000411,B6R3JJGKSVYFGMWNF,Nissan,Rogue,2023,LightCyan,Hybrid,218305,CUST-22150,Robert Hicks,fernandogonzalez@example.net,252-457-6154,SVC-00000411,2023-04-01,Body Work,Colton Armstrong,2129.68,1617.28,512.4,Active,2025-02-12,Inactive,2024-09-18
VEH-000412,5G78SGGG0HZ5NT7DD,hyundai,Sonata,2021,SpringGreen,Electric,173663,CUST-30188,Kristine Gentry,whitebrittany@example.com,(822)592-9998,SVC-00000412,2024-01-25,Body Work,Brittany Kidd,1164.75,283.91,880.84,Active,2024-07-30,Inactive,2025-11-28
VEH-000413,NDDKKUAZXSTPBN9FE,Mercedes,GLC,2015,Blue,Hybrid,66619,CUST-95449,Brian Ortiz,virginia50@example.com,893-739-2487x15213,SVC-00000413,2024-08-15,Brake Service,Maria Rubio,1159.21,75.38,1083.83,Expired,2024-10-03,Active,2026-01-07
VEH-000414,8UU1N5WHB327KPGMF,Mercedes,C-Class,2016,DarkOrchid,Electric,163522,CUST-70321,Lisa Adams,kirkcrystal@example.org,+1-767-525-4661x84524,SVC-00000414,2026-07-24,Battery Replacement,Melissa Mendez,653.55,224.37,429.18,Expired,2025-03-30,Inactive,2023-12-13
VEH-000415,V8VD5WPPAGGDGE2HR,Kia,Sorento,2024,DarkTurquoise,Hybrid,1242,CUST-44412,Christian Davis,rogersvicki@example.net,,SVC-00000415,2023-06-19,Battery Replacement,Michelle Torres,2015.21,1584.3,430.91,Active,2025-02-08,Active,2024-06-29
VEH-000416,W86GX3UFR5PZL7H5L,Hyundai,Sonata,1999,Fuchsia,Diesel,197837,CUST-60134,Timothy Mason,,+1-874-864-4337x1266,SVC-00000416,2024-09-23,Inspection,Shelley Wilson,2859.09,1883.73,975.36,Not Applicable,2024-06-23,Scrapped,2025-09-04
VEH-000417,0SETB6MVLHKEG0W7C,MERCEDES,GLE,2023,DarkOrange,Gasoline,24896,CUST-37859,David Mcdaniel,nbecker@example.com,(869)908-7635x37103,SVC-00000417,2025-03-19,Other,Wanda Gutierrez,1392.8,367.57,1025.23,Active,2024-12-11,Active,2024-04-04
VEH-000418,MNM3JN6YUXUGENHZ4,Kia,Sorento,2017,Thistle,Diesel,71263,CUST-77414,Aaron Burns,mary08@example.com,873.647.7290x4408,SVC-00000418,2025-10-18,Oil Change,Paul Valencia,945.18,784.74,160.44,Not Applicable,2024-06-11,Inactive,2025-09-23
VEH-000419,FHAFS9J156DRVXPFK,Nissan,Rogue,2004,Green,Diesel,244169,CUST-46550,Kelly Trevino,briggsangela@example.net,(681)811-3919x8841,SVC-00000419,2024-06-07,Body Work,Travis Contreras,1469.19,1290.54,178.65,Not Applicable,2026-03-04,Scrapped,2024-05-11
VEH-000420,D4R68B3D6005TJ17S,KIA,Sportage,2013,DarkSeaGreen,Gasoline,104053,CUST-11914,Tracy Clayton,scottjodi@example.net,+1-459-496-8189,SVC-00000420,2026-05-15,Battery Replacement,Brittany Kidd,2369.41,1624.33,745.08,Not Applicable,2025-11-07,Scrapped,2024-03-05
VEH-000421,ABC123,Toyota,RAV4,1996,LemonChiffon,Gasoline,202733,CUST-78496,Connie Andersen,ashley44@example.org,829.671.3372,SVC-00000421,2025-05-10,Tire Rotation,Caitlin Marshall,1970.67,1016.81,953.86,Expired,2026-02-13,Active,2024-08-16
VEH-000422,WA3VUE2AUKCZ1B6YG,Tesla,Cybertruck,2000,Gold,Diesel,172494,CUST-46733,Dr. Daniel Davis,nelsonjohn@example.com,722.566.1092x01238,SVC-00000422,2023-02-16,Engine Repair,Sarah Murray,1401.7,753.95,647.75,Expired,2025-04-08,Active,2024-12-05
VEH-000423,R9P31YNCA7DPW3AH1,Tesla,Model S,2008,Wheat,Electric,79201,CUST-43426,David Rosales,wparker@example.org,+1-512-850-4631x13476,SVC-00000423,2022-07-12,Inspection,Melissa Mendez,2128.95,943.26,1185.69,Expired,2024-12-18,Active,2023-09-26
VEH-000424,F3UCUD7FX34F8V14E,Honda,Accord,2010,Magenta,Plug-in Hybrid,41029,CUST-82496,Candice Stuart,julie98@example.org,680-244-4546,SVC-00000424,2025-08-18,Brake Service,Caitlin Marshall,3015.59,1336.75,1197.07,Not Applicable,2025-05-12,Inactive,2024-06-28
VEH-000425,P4J2NYT1KBX8S7JW7,Kia,Soul,2010,HotPink,Plug-in Hybrid,103490,CUST-21718,David Graham,williammartinez@example.com,685-845-0017x2655,SVC-00000425,2025-12-03,Tire Rotation,Debbie West,533.09,407.09,126.0,Expired,2024-08-11,Active,2023-11-01
VEH-000426,PV11NCW75TPCUWVR2,Hyundai,Sonata,2011,Beige,Diesel,30281,CUST-22755,Amanda Moore,wilkinsonstephen@example.org,001-516-710-4478x799,SVC-00000426,2022-07-08,Body Work,Jessica Thomas,1722.44,1349.17,373.27,Expired,2025-08-21,Active,2024-03-14
VEH-000427,K2HA8195J6M8P9T3J,Nissan,Rogue,2014,Cornsilk,Electric,39495,CUST-95219,Bruce Bell,marksullivan@example.org,9577165691,SVC-00000427,2024-08-22,Tire Rotation,Michelle Torres,1936.53,712.02,1224.51,Expired,2024-09-25,Scrapped,2023-07-19
VEH-000428,D48WM2VE37UABSDKN,Nissan,Pathfinder,1995,Pink,Hybrid,59454,CUST-68144,Barbara Mccarty,jennifer45@example.org,954.538.7291x23024,SVC-00000428,2023-04-06,Battery Replacement,Paul Valencia,882.99,137.49,745.5,Not Applicable,2025-01-19,Inactive,2024-11-03
VEH-000429,28RDDWEZRA4US33Z9,chevrolet,Equinox,2012,Thistle,Plug-in Hybrid,26407,CUST-44354,Sonya Williams,pwheeler@example.com,464.313.5679x64462,SVC-00000429,2023-10-03,Battery Replacement,Michelle Hays,1099.89,208.32,891.57,Not Applicable,2026-03-01,Active,2024-09-23
VEH-000430,1K2CTD6J8E9L7EX1A,Chevrolet,Malibu,2001,Chocolate,Electric,32413,CUST-56113,Robert Campbell,jamie21@example.org,365-422-1320x4110,SVC-00000430,2022-10-02,Engine Repair,Sara Marquez,756.39,703.46,52.93,Not Applicable,2025-07-06,Inactive,2025-01-31
VEH-000431,ZK4YKZ9ERMBEWE9JS,Chevrolet,Silverado,1999,Tan,Gasoline,194167,CUST-20651,Emily Dean,igardner@example.com,675.895.0303x88470,SVC-00000431,2023-12-04,Tire Rotation,Caitlin Marshall,2007.1,1519.43,487.67,Not Applicable,2026-02-05,Inactive,2024-05-13
VEH-000432,AAW1M7JVSF2552E52,Tesla,Model X,2021,DarkGoldenRod,Electric,127823,CUST-29808,Erika Kim,robert06@example.net,+1-655-689-4202x6058,SVC-00000432,2025-06-12,Oil Change,Caitlin Marshall,3033.41,1583.6,1449.81,Active,2024-04-20,Scrapped,2024-12-29
VEH-000433,S641TJN4SBPAPXB3Y,Kia,Sorento,2003,OldLace,Plug-in Hybrid,220131,CUST-62348,Adam Odom,schroederdiana@example.net,(590)509-8790,SVC-00000433,2023-08-13,Body Work,Wanda Gutierrez,2623.45,1700.67,922.78,Expired,2024-05-18,Active,2023-08-05
VEH-000434,ABC123,Tesla,Model X,2017,Maroon,Electric,97226,CUST-38429,Kaitlyn Dodson,stephaniesanders@example.com,+1-749-936-4089x343,SVC-00000434,2024-05-02,Inspection,Maria Rubio,1209.36,728.45,274.61,Not Applicable,2025-06-15,Active,2023-10-22
VEH-000435,ND03E226MY4RM4P9T,Chevrolet,Traverse,2015,Magenta,Plug-in Hybrid,-190420,CUST-28334,Andrew Alvarez,,657-452-4911,SVC-00000435,2026-02-08,Engine Repair,Maria Rubio,2836.48,1334.16,97.15,Expired,2024-07-14,Active,2023-07-09
VEH-000436,W4AWJP6WS5GMXVGL5,Kia,Soul,2006,MediumVioletRed,Diesel,195306,CUST-19558,Courtney Miller,goodkatie@example.org,561.671.4873x102,SVC-00000436,2024-09-23,Tire Rotation,Katherine Bridges,2041.44,1967.62,64.21,Expired,2026-03-27,Active,2024-10-19
VEH-000437,L5EU2D8B5JHWX5BFY,Chevrolet,Silverado,2006,Wheat,Hybrid,30590,CUST-64195,Heather Lawrence,rwatson@example.com,(345)722-0688,SVC-00000437,2022-05-31,Oil Change,Susan Davis,2414.91,1539.27,875.64,Not Applicable,2025-06-18,Active,2024-07-18
VEH-000438,MC7JG500ASYGHJGR7,Mercedes,E-Class,2016,LightBlue,Diesel,23518,CUST-53568,Gary Clark,lauren96@example.org,975-815-0510,SVC-00000438,2023-12-24,Battery Replacement,Michelle Torres,1230.62,688.73,541.89,Not Applicable,2025-09-11,Active,2025-03-25
VEH-000439,4PR6G98CH58TRBB4G,BMW,X5,2018,LightBlue,Hybrid,36933,CUST-32747,Mackenzie Tate,christophermoreno@example.com,280.932.2209x52090,SVC-00000439,2023-05-23,Engine Repair,Michelle Torres,2546.11,1306.94,1239.17,Expired,2024-10-05,Inactive,2024-08-31
VEH-000440,ESJYS0HNK46W4WJAV,Honda,Civic,2001,PaleVioletRed,Diesel,2584,CUST-71232,Kathleen Becker,sabrina45@example.net,409-528-5542x845,SVC-00000440,2026-02-07,Engine Repair,Maria Rubio,2491.02,1950.21,540.81,Expired,2026-03-06,Scrapped,2026-04-10
VEH-000441,A6KJBAKFEMNHL6JL5,Nissan,Pathfinder,2014,Aqua,Diesel,144745,CUST-90222,Carol Gonzalez,carlsonbenjamin@example.com,728-495-4996x376,SVC-00000441,2024-03-21,Battery Replacement,Joshua Cooper,2335.88,1126.27,1209.61,Not Applicable,2026-04-10,Active,2025-06-16
VEH-000442,5D3JGSDRC01G0JCJZ,Kia,Soul,2018,Turquoise,Diesel,109965,CUST-47337,Eric Carter,randallsmith@example.org,956-666-1452,SVC-00000442,2023-02-23,Engine Repair,Debbie West,2179.01,1924.2,254.81,Expired,2024-09-08,Scrapped,2023-06-12
VEH-000443,EGDRSJ9VAY89PA3YC,Hyundai,Tucson,2015,Snow,Plug-in Hybrid,134052,CUST-10319,Sheila Jefferson,nward@example.org,6864897375,SVC-00000443,2022-12-30,Other,Edward Allison,1431.29,1096.23,335.06,Not Applicable,2024-06-12,Scrapped,2024-03-06
VEH-000444,YDGXSG7ANCXB126ML,BMW,M4,2004,DarkSlateGray,Plug-in Hybrid,25962,CUST-71850,Carrie Crawford,shanebowman@example.com,605-633-6287x6887,SVC-00000444,2024-06-14,Battery Replacement,Colton Armstrong,604.2,271.09,333.11,Expired,2025-02-14,Inactive,2025-10-01
VEH-000445,ABC123,Hyundai,Palisade,2006,Navy,Gasoline,69779,CUST-17002,Kimberly Patterson,sgraves@example.org,+1-375-338-4073,SVC-00000445,2022-07-23,Oil Change,Michelle Torres,1738.23,505.68,1232.55,Expired,2025-02-16,Active,2024-01-14
VEH-000446,MDX47HSTPHBS6ZPGT,Toyota,Camry,2018,NavajoWhite,Plug-in Hybrid,213445,CUST-22052,Christy Diaz,yukenneth@example.org,8676698288,SVC-00000446,2025-02-07,Oil Change,Susan Davis,2355.16,1843.39,511.77,Expired,2025-05-28,Inactive,2025-11-25
VEH-000447,N06SYWFFB6C3VK17C,Mercedes,GLE,2022,Wheat,Gasoline,201608,CUST-38870,Melanie Valentine,elijahfloyd@example.net,(476)283-9563x99050,SVC-00000447,2024-02-27,Body Work,David Martin,1814.78,1451.99,362.79,Active,2024-08-31,Inactive,2024-04-19
VEH-000448,J9LLECJDH5JC4MUUU,Hyundai,Elantra,2010,DarkKhaki,Gasoline,67657,CUST-25359,Kirk Fuller,,+1-843-429-2665x24677,SVC-00000448,2022-07-27,Other,Edward Allison,2758.85,1995.8,763.05,Expired,2025-06-30,Inactive,2025-06-15
VEH-000449,JMV36K32WY7NL7FZG,Nissan,Altima,2015,SlateBlue,Hybrid,208021,CUST-50344,Rita Ellis,qpierce@example.org,+1-459-931-1777,SVC-00000449,2023-03-17,Brake Service,Joshua Cooper,2914.83,1992.27,922.56,Not Applicable,2024-10-09,Active,2024-01-12
VEH-000450,BWPRABU9M4AGAVPYA,Honda,CR-V,1999,SandyBrown,Plug-in Hybrid,165939,CUST-48676,David Wilson Jr.,heather59@example.net,(645)915-1240x295,SVC-00000450,2026-02-28,Tire Rotation,David Martin,754.29,350.38,403.91,Expired,2024-05-30,Inactive,2024-04-23
VEH-000451,EXWSZRPVK62UUPLHS,Mercedes,E-Class,2100,DarkBlue,Gasoline,135335,CUST-46282,Leslie Johnson,sdunlap@example.com,586.713.5296x448,SVC-00000451,2022-10-02,Body Work,Jessica Thomas,1103.76,244.14,859.62,Not Applicable,2025-02-16,Active,2024-07-01
VEH-000452,VIN-MISSING,Hyundai,Palisade,2023,Magenta,Gasoline,-85630,CUST-63239,Sheena Cooper,michele78@example.org,(781)349-8091,SVC-00000452,2025-07-26,Other,Sara Marquez,1791.04,845.69,945.35,Active,2024-07-25,Inactive,2025-05-20
VEH-000453,ABC123,Chevrolet,Silverado,2020,DarkOrange,Gasoline,216849,CUST-76122,Robert Hill,ssims@example.org,(543)531-0968x63405,SVC-00000453,2026-01-20,Tire Rotation,Brian Rivera,1540.89,878.46,662.43,Active,2024-10-16,Inactive,2024-04-15
VEH-000454,INVALIDVIN123,Chevrolet,Tahoe,2004,MediumOrchid,Gasoline,109320,CUST-66063,Darlene Pruitt,,380.705.8307,SVC-00000454,2022-08-20,Tire Rotation,Brian Rivera,2325.2,1608.34,716.86,Not Applicable,2025-05-27,Active,2024-02-07
VEH-000455,SCAJFKW9WRVL01DMN,Mercedes,S-Class,2022,Khaki,Diesel,179151,CUST-79025,Rebecca Oneal,davisreginald@example.org,+1-680-289-1266,SVC-00000455,2025-12-25,Inspection,Travis Contreras,1039.54,121.75,917.79,Active,2025-11-18,Active,2025-05-20
VEH-000456,P70R0TVF8JN57KD96,Honda,Accord,2001,ForestGreen,Diesel,230367,CUST-79016,Cheryl Ramirez,ericathompson@example.org,001-750-686-4566x32908,SVC-00000456,2025-03-07,Inspection,Brian Rivera,2053.91,1882.86,171.05,Expired,2026-01-26,Active,2025-12-27
VEH-000457,JL9FL3PEXWSVD988X,BMW,M4,1995,Ivory,Diesel,52260,CUST-43858,Claire Bauer,mooretyler@example.com,3774677479,SVC-00000457,2025-08-27,Inspection,Shelley Wilson,2936.48,1694.95,1241.53,Expired,2024-08-28,Scrapped,2024-04-17
VEH-000458,UKA4ZTHM53WWFWWU4,TESLA,Model 3,2003,BlanchedAlmond,Hybrid,135437,CUST-74796,Troy Morrison,,001-821-789-2178,SVC-00000458,2025-04-06,Brake Service,,2171.21,1048.87,1122.34,Not Applicable,2025-03-12,Inactive,2025-10-02
VEH-000459,5AB076NR1SVYDUWEF,Ford,Bronco,2015,DarkSalmon,Hybrid,4570,CUST-48319,Emma Schmidt,clarksamantha@example.com,+1-788-820-4360x7321,SVC-00000459,2024-01-01,Brake Service,Debbie West,2939.52,1476.79,1462.73,Not Applicable,2024-12-29,Active,2025-09-20
VEH-000460,PS3R9628CJ2NU8Y9M,Chevrolet,Traverse,2010,DarkKhaki,Electric,145314,CUST-51004,Cory Rodgers,randall20@example.com,001-709-302-4736x1189,SVC-00000460,2025-02-22,Brake Service,Melissa Mendez,1475.45,1161.82,313.63,Not Applicable,2024-12-07,Active,2024-06-02
VEH-000461,6W03P3L0FAUDDXD22,MERCEDES,C-Class,2019,DeepSkyBlue,Diesel,168417,CUST-60122,Ronnie Stevens,david43@example.net,(517)536-1207x92590,SVC-00000461,2022-10-03,Brake Service,Sara Marquez,2627.27,1903.31,723.96,Expired,2025-07-16,Inactive,2023-09-09
VEH-000462,ECFGKBYCXB3ZJUHAL,Kia,Soul,1998,Gainsboro,Hybrid,111405,CUST-91276,Ronald Ward,edward28@example.org,562.509.0199,SVC-00000462,2024-12-11,Body Work,Charles Nelson,530.25,404.84,125.41,Expired,2025-04-13,Scrapped,2023-06-24
VEH-000463,DW752U3UGA6U9P2JH,Toyota,Corolla,2002,OliveDrab,Electric,33959,CUST-30966,Albert Le,fisherscott@example.org,6186492964,SVC-00000463,2022-08-17,Battery Replacement,Susan Davis,2240.98,1870.88,370.1,Not Applicable,2025-12-17,Scrapped,2023-07-07
VEH-000464,1LN6VFKNUG735X7Y7,Chevrolet,Traverse,2018,DarkMagenta,Plug-in Hybrid,188105,CUST-40699,Courtney Garcia,johnsonpaul@example.com,472-339-7096x856,SVC-00000464,2023-03-02,Tire Rotation,,1303.09,1.59,1301.5,Expired,2026-01-26,Scrapped,2023-09-24
VEH-000465,AM8JGG0883RZWK4VK,HONDA,Pilot,2010,LightCyan,Electric,237330,CUST-89994,Chelsea Davis,hoffmansusan@example.com,001-249-918-3971x83503,SVC-00000465,2024-03-06,Engine Repair,Jessica Thomas,2986.89,1961.09,1025.8,Expired,2024-05-01,Active,2025-05-25
VEH-000466,AM1ECHF1GKWE871FY,Ford,Mustang,2000,BurlyWood,Gasoline,160594,CUST-84173,Mary Martin,zgriffin@example.com,710-382-6187,SVC-00000466,2022-11-01,Body Work,Edward Allison,1845.77,1464.9,380.87,Not Applicable,2025-02-10,Active,2023-08-25
VEH-000467,YF44J9XC6U8P5HK1E,Tesla,Model S,2010,BlanchedAlmond,Plug-in Hybrid,167141,CUST-92808,Matthew Campbell,dgregory@example.net,802-282-2967x48145,SVC-00000467,2025-04-14,Other,Brittany Kidd,931.84,646.02,285.82,Not Applicable,2025-02-23,Scrapped,2025-09-25
VEH-000468,1HGBH41JXMN10916,Kia,Sportage,2015,Moccasin,Diesel,38524,CUST-56734,Denise Foster,sue76@example.net,227-639-7166,SVC-00000468,2025-08-26,Engine Repair,Melissa Mendez,1069.66,1991.66,254.37,Not Applicable,2025-10-15,Active,2025-10-08
VEH-000469,9AZYCX8L498HDKZ5M,BMW,X5,2021,Aquamarine,Plug-in Hybrid,81400,CUST-89597,Lawrence Powell,wayne92@example.org,602-546-8308,SVC-00000469,2026-02-12,Oil Change,Wanda Gutierrez,2301.62,1645.05,656.57,Active,2025-05-19,Inactive,2023-05-01
VEH-000470,87KBUCYESAHG1N5XY,BMW,X5,2009,HotPink,Gasoline,109561,CUST-32675,Kenneth Montgomery,donna11@example.com,915-711-6496x656,SVC-00000470,2024-08-14,Tire Rotation,Sara Marquez,3105.72,1889.32,1216.4,Not Applicable,2025-07-07,Scrapped,2025-03-28
VEH-000471,G2TU9T5TNAMAVP2RT,Kia,Sorento,2001,SeaGreen,Diesel,171134,CUST-10006,Benjamin Thomas,ugray@example.net,+1-223-586-1243x902,SVC-00000471,2022-09-17,Oil Change,Sara Marquez,1842.69,1024.18,818.51,Not Applicable,2024-04-25,Inactive,2024-11-17
VEH-000472,L9BMCJXS6WYN9HTE9,Toyota,Corolla,2015,Black,Diesel,98333,CUST-47762,Valerie Davis,jacquelinerobinson@example.org,757.570.7880x46020,SVC-00000472,2023-07-20,Engine Repair,Jessica Thomas,1968.19,979.47,988.72,Not Applicable,2025-02-28,Scrapped,2023-09-08
VEH-000473,AYER75NHT9KHZRSGG,Ford,Mustang,1997,Olive,Hybrid,185576,CUST-40367,Jared Caldwell,sheila35@example.net,8488463639,SVC-00000473,2022-11-17,Inspection,Debbie West,2865.45,1559.87,1305.58,Expired,2024-10-03,Active,2025-08-08
VEH-000474,UGTGBUBRM33HNSFHU,Toyota,Tacoma,2014,Moccasin,Diesel,148399,CUST-91562,Steven Short,gburch@example.org,6419016815,SVC-00000474,2023-04-08,Brake Service,Michelle Hays,1983.1,1807.27,175.83,Not Applicable,2024-05-05,Active,2024-04-22
VEH-000475,6M3AXPJDRH8MTNV7B,Kia,Sorento,1998,Green,Gasoline,25867,CUST-13821,Timothy Powell,andrew99@example.com,(729)431-1184,SVC-00000475,2022-08-03,Other,Katherine Bridges,2124.42,1488.34,636.08,Expired,2024-09-10,Inactive,2025-08-24
VEH-000476,HNN457FM1UB19NCTT,Kia,Sorento,1995,LavenderBlush,Plug-in Hybrid,123719,CUST-84802,Christine Conner,kking@example.com,716-617-5548x7838,SVC-00000476,2023-03-23,Body Work,Edward Allison,1787.57,606.78,1180.79,Expired,2025-11-01,Inactive,2023-11-25
VEH-000477,9R3VEPRLPVS956GRB,Honda,Odyssey,2023,SpringGreen,Diesel,154946,CUST-50712,Joseph Rhodes,debbiemedina@example.org,627.791.9321,SVC-00000477,2025-10-01,Tire Rotation,Katherine Bridges,1352.2,40.97,1311.23,Active,2026-03-23,Scrapped,2023-09-17
VEH-000478,PSL36FXGNY88X23LU,BMW,X3,2016,Tan,Gasoline,67321,CUST-66796,Michael Porter,ericksonomar@example.com,+1-459-695-9781x819,SVC-00000478,2025-04-11,Body Work,Shelley Wilson,1639.08,1297.75,341.33,Not Applicable,2025-07-16,Inactive,2023-10-03
VEH-000479,1HGCM82633AO04747,Kia,Sorento,2018,SkyBlue,Plug-in Hybrid,186797,CUST-67184,Larry Rich,craiggraham@example.org,(391)376-8006,SVC-00000479,2022-05-18,Brake Service,Charles Nelson,592.64,464.76,127.88,Expired,2024-10-18,Inactive,2023-12-01
VEH-000480,9611Z35M1XDFC5AM9,Chevrolet,Traverse,2022,Orchid,Plug-in Hybrid,108842,CUST-18986,Thomas Ramirez,,(434)566-2215,SVC-00000480,2023-04-14,Inspection,,1805.71,1007.35,798.36,Active,2025-11-14,Scrapped,2025-10-02
VEH-000481,22CRLBJ3FEALSKYX3,Honda,CR-V,2021,Ivory,Hybrid,231187,CUST-41314,James Goodman,nelsonjohn@example.com,+1-548-743-3740x85060,SVC-00000481,2026-01-23,Battery Replacement,,2076.17,631.57,1444.6,Active,2024-11-11,Inactive,2026-01-03
VEH-000482,MX5WX0LL8SJGJUKJE,Honda,Odyssey,2007,DarkOrange,Plug-in Hybrid,220209,CUST-13301,James Morris,raybrandon@example.net,(540)240-7853x214,SVC-00000482,2022-07-01,Brake Service,David Martin,1682.2,993.17,689.03,Not Applicable,2024-10-01,Inactive,2024-02-10
VEH-000483,RVFKVX5CK3H76MTZE,Kia,Forte,2006,Yellow,Plug-in Hybrid,40930,CUST-77427,Alicia Parsons,whitekenneth@example.org,+1-254-460-7106x651,SVC-00000483,2025-01-15,Body Work,Wanda Gutierrez,1570.61,828.43,742.18,Expired,2024-07-13,Inactive,2024-02-15
VEH-000484,6BFWEVHR64K34N1GH,Chevrolet,Malibu,2009,DarkTurquoise,Diesel,28442,CUST-70370,Marie Huerta,novakashley@example.org,(945)899-3844x71333,SVC-00000484,2023-05-21,Brake Service,David Martin,2269.76,1029.35,1240.41,Not Applicable,2025-03-14,Inactive,2024-04-30
VEH-000485,K0WWWECZ2MEGH9WTH,ford,Mustang,2009,PaleGoldenRod,Gasoline,225056,CUST-15989,Terry Carter,gmartinez@example.net,001-808-676-1829x56809,SVC-00000485,2023-01-14,Body Work,Brian Rivera,2110.76,1788.37,322.39,Not Applicable,2025-01-09,Active,2024-11-12
VEH-000486,2A8XH19VSFPMHSCSB,HYUNDAI,Palisade,2018,OliveDrab,Diesel,16398,CUST-85847,Teresa Fletcher,kmclaughlin@example.net,241-264-2295,SVC-00000486,2024-02-29,Battery Replacement,Katherine Bridges,424.68,287.61,137.07,Expired,2025-09-03,Scrapped,2025-05-27
VEH-000487,LZHHD9AFE4344X35C,Nissan,Pathfinder,1999,DarkSlateGray,Plug-in Hybrid,205167,CUST-88642,Gabriel Blevins,christopher36@example.com,473.413.5133x607,SVC-00000487,2023-01-01,Inspection,Jessica Thomas,1993.59,1557.28,436.31,Not Applicable,2024-12-28,Inactive,2024-01-11
VEH-000488,S6J0XJS4SD66FUS26,BMW,X3,2002,LightCoral,Plug-in Hybrid,58312,CUST-32778,Jared Thomas,xbowen@example.net,3542982098,SVC-00000488,2025-05-30,Body Work,Paul Valencia,1886.28,1384.89,501.39,Not Applicable,2025-11-16,Inactive,2025-07-28
VEH-000489,ADSCZS7U27SGWEL4F,Nissan,Rogue,2001,Maroon,Diesel,246951,CUST-71132,Benjamin Henry,sandraaustin@example.com,,SVC-00000489,2023-10-31,Oil Change,Edward Allison,1262.54,319.78,942.76,Expired,2024-09-10,Scrapped,2024-11-11
VEH-000490,0MGGGXE4UJ8X1SP71,Chevrolet,Malibu,1995,LightSeaGreen,Diesel,87544,CUST-53313,Gregory Blackwell,kfarmer@example.net,001-754-343-0976,SVC-00000490,2025-10-23,Body Work,Colton Armstrong,2389.12,1972.66,416.46,Not Applicable,2025-09-10,Inactive,2026-02-18
VEH-000491,DYSEFYY3CTYY8GSCS,Hyundai,Palisade,2004,HoneyDew,Plug-in Hybrid,184064,CUST-57757,Heather Wright,lmorrison@example.org,481-395-6817,SVC-00000491,2022-08-19,Other,Michelle Torres,1012.75,917.71,95.04,Expired,2024-12-10,Active,2025-03-08
VEH-000492,Z63VZV3P0X9A9LCF0,Mercedes,GLC,2022,AntiqueWhite,Electric,46585,CUST-36971,Jose Pittman,martinbenjamin@example.com,(684)209-2210x06074,SVC-00000492,2025-07-25,Tire Rotation,Kathryn Patel,1787.79,1580.03,207.76,Active,2025-02-21,Inactive,2023-10-21
VEH-000493,BWTLTLMA1DB9YLWKX,Chevrolet,Silverado,2020,DeepPink,Hybrid,228354,CUST-78062,Randy Garrison,murphyregina@example.org,(533)525-6001x328,SVC-00000493,2026-03-01,Brake Service,Robert Sanford,1769.3,1020.47,748.83,Active,2025-02-23,Inactive,2024-02-19
VEH-000494,00000000000000000,Tesla,Model X,2003,FloralWhite,Electric,90387,CUST-66402,Douglas Mack,whenry@example.net,869.655.4166x103,SVC-00000494,2026-08-29,Engine Repair,Joshua Cooper,3035.09,1971.89,1063.2,Expired,2025-04-29,Inactive,2023-12-16
VEH-000495,360YJ9RHUNEDMPW3G,CHEVROLET,Malibu,2012,Yellow,Electric,40708,CUST-44629,Troy Patterson,torresrandall@example.net,571-696-9328x45981,SVC-00000495,2022-07-20,Body Work,Robert Sanford,646.94,566.38,80.56,Expired,2024-04-25,Active,2026-03-03
VEH-000496,FLHVCLYLYV9FYG68E,BMW,5 Series,2016,Orange,Gasoline,129851,CUST-70177,Jackie Calderon,alishaevans@example.net,542.465.4945,SVC-00000496,2022-09-30,Oil Change,Edward Allison,2006.44,1936.9,69.54,Expired,2025-08-01,Inactive,2026-03-09
VEH-000497,2DZ7AXLHAE8WFEY5X,Honda,Civic,2016,LightCyan,Gasoline,14448,CUST-46345,Randy Gross,cobbmichael@example.net,409-413-0880x1262,SVC-00000497,2025-07-14,Battery Replacement,Kathryn Patel,886.01,37.44,848.57,Not Applicable,2025-08-18,Inactive,2024-07-22
VEH-000498,00000000000000000,Hyundai,Tucson,2008,PapayaWhip,Electric,108468,CUST-85766,Todd Brock,delgadotara@example.net,001-880-354-2474x97261,SVC-00000498,2025-02-28,Tire Rotation,Brian Rivera,1230.2,317.25,912.95,Not Applicable,2026-03-11,Scrapped,2025-06-20
VEH-000499,DTWV7TJJFBVL5D1LP,Mercedes,GLE,1995,SeaGreen,Hybrid,79152,CUST-18940,Albert Owens,,881-260-1446x0455,SVC-00000499,2025-12-13,Engine Repair,Sarah Murray,1802.51,1202.61,599.9,Not Applicable,2024-12-29,Scrapped,2024-04-20
VEH-000500,N13XNRRE5EFZJ766H,Toyota,RAV4,2013,Beige,Plug-in Hybrid,8454,CUST-55171,Virginia Moore,emendez@example.org,930-996-1168,SVC-00000500,2024-08-08,Oil Change,Edward Allison,2477.66,1430.18,1047.48,Not Applicable,2025-03-18,Inactive,2025-03-08
VEH-000501,GGK8V1T5A1DUUAJUN,Honda,Civic,2013,GoldenRod,Electric,12723,CUST-90998,Joshua Buchanan,wpeterson@example.net,+1-451-471-3562x4213,SVC-00000501,2025-04-30,Battery Replacement,Brittany Kidd,1054.81,142.1,912.71,Expired,2024-06-04,Inactive,2025-05-27
VEH-000502,YWB5DU2EP5J2HH5LW,BMW,5 Series,2017,DarkGreen,Diesel,53019,CUST-46510,Randy Edwards,joseph40@example.org,717-462-2988,SVC-00000502,2025-03-23,Other,Laura Gray,1509.63,1064.99,444.64,Expired,2025-10-20,Active,2026-01-06
VEH-000503,GMY92RUWC5S551CA0,Chevrolet,Tahoe,2011,SteelBlue,Hybrid,12873,CUST-95955,Diane Davis,sgood@example.net,5174393463,SVC-00000503,2025-02-10,Battery Replacement,Sara Marquez,2396.47,1402.11,994.36,Not Applicable,2024-05-29,Inactive,2023-08-02
VEH-000504,S5W8F5X3CRYBSNU4M,Kia,Forte,2015,Blue,Electric,31165,CUST-76170,Leslie Bradley,pbarnes@example.com,648.450.3576x15216,SVC-00000504,2024-07-03,Battery Replacement,Sara Marquez,1508.84,346.17,1162.67,Not Applicable,2024-04-19,Active,2024-09-03
VEH-000505,9V2F4EH7HWCW5UZSR,Kia,Forte,2011,Gainsboro,Electric,238006,CUST-68132,Anne Jones,wnewman@example.net,820-405-6529x10306,SVC-00000505,2026-01-06,Engine Repair,Brittany Kidd,2376.5,1579.43,797.07,Not Applicable,2026-03-04,Scrapped,2025-10-30
VEH-000506,HHVN38VX6YYMH1GTW,Tesla,Cybertruck,2002,Lavender,Plug-in Hybrid,207717,CUST-40236,Derrick Cruz,angelamorgan@example.org,001-318-591-7440x7568,SVC-00000506,2024-08-29,Oil Change,Maria Rubio,1835.99,472.45,1363.54,Expired,2025-03-13,Scrapped,2025-08-26
VEH-000507,TTXZY0WC5968X6GXF,Honda,Pilot,2008,LightGoldenRodYellow,Diesel,220713,CUST-85273,Nancy Martin,thompsongina@example.net,427-459-2728x8572,SVC-00000507,2022-05-20,Battery Replacement,Jessica Thomas,2156.69,543.51,1100.39,Expired,2025-09-11,Active,2025-11-01
VEH-000508,UEU8SVSWXLU15RPN2,Chevrolet,Silverado,1996,LimeGreen,Electric,65085,CUST-57375,Erika Atkins,wolfeebony@example.net,(961)777-0904,SVC-00000508,2024-03-31,Inspection,Laura Gray,859.56,145.92,713.64,Expired,2025-02-05,Inactive,2024-01-27
VEH-000509,1HGBH41JXMN10916,Kia,Sportage,2005,SaddleBrown,Hybrid,196922,CUST-48634,Daniel Cervantes,brownchristopher@example.org,800-417-6235x93862,SVC-00000509,2022-12-21,Engine Repair,Brittany Kidd,1501.92,54.16,1447.76,Not Applicable,2025-03-31,Active,2024-02-19
VEH-000510,5P54SSCV9LH66N44T,Nissan,Altima,2018,OrangeRed,Hybrid,141686,CUST-97723,Heather Soto,rdavis@example.com,3887607175,SVC-00000510,2024-07-26,Brake Service,Joshua Cooper,1194.97,1135.69,59.28,Not Applicable,2024-11-17,Inactive,2026-01-15
VEH-000511,Z6UTS5G4JMKT3HZW9,honda,Odyssey,2023,Indigo,Electric,-195080,CUST-26005,Jacob Newman,crystalcollins@example.com,(465)803-6565x8689,SVC-00000511,2022-07-17,Tire Rotation,Wanda Gutierrez,1477.15,954.3,522.85,Active,2025-04-18,Inactive,2023-06-19
VEH-000512,CKGKXGSUAHTMC4RUK,Tesla,Model S,2006,DarkViolet,Plug-in Hybrid,181516,CUST-19560,Jared Cameron,cparker@example.net,001-393-401-4981x109,SVC-00000512,2023-04-25,Tire Rotation,Robert Sanford,876.7,460.71,415.99,Not Applicable,2025-05-07,Scrapped,2024-01-15
VEH-000513,ET7ZWPE8MHT1MB07E,Toyota,Highlander,2023,FireBrick,Electric,206865,CUST-40650,Derek Williamson,ghunt@example.net,001-685-906-0520x14041,SVC-00000513,2025-01-06,Engine Repair,Joshua Cooper,567.32,259.43,307.89,Active,2026-01-16,Inactive,2025-05-04
VEH-000514,2F41HS1GAB3CYRK15,Ford,Explorer,1998,Teal,Plug-in Hybrid,-146740,CUST-11316,Bradley Downs,gibsoncarolyn@example.org,(440)755-3888x396,SVC-00000514,2024-12-27,Engine Repair,Shelley Wilson,1734.56,1218.9,515.66,Not Applicable,2025-06-21,Scrapped,2024-10-15
VEH-000515,JDFCDS0JUTJXLATTM,BMW,5 Series,1996,PaleGreen,Electric,47323,CUST-18826,Mark Salazar,kennethsmith@example.com,757.636.3667x8542,SVC-00000515,2025-08-21,Oil Change,Joshua Cooper,1216.26,399.86,816.4,Not Applicable,2024-10-13,Active,2025-01-14
VEH-000516,SMAY3A42NBNR6XEBB,Mercedes,GLC,2015,LawnGreen,Gasoline,70925,CUST-42104,Sarah Nelson,mgonzales@example.org,812-401-0786x67469,SVC-00000516,2024-01-14,Battery Replacement,Sara Marquez,1572.14,586.23,985.91,Expired,2025-10-16,Scrapped,2025-01-27
VEH-000517,K54URSN5D7YV6U61H,Ford,Mustang,2010,MidnightBlue,Hybrid,198117,CUST-59806,Yolanda Collins,smithstacy@example.com,866.533.3704x0046,SVC-00000517,2025-09-30,Battery Replacement,Katherine Bridges,1938.66,527.88,1410.78,Not Applicable,2025-05-29,Scrapped,2025-05-10
VEH-000518,SNYKYK8BGEKZ0TYR8,TOYOTA,Camry,2000,AliceBlue,Plug-in Hybrid,31193,CUST-59444,Nancy Davis,oanderson@example.org,(391)709-1433x8975,SVC-00000518,2022-09-23,Body Work,Colton Armstrong,1800.9,512.71,1288.19,Not Applicable,2025-06-26,Inactive,2024-11-12
VEH-000519,C298JRZ8MWU9AE0K3,HYUNDAI,Tucson,2007,DarkOrange,Gasoline,35627,CUST-46763,Stephanie Smith,joshua41@example.net,407.249.0565x9315,SVC-00000519,2025-01-14,Engine Repair,Colton Armstrong,3076.0,1866.2,1209.8,Not Applicable,2024-07-23,Scrapped,2025-11-04
VEH-000520,UGENJM12GJDEJ7521,Kia,Sportage,2000,Khaki,Gasoline,1446,CUST-57714,Karen Jefferson,eortega@example.org,730-782-9006x4527,SVC-00000520,2022-05-31,Inspection,Susan Davis,989.27,877.39,111.88,Not Applicable,2025-07-17,Inactive,2023-05-17
VEH-000521,F86NYBAN5Z9EUE8HJ,Toyota,Camry,2003,Red,Gasoline,53060,CUST-16089,Andrew Spencer,laura71@example.net,001-881-221-5697x28060,SVC-00000521,2023-10-09,Inspection,Joshua Cooper,1868.78,1499.84,368.94,Not Applicable,2024-12-11,Active,2024-06-05
VEH-000522,ACGUA5NMERMLZL5VK,Chevrolet,Silverado,2014,Indigo,Electric,26268,CUST-15548,David Fernandez,,859.249.2668x908,SVC-00000522,2026-02-25,Tire Rotation,David Martin,1588.73,436.57,1152.16,Expired,2025-07-21,Inactive,2023-09-10
VEH-000523,NSTTS0FWB083A6UN1,BMW,M4,2021,Chocolate,Hybrid,-240516,CUST-58212,Jason Johnson,alejandrowatson@example.net,(850)855-1678x85282,SVC-00000523,2025-05-19,Body Work,Katherine Bridges,1708.02,959.11,748.91,Active,2024-12-16,Inactive,2025-07-09
VEH-000524,VIN-MISSING,Chevrolet,Equinox,2014,SeaShell,Hybrid,120708,CUST-15507,Sarah Mack,donaldsolis@example.com,(683)829-4148,SVC-00000524,2023-02-17,Other,Travis Contreras,2450.89,1753.16,697.73,Not Applicable,2025-05-09,Scrapped,2025-03-23
VEH-000525,A27UE3RT8YDGZC92Z,BMW,3 Series,2006,Snow,Diesel,6522,CUST-79878,Kelly Velasquez,ymoon@example.org,367.276.7503,SVC-00000525,2024-08-09,Engine Repair,Debbie West,2982.23,1766.94,1215.29,Expired,2026-04-06,Active,2024-07-15
VEH-000526,L7BM31NF0KZC4Y5WL,Hyundai,Elantra,2011,Purple,Diesel,15568,CUST-18292,Kristen Leonard,carriejimenez@example.com,408.519.7143x3874,SVC-00000526,2022-10-12,Battery Replacement,Laura Gray,1738.59,545.29,1193.3,Expired,2024-09-25,Active,2026-02-03
VEH-000527,HKTEG3PH8DVJ4XH6L,Hyundai,Elantra,2000,LightBlue,Hybrid,24925,CUST-72293,Vanessa Calderon,loweryerin@example.org,740.468.7434,SVC-00000527,2024-10-27,Inspection,Edward Allison,1235.76,211.84,1023.92,Expired,2025-01-09,Active,2024-07-30
VEH-000528,JNLL5KTWVL7M8G8K6,Nissan,Rogue,2004,Lavender,Gasoline,11438,CUST-33796,Sabrina Tran,vmiddleton@example.net,535-794-1252x292,SVC-00000528,2023-10-22,Inspection,Colton Armstrong,1113.21,874.96,238.25,Not Applicable,2025-10-01,Inactive,2023-11-28
VEH-000529,VIN-MISSING,Kia,Sorento,1998,PaleGreen,Electric,147955,CUST-99650,Susan Matthews,angelareid@example.org,001-791-633-6892,SVC-00000529,2022-07-15,Body Work,Charles Nelson,2661.04,1472.51,1188.53,Not Applicable,2024-12-01,Scrapped,2026-01-19
VEH-000530,V0KU7HK3ECKPDZ4FH,Toyota,RAV4,2017,Maroon,Plug-in Hybrid,84235,CUST-99643,Shannon Riggs,yrobinson@example.org,384-405-9620x0089,SVC-00000530,2025-01-14,Tire Rotation,Brittany Kidd,636.42,255.06,381.36,Expired,2026-03-29,Active,2026-01-06
VEH-000531,YFLD3T44TEERRUH5L,Tesla,Model X,2009,MediumTurquoise,Plug-in Hybrid,210502,CUST-76168,Amanda Gross,donaldhickman@example.org,001-306-525-8231x658,SVC-00000531,2024-08-27,Battery Replacement,Melissa Mendez,1300.54,1036.1,264.44,Expired,2025-05-12,Active,2024-09-13
VEH-000532,3RP4W0GNGWJDF3T2B,Honda,Accord,1998,RosyBrown,Electric,36383,CUST-62497,Anita Garcia,vgarcia@example.com,(340)551-6303x521,SVC-00000532,2024-03-18,Other,Maria Rubio,2854.25,1502.68,1351.57,Expired,2025-12-05,Scrapped,2026-02-14
VEH-000533,4MWHH4FB4R5EBPV5P,Kia,Sportage,2022,Tan,Electric,96119,CUST-71643,Sarah Mueller,jgutierrez@example.net,001-481-872-5190,SVC-00000533,2026-04-13,Other,Brian Rivera,1188.59,835.8,352.79,Active,2025-12-03,Scrapped,2024-09-30
VEH-000534,CYDDWTX18WZWUE9HG,Toyota,Camry,2009,Silver,Hybrid,206466,CUST-32464,Daisy Macias,laura39@example.org,(507)809-9461x691,SVC-00000534,2025-03-12,Tire Rotation,Edward Allison,3058.09,1714.1,1343.99,Not Applicable,2026-03-09,Inactive,2023-07-10
VEH-000535,ZC88GVXYGGU2X86DJ,Nissan,Altima,2005,PowderBlue,Electric,184191,CUST-50182,Clinton Miller,jonathanfrench@example.org,001-936-650-3966x81151,SVC-00000535,2025-01-25,Other,,153.64,101.12,52.52,Expired,2025-05-03,Scrapped,2024-05-05
VEH-000536,VNADX49RSWPWCJ91P,Kia,Soul,2024,LightCoral,Plug-in Hybrid,121560,CUST-91809,Andrew Porter,maria39@example.net,6602750924,SVC-00000536,2024-03-29,Brake Service,Shelley Wilson,2080.76,768.23,1312.53,Active,2026-01-16,Scrapped,2023-09-26
VEH-000537,2EHVM5CCDWE3KXXD9,Tesla,Model S,2012,Beige,Gasoline,120921,CUST-83916,Alexis Silva,ymanning@example.org,+1-477-506-7140,SVC-00000537,2026-01-19,Body Work,Melissa Mendez,2325.62,1733.46,592.16,Expired,2024-12-06,Active,2025-10-20
VEH-000538,AY7CSJ9NHUWF1LPTV,Honda,Odyssey,2018,Tan,Plug-in Hybrid,75882,CUST-55400,Morgan Sanchez,littlebetty@example.com,001-964-634-5146,SVC-00000538,2024-07-25,Inspection,Brian Rivera,977.35,924.94,52.41,Expired,2025-10-15,Scrapped,2025-06-05
VEH-000539,C4JTT9A0KAG7WKW8U,Hyundai,Tucson,2002,Green,Plug-in Hybrid,79958,CUST-83170,Shelia Reed,nancycooper@example.com,633.361.9570x145,SVC-00000539,2022-08-19,Battery Replacement,David Martin,1250.75,363.27,540.63,Expired,2025-05-11,Scrapped,2025-09-11
VEH-000540,2411AZ5VDSXZVBYEG,Mercedes,GLE,2010,GhostWhite,Plug-in Hybrid,131083,CUST-74969,Anthony Roberson,stacey61@example.org,267-855-3351x92368,SVC-00000540,2025-05-26,Oil Change,Brittany Kidd,2617.88,1435.68,1182.2,Expired,2025-10-25,Active,2025-10-18
VEH-000541,4HJ5MY1C51K7JTJ22,Toyota,Corolla,2014,DarkRed,Hybrid,193149,CUST-99118,Jared Hunter,debra25@example.com,666.394.2067,SVC-00000541,2025-06-29,Inspection,Wanda Gutierrez,2505.08,1316.89,1188.19,Not Applicable,2025-04-02,Active,2025-07-02
VEH-000542,EPZUU97UAMNPN2HX0,Hyundai,Tucson,2005,Black,Diesel,144618,CUST-41498,Stacey Brown,hvega@example.com,+1-376-489-3944,SVC-00000542,2024-03-21,Engine Repair,Michelle Torres,2500.3,1489.22,1011.08,Expired,2024-08-13,Inactive,2023-07-28
VEH-000543,K9DL91WNTPPDPTE08,Hyundai,Sonata,2007,PaleGoldenRod,Plug-in Hybrid,173457,CUST-38709,Nathan Ward,jmclaughlin@example.com,+1-987-623-9974x676,SVC-00000543,2025-04-19,Engine Repair,Colton Armstrong,1261.67,834.72,426.95,Expired,2024-06-03,Active,2025-01-25
VEH-000544,LZ6X3TR6CF4WMF5WT,Mercedes,C-Class,2015,Chartreuse,Diesel,216819,CUST-70905,Ashley Lopez,richchad@example.com,+1-557-748-1574x30231,SVC-00000544,2022-12-17,Other,Paul Valencia,2565.44,1373.95,1191.49,Not Applicable,2025-03-01,Scrapped,2025-05-07
VEH-000545,3BYJ7K4Z539W651B4,Chevrolet,Malibu,2006,BurlyWood,Diesel,179681,CUST-56452,Tyrone Barnes,andersonmonica@example.com,+1-229-308-6441x25753,SVC-00000545,2025-08-02,Other,,1654.56,731.53,923.03,Expired,2025-09-11,Scrapped,2023-07-11
VEH-000546,FRVLLJ052CGERKCNL,Honda,CR-V,2002,DarkOrange,Gasoline,183429,CUST-22736,Benjamin Mora,lucasharvey@example.com,738.485.0841x86248,SVC-00000546,2025-09-17,Tire Rotation,Shelley Wilson,1845.03,857.33,987.7,Expired,2026-03-31,Scrapped,2025-01-26
VEH-000547,LYYE1LW878X6NR8B1,Chevrolet,Traverse,2012,GhostWhite,Hybrid,104997,CUST-20591,William Miller,phillipsmarissa@example.com,(770)217-9219,SVC-00000547,2023-10-07,Body Work,Charles Nelson,2197.02,1672.56,524.46,Expired,2026-03-07,Scrapped,2024-11-13
VEH-000548,TEGVU1TBKRAFW7V4T,Nissan,Frontier,2017,Linen,Hybrid,5453,CUST-99085,Michael Hall,andrewsims@example.org,+1-774-345-0838,SVC-00000548,2023-08-05,Battery Replacement,Sarah Murray,2209.96,999.72,1210.24,Not Applicable,2024-12-16,Inactive,2023-12-10
VEH-000549,4R1HN1BY89DMR79AX,Tesla,Model X,2018,Olive,Gasoline,241701,CUST-72212,Alan Zamora,emily48@example.net,+1-747-828-5814x9086,SVC-00000549,2025-08-06,Tire Rotation,Joshua Cooper,1257.03,505.48,751.55,Expired,2025-02-18,Inactive,2025-10-13
VEH-000550,DKRZS9WNHCTBVDBSN,Honda,CR-V,2018,LightYellow,Diesel,240032,CUST-45000,Teresa Medina,christine79@example.org,001-520-411-6393x732,SVC-00000550,2022-08-07,Brake Service,Robert Sanford,911.71,128.03,783.68,Not Applicable,2025-10-14,Inactive,2023-10-12
VEH-000551,BALX4EWJL4RC7CMHG,Ford,Mustang,2004,ForestGreen,Plug-in Hybrid,155589,CUST-53864,Joseph Roth,abigailmcdaniel@example.org,,SVC-00000551,2025-10-11,Other,Paul Valencia,3196.41,1999.8,1196.61,Not Applicable,2024-10-04,Inactive,2023-11-19
VEH-000552,4Z999V90EE9D4KLHE,Mercedes,C-Class,2002,Thistle,Electric,136080,CUST-81463,Lauren Logan,fullermichael@example.net,8358263949,SVC-00000552,2026-03-04,Oil Change,Laura Gray,1147.35,1045.7,101.65,Expired,2026-02-01,Inactive,2025-07-07
VEH-000553,9S3FZ38A73M6P9796,Tesla,Model S,2016,DarkCyan,Diesel,90787,CUST-32916,Eddie Herman,,629-608-8598x823,SVC-00000553,2024-09-07,Other,Michelle Torres,1664.92,1489.24,175.68,Expired,2024-05-20,Active,2024-05-01
VEH-000554,ZA4JX2YFTZ0XEL8EM,Chevrolet,Malibu,2011,BlueViolet,Plug-in Hybrid,80705,CUST-89163,Samantha Prince,qrogers@example.org,001-663-381-5432x077,SVC-00000554,2023-08-07,Tire Rotation,Colton Armstrong,370.83,229.48,141.35,Expired,2026-01-25,Active,2024-02-01
VEH-000555,XSNZHDBL1G3ZX9TWL,Chevrolet,Traverse,2009,DarkOliveGreen,Hybrid,148529,CUST-36426,Michael Graham,rodriguezjennifer@example.com,3234462905,SVC-00000555,2022-12-07,Battery Replacement,Susan Davis,2587.63,652.59,697.64,Not Applicable,2025-07-28,Scrapped,2023-07-01
VEH-000556,58PNAJZ6G9XZGTKMC,Tesla,Model 3,2010,DarkSeaGreen,Gasoline,23886,CUST-40588,Lisa Harris,turnerjacqueline@example.net,001-809-810-3842,SVC-00000556,2025-03-18,Tire Rotation,Debbie West,1607.99,1279.72,328.27,Not Applicable,2024-11-08,Active,2026-01-12
VEH-000557,YHDYJGRBKEYD19XVA,Tesla,Model S,2003,Wheat,Plug-in Hybrid,81250,CUST-12278,Richard Singh,davidortiz@example.net,+1-453-588-0184,SVC-00000557,2024-02-22,Battery Replacement,Sara Marquez,1329.94,0.18,1329.76,Expired,2024-10-27,Active,2023-12-28
VEH-000558,3DG3DM625EA8BWETD,Tesla,Model X,2021,Coral,Electric,129069,CUST-64160,Julie Conrad,bennettshari@example.org,001-956-778-2469x4289,SVC-00000558,2023-10-22,Other,Debbie West,2176.84,1364.88,811.96,Active,2024-05-17,Inactive,2025-01-14
VEH-000559,30M2N6FCAYNHF2SKM,Chevrolet,Silverado,2008,Black,Electric,54667,CUST-25704,Lisa Thompson,angela97@example.org,429-718-9220,SVC-00000559,2024-09-27,Oil Change,Brian Rivera,1822.52,985.58,836.94,Not Applicable,2024-11-28,Active,2024-09-15
VEH-000560,NZDRVHYN9H28LG3LM,KIA,Telluride,2003,MediumVioletRed,Plug-in Hybrid,204753,CUST-68384,Cody Jones,calderonadrian@example.net,291.513.6385,SVC-00000560,2025-04-29,Other,,1361.02,277.39,1083.63,Expired,2025-03-05,Active,2025-08-21
VEH-000561,7YG19N7EBZZ87N0B2,Mercedes,GLE,2014,Pink,Diesel,213949,CUST-53096,Heather Mullins,tfletcher@example.com,+1-397-695-3955x3257,SVC-00000561,2022-12-20,Tire Rotation,,2830.97,1955.82,875.15,Not Applicable,2024-11-11,Active,2023-07-29
VEH-000562,P557UN5SS4M6J5FX4,Chevrolet,Malibu,2015,AntiqueWhite,Diesel,217293,CUST-44426,Tyler Guzman,yavila@example.com,(957)909-6617,SVC-00000562,2023-10-13,Oil Change,Melissa Mendez,2317.2,1730.08,587.12,Not Applicable,2025-09-26,Scrapped,2025-12-28
VEH-000563,6ARDPHRG8RG3UJT74,BMW,X3,2013,CadetBlue,Gasoline,54472,CUST-49818,Christina Haynes,earnold@example.org,(318)938-1717,SVC-00000563,2023-06-05,Tire Rotation,Wanda Gutierrez,746.99,639.09,107.9,Expired,2024-10-14,Inactive,2026-03-01
VEH-000564,6UJPS4ZFATFR8EEUR,Toyota,Corolla,2015,Red,Electric,137353,CUST-99980,Spencer Curtis,michaelmiller@example.org,447-309-8924x451,SVC-00000564,2024-01-24,Brake Service,Caitlin Marshall,1395.19,94.78,1300.41,Not Applicable,2024-07-15,Inactive,2024-05-04
VEH-000565,INVALIDVIN123,BMW,5 Series,2021,Cyan,Diesel,113784,CUST-31954,Kelsey Lozano,davismonica@example.org,+1-619-701-3547,SVC-00000565,2025-10-21,Tire Rotation,Michelle Hays,2091.77,1838.43,253.34,Active,2025-09-03,Active,2025-02-23
VEH-000566,EZP63PGY2BGLT9TU2,Chevrolet,Malibu,2022,LavenderBlush,Plug-in Hybrid,90027,CUST-43575,Timothy Villarreal,elizabeth02@example.com,+1-365-379-6382,SVC-00000566,2023-11-28,Battery Replacement,Maria Rubio,1018.09,153.44,864.65,Active,2024-05-19,Scrapped,2025-12-31
VEH-000567,EU5BLEPH3PFWNLLCT,KIA,Soul,2024,BurlyWood,Diesel,156854,CUST-45813,Paul Austin,rebeccaschaefer@example.org,+1-524-834-4971,SVC-00000567,2024-07-20,Body Work,Jessica Thomas,1234.73,405.8,828.93,Active,2026-01-25,Inactive,2024-08-15
VEH-000568,1JPFWC8GC4V4H24SL,Chevrolet,Tahoe,2007,Gray,Diesel,64641,CUST-85314,David Howell,lesliehensley@example.com,947.426.3257x41022,SVC-00000568,2026-01-14,Oil Change,Kathryn Patel,1910.81,1466.2,444.61,Not Applicable,2025-01-26,Inactive,2023-06-09
VEH-000569,ZHZ18WXSJMAZ97DU6,Mercedes,GLE,2006,Aqua,Plug-in Hybrid,147634,CUST-53725,Jordan Mosley,,+1-259-412-7710x5052,SVC-00000569,2022-07-24,Tire Rotation,Edward Allison,2771.37,1676.36,1095.01,Expired,2024-12-02,Scrapped,2024-09-26
VEH-000570,E6C8EFGNN5KG4UEGD,Nissan,Frontier,2018,LightGreen,Plug-in Hybrid,25373,CUST-44593,Megan Mendez,kingjuan@example.net,848.321.6763x97375,SVC-00000570,2023-09-16,Body Work,Kathryn Patel,1516.21,865.84,650.37,Not Applicable,2025-06-05,Inactive,2025-12-19
VEH-000571,1HGCM82633AO04747,Kia,Sportage,1999,LightSlateGray,Gasoline,204451,CUST-89148,Bryan Nielsen,mfernandez@example.org,(645)402-1424x1175,SVC-00000571,2024-09-07,Body Work,Charles Nelson,1516.93,734.11,782.82,Expired,2024-08-30,Scrapped,2025-02-04
VEH-000572,TBMGPFS9GR1UV8Y7F,Hyundai,Elantra,2011,Magenta,Plug-in Hybrid,66113,CUST-14021,Antonio Houston,robert77@example.org,964-660-3146,SVC-00000572,2022-12-29,Tire Rotation,Jessica Thomas,1577.38,910.51,666.87,Expired,2024-11-09,Inactive,2023-10-24
VEH-000573,90PA0KH2YU8XBUTJG,Honda,Pilot,2004,RoyalBlue,Electric,123339,CUST-85277,Eric Martinez,barbara16@example.org,7093914338,SVC-00000573,2022-09-20,Tire Rotation,Joshua Cooper,2807.61,1868.05,939.56,Not Applicable,2024-07-31,Scrapped,2024-05-27
VEH-000574,7AJ2Y35M5L9SUVVTN,Tesla,Model 3,2011,Silver,Electric,115679,CUST-47005,Patrick Valentine,spencersteven@example.net,766.333.4616x8559,SVC-00000574,2022-12-26,Inspection,Brian Rivera,1106.78,353.2,753.58,Not Applicable,2025-03-08,Scrapped,2025-02-14
VEH-000575,RW54EE2JMSFFL9Y3M,Mercedes,S-Class,2013,PaleTurquoise,Diesel,117257,CUST-49999,Crystal Banks,kbarnes@example.net,316-733-9233x990,SVC-00000575,2026-03-24,Brake Service,Melissa Mendez,1222.58,355.74,866.84,Not Applicable,2025-10-15,Scrapped,2023-05-04
VEH-000576,FS691L5JCY21N53NR,Kia,Sportage,2018,Lavender,Hybrid,37124,CUST-91076,Deborah Le,steven36@example.com,(900)428-0975x3306,SVC-00000576,2026-01-07,Tire Rotation,Debbie West,2503.52,1529.92,973.6,Not Applicable,2025-08-17,Inactive,2025-09-07
VEH-000577,FTEAFJ84E02D5E5A6,Tesla,Model S,2016,Tomato,Hybrid,131009,CUST-29689,Thomas Valdez,markssherri@example.org,763-314-9497x731,SVC-00000577,2023-04-30,Brake Service,Susan Davis,2027.29,1652.2,375.09,Not Applicable,2025-05-09,Active,2025-09-09
VEH-000578,UDB1YWYDJ7CM85URH,Mercedes,S-Class,2002,MediumSlateBlue,Plug-in Hybrid,165194,CUST-51155,Miss Kim Price,qpatrick@example.com,001-358-706-9285x0359,SVC-00000578,2026-03-31,Other,Maria Rubio,1415.02,29.98,1385.04,Expired,2025-10-06,Scrapped,2025-06-08
VEH-000579,CHMWD58PH9CS52VXT,Kia,Sportage,2000,DarkCyan,Hybrid,208306,CUST-76980,Yesenia Peters,trevor98@example.net,+1-284-970-1178x0949,SVC-00000579,2024-12-20,Body Work,Joshua Cooper,3115.29,1861.85,1253.44,Expired,2026-04-09,Active,2023-04-27
VEH-000580,NJ8AKCEL45Z5Z27EP,Ford,F-150,2009,AliceBlue,Hybrid,198821,CUST-53148,John Richards,ecantrell@example.net,(830)766-5154x752,SVC-00000580,2024-08-07,Inspection,Sarah Murray,3082.52,1688.1,1394.42,Expired,2024-06-22,Scrapped,2023-09-13
VEH-000581,XDHD8MLAFR6G1GRZR,Mercedes,S-Class,2005,Salmon,Electric,142580,CUST-72257,Sean Bean,cruzalex@example.org,,SVC-00000581,2025-07-10,Tire Rotation,,1456.1,407.18,1048.92,Expired,2025-09-25,Scrapped,2025-04-07
VEH-000582,TVA68J5L4R5VE6RAF,Chevrolet,Traverse,2015,LightCoral,Gasoline,144437,CUST-16692,Aaron Howell,wdixon@example.net,856.786.9358,SVC-00000582,2022-09-07,Other,Melissa Mendez,1955.26,1603.9,658.01,Expired,2024-10-12,Scrapped,2025-07-21
VEH-000583,D6EJDJP33839012RM,Tesla,Model S,2100,Indigo,Hybrid,44939,CUST-65423,Travis Martin,hgreen@example.com,001-634-485-8563,SVC-00000583,2024-11-21,Battery Replacement,Caitlin Marshall,821.73,758.87,62.86,Not Applicable,2025-06-06,Inactive,2023-06-29
VEH-000584,X82Z2VGE08G5X85CM,Kia,Sportage,1999,MistyRose,Diesel,247267,CUST-23826,Teresa Hill,dholmes@example.com,878.965.4151,SVC-00000584,2024-05-08,Brake Service,Shelley Wilson,734.55,305.11,429.44,Not Applicable,2024-11-04,Active,2025-12-24
VEH-000585,TZR3WRUNHJ479J1VL,Ford,Escape,2012,Lime,Plug-in Hybrid,81055,CUST-54591,Bradley Harvey,angelicacole@example.com,285-681-6686,SVC-00000585,2025-01-01,Oil Change,Edward Allison,1412.45,373.12,1039.33,Not Applicable,2025-08-24,Inactive,2025-04-14
VEH-000586,B74L91RR3C4S2PBD0,Honda,Pilot,2009,PaleVioletRed,Diesel,71187,CUST-46364,Kevin Nelson,erin44@example.net,+1-240-864-4147x5207,SVC-00000586,2025-02-13,Tire Rotation,Laura Gray,2750.17,1987.03,763.14,Not Applicable,2024-09-02,Active,2024-04-21
VEH-000587,PFL6YW9CPZ7R587FN,Hyundai,Santa Fe,2008,LightCoral,Plug-in Hybrid,53941,CUST-35546,Donna Johnson,fuentescraig@example.com,484-598-3329x5818,SVC-00000587,2025-06-26,Oil Change,Susan Davis,291.45,95.63,195.82,Not Applicable,2024-07-13,Active,2025-12-01
VEH-000588,C74MR3JT6G2T4CZ43,Nissan,Pathfinder,1997,SlateBlue,Electric,82290,CUST-78164,Kevin Lloyd II,nicholasgaines@example.com,(590)495-3475,SVC-00000588,2022-05-25,Oil Change,Maria Rubio,3306.31,1925.68,1380.63,Expired,2025-11-23,Scrapped,2025-02-09
VEH-000589,V9GLU874R0282AWCF,Hyundai,Palisade,2024,DimGray,Diesel,26564,CUST-48355,Derek Bright,brookesmall@example.com,204-623-9631x52138,SVC-00000589,2023-05-19,Battery Replacement,Travis Contreras,2100.24,1563.38,536.86,Active,2024-05-16,Active,2025-10-20
VEH-000590,8G7L1YX40T1BJT89V,Hyundai,Palisade,2008,PeachPuff,Gasoline,187050,CUST-21959,Linda Scott,taylorarnold@example.net,001-888-768-5143x312,SVC-00000590,2025-07-10,Tire Rotation,Paul Valencia,695.72,273.9,305.01,Not Applicable,2025-12-26,Scrapped,2025-05-19
VEH-000591,WDKV64N9LRHF3U5T6,Kia,Soul,1998,Plum,Gasoline,147754,CUST-69918,John Calderon,blackburnanthony@example.org,+1-821-992-2863,SVC-00000591,2023-03-18,Engine Repair,Jessica Thomas,241.96,53.14,188.82,Not Applicable,2024-04-14,Active,2023-04-29
VEH-000592,3B01CBSDCDVLFN2BG,Nissan,Rogue,2002,FloralWhite,Diesel,150330,CUST-91821,Joseph Wagner,,+1-526-623-8360x324,SVC-00000592,2023-02-04,Engine Repair,Katherine Bridges,2950.34,1561.81,1388.53,Expired,2025-02-08,Inactive,2023-05-18
VEH-000593,J3G768UJF0ZPE4WMX,BMW,X3,1997,DeepPink,Plug-in Hybrid,45154,CUST-27687,Samuel Ortega,ramirezvicki@example.net,(283)435-1475x5916,SVC-00000593,2024-08-02,Oil Change,Edward Allison,1539.03,93.61,1445.42,Not Applicable,2024-08-05,Scrapped,2025-12-09
VEH-000594,1K38JN4AF1SSP9A9K,Honda,Pilot,2005,LightSeaGreen,Diesel,62619,CUST-18661,Audrey Nash,yhicks@example.net,(367)781-0279x567,SVC-00000594,2025-07-24,Body Work,Melissa Mendez,735.17,518.98,216.19,Not Applicable,2025-01-12,Inactive,2025-06-29
VEH-000595,KAW18VYZMBNMMMHFU,Tesla,Cybertruck,2008,Salmon,Gasoline,153655,CUST-85892,Connie Knapp,destinysmith@example.net,559.930.5867,SVC-00000595,2023-07-23,Battery Replacement,Michelle Hays,3446.68,1960.84,1485.84,Expired,2024-06-28,Active,2025-08-24
VEH-000596,FDW44CM63Z5UD4NY0,Honda,Pilot,2012,DarkMagenta,Electric,143908,CUST-84158,Cindy Price,ereeves@example.org,668-845-3998x616,SVC-00000596,2024-03-06,Inspection,Sarah Murray,3111.66,1884.24,1227.42,Expired,2025-10-11,Scrapped,2024-04-15
VEH-000597,U8PB81ZPHFPLM2W7N,Mercedes,C-Class,1995,LightGray,Diesel,125452,CUST-72993,Christopher Brown DDS,harrisjonathan@example.com,(765)915-4787,SVC-00000597,2023-05-24,Inspection,,1638.14,786.73,851.41,Expired,2024-07-01,Scrapped,2023-06-29
VEH-000598,NN0X49WND6ADCMN0A,BMW,X5,2019,Magenta,Diesel,63175,CUST-75803,Marisa French,christopherbernard@example.net,292-580-2469x4879,SVC-00000598,2025-12-27,Other,Kathryn Patel,2531.42,631.57,885.57,Expired,2024-08-06,Scrapped,2024-02-10
VEH-000599,VIN-MISSING,Nissan,Rogue,2004,MediumSlateBlue,Hybrid,175602,CUST-99154,Christopher Keller,catherine11@example.net,,SVC-00000599,2026-03-27,Tire Rotation,Colton Armstrong,2141.78,1102.42,1039.36,Expired,2025-09-19,Inactive,2023-10-19
VEH-000600,8CRMYZ777U3APABXZ,Mercedes,E-Class,2012,IndianRed,Plug-in Hybrid,131727,CUST-42803,Joseph Fox,brandon35@example.net,(732)476-9221,SVC-00000600,2023-06-25,Engine Repair,Brian Rivera,984.89,345.88,639.01,Expired,2026-03-17,Active,2025-10-29
VEH-000601,A14465KZXLUMTF6PK,BMW,5 Series,2000,SlateBlue,Plug-in Hybrid,218878,CUST-98201,Heather Mathis,nelsonsteven@example.net,+1-727-626-4306x847,SVC-00000601,2025-08-09,Engine Repair,David Martin,3003.75,1663.59,1340.16,Not Applicable,2026-02-02,Active,2023-07-09
VEH-000602,M8DLPZ8DPX6F6YK6A,Ford,Mustang,2002,YellowGreen,Plug-in Hybrid,102460,CUST-39280,Kimberly Combs,adamsashley@example.net,250-819-7342x132,SVC-00000602,2024-04-20,Battery Replacement,Shelley Wilson,1177.67,185.98,991.69,Expired,2026-01-07,Active,2025-10-08
VEH-000603,X7L3FL0T04AJ6H02Y,Kia,Telluride,2004,PaleGoldenRod,Gasoline,101701,CUST-85923,Carolyn Knapp,fieldsholly@example.net,403-887-7222,SVC-00000603,2025-12-04,Other,Charles Nelson,2621.21,1743.1,878.11,Expired,2025-07-13,Active,2024-12-19
VEH-000604,LNXBSWKD2F4XVW76P,Toyota,Highlander,2021,Lavender,Electric,70581,CUST-86160,John Price,stewartduane@example.com,4335079598,SVC-00000604,2025-11-05,Tire Rotation,Brittany Kidd,2064.3,970.77,869.31,Active,2025-01-01,Active,2024-08-09
VEH-000605,P6J7A2USMY5BJ8Y8F,Tesla,Model 3,2016,MistyRose,Diesel,78285,CUST-42420,Raymond Nielsen,freemaneric@example.net,(692)762-6356,SVC-00000605,2026-01-21,Tire Rotation,Debbie West,1969.42,506.88,1462.54,Not Applicable,2026-03-21,Active,2023-06-15
VEH-000606,ZBCUUXKXBYYWEVKRU,Nissan,Frontier,2007,Sienna,Diesel,93765,CUST-61169,Michelle Mcclain,khall@example.net,926.743.9512,SVC-00000606,2023-10-05,Engine Repair,Michelle Torres,836.04,32.99,803.05,Not Applicable,2025-07-29,Inactive,2023-05-28
VEH-000607,G6S0NNX212EUMU8UG,BMW,X3,2020,DarkSalmon,Hybrid,48925,CUST-24417,Robert Martinez,thomas20@example.org,(898)381-8091,SVC-00000607,2026-01-27,Other,Michelle Hays,1850.9,884.17,966.73,Active,2025-03-29,Inactive,2026-03-11
VEH-000608,B35PCUKEY5ENHYJFL,Mercedes,GLE,2014,Olive,Electric,19987,CUST-13244,Andrea Estes,sandraholder@example.net,594.802.0293x665,SVC-00000608,2025-11-20,Battery Replacement,Laura Gray,3172.63,1749.01,1423.62,Not Applicable,2025-02-05,Inactive,2024-12-12
VEH-000609,9RXSFDG8VA2M8Z0M0,BMW,X5,2012,SeaGreen,Hybrid,38395,CUST-66813,Christine Daniels,,5243486335,SVC-00000609,2026-03-23,Other,Katherine Bridges,1680.93,1400.16,280.77,Expired,2025-02-22,Inactive,2023-06-13
VEH-000610,KRWZYP9038PU7RJ0W,Kia,Sorento,2014,LightGray,Hybrid,186285,CUST-65640,Michael Martinez,holdensharon@example.org,,SVC-00000610,2025-04-06,Other,,1952.16,1514.13,121.42,Expired,2024-08-20,Scrapped,2025-07-30
VEH-000611,G8R8JH7CUGXKKVWNU,Nissan,Pathfinder,2020,SteelBlue,Hybrid,-132518,CUST-24919,Jeremy Davis,chelsea81@example.com,540.801.3027x407,SVC-00000611,2023-07-31,Tire Rotation,Paul Valencia,705.0,209.13,495.87,Active,2025-06-11,Inactive,2024-02-05
VEH-000612,2YUTBLXV74RYMFNDV,Ford,F-150,1995,LightSlateGray,Gasoline,33020,CUST-84716,Caleb Gardner,thomasyoung@example.net,+1-425-747-9476x897,SVC-00000612,2023-09-19,Inspection,Kathryn Patel,1393.11,885.19,507.92,Expired,2025-07-13,Active,2024-04-10
VEH-000613,LHV09JJ4KXPWRFD2A,Chevrolet,Silverado,2009,Linen,Plug-in Hybrid,249395,CUST-30036,Jimmy Buchanan,yspears@example.net,327.244.4261,SVC-00000613,2024-05-02,Inspection,Caitlin Marshall,432.73,266.24,166.49,Expired,2024-11-13,Active,2025-02-01
VEH-000614,W9421AR22CZSZFPLP,Chevrolet,Silverado,2005,SlateBlue,Gasoline,88518,CUST-92460,Elizabeth Vasquez,yvonnewatson@example.org,910.654.9924,SVC-00000614,2025-02-26,Body Work,Travis Contreras,2681.38,1207.36,1474.02,Not Applicable,2024-06-30,Active,2023-11-28
VEH-000615,V6U465MNJNGP56RFJ,Chevrolet,Malibu,2008,LavenderBlush,Hybrid,135078,CUST-48853,Benjamin Johnson,kimberly62@example.com,886.284.5618x6803,SVC-00000615,2022-08-07,Tire Rotation,David Martin,1658.06,573.58,1084.48,Expired,2025-12-04,Scrapped,2023-06-16
VEH-000616,3B8ELW4RZ4XNVP19X,Toyota,Tacoma,2019,SteelBlue,Plug-in Hybrid,49398,CUST-91181,Andrew Davidson,xjones@example.net,+1-790-230-8475x3696,SVC-00000616,2022-10-13,Inspection,,2024.33,1585.11,439.22,Not Applicable,2024-09-15,Scrapped,2024-03-19
VEH-000617,ACTANTSNMBFTX3S2Y,Nissan,Pathfinder,2000,Khaki,Gasoline,35467,CUST-47321,Daisy Moore,amymoore@example.net,264.399.1604x156,SVC-00000617,2024-06-30,Engine Repair,Debbie West,2092.69,622.48,1470.21,Not Applicable,2024-07-19,Scrapped,2023-06-29
VEH-000618,CD9X6V91CZHYWCZUP,Tesla,Cybertruck,2003,DodgerBlue,Diesel,170527,CUST-77635,Danielle Gates,murillorobert@example.com,(778)762-2204,SVC-00000618,2024-05-04,Other,Edward Allison,2100.37,1969.67,130.7,Expired,2025-08-20,Scrapped,2025-10-08
VEH-000619,5YM9BE54C9ZFYXBN4,Toyota,RAV4,2006,Lavender,Hybrid,59955,CUST-39355,Ross Johnson,juliangray@example.com,+1-329-783-9791x9668,SVC-00000619,2024-12-04,Battery Replacement,Michelle Torres,791.04,671.31,119.73,Not Applicable,2025-07-07,Scrapped,2024-02-02
VEH-000620,S9KZGSPADN027F0GP,Tesla,Model Y,1999,PaleGoldenRod,Electric,221568,CUST-48883,Jason Diaz,tyler44@example.org,9717533236,SVC-00000620,2022-06-06,Engine Repair,Maria Rubio,2031.09,1690.98,340.11,Not Applicable,2026-03-04,Scrapped,2025-12-27
VEH-000621,JUL0S63NYBLFSGAY4,Chevrolet,Tahoe,1997,AliceBlue,Electric,-178437,CUST-46664,Jose Nunez Jr.,valerie01@example.com,775-348-2382x6707,SVC-00000621,2024-01-09,Engine Repair,Travis Contreras,1682.83,683.58,999.25,Not Applicable,2025-10-04,Active,2023-07-21
VEH-000622,GNMK8LH3TCD2MCC7K,BMW,3 Series,2022,SlateGray,Gasoline,181098,CUST-30328,Michael Bullock,robinsonchristopher@example.com,247-207-8081,SVC-00000622,2024-09-14,Body Work,Brian Rivera,2230.75,1975.66,255.09,Active,2025-05-23,Active,2025-06-09
VEH-000623,1Z3HR8S6BPPDX0VV0,Honda,Pilot,2005,Thistle,Plug-in Hybrid,189581,CUST-88404,Alexander Bennett,coliver@example.net,001-596-487-8531x274,SVC-00000623,2024-01-07,Body Work,Katherine Bridges,1439.66,730.27,709.39,Not Applicable,2025-09-16,Active,2026-03-22
VEH-000624,LSRY1KK72RU4ARRNT,Hyundai,Santa Fe,1900,LightPink,Plug-in Hybrid,93663,CUST-26316,Jerry Yates,jose94@example.com,(655)722-8271,SVC-00000624,2025-12-17,Engine Repair,Katherine Bridges,2117.3,1151.3,966.0,Not Applicable,2024-05-01,Scrapped,2023-11-13
VEH-000625,79N9YZ2U9ULG2L2LH,BMW,3 Series,2016,Bisque,Plug-in Hybrid,139434,CUST-44940,Paul Acosta,sherry86@example.com,(268)694-3534,SVC-00000625,2022-07-03,Inspection,Melissa Mendez,1728.73,474.73,1254.0,Not Applicable,2024-10-30,Active,2023-12-16
VEH-000626,L2ESCXPF2C979ZT2L,Toyota,Camry,2006,IndianRed,Diesel,221744,CUST-26948,Christina Leonard,juliemaddox@example.net,267-349-4319x53126,SVC-00000626,2025-08-09,Body Work,Wanda Gutierrez,1530.99,846.9,684.09,Expired,2025-09-17,Inactive,2024-05-02
VEH-000627,UP90FU2E36J2YU6R2,Ford,F-150,2020,LightCoral,Gasoline,170690,CUST-42740,Christine Griffin,andersonjoshua@example.com,+1-942-256-3846x33651,SVC-00000627,2023-03-28,Oil Change,Kathryn Patel,2479.41,1987.35,492.06,Active,2025-08-08,Scrapped,2023-09-12
VEH-000628,R5KB06WX8XU83JB88,Toyota,Camry,2005,Brown,Electric,9973,CUST-89801,Jasmine Allison,tyleranthony@example.org,829.654.2920,SVC-00000628,2025-07-31,Tire Rotation,Caitlin Marshall,4669.77,1180.72,1200.14,Not Applicable,2024-10-10,Active,2024-09-04
VEH-000629,36PDNNEX5PR5C6YV8,Nissan,Rogue,2012,RosyBrown,Plug-in Hybrid,165178,CUST-64358,Lisa Williams,ellenharris@example.org,+1-965-435-4281x362,SVC-00000629,2026-06-06,Brake Service,Travis Contreras,2104.09,1354.1,749.99,Expired,2025-08-31,Inactive,2025-08-26
VEH-000630,BC3SHY6K7XDFR86L2,Kia,Telluride,2024,Olive,Diesel,241084,CUST-76340,Sabrina Ibarra,wattsalan@example.com,+1-461-666-2332x828,SVC-00000630,2023-04-22,Oil Change,Jessica Thomas,456.49,315.81,140.68,Active,2026-03-19,Scrapped,2024-08-26
VEH-000631,210K2ED0VHLS8L13J,Honda,Accord,2009,DarkSeaGreen,Gasoline,21316,CUST-38177,Anna Kennedy,,,SVC-00000631,2024-06-18,Engine Repair,Michelle Hays,2296.66,1399.58,897.08,Expired,2026-02-10,Scrapped,2024-12-11
VEH-000632,UNNF9RCADVZHXJL20,Kia,Soul,2020,Tan,Diesel,114182,CUST-72477,Matthew Arnold,wadams@example.org,570.709.1587x5195,SVC-00000632,2024-04-30,Engine Repair,Brittany Kidd,2920.58,1841.21,1079.37,Active,2025-08-10,Scrapped,2026-03-12
VEH-000633,255JTCCPT0PFL80N4,Hyundai,Tucson,1998,AntiqueWhite,Diesel,198691,CUST-47906,Laura Barnes,durhambrad@example.org,(748)461-4669,SVC-00000633,2022-09-01,Battery Replacement,Robert Sanford,867.05,803.64,63.41,Not Applicable,2025-07-23,Inactive,2023-11-24
VEH-000634,9FGFCETZ87XZAHTRJ,Ford,F-150,2001,MediumPurple,Electric,72003,CUST-37136,Kevin Weber,pwall@example.net,699.716.1605x00451,SVC-00000634,2022-10-13,Inspection,Wanda Gutierrez,1547.94,344.75,1203.19,Expired,2025-04-23,Scrapped,2024-09-18
VEH-000635,TG0RK1UMPR435V4LH,BMW,X3,2018,Chocolate,Diesel,142413,CUST-67130,Diamond Hahn,wjohnson@example.com,(517)811-3712x6804,SVC-00000635,2023-07-11,Inspection,Brittany Kidd,2210.87,796.23,1414.64,Not Applicable,2024-10-09,Inactive,2024-09-02
VEH-000636,0RJUR85GWW07XKVJV,Nissan,Pathfinder,2023,LightBlue,Hybrid,2393,CUST-13883,Anthony Rodriguez,slong@example.com,001-912-932-7007x286,SVC-00000636,2025-02-25,Brake Service,Travis Contreras,2432.08,944.09,1487.99,Active,2024-07-01,Inactive,2023-08-13
VEH-000637,B5S0YNKBJBJRKMUXF,Hyundai,Sonata,2020,RoyalBlue,Gasoline,171102,CUST-60451,Jorge Vaughan,nicholas32@example.net,8259149206,SVC-00000637,2025-02-03,Tire Rotation,Susan Davis,2033.76,1461.31,572.45,Active,2024-12-30,Scrapped,2024-05-31
VEH-000638,CLTNRR3480E0RUTB2,Chevrolet,Equinox,1999,DarkKhaki,Hybrid,77071,CUST-17614,Vanessa Burke,jacksonleslie@example.net,001-386-648-4233,SVC-00000638,2024-10-17,Other,Caitlin Marshall,611.48,109.14,502.34,Not Applicable,2025-01-04,Active,2024-12-07
VEH-000639,JXPMS3CD082FANG4H,KIA,Telluride,1996,OldLace,Diesel,112362,CUST-84883,Michelle Archer,stephanie79@example.net,2942407682,SVC-00000639,2022-07-18,Inspection,Robert Sanford,1701.67,1425.46,276.21,Not Applicable,2025-01-28,Scrapped,2025-01-18
VEH-000640,RFNV5KVE8VAEYHBB6,Hyundai,Tucson,2006,Blue,Plug-in Hybrid,8840,CUST-92864,Roberto Edwards,emurphy@example.org,6214827731,SVC-00000640,2025-05-30,Tire Rotation,Debbie West,734.79,410.07,324.72,Expired,2025-10-26,Scrapped,2026-03-02
VEH-000641,DHBV6D3JX0DMXY5E3,Ford,F-150,1998,BurlyWood,Electric,-77260,CUST-73125,Kevin West,kaitlyn14@example.net,280.959.1168,SVC-00000641,2024-03-29,Body Work,Michelle Torres,1609.62,302.41,1307.21,Expired,2025-03-28,Scrapped,2025-11-15
VEH-000642,1F78A03X6EP7N2HKJ,Hyundai,Santa Fe,1997,DarkMagenta,Gasoline,34200,CUST-58647,Lori Ponce,,4875408673,SVC-00000642,2024-10-26,Engine Repair,Sara Marquez,478.42,403.83,74.59,Expired,2025-03-26,Scrapped,2023-05-03
VEH-000643,5B8YSK5CBK1AKTZCW,Kia,Telluride,2000,Thistle,Electric,19710,CUST-46632,Donna Davis,joyceroberts@example.org,3148346783,SVC-00000643,2025-07-23,Brake Service,Kathryn Patel,299.6,200.74,511.13,Expired,2024-08-19,Scrapped,2024-01-12
VEH-000644,DJDS6LXHUP9535H5Y,Mercedes,E-Class,2022,ForestGreen,Diesel,233219,CUST-37119,Danielle Hall,,642-871-2541,SVC-00000644,2024-05-13,Inspection,Brian Rivera,1345.16,937.73,503.91,Active,2025-10-26,Scrapped,2023-05-30
VEH-000645,SHL1JC22VCKG3KJ82,Mercedes,C-Class,1999,Linen,Electric,20959,CUST-80408,Kenneth Lee MD,yferguson@example.com,9988901041,SVC-00000645,2022-07-16,Oil Change,David Martin,2422.84,1106.78,1316.06,Expired,2025-09-30,Active,2025-07-23
VEH-000646,VNSLPWNA5HZMRLZDK,Mercedes,S-Class,2022,DeepSkyBlue,Plug-in Hybrid,54362,CUST-42258,Walter Church,mark18@example.com,965-861-2081x1138,SVC-00000646,2026-02-23,Battery Replacement,Debbie West,613.46,349.64,263.82,Active,2024-05-17,Active,2025-02-24
VEH-000647,00000000000000000,Kia,Telluride,2020,Salmon,Plug-in Hybrid,228343,CUST-42414,Christopher Cook,chad43@example.com,575-797-5615x19479,SVC-00000647,2024-04-22,Inspection,Laura Gray,1959.6,791.03,1168.57,Active,2025-11-14,Active,2025-03-12
VEH-000648,07YLY1AN96AZ4ZPJA,Kia,Forte,2009,LightCoral,Hybrid,17203,CUST-76000,Nathaniel Beltran,andreahawkins@example.org,250.643.8727x5317,SVC-00000648,2024-10-07,Brake Service,Paul Valencia,1034.52,858.25,176.27,Not Applicable,2025-09-01,Scrapped,2026-01-21
VEH-000649,INVALIDVIN123,Tesla,Model Y,1996,DarkSlateBlue,Diesel,14349,CUST-43374,Michael Powers,jim16@example.org,001-452-906-0641x999,SVC-00000649,2022-08-27,Battery Replacement,Sara Marquez,2985.25,1663.37,1321.88,Not Applicable,2026-02-04,Scrapped,2025-11-06
VEH-000650,MVXS3W0DGF887X1L4,Kia,Soul,2012,Wheat,Diesel,21846,CUST-21798,Jessica Perez,ksmith@example.com,351-269-1928x69674,SVC-00000650,2025-05-08,Brake Service,,2028.34,1824.91,203.43,Not Applicable,2025-08-07,Scrapped,2024-09-05
VEH-000651,DJMM6CCRZR0JCGEJ9,Toyota,Tacoma,2022,Moccasin,Electric,233067,CUST-24548,Kathleen Taylor,yoderjanet@example.org,561.601.0561,SVC-00000651,2022-07-04,Inspection,Charles Nelson,2349.8,1515.7,834.1,Active,2025-03-29,Inactive,2025-07-02
VEH-000652,ZCJJNUGMV9LB4H34E,Mercedes,S-Class,2016,Fuchsia,Gasoline,37159,CUST-12779,Catherine Santos,imiles@example.net,001-607-716-3402x22544,SVC-00000652,2024-08-30,Inspection,Laura Gray,128.63,4.63,124.0,Expired,2025-07-01,Scrapped,2023-08-05
VEH-000653,PYTKJG62JL1BG4NDF,Ford,Bronco,2014,DeepPink,Plug-in Hybrid,114778,CUST-69904,Victoria Macdonald,angela43@example.org,361-258-8584,SVC-00000653,2023-09-23,Oil Change,Charles Nelson,394.22,246.28,147.94,Not Applicable,2026-01-17,Inactive,2025-02-18
VEH-000654,R25ZC4JU0X9MAKG1C,Ford,Mustang,2003,Yellow,Gasoline,57421,CUST-83175,Lindsey Huffman,mcintyreangela@example.org,001-486-462-1488x38562,SVC-00000654,2023-02-14,Battery Replacement,Joshua Cooper,687.24,591.34,95.9,Not Applicable,2024-10-13,Active,2024-12-24
VEH-000655,RHJUV0AL1DH2DGULG,BMW,X5,2017,PaleTurquoise,Hybrid,158929,CUST-16825,Timothy Jones,sandersthomas@example.com,478-616-0913,SVC-00000655,2026-10-09,Oil Change,Katherine Bridges,825.85,751.43,74.42,Not Applicable,2025-07-05,Inactive,2024-06-06
VEH-000656,WY5RMXURP0T0N6BUV,Honda,Odyssey,2000,Moccasin,Gasoline,141358,CUST-35563,Amanda Smith,amy10@example.com,(466)562-4268x9421,SVC-00000656,2024-09-18,Engine Repair,Shelley Wilson,1209.63,781.79,427.84,Expired,2025-09-15,Inactive,2025-01-22
VEH-000657,6W7X9BGDJW01XJKHY,BMW,X5,2001,MidnightBlue,Plug-in Hybrid,-107735,CUST-46357,Justin Williams,shaun57@example.com,311-210-2002,SVC-00000657,2022-10-07,Tire Rotation,Debbie West,1727.22,638.5,1088.72,Not Applicable,2026-03-16,Active,2023-08-23
VEH-000658,5VB3S2EAHTP2UAHNP,BMW,X3,2001,RoyalBlue,Diesel,141790,CUST-79807,Tony Lowe,karenbradford@example.org,461.898.3886,SVC-00000658,2024-11-29,Body Work,Michelle Hays,1705.25,698.27,1006.98,Expired,2025-10-27,Active,2025-01-13
VEH-000659,HLTTTDY0F1X5ZCMS6,Tesla,Model S,2016,Chartreuse,Diesel,20887,CUST-11063,Kimberly Patrick,wagnerryan@example.com,+1-834-852-9278x427,SVC-00000659,2024-02-01,Other,Melissa Mendez,2053.58,677.72,451.37,Not Applicable,2025-08-28,Active,2024-04-19
VEH-000660,WPX0B8VUHEG8A7VPU,Nissan,Sentra,2016,Moccasin,Diesel,219554,CUST-68516,Misty Stone,westkevin@example.org,001-857-479-6893,SVC-00000660,2025-08-17,Battery Replacement,Caitlin Marshall,3112.18,1333.28,301.97,Expired,2024-07-12,Scrapped,2026-02-04
VEH-000661,K9LENGR9SCA3H4FH0,BMW,M4,2011,LightYellow,Electric,232613,CUST-56788,Barbara Wilson,yharrison@example.net,250.766.6966x8566,SVC-00000661,2024-06-12,Tire Rotation,Caitlin Marshall,2891.24,1695.93,1195.31,Expired,2025-07-17,Scrapped,2025-06-14
VEH-000662,00000000000000000,Chevrolet,Tahoe,2006,Tomato,Diesel,134420,CUST-65943,Steve Gilbert,courtney75@example.org,(702)290-3264,SVC-00000662,2022-12-02,Inspection,Maria Rubio,1698.28,368.77,1329.51,Not Applicable,2025-03-18,Active,2025-06-23
VEH-000663,2H58F6A27J60N4ZMJ,Nissan,Pathfinder,2003,Sienna,Gasoline,160675,CUST-44533,Virginia Holmes,sclark@example.org,805.597.7262,SVC-00000663,2025-07-30,Tire Rotation,Jessica Thomas,1692.91,431.73,1261.18,Expired,2024-08-13,Inactive,2025-09-14
VEH-000664,BAYM05GD6VR8BEKT8,Hyundai,Palisade,2019,ForestGreen,Plug-in Hybrid,127967,CUST-41610,Katherine Moreno,,(616)815-7049x7129,SVC-00000664,2026-02-15,Oil Change,Travis Contreras,1675.21,861.3,813.91,Expired,2026-01-22,Scrapped,2025-04-04
VEH-000665,GNXJXB4Z6CDWS5MR0,Mercedes,E-Class,2022,Navy,Hybrid,16643,CUST-45216,Michael Garcia,eday@example.com,+1-473-594-1763x5235,SVC-00000665,2022-10-10,Battery Replacement,Maria Rubio,2010.65,1456.27,554.38,Active,2025-09-06,Active,2025-10-08
VEH-000666,LWGX5E7353CT3114H,Kia,Sportage,1999,IndianRed,Hybrid,204621,CUST-42056,James Richards,jchristensen@example.org,694.237.0820,SVC-00000666,2023-01-15,Brake Service,Sara Marquez,1298.98,1127.74,171.24,Not Applicable,2026-02-12,Active,2024-05-19
VEH-000667,6K799T4M42KGAVM5M,Nissan,Pathfinder,2002,Ivory,Plug-in Hybrid,71986,CUST-54998,Erica Holt,hendersonandrea@example.net,602.464.9875x7252,SVC-00000667,2024-09-28,Battery Replacement,Michelle Torres,1658.23,479.63,1178.6,Expired,2025-09-15,Active,2024-07-08
VEH-000668,6YMAA16EVNP5AGVTL,Toyota,RAV4,2020,DarkTurquoise,Hybrid,210160,CUST-93603,Keith Sherman,tiffanyharris@example.net,001-804-486-8524x485,SVC-00000668,2024-12-12,Body Work,Brittany Kidd,2697.15,1741.97,955.18,Active,2024-08-14,Inactive,2025-12-07
VEH-000669,K38UJJUU4L4BR261D,Honda,Odyssey,2017,MidnightBlue,Gasoline,98314,CUST-26789,Tiffany Dominguez,karenbrown@example.org,+1-323-811-4807x45815,SVC-00000669,2025-07-14,Inspection,Sara Marquez,2418.31,1333.46,1084.85,Expired,2024-10-04,Active,2024-04-07
VEH-000670,5JWEWP2ZKMZC2LR4P,Tesla,Model 3,2011,Plum,Gasoline,60876,CUST-62412,John Moore,fpatel@example.net,(979)607-1061,SVC-00000670,2024-01-24,Engine Repair,Joshua Cooper,2825.64,1872.49,953.15,Not Applicable,2026-01-01,Scrapped,2025-09-18
VEH-000671,TLPHXCSE4DW77PHZS,BMW,5 Series,2020,Magenta,Plug-in Hybrid,48292,CUST-90959,Kendra Erickson,danielle85@example.org,001-914-495-5376x8680,SVC-00000671,2025-10-07,Battery Replacement,Michelle Hays,2410.53,993.47,1417.06,Active,2024-12-09,Active,2024-09-27
VEH-000672,AHVK1VVDRC7E4UUSL,Ford,Escape,2002,ForestGreen,Diesel,214423,CUST-69377,Steven Le,michael07@example.org,+1-749-743-1356,SVC-00000672,2025-03-17,Tire Rotation,David Martin,1041.39,450.72,590.67,Not Applicable,2025-01-06,Inactive,2023-04-16
VEH-000673,988ZDLWJJHDEA29D8,Toyota,Tacoma,2007,PaleGoldenRod,Gasoline,184318,CUST-69907,Melinda Miller,mckenziethomas@example.net,001-936-583-4391x99728,SVC-00000673,2024-02-22,Inspection,Jessica Thomas,919.96,192.21,1417.17,Not Applicable,2025-04-26,Active,2025-05-31
VEH-000674,69W9AW3C2TKVX1JTR,Chevrolet,Tahoe,1999,Bisque,Electric,171599,CUST-52267,Erica Jackson,amy54@example.net,+1-326-810-4990x36102,SVC-00000674,2024-04-22,Inspection,David Martin,2411.56,1774.82,636.74,Expired,2025-02-04,Inactive,2024-05-05
VEH-000675,CMS9HN3AGZDVWPHX4,Nissan,Altima,2002,PaleVioletRed,Hybrid,65347,CUST-60555,Thomas Williams,ogonzalez@example.org,690.288.1345x5424,SVC-00000675,2025-05-22,Engine Repair,Wanda Gutierrez,1149.8,777.46,372.34,Expired,2025-09-07,Inactive,2024-12-28
VEH-000676,EVDFZK8ZYWKBHMJPJ,Kia,Telluride,2019,MintCream,Plug-in Hybrid,137938,CUST-53529,Kristin Fuller,patrick44@example.com,(752)619-9813x43411,SVC-00000676,2025-01-09,Inspection,Sara Marquez,1528.87,58.81,1470.06,Expired,2024-08-24,Inactive,2025-01-26
VEH-000677,J92G2G1GW9ZXNZJ9R,BMW,M4,2006,Navy,Gasoline,59031,CUST-81824,Brian Hamilton,williamsbethany@example.org,427.354.3624,SVC-00000677,2025-01-20,Oil Change,Sara Marquez,1556.47,1118.78,437.69,Not Applicable,2026-01-28,Scrapped,2023-06-26
VEH-000678,ABC123,Tesla,Model X,1996,Peru,Diesel,208860,CUST-12256,Alyssa Branch,jonesjason@example.org,(878)218-7544x41897,SVC-00000678,2022-11-30,Battery Replacement,,1146.55,490.9,655.65,Expired,2025-05-28,Active,2026-01-21
VEH-000679,INVALIDVIN123,chevrolet,Equinox,2015,LightSteelBlue,Diesel,248697,CUST-62287,Lisa Campbell,guzmankelly@example.net,7337843618,SVC-00000679,2025-06-13,Engine Repair,Wanda Gutierrez,2777.36,1627.62,1149.74,Expired,2025-03-28,Scrapped,2025-08-06
VEH-000680,7GL28E2W40HHVNTSD,Ford,Explorer,2016,Wheat,Hybrid,39726,CUST-95639,Emma Hickman,john47@example.org,(747)498-5066x79866,SVC-00000680,2024-07-12,Other,Shelley Wilson,1670.4,693.0,977.4,Expired,2024-11-21,Scrapped,2024-05-15
VEH-000681,00000000000000000,Honda,Accord,1999,CornflowerBlue,Gasoline,199659,CUST-67974,Kathleen Baker,lpage@example.org,3675484323,SVC-00000681,2024-08-30,Body Work,Sara Marquez,1756.99,1454.71,302.28,Not Applicable,2024-10-09,Active,2026-03-25
VEH-000682,ZCCN264C1AZ7N2VAH,Nissan,Sentra,2014,LightCoral,Plug-in Hybrid,6443,CUST-44248,Mrs. Jacqueline Williams DVM,,934.918.7609,SVC-00000682,2026-01-20,Other,Michelle Torres,2845.03,1834.75,1010.28,Expired,2024-10-13,Inactive,2024-04-01
VEH-000683,MVFZ829T8DDV47DB4,Hyundai,Santa Fe,2015,LightPink,Electric,177982,CUST-29984,Gregory Roth,lambrittany@example.com,(883)959-8990x93482,SVC-00000683,2024-05-04,Engine Repair,David Martin,257.34,93.62,163.72,Expired,2024-04-18,Inactive,2025-11-12
VEH-000684,BL3W185K487CFK5WS,Kia,Telluride,2024,OliveDrab,Gasoline,235845,CUST-23215,Anthony Hudson,joelsmith@example.com,(765)731-3824x61160,SVC-00000684,2024-01-24,Other,Jessica Thomas,1006.69,209.11,797.58,Active,2025-06-14,Inactive,2024-12-23
VEH-000685,VLYZ7EAGX6V4WS5UL,BMW,M4,2006,DarkGreen,Diesel,157315,CUST-40906,Ryan Brown DVM,ryanvelasquez@example.com,+1-934-424-1909x929,SVC-00000685,2024-06-21,Other,Maria Rubio,1556.66,995.73,560.93,Not Applicable,2024-07-10,Active,2023-08-20
VEH-000686,W3ATH7DH311G75ME2,Tesla,Model 3,2015,OrangeRed,Hybrid,144308,CUST-57280,Amanda Forbes,christophermartinez@example.com,001-474-359-1506x334,SVC-00000686,2023-05-12,Brake Service,Joshua Cooper,1106.77,107.77,999.0,Expired,2025-04-27,Inactive,2025-06-27
VEH-000687,C74RG3C97WFY1ML7F,ford,Bronco,2009,BlanchedAlmond,Electric,178022,CUST-85781,Christopher Robbins,susanbarry@example.net,4489459397,SVC-00000687,2026-02-07,Other,Paul Valencia,699.94,292.19,407.75,Not Applicable,2026-02-28,Active,2025-05-16
VEH-000688,3RN1KCG23WGDGA5A3,Hyundai,Santa Fe,2005,LightCoral,Electric,90409,CUST-85449,Molly Herrera,,001-249-730-9069x09653,SVC-00000688,2026-08-26,Engine Repair,Susan Davis,621.82,4.27,617.55,Not Applicable,2025-01-10,Active,2025-07-17
VEH-000689,FFUC0D03A29S7G3H5,Ford,Explorer,2002,IndianRed,Electric,177682,CUST-63794,Robert Knight,richard55@example.com,001-322-828-9792x803,SVC-00000689,2024-10-23,Brake Service,Joshua Cooper,1133.58,646.79,486.79,Not Applicable,2024-07-10,Scrapped,2023-05-12
VEH-000690,3AK4YK0P0PD3JVZU8,Nissan,Pathfinder,2013,Brown,Electric,241991,CUST-55092,Jennifer Dixon,gonzalesmichael@example.org,405-249-7443x68706,SVC-00000690,2024-12-10,Body Work,Debbie West,797.58,477.01,320.57,Expired,2025-03-14,Scrapped,2023-04-16
VEH-000691,MER0HGHKXERCMH10P,BMW,M4,2003,Bisque,Gasoline,147671,CUST-87964,Tracy Williams,ruthnelson@example.org,+1-860-690-2582x4621,SVC-00000691,2022-12-22,Engine Repair,Sara Marquez,1003.48,876.11,127.37,Expired,2026-01-06,Scrapped,2026-01-30
VEH-000692,EKJY7VC5F1NH1L0KY,Toyota,RAV4,2019,Orchid,Electric,83794,CUST-75994,Sarah Rivera,sweeneyrenee@example.org,(679)941-7833x33527,SVC-00000692,2026-02-18,Brake Service,Susan Davis,2611.6,1632.24,979.36,Expired,2026-01-19,Inactive,2024-08-07
VEH-000693,YDF0U37JTE2SCERXU,Toyota,RAV4,2006,DarkGreen,Diesel,2357,CUST-98703,Veronica Griffin,thomashaynes@example.com,(216)299-9198x312,SVC-00000693,2023-12-29,Battery Replacement,Laura Gray,3686.26,1141.06,1078.43,Not Applicable,2024-11-09,Scrapped,2024-08-21
VEH-000694,N07AW1SFS5DZZ265Z,Mercedes,E-Class,1998,Snow,Gasoline,130021,CUST-47085,Christopher Spencer,joshua52@example.net,+1-745-788-4003,SVC-00000694,2026-01-27,Engine Repair,Charles Nelson,1806.17,1418.82,387.35,Not Applicable,2025-11-07,Scrapped,2023-04-18
VEH-000695,KX7R43LYSS6G0NKY0,Toyota,Corolla,2000,RosyBrown,Electric,166901,CUST-49408,Allison Ayala,lorichen@example.net,(257)448-6605x239,SVC-00000695,2025-02-13,Battery Replacement,Michelle Torres,1761.61,1532.45,229.16,Not Applicable,2024-10-06,Active,2023-11-30
VEH-000696,R60XPHN65YBMCP2BK,Nissan,Altima,2019,DeepSkyBlue,Diesel,241549,CUST-60548,Cindy Hoffman,michael84@example.net,620.610.4780x856,SVC-00000696,2025-09-20,Brake Service,,3093.83,1825.19,1268.64,Expired,2024-05-05,Active,2024-08-12
VEH-000697,E39W0GVWCSVWTU2SM,Honda,Odyssey,2001,FloralWhite,Hybrid,38285,CUST-26439,Shawn Jackson,lisa47@example.net,902-203-6871x278,SVC-00000697,2024-09-06,Brake Service,Colton Armstrong,2218.83,743.55,1475.28,Expired,2024-06-24,Active,2026-01-21
VEH-000698,JFH36KE94JHW27Y84,Toyota,Camry,1997,Yellow,Plug-in Hybrid,60546,CUST-90594,Erica Mcfarland,tylerfoster@example.org,001-266-328-7622x83238,SVC-00000698,2024-05-29,Tire Rotation,Brittany Kidd,617.51,126.58,490.93,Expired,2025-07-13,Scrapped,2024-02-20
VEH-000699,GB3HVZBBUSLFH4BE4,Kia,Soul,2004,Pink,Gasoline,180678,CUST-85475,Alice Barnes,megan54@example.com,416.492.6849x4064,SVC-00000699,2022-06-09,Tire Rotation,Melissa Mendez,2796.21,1333.06,1463.15,Expired,2025-11-03,Inactive,2025-05-25
VEH-000700,WXU187DF8N472D20F,Tesla,Model X,2004,DarkTurquoise,Gasoline,137070,CUST-14735,Robert Hood,brandon61@example.net,891.894.4782,SVC-00000700,2024-04-16,Inspection,Joshua Cooper,1078.12,173.15,904.97,Not Applicable,2025-02-26,Scrapped,2025-10-09
VEH-000701,UA6NYMDX6ZS5JJWNX,Chevrolet,Tahoe,2010,Tan,Gasoline,143275,CUST-66740,Allison Buckley MD,lerebecca@example.org,001-751-202-9469x1788,SVC-00000701,2023-04-19,Other,David Martin,1047.62,477.44,570.18,Expired,2025-10-21,Inactive,2025-06-12
VEH-000702,1UW4B81CK368PMWBS,Ford,F-150,2011,Red,Electric,23584,CUST-60894,William Walker,muellercynthia@example.net,887.382.0442,SVC-00000702,2025-03-16,Battery Replacement,,3288.98,1826.19,1462.79,Not Applicable,2025-05-31,Active,2025-08-17
VEH-000703,H997ML5GX28JLVZM4,Hyundai,Palisade,2024,Salmon,Hybrid,53214,CUST-31199,Carlos Klein,anthonyedwards@example.com,468-653-0483x3983,SVC-00000703,2026-01-25,Inspection,Melissa Mendez,1246.97,860.05,386.92,Active,2024-07-16,Scrapped,2023-07-20
VEH-000704,3Y6BWF07TCSBEYL08,BMW,X3,2019,Salmon,Electric,8597,CUST-43070,Misty Freeman,mark08@example.com,373.202.1068x239,SVC-00000704,2022-08-01,Oil Change,,149.23,91.02,58.21,Expired,2024-07-19,Inactive,2023-12-18
VEH-000705,5FNK4LW2GKPN7TSXK,Kia,Soul,2023,SkyBlue,Electric,186867,CUST-42271,Linda Hernandez,lopezdebbie@example.net,,SVC-00000705,2025-01-09,Inspection,Caitlin Marshall,2567.4,1137.87,1429.53,Active,2024-09-01,Scrapped,2026-03-01
VEH-000706,ZA86UAZPW2UCGVGY5,Kia,Sorento,2000,DarkCyan,Gasoline,204743,CUST-38737,Andrew Parker,jamiesmith@example.org,908.509.3506x33095,SVC-00000706,2024-07-16,Battery Replacement,Melissa Mendez,2237.21,849.94,1387.27,Expired,2026-02-09,Scrapped,2024-05-12
VEH-000707,FZ5ZB2W2M6V2TVVPJ,BMW,X5,2017,SlateBlue,Hybrid,107771,CUST-67538,Brandy Davis,chankatrina@example.org,+1-798-284-5784,SVC-00000707,2024-02-07,Brake Service,Michelle Torres,2117.91,1081.73,1036.18,Not Applicable,2025-06-13,Active,2025-05-05
VEH-000708,TWM2KAEC5E387AYP1,Kia,Telluride,2019,RoyalBlue,Electric,224858,CUST-44591,Victoria Russo,amywilson@example.net,351.476.6815,SVC-00000708,2024-02-09,Oil Change,Laura Gray,1708.08,604.97,1103.11,Not Applicable,2024-08-14,Inactive,2023-05-23
VEH-000709,T64SGUTU6TZA8FWA4,Tesla,Model 3,1998,DarkRed,Electric,206099,CUST-79184,Rose Schmitt,jesus82@example.org,227.425.1172,SVC-00000709,2026-02-17,Engine Repair,Wanda Gutierrez,610.77,390.93,219.84,Not Applicable,2025-09-01,Active,2024-07-29
VEH-000710,80LLPX03DZ1A7H1ZH,Chevrolet,Equinox,2021,GhostWhite,Plug-in Hybrid,132037,CUST-77882,Andre Palmer,stephanie70@example.net,,SVC-00000710,2025-04-23,Battery Replacement,Katherine Bridges,2243.32,597.69,1005.75,Active,2025-04-16,Scrapped,2023-09-05
VEH-000711,25CEYDYCSN97CZ9WY,Mercedes,GLE,2024,Linen,Plug-in Hybrid,246756,CUST-28219,Erin Warner,kayla96@example.net,808-487-7352x40606,SVC-00000711,2025-02-05,Inspection,Travis Contreras,2427.08,1020.58,1406.5,Active,2024-10-01,Inactive,2025-11-25
VEH-000712,AV1DJBBNH7B1GBLLG,Ford,Explorer,2019,LightSeaGreen,Diesel,179307,CUST-96919,Angela Clark,craigwallace@example.net,+1-432-733-7531x820,SVC-00000712,2024-02-21,Body Work,Melissa Mendez,2188.54,1900.01,288.53,Not Applicable,2025-03-10,Active,2026-02-16
VEH-000713,MTNTDPR0RPPA98BML,Mercedes,E-Class,2005,Snow,Plug-in Hybrid,187974,CUST-89486,Alexander Thomas,rrobinson@example.net,386.307.0862,SVC-00000713,2024-11-26,Engine Repair,Jessica Thomas,2410.94,1837.61,573.33,Expired,2026-01-17,Scrapped,2025-09-17
VEH-000714,3XCSNB0K305JKXXKS,Mercedes,GLC,2011,MediumPurple,Hybrid,12457,CUST-84126,Vickie Mitchell MD,landrysteven@example.org,7319282895,SVC-00000714,2024-09-25,Tire Rotation,Melissa Mendez,999.14,543.43,455.71,Not Applicable,2024-12-22,Scrapped,2024-12-22
VEH-000715,DGDVZLZNU59YC91ST,Toyota,Camry,2014,LightCyan,Electric,182962,CUST-43712,Nathan Duncan,kristin37@example.org,001-637-555-0571x496,SVC-00000715,2024-05-22,Engine Repair,Michelle Torres,1183.99,1065.48,118.51,Expired,2024-11-02,Active,2024-07-21
VEH-000716,711UDNVEUJ7CUESMZ,Ford,Explorer,1999,BlueViolet,Electric,10062,CUST-28226,Julian Osborne,ekramer@example.org,(224)768-7058,SVC-00000716,2023-04-17,Tire Rotation,Katherine Bridges,1017.85,298.8,239.24,Not Applicable,2025-06-22,Scrapped,2025-02-20
VEH-000717,1ZJ4LJE4UFXTGMTG4,Kia,Soul,2019,Crimson,Electric,214377,CUST-21630,Manuel Vaughn,dhill@example.org,(672)302-0710,SVC-00000717,2022-11-19,Body Work,Joshua Cooper,835.2,320.07,515.13,Expired,2024-12-09,Inactive,2023-12-03
VEH-000718,FY6VXVY29M50CBKT7,Mercedes,C-Class,2021,DeepSkyBlue,Hybrid,84018,CUST-97157,Mark Bishop,ksullivan@example.org,318-478-5054,SVC-00000718,2025-09-23,Body Work,Michelle Torres,1738.82,1437.28,301.54,Active,2024-07-14,Inactive,2025-03-08
VEH-000719,1SFCCUY7G7U5YMSX4,Tesla,Cybertruck,2005,LightSalmon,Electric,201369,CUST-16548,Carmen Horn,edwardsamy@example.com,,SVC-00000719,2025-03-12,Body Work,,1816.97,931.21,885.76,Not Applicable,2025-03-17,Scrapped,2025-08-24
VEH-000720,412R6S0US8ERBWEY3,CHEVROLET,Traverse,2099,SandyBrown,Gasoline,180360,CUST-32060,James Lopez,scotttyler@example.com,(533)735-4211,SVC-00000720,2025-07-23,Oil Change,Michelle Torres,3446.0,1992.05,1453.95,Not Applicable,2025-11-15,Active,2023-11-19
VEH-000721,JNA9X3WZWYUJWRJHD,Hyundai,Santa Fe,2020,LightCyan,Diesel,138486,CUST-89297,William Mueller,jacobperry@example.net,960-489-6063x895,SVC-00000721,2025-02-02,Other,Katherine Bridges,1677.0,966.12,710.88,Active,2024-05-30,Active,2023-11-27
VEH-000722,MKCAXPP0KM2YWYFX3,Tesla,Model S,2008,LightPink,Diesel,237571,CUST-13151,Monique Liu,robin64@example.com,298-429-3820x357,SVC-00000722,2023-10-09,Brake Service,Brittany Kidd,2496.25,1487.23,1009.02,Expired,2024-12-06,Inactive,2024-08-13
VEH-000723,H1ZK0VPSPSFNSELJU,Chevrolet,Tahoe,2010,LightGreen,Plug-in Hybrid,132494,CUST-30586,Lori Simmons,xhall@example.net,+1-852-239-1461,SVC-00000723,2022-05-14,Body Work,Colton Armstrong,2866.01,1800.56,1065.45,Expired,2025-08-31,Inactive,2025-09-10
VEH-000724,S1HFEJ6WKKP7H2SUG,Hyundai,Santa Fe,1999,Turquoise,Diesel,142339,CUST-36064,Kenneth Ray,daniel64@example.org,5047387178,SVC-00000724,2022-05-02,Body Work,Katherine Bridges,1857.8,1777.93,79.87,Not Applicable,2024-08-29,Inactive,2023-12-30
VEH-000725,J0PNCM0W3V9AR0SJ8,Ford,Explorer,1996,Maroon,Diesel,55495,CUST-62449,David James,rebekahbranch@example.org,001-272-440-1269x26637,SVC-00000725,2022-07-18,Brake Service,Kathryn Patel,1256.33,1661.75,101.36,Expired,2024-09-03,Scrapped,2025-02-10
VEH-000726,FWFHENZV1FZNMFWAB,Toyota,Highlander,2008,Coral,Gasoline,5904,CUST-84385,Steven Morgan,nathan03@example.org,(262)787-2394,SVC-00000726,2023-09-15,Engine Repair,Melissa Mendez,1438.12,1384.35,53.77,Not Applicable,2026-01-16,Active,2025-12-13
VEH-000727,GVZ5B6JHAYJ438UBD,mercedes,GLC,2007,LightSlateGray,Electric,-126933,CUST-49671,Krystal Klein,valenciajennifer@example.org,(463)677-2975x486,SVC-00000727,2024-09-30,Other,Michelle Hays,1063.49,752.41,311.08,Not Applicable,2024-06-03,Scrapped,2025-06-21
VEH-000728,FA1A6A74YP15G2EJ0,BMW,5 Series,2013,Chartreuse,Diesel,140630,CUST-95133,Jessica Herrera,tammymendoza@example.org,+1-642-579-5133x884,SVC-00000728,2023-07-06,Brake Service,Charles Nelson,1563.71,1274.61,289.1,Expired,2025-03-25,Inactive,2025-09-21
VEH-000729,5HZCYPUC478YX50MV,Honda,Odyssey,1998,Pink,Diesel,231632,CUST-93726,Bradley Jones,zmarshall@example.org,977-449-5857x930,SVC-00000729,2023-06-27,Oil Change,Brian Rivera,1798.77,1301.87,496.9,Expired,2025-07-18,Active,2025-10-23
VEH-000730,X7R7Z8HLF0U5FDV1K,Nissan,Frontier,2013,SeaGreen,Gasoline,67605,CUST-12835,David Lawson,christopherpaul@example.org,001-679-984-7934,SVC-00000730,2024-05-11,Brake Service,Laura Gray,2505.97,1459.69,1046.28,Expired,2026-02-19,Scrapped,2025-01-12
VEH-000731,EM6K6V8N2R11LJ04V,Mercedes,E-Class,2006,MintCream,Gasoline,249712,CUST-91845,Sara Rodriguez,awallace@example.org,885-712-5362,SVC-00000731,2023-09-19,Tire Rotation,Brittany Kidd,2015.59,1569.69,445.9,Not Applicable,2024-07-17,Inactive,2024-12-08
VEH-000732,TPS2K9D231BZT2FUY,Tesla,Model S,2018,HotPink,Plug-in Hybrid,87682,CUST-22941,Kyle Harmon,,(695)222-9078,SVC-00000732,2022-12-24,Inspection,,2203.12,1660.41,542.71,Not Applicable,2026-01-21,Active,2025-06-13
VEH-000733,CSNAFUBSCEXBC29YV,BMW,X5,2003,Blue,Hybrid,241925,CUST-21169,James Colon,doylekevin@example.net,396.871.0032,SVC-00000733,2022-05-07,Brake Service,Jessica Thomas,1769.73,890.11,879.62,Not Applicable,2025-10-23,Scrapped,2023-11-01
VEH-000734,0SETLE95JT1CHTTC6,Nissan,Rogue,1999,LawnGreen,Electric,81436,CUST-99661,Joshua Garcia,,9199839808,SVC-00000734,2023-12-18,Inspection,Maria Rubio,806.32,539.18,267.14,Expired,2025-03-18,Active,2025-05-10
VEH-000735,50JJ4CMS6KFR4JM7A,TESLA,Model X,2020,PaleTurquoise,Hybrid,203593,CUST-34116,Leslie Rivera,millersteve@example.net,964-622-3343,SVC-00000735,2025-10-19,Body Work,David Martin,891.04,515.87,375.17,Active,2024-05-04,Scrapped,2023-08-01
VEH-000736,NJEX384V6YJTEH6FU,Mercedes,C-Class,2003,PowderBlue,Electric,111281,CUST-35340,John Roberts,valdezethan@example.org,277.922.3936x9304,SVC-00000736,2026-04-08,Body Work,Brian Rivera,1659.15,1230.84,428.31,Expired,2025-10-11,Inactive,2026-02-18
VEH-000737,VEFXN2JJPBBMT2WLA,Hyundai,Elantra,2008,Aqua,Plug-in Hybrid,85650,CUST-21269,William Mccormick,castroalexis@example.com,867.741.9541x825,SVC-00000737,2023-09-21,Other,Laura Gray,1171.43,364.05,807.38,Not Applicable,2025-01-15,Active,2023-09-21
VEH-000738,26RZED32CM62ZHAH6,Nissan,Rogue,2014,PaleGreen,Diesel,2305,CUST-27020,Carrie Garza,heatherramirez@example.com,001-696-270-7678x14802,SVC-00000738,2025-03-09,Inspection,Shelley Wilson,755.96,230.72,525.24,Expired,2026-01-01,Active,2023-04-23
VEH-000739,4TLPST1GJ7AW5PZLY,Tesla,Model X,1999,Tan,Plug-in Hybrid,189513,CUST-61280,Edward Davis,pclay@example.com,633-652-4288,SVC-00000739,2025-03-07,Battery Replacement,Susan Davis,772.61,58.95,713.66,Not Applicable,2025-07-03,Scrapped,2025-05-13
VEH-000740,LRHM5N13ACCGBFYJ0,Toyota,Camry,2009,SlateBlue,Gasoline,204211,CUST-99786,Thomas Allen,rebecca56@example.com,001-287-577-6249x598,SVC-00000740,2025-05-03,Engine Repair,Melissa Mendez,1342.67,294.08,1048.59,Expired,2024-04-30,Active,2026-04-13
VEH-000741,VA2XND2TF5U217GRM,Toyota,Camry,2006,MediumVioletRed,Diesel,151,CUST-65716,Lisa Mitchell,jason41@example.org,001-389-418-7481x07439,SVC-00000741,2024-08-20,Tire Rotation,Jessica Thomas,1643.28,1442.94,200.34,Expired,2024-07-02,Scrapped,2024-09-14
VEH-000742,BFDT4LWUG9YJBD7EF,Kia,Sorento,1995,Chocolate,Plug-in Hybrid,60792,CUST-59417,Larry Contreras,karenmcfarland@example.org,594.874.3503,SVC-00000742,2025-03-18,Body Work,Melissa Mendez,2594.09,1784.72,809.37,Expired,2026-01-04,Inactive,2024-04-12
VEH-000743,WFAK4H4JT68EMUU2B,Mercedes,C-Class,2011,Bisque,Gasoline,93965,CUST-31325,Marcus Franklin,william91@example.com,+1-643-585-8452,SVC-00000743,2025-11-19,Tire Rotation,Travis Contreras,1663.13,899.75,763.38,Expired,2024-05-12,Inactive,2024-11-23
VEH-000744,7NY48H8JRPXGCGN02,honda,Civic,2021,WhiteSmoke,Gasoline,176455,CUST-45971,Melissa Jackson,yritter@example.net,423-284-6193,SVC-00000744,2025-05-08,Battery Replacement,Kathryn Patel,1509.15,168.84,1340.31,Active,2024-08-09,Scrapped,2023-12-07
VEH-000745,XFZPUEB0TX57THB3U,BMW,M4,2013,OldLace,Electric,37294,CUST-95849,Christopher Scott,,901-427-7395,SVC-00000745,2022-12-27,Other,Joshua Cooper,2401.72,1358.64,1043.08,Expired,2025-06-15,Scrapped,2023-12-21
VEH-000746,VRVA9ST8LMED9Y9A8,Nissan,Rogue,1999,Black,Plug-in Hybrid,115882,CUST-21821,Jessica Golden,rachelherring@example.net,(317)221-0376x13839,SVC-00000746,2024-12-22,Inspection,Michelle Torres,2297.08,812.85,1484.23,Not Applicable,2025-10-11,Inactive,2023-06-16
VEH-000747,VKDCC4GM5BCS4RA8D,BMW,M4,1998,FloralWhite,Electric,30557,CUST-12632,Jessica Johnson,laurenmedina@example.com,+1-879-939-2228x3806,SVC-00000747,2025-08-17,Inspection,Edward Allison,2150.79,664.38,1486.41,Expired,2025-05-14,Inactive,2024-11-14
VEH-000748,7XYG33C1Y1C0K9DUM,Tesla,Model X,2016,Navy,Diesel,52770,CUST-57729,Dominique Gardner,sandrameyer@example.net,(863)804-8210x5137,SVC-00000748,2024-11-01,Brake Service,Laura Gray,1377.2,413.89,963.31,Not Applicable,2025-01-05,Inactive,2026-03-08
VEH-000749,ETN5TGLXXZUR0K2M0,Tesla,Model S,2100,Gold,Electric,50063,CUST-90521,Sandra Cox,taylorbailey@example.com,+1-955-986-2282x958,SVC-00000749,2025-09-11,Body Work,Jessica Thomas,562.82,64.49,498.33,Expired,2024-09-03,Scrapped,2025-12-04
VEH-000750,GBBR04TFDY9V63MA0,Nissan,Frontier,2006,Blue,Diesel,112362,CUST-28708,Samuel Davis,belldaniel@example.net,(722)747-0504,SVC-00000750,2023-12-22,Other,Joshua Cooper,2785.57,1357.17,1428.4,Expired,2025-10-24,Active,2026-04-13
VEH-000751,Y8P4KL757TYD4BD1S,Honda,Accord,2022,IndianRed,Gasoline,237223,CUST-62518,David Graham,steeleashley@example.com,832.752.9888,SVC-00000751,2025-01-01,Oil Change,Sarah Murray,1562.62,1465.51,97.11,Active,2025-11-26,Active,2024-01-04
VEH-000752,0K75J99S8NT6NEGXS,Hyundai,Palisade,2014,SandyBrown,Electric,133452,CUST-50973,Christina Rice,nataliesmith@example.org,(621)342-0780,SVC-00000752,2025-05-06,Oil Change,Melissa Mendez,1235.25,952.19,283.06,Not Applicable,2026-01-26,Active,2023-09-16
VEH-000753,4R3HK3KUMALNC6XAK,Kia,Sportage,2018,FloralWhite,Hybrid,156491,CUST-18630,Willie Cooper,timothy26@example.com,500-987-7804,SVC-00000753,2022-05-10,Brake Service,Paul Valencia,1524.51,147.08,1377.43,Expired,2025-08-10,Inactive,2025-02-08
VEH-000754,LP66W9N985RK5GRBM,Mercedes,GLC,2018,DarkCyan,Plug-in Hybrid,22768,CUST-23425,Lisa Abbott,nbenson@example.net,2555367166,SVC-00000754,2024-02-05,Other,Katherine Bridges,1428.09,28.91,1399.18,Expired,2025-10-04,Active,2024-05-07
VEH-000755,D33BC3VLPUN0UFXT9,BMW,5 Series,2002,PapayaWhip,Gasoline,249532,CUST-94007,Dorothy Cooper,martinbeverly@example.com,772.983.0879x16027,SVC-00000755,2022-07-09,Battery Replacement,Debbie West,2733.27,1702.7,1030.57,Expired,2025-12-07,Active,2024-07-08
VEH-000756,M3814N8XS0BEN031B,Kia,Soul,2009,LightSeaGreen,Hybrid,162989,CUST-94082,Maria Olson,brentperry@example.org,380.760.9730,SVC-00000756,2024-07-09,Engine Repair,Jessica Thomas,115.79,18.34,97.45,Expired,2024-07-26,Scrapped,2024-05-29
VEH-000757,KLJR0UXPNN7KZYTZA,Mercedes,GLC,2017,Teal,Diesel,188864,CUST-39789,Hayley Farmer,acarrillo@example.com,484-395-6584x150,SVC-00000757,2023-10-24,Engine Repair,Maria Rubio,1024.48,311.63,712.85,Not Applicable,2025-06-23,Active,2025-10-08
VEH-000758,9MAX6SA209VWN1VM4,Kia,Sorento,1996,Tomato,Hybrid,73935,CUST-74027,Brittany Nelson,ejones@example.com,981-282-1614x923,SVC-00000758,2023-12-16,Engine Repair,Brian Rivera,2006.08,1337.06,669.02,Not Applicable,2025-01-26,Scrapped,2024-02-01
VEH-000759,ZY31SN03EE55H2SFR,Toyota,Camry,2014,GhostWhite,Gasoline,247231,CUST-74628,Emily Morgan,paigerobinson@example.net,001-965-240-9157,SVC-00000759,2023-05-04,Inspection,Robert Sanford,2648.06,1987.23,660.83,Not Applicable,2025-02-16,Inactive,2025-04-15
VEH-000760,UAHHLNU68ULH30K1K,Honda,CR-V,2005,MediumOrchid,Electric,150441,CUST-25062,Mary Cooper,jonesrobert@example.net,+1-846-297-9320x08513,SVC-00000760,2023-09-10,Brake Service,Robert Sanford,5126.44,1268.66,1395.48,Not Applicable,2025-12-08,Scrapped,2024-02-09
VEH-000761,R9Y42RJCPZ9JENUXD,Mercedes,S-Class,2015,Tan,Electric,103328,CUST-50851,Kim Church,michelle21@example.com,001-799-254-6513x176,SVC-00000761,2022-09-19,Tire Rotation,David Martin,862.21,193.63,1209.26,Expired,2024-08-06,Scrapped,2025-09-23
VEH-000762,R9X15TTVSBM57E3GV,Mercedes,GLC,2022,MediumSeaGreen,Electric,70703,CUST-87664,Ian Gilmore,michael35@example.net,713-572-5392x14060,SVC-00000762,2024-06-06,Oil Change,Debbie West,2430.77,1876.32,554.45,Active,2025-06-13,Inactive,2024-07-10
VEH-000763,8601PZH69GPTY80HN,Tesla,Model 3,2012,Linen,Electric,166040,CUST-29180,Dr. Tyrone Rodriguez,wsnow@example.com,5223324355,SVC-00000763,2023-10-29,Engine Repair,Joshua Cooper,800.42,673.38,127.04,Expired,2026-02-17,Inactive,2024-05-26
VEH-000764,1HGBH41JXMN10916,Chevrolet,Malibu,2010,CornflowerBlue,Hybrid,92414,CUST-70084,Vincent Hicks,caindaniel@example.org,444-985-2259x0029,SVC-00000764,2023-01-11,Engine Repair,Melissa Mendez,2432.94,1541.55,891.39,Not Applicable,2025-11-01,Active,2024-02-15
VEH-000765,RXKYSV861P8DVH3Z1,Ford,Bronco,2003,IndianRed,Hybrid,104643,CUST-78631,Austin Reed,nicholas65@example.com,348-860-1958,SVC-00000765,2026-01-10,Other,Joshua Cooper,2062.71,741.92,1320.79,Not Applicable,2024-07-04,Inactive,2024-03-27
VEH-000766,P1AXYU2J7WDWZ6J1D,Tesla,Model S,2018,MediumOrchid,Gasoline,229227,CUST-45819,Jack White,kwilliams@example.org,(846)740-0489x14846,SVC-00000766,2025-09-30,Battery Replacement,Travis Contreras,1167.46,1113.65,53.81,Expired,2025-07-20,Inactive,2025-06-30
VEH-000767,W2SM2CVBGEWGRS3MM,tesla,Model Y,2017,DarkMagenta,Hybrid,118603,CUST-25415,Ryan Garcia,brandyreed@example.org,+1-228-561-6671x98443,SVC-00000767,2026-07-26,Oil Change,Michelle Torres,830.36,610.53,219.83,Not Applicable,2024-06-05,Scrapped,2025-09-08
VEH-000768,8F0DNYZKHN31RKPT7,Kia,Telluride,2009,Chocolate,Gasoline,-59115,CUST-82333,Elizabeth Livingston,edwardserin@example.com,(685)571-8640x7490,SVC-00000768,2023-08-03,Tire Rotation,Katherine Bridges,3473.11,1995.33,1477.78,Expired,2025-01-13,Scrapped,2024-03-27
VEH-000769,JN7G8FKU9U5A6VS55,Ford,Mustang,2005,DarkGreen,Gasoline,213546,CUST-14439,Michael Cowan,halemichelle@example.org,+1-639-624-8496,SVC-00000769,2026-01-22,Inspection,Michelle Hays,3662.22,1517.26,417.22,Not Applicable,2025-06-23,Active,2026-02-09
VEH-000770,MHK1T778R5W92UUTG,Chevrolet,Equinox,2010,SkyBlue,Diesel,181297,CUST-35003,Dr. Eric Malone,hhayes@example.com,251-645-2881x401,SVC-00000770,2022-09-02,Inspection,,3193.79,1860.7,1333.09,Not Applicable,2025-08-12,Inactive,2023-06-09
VEH-000771,Y5V2RBK4RYG94NH4F,Honda,Accord,1998,Indigo,Gasoline,2502,CUST-57697,Vicki Knox,matthew08@example.org,661.404.0311x5110,SVC-00000771,2026-09-08,Body Work,Jessica Thomas,3088.61,1873.62,1214.99,Expired,2025-10-13,Active,2023-06-27
VEH-000772,1HGBH41JXMN10916,Chevrolet,Tahoe,1999,Chocolate,Electric,136347,CUST-97845,Matthew Owens,juliawhite@example.net,(261)575-5994x31878,SVC-00000772,2026-03-12,Inspection,Edward Allison,1975.66,557.44,1418.22,Expired,2025-09-27,Active,2024-02-26
VEH-000773,FCMGZUKKJ0GDNX5Z2,Toyota,Camry,2020,Gold,Plug-in Hybrid,61320,CUST-32782,Melissa Peters,kwalsh@example.net,201-832-2780,SVC-00000773,2023-08-08,Inspection,Michelle Torres,1276.28,615.39,660.89,Active,2024-07-19,Inactive,2024-11-19
VEH-000774,TN5W0CTCNTW6W13WN,Toyota,Camry,2022,DarkMagenta,Plug-in Hybrid,10147,CUST-10394,Rachael Lloyd,suttonaaron@example.com,261-617-4217x1665,SVC-00000774,2024-10-24,Engine Repair,Michelle Torres,1318.04,383.88,934.16,Active,2025-08-31,Active,2025-01-23
VEH-000775,137NKGRG5R64MNBHY,Mercedes,GLE,2000,Cornsilk,Diesel,102291,CUST-70364,Jennifer Wood,lindsay10@example.net,(622)575-8020,SVC-00000775,2022-11-22,Engine Repair,Jessica Thomas,2041.25,1229.83,811.42,Expired,2024-06-22,Inactive,2023-06-06
VEH-000776,VKEY8NSUXJ8KGPHX2,Hyundai,Palisade,2017,OldLace,Gasoline,107920,CUST-87242,Theodore Thomas,nathanbrewer@example.com,+1-567-564-4731x080,SVC-00000776,2026-09-04,Body Work,Michelle Hays,2961.62,1893.48,1068.14,Expired,2025-02-16,Scrapped,2024-08-31
VEH-000777,N08Y24CHN0J7A0J8B,Mercedes,C-Class,2013,DarkGoldenRod,Electric,168485,CUST-46574,Judith Sawyer,andersonsabrina@example.org,(685)981-8384,SVC-00000777,2024-03-30,Tire Rotation,Caitlin Marshall,1546.02,564.85,981.17,Expired,2024-09-03,Scrapped,2024-10-29
VEH-000778,U14U8MZW3TS8GMMRN,Kia,Telluride,2011,MediumPurple,Diesel,49292,CUST-86008,Oscar Mcdonald,,4346949995,SVC-00000778,2022-08-08,Body Work,Travis Contreras,2457.18,1843.33,613.85,Expired,2026-03-12,Inactive,2024-03-08
VEH-000779,FKNS9W3NZUNW7N3X6,Nissan,Sentra,-1,Gainsboro,Diesel,153044,CUST-65850,George Macias,johnsmith@example.com,661-772-5024,SVC-00000779,2023-04-01,Inspection,Kathryn Patel,1683.78,661.62,1022.16,Expired,2026-02-15,Inactive,2025-07-05
VEH-000780,9KV185HJV3WV4LZZ4,Toyota,RAV4,2020,PeachPuff,Electric,44416,CUST-56876,Susan Riggs,angela92@example.com,317-246-2860,SVC-00000780,2025-01-06,Oil Change,Maria Rubio,608.28,89.52,518.76,Active,2025-11-14,Active,2023-09-22
VEH-000781,HW6WUL0CZPJB7D5AY,BMW,5 Series,2001,Black,Diesel,8050,CUST-45320,Linda Mcpherson,elindsey@example.org,+1-297-465-7133,SVC-00000781,2025-03-28,Engine Repair,Jessica Thomas,1543.3,1278.69,264.61,Not Applicable,2026-01-19,Inactive,2025-04-15
VEH-000782,GJERGXYB1C5K6NTS5,BMW,M4,2018,MistyRose,Hybrid,93940,CUST-45276,Ray Tran,meyersfrances@example.net,528-558-0814x4870,SVC-00000782,2023-02-11,Body Work,Shelley Wilson,1805.97,863.85,942.12,Not Applicable,2025-05-18,Scrapped,2024-03-18
VEH-000783,RMT1WR4B4G3Z7JVZG,Nissan,Pathfinder,2020,OliveDrab,Plug-in Hybrid,135426,CUST-22982,Vanessa Estrada,kenneth02@example.net,981.849.7868x433,SVC-00000783,2025-04-22,Body Work,Laura Gray,2545.07,1362.63,1182.44,Active,2024-11-21,Active,2024-06-27
VEH-000784,SJKJZP36HEN9L188K,Hyundai,Elantra,2001,GoldenRod,Gasoline,18277,CUST-46160,Michael Cochran MD,seth45@example.net,(205)710-1443,SVC-00000784,2023-09-21,Battery Replacement,Maria Rubio,2379.97,1415.57,964.4,Not Applicable,2025-03-05,Inactive,2025-11-06
VEH-000785,9K6RC13464SPE9V0Y,Ford,Explorer,2005,BlanchedAlmond,Electric,95035,CUST-35306,Victoria Griffin,phillipwalters@example.org,(433)453-2528,SVC-00000785,2025-02-05,Brake Service,Michelle Torres,1689.15,221.44,1467.71,Expired,2025-04-12,Scrapped,2025-01-13
VEH-000786,HK9P5M3JG43D55T31,Kia,Telluride,2011,MediumSlateBlue,Electric,102432,CUST-88788,Craig Thompson,lisaballard@example.org,(799)713-9185x825,SVC-00000786,2024-06-02,Inspection,David Martin,931.6,163.12,768.48,Expired,2024-08-12,Active,2023-07-02
VEH-000787,FB2VGXCCPR32AGV7Y,Chevrolet,Tahoe,2024,MediumSpringGreen,Electric,176404,CUST-67441,Terry Howard,cynthiamills@example.com,(356)227-0055x87872,SVC-00000787,2025-10-14,Body Work,Michelle Hays,703.02,182.64,520.38,Active,2025-03-27,Inactive,2023-07-14
VEH-000788,CDL51HLZ49SEE8ACS,BMW,3 Series,2024,Moccasin,Gasoline,53240,CUST-37036,Brittany Saunders,warellano@example.com,(508)813-8723x683,SVC-00000788,2025-10-07,Inspection,Sarah Murray,1872.13,1754.05,118.08,Active,2025-03-27,Inactive,2025-05-21
VEH-000789,JXKX59BJG2KLCBZMU,Hyundai,Sonata,2024,Gray,Hybrid,222390,CUST-26589,Mark Stevens,amy16@example.org,001-616-205-2020x226,SVC-00000789,2024-03-08,Inspection,Joshua Cooper,2147.06,1475.01,672.05,Active,2024-06-23,Active,2025-05-21
VEH-000790,1X3SZX1GVNPEB5P0N,Kia,Telluride,2008,RoyalBlue,Diesel,48783,CUST-82446,Robin Abbott,donnabrown@example.com,001-599-555-4903x86330,SVC-00000790,2023-05-06,Engine Repair,Katherine Bridges,2172.62,802.36,1370.26,Not Applicable,2025-09-16,Scrapped,2024-06-24
VEH-000791,L8E3JBF6WLDZG1LXA,Toyota,RAV4,2005,MediumSpringGreen,Hybrid,228752,CUST-36123,Donald Clark,jsalas@example.com,850-558-8483,SVC-00000791,2022-06-14,Tire Rotation,Jessica Thomas,458.02,191.12,266.9,Expired,2025-01-23,Scrapped,2024-08-22
VEH-000792,U55E2RB9V8BGTXMUA,Tesla,Model S,1998,LightCyan,Diesel,192407,CUST-99653,David Gonzales,hernandezjonathan@example.org,623-731-3370x652,SVC-00000792,2025-10-10,Oil Change,Shelley Wilson,1243.38,520.91,722.47,Not Applicable,2025-10-06,Active,2025-05-11
VEH-000793,NHV0UUZ4RUF6TBZEN,Honda,Odyssey,2020,Green,Plug-in Hybrid,159390,CUST-26375,Katherine Cunningham,omartinez@example.com,+1-362-513-0664x115,SVC-00000793,2025-10-11,Battery Replacement,Susan Davis,1728.06,1412.92,315.14,Active,2025-09-20,Scrapped,2026-02-02
VEH-000794,1BLL0T568KHL26CP5,Toyota,Camry,1998,RosyBrown,Hybrid,87845,CUST-23523,Robert Roberts,gutierrezronald@example.net,3719812072,SVC-00000794,2023-02-17,Body Work,Shelley Wilson,2012.96,1260.34,752.62,Not Applicable,2026-01-31,Active,2023-09-15
VEH-000795,R7F2056DG2JWV5UMP,BMW,X5,2004,MintCream,Gasoline,14944,CUST-15973,Larry Davidson,boothkimberly@example.net,455.627.7123,SVC-00000795,2022-08-22,Body Work,Susan Davis,2995.81,1675.34,1320.47,Not Applicable,2025-06-02,Active,2023-05-30
VEH-000796,8DKWC0GA5T8VDGHND,Chevrolet,Tahoe,2001,Blue,Hybrid,100254,CUST-53258,Kaitlin Fitzpatrick,,419.267.1552,SVC-00000796,2023-10-01,Other,Katherine Bridges,2103.73,1290.0,813.73,Expired,2026-02-28,Active,2024-03-30
VEH-000797,J9VZR8NYB631EB5R9,Honda,Accord,2006,LawnGreen,Diesel,19830,CUST-91561,Susan Hines,omartinez@example.net,678.516.8110x157,SVC-00000797,2023-04-12,Engine Repair,Michelle Torres,902.55,242.36,660.19,Not Applicable,2024-06-06,Scrapped,2024-03-29
VEH-000798,0C9VRPRSK3EU4V3Y9,Mercedes,GLE,2011,Black,Electric,144000,CUST-73777,Scott Park,sbrown@example.com,322-459-1698x53827,SVC-00000798,2022-05-30,Body Work,Robert Sanford,2141.77,1387.5,754.27,Not Applicable,2024-11-06,Active,2023-07-27
VEH-000799,6FDMLSTHXPEAM2K2E,Honda,CR-V,2016,Chartreuse,Electric,142888,CUST-35656,John Cox,owenamanda@example.net,+1-759-766-8161x049,SVC-00000799,2026-03-26,Body Work,,2075.61,1638.67,436.94,Not Applicable,2026-04-07,Active,2023-09-29
VEH-000800,XY5G9LY74GWPWYP8X,Mercedes,GLE,2024,HotPink,Electric,41345,CUST-87040,Joseph Weaver,smitheric@example.com,,SVC-00000800,2026-04-04,Oil Change,Joshua Cooper,1953.54,613.34,1340.2,Active,2025-06-13,Active,2025-04-17
VEH-000801,JA9WDE3L7JSZBH8PY,Mercedes,GLE,2006,MidnightBlue,Diesel,114337,CUST-89258,Alexis Cooper,bearddanielle@example.net,(981)982-9151x4774,SVC-00000801,2025-10-19,Tire Rotation,David Martin,2766.88,1980.04,786.84,Not Applicable,2026-02-23,Active,2025-03-22
VEH-000802,W939C52P1BM5005YF,Kia,Sorento,2024,MediumPurple,Electric,153968,CUST-26456,Alexis Pierce,jessicajohnson@example.org,001-735-560-3118,SVC-00000802,2024-10-25,Battery Replacement,Sara Marquez,856.19,55.02,801.17,Active,2024-12-03,Inactive,2026-01-17
VEH-000803,JRYAHH1JP59MJDWEF,Chevrolet,Tahoe,2018,Aquamarine,Electric,7766,CUST-40141,Jessica Love,darrell54@example.com,(526)236-1457x19699,SVC-00000803,2024-03-26,Brake Service,Laura Gray,2192.5,1831.74,360.76,Not Applicable,2025-01-12,Scrapped,2024-01-05
VEH-000804,XLVW9AKCDA9JR9A0L,Toyota,Corolla,1997,LightCoral,Electric,64860,CUST-11850,Breanna Hernandez,ryan63@example.com,761-210-5623,SVC-00000804,2023-12-28,Other,Sarah Murray,743.54,179.49,564.05,Expired,2025-01-22,Scrapped,2025-06-27
VEH-000805,FC5X418ZN1YDKY2KN,Ford,Explorer,2014,Gold,Hybrid,127394,CUST-73912,Hannah Wheeler,welchjohn@example.org,561-238-8662x1453,SVC-00000805,2024-12-12,Inspection,Brittany Kidd,4508.05,1943.26,1055.85,Expired,2024-05-19,Inactive,2026-01-29
VEH-000806,H0TDVRF0TMWG3NGGM,BMW,X5,2002,DarkKhaki,Plug-in Hybrid,167335,CUST-99340,Joshua Collier,davidgross@example.com,386.482.7573x859,SVC-00000806,2024-10-30,Battery Replacement,Melissa Mendez,3114.34,1982.28,1132.06,Expired,2025-10-15,Active,2023-04-23
VEH-000807,W7RG80JHC4PB8MLY1,Hyundai,Elantra,2012,Peru,Gasoline,171101,CUST-38130,Carolyn Brown,williamolson@example.com,3475221452,SVC-00000807,2025-07-28,Tire Rotation,Laura Gray,1084.81,742.53,342.28,Not Applicable,2025-09-27,Inactive,2023-05-05
VEH-000808,TKS965VAFUAV5ZHVS,BMW,M4,2024,MediumSpringGreen,Plug-in Hybrid,245656,CUST-68412,Alicia Christensen,marianelson@example.com,661.451.4150x9221,SVC-00000808,2023-05-31,Inspection,Michelle Torres,766.98,704.67,62.31,Active,2025-09-17,Inactive,2024-01-08
VEH-000809,424PJWA4S26NGBXNK,Nissan,Sentra,2002,Indigo,Hybrid,93933,CUST-21513,Jesse Cox,johnathan61@example.net,355-686-5649x6547,SVC-00000809,2024-11-17,Tire Rotation,Caitlin Marshall,1190.53,206.48,984.05,Not Applicable,2026-02-13,Scrapped,2024-05-09
VEH-000810,LK2YT7WNK21ADXAJ1,Honda,Civic,2024,DarkViolet,Electric,170826,CUST-18425,Gregory Walker,mriddle@example.org,446-584-3837x018,SVC-00000810,2023-03-09,Tire Rotation,Shelley Wilson,2302.73,891.42,1411.31,Active,2024-09-08,Scrapped,2025-02-04
VEH-000811,GTYFKMLAKD201TLA1,Mercedes,GLE,2020,DeepPink,Plug-in Hybrid,246400,CUST-20506,Richard Johnson,igarcia@example.net,595.731.8513x728,SVC-00000811,2024-11-10,Tire Rotation,Katherine Bridges,2049.62,1990.07,59.55,Active,2025-11-16,Active,2025-07-18
VEH-000812,SREG1086JLG98KPWP,Kia,Forte,2011,PaleGoldenRod,Plug-in Hybrid,65455,CUST-51749,Crystal Newman,christopherjones@example.org,283-650-2335,SVC-00000812,2023-11-13,Other,Joshua Cooper,1198.76,106.38,1092.38,Expired,2024-05-10,Scrapped,2023-11-02
VEH-000813,E85P5SCA71NBW9MVF,BMW,3 Series,2004,Silver,Plug-in Hybrid,131529,CUST-71566,Lisa Hall,samantha94@example.com,974-636-7171x396,SVC-00000813,2023-02-20,Inspection,,1103.45,91.3,1012.15,Not Applicable,2024-09-16,Inactive,2025-05-23
VEH-000814,TFXP7B9EXNGHRLM20,BMW,M4,1998,PaleTurquoise,Diesel,80442,CUST-79534,Cynthia Weaver,,807.462.2068x28768,SVC-00000814,2024-07-25,Body Work,Wanda Gutierrez,1428.97,1120.61,972.16,Not Applicable,2024-11-12,Inactive,2023-10-29
VEH-000815,MR97K9CRL3K43N1C4,Hyundai,Sonata,2015,LightSlateGray,Electric,81085,CUST-78825,Amber King,shawn91@example.com,+1-203-846-7169,SVC-00000815,2024-02-05,Other,Sarah Murray,2156.57,1456.42,700.15,Not Applicable,2025-09-30,Active,2024-04-11
VEH-000816,K98MKNDZWPY6PZ3PC,Tesla,Model S,2010,MediumTurquoise,Plug-in Hybrid,82692,CUST-72727,Emily Horn,qramirez@example.net,001-703-601-0047x1887,SVC-00000816,2023-06-04,Oil Change,Charles Nelson,3183.22,1796.51,1386.71,Expired,2025-11-12,Scrapped,2025-12-12
VEH-000817,051SGD1V2JBV42VWK,BMW,X3,2021,OrangeRed,Electric,70457,CUST-98240,Daniel Hall,,5855878526,SVC-00000817,2026-01-02,Oil Change,Maria Rubio,2930.64,1722.55,1208.09,Active,2025-01-19,Inactive,2024-11-01
VEH-000818,NA6YZBY7U95EMLL06,Chevrolet,Tahoe,2024,Turquoise,Gasoline,138742,CUST-21511,Shawn Harris,clowe@example.org,(551)880-7377x954,SVC-00000818,2026-02-16,Other,Charles Nelson,1179.86,490.45,689.41,Active,2025-09-29,Active,2025-07-11
VEH-000819,XDFHRGSZJR5GRTSFM,Chevrolet,Traverse,2019,MistyRose,Hybrid,160518,CUST-67212,Kevin Johnson,randy04@example.net,(203)669-3031x164,SVC-00000819,2025-08-22,Oil Change,Sara Marquez,1698.92,499.15,1199.77,Not Applicable,2025-04-14,Inactive,2023-11-18
VEH-000820,ULDMRZA5RYM4KGPY4,Tesla,Cybertruck,2011,FireBrick,Plug-in Hybrid,144872,CUST-25160,Robin Wise,downsdaisy@example.com,(774)617-8142x200,SVC-00000820,2025-02-22,Brake Service,Laura Gray,1108.85,213.42,895.43,Expired,2024-08-07,Scrapped,2025-06-27
VEH-000821,LKMMPC0K4HUZ47UU2,Hyundai,Sonata,2008,Wheat,Plug-in Hybrid,158013,CUST-65580,Richard Cameron,christina62@example.net,(983)372-9284,SVC-00000821,2025-06-01,Battery Replacement,Katherine Bridges,2589.87,1331.54,1258.33,Expired,2024-09-07,Active,2025-10-04
VEH-000822,AF28XYC6EU27249CG,Ford,Mustang,2009,DeepPink,Plug-in Hybrid,164429,CUST-10827,Shawn Wade,rkoch@example.net,+1-974-279-5966x451,SVC-00000822,2023-11-10,Brake Service,Brittany Kidd,503.73,346.13,157.6,Expired,2024-12-20,Inactive,2023-10-19
VEH-000823,JCYBRD9Y15JJ5VTKK,BMW,M4,2013,DeepSkyBlue,Electric,231417,CUST-67066,John Bell,bperez@example.net,477-803-1667,SVC-00000823,2025-06-13,Body Work,Robert Sanford,1057.98,668.34,1135.34,Not Applicable,2024-10-11,Scrapped,2024-08-07
VEH-000824,JFTYA57GLL995PJ6A,Kia,Forte,2021,PaleTurquoise,Electric,87378,CUST-96726,Jennifer Lopez,james45@example.net,(728)814-5135x98971,SVC-00000824,2025-05-20,Engine Repair,Joshua Cooper,2917.65,1484.95,1432.7,Active,2026-01-30,Scrapped,2025-08-19
VEH-000825,3G6SWUMFCFG1HT3J7,Toyota,RAV4,1996,LawnGreen,Electric,247424,CUST-80028,Danielle Green,cgutierrez@example.com,561.277.9770,SVC-00000825,2023-02-24,Other,Jessica Thomas,1495.89,240.65,1255.24,Expired,2025-07-04,Inactive,2024-11-25
VEH-000826,3HSLH2LGNPLLVHT3H,Toyota,Highlander,2018,Purple,Electric,198833,CUST-91744,Lance Eaton,harrisbrittany@example.com,001-520-853-4725x6018,SVC-00000826,2023-08-07,Oil Change,Melissa Mendez,2376.79,1611.52,765.27,Not Applicable,2025-09-02,Scrapped,2024-04-12
VEH-000827,L60N29B5WERTU2LTR,Hyundai,Santa Fe,2005,LightSalmon,Hybrid,229646,CUST-86226,Frank Sherman,brettmunoz@example.org,677.216.0660x4016,SVC-00000827,2022-09-29,Oil Change,David Martin,1794.5,1050.53,743.97,Not Applicable,2025-01-05,Scrapped,2023-09-02
VEH-000828,R8XRCFMEKFU7TW0GD,Honda,Accord,1996,LightGray,Hybrid,27693,CUST-70446,Karen Blair,jimmy22@example.net,+1-426-571-9911x872,SVC-00000828,2025-10-01,Tire Rotation,Debbie West,511.3,377.58,133.72,Not Applicable,2024-05-28,Scrapped,2023-10-14
VEH-000829,SGGA0S89PTYW6T6Y2,Mercedes,C-Class,2002,SandyBrown,Hybrid,149174,CUST-27090,Katie Bates,mirandajoseph@example.net,463-593-2194x3969,SVC-00000829,2024-03-30,Engine Repair,Debbie West,885.28,685.09,136.13,Not Applicable,2024-08-20,Scrapped,2025-04-28
VEH-000830,50XBD97L9K8YNF1YS,Chevrolet,Tahoe,2016,DarkOrchid,Electric,205916,CUST-25508,Charles White,,+1-371-945-6978,SVC-00000830,2024-04-19,Battery Replacement,Susan Davis,1522.06,597.19,924.87,Expired,2024-11-24,Scrapped,2023-04-22
VEH-000831,K53B7M4H8NR9JWD6P,Tesla,Model Y,1997,WhiteSmoke,Diesel,210349,CUST-93301,Christopher Hunter,joseph28@example.com,+1-744-380-5328,SVC-00000831,2025-01-01,Oil Change,Colton Armstrong,1923.54,872.27,1051.27,Not Applicable,2025-05-27,Inactive,2025-11-24
VEH-000832,R7YWJ7ERVMHL3PA9G,BMW,3 Series,2021,SlateBlue,Diesel,235028,CUST-74100,Megan Sanders,hernandezgina@example.org,(502)619-1106x8915,SVC-00000832,2023-07-15,Brake Service,Michelle Hays,989.74,702.79,286.95,Active,2026-02-09,Scrapped,2025-12-16
VEH-000833,Z7PKZUM0X4H08MYEC,Chevrolet,Traverse,2003,PeachPuff,Electric,152926,CUST-74710,Louis Nelson,evelynporter@example.org,925.405.1859,SVC-00000833,2025-12-29,Oil Change,Laura Gray,769.36,526.59,242.77,Expired,2024-11-25,Scrapped,2024-03-25
VEH-000834,XZTTYS0GESYWJ19DR,Mercedes,GLC,2016,MediumVioletRed,Diesel,47869,CUST-96523,Melanie Thomas,kelly21@example.org,(709)917-1479x731,SVC-00000834,2025-02-01,Other,David Martin,3339.84,1977.77,1362.07,Expired,2024-05-29,Inactive,2025-06-16
VEH-000835,62DEPFEMMF0P5WBYP,Hyundai,Sonata,2024,HotPink,Diesel,26728,CUST-68954,Emily Thornton,psmith@example.com,651.796.4638x31391,SVC-00000835,2025-08-17,Tire Rotation,Sarah Murray,2762.25,1595.79,1166.46,Active,2025-06-12,Inactive,2025-06-14
VEH-000836,1HGCM82633AO04747,Chevrolet,Malibu,2006,Yellow,Hybrid,178922,CUST-97784,Jessica West,thomasblake@example.org,654.447.3342x633,SVC-00000836,2023-07-15,Other,,1550.82,785.41,765.41,Not Applicable,2026-02-16,Scrapped,2025-09-21
VEH-000837,NA6P4ACJ2NSWW1N0N,BMW,X5,1995,BurlyWood,Electric,133758,CUST-50097,Douglas Davis,ericawatkins@example.com,+1-978-282-7712x600,SVC-00000837,2023-09-18,Tire Rotation,Edward Allison,1789.6,360.31,1429.29,Not Applicable,2025-06-18,Active,2025-03-31
VEH-000838,CC8K7YJFBRERUBDST,Tesla,Cybertruck,2004,LimeGreen,Hybrid,22946,CUST-52293,Robin Forbes,stephanierivera@example.org,+1-616-284-6315x341,SVC-00000838,2023-04-20,Other,Michelle Torres,365.81,33.3,332.51,Expired,2025-02-03,Active,2025-05-15
VEH-000839,VIN-MISSING,Toyota,Corolla,1995,Brown,Electric,97001,CUST-96013,Rebecca Rosales,dayfrancis@example.com,406-396-4514x664,SVC-00000839,2024-07-15,Engine Repair,Paul Valencia,2027.4,1276.05,751.35,Expired,2024-05-29,Inactive,2025-02-11
VEH-000840,RBTLHUHLS9HCAZPA3,BMW,X5,2003,MediumAquaMarine,Diesel,-124350,CUST-89864,Susan Ferrell,johnspencer@example.com,(454)631-6693,SVC-00000840,2023-11-08,Other,,1430.13,597.9,832.23,Expired,2026-04-01,Active,2024-05-08
VEH-000841,CXW3SNNL5HMGJ1S0P,Nissan,Pathfinder,2017,DimGray,Diesel,221277,CUST-60895,Travis Mahoney,zsolis@example.com,001-643-675-8379x772,SVC-00000841,2023-11-03,Oil Change,Robert Sanford,2297.39,1407.79,889.6,Expired,2026-03-01,Scrapped,2023-05-14
VEH-000842,TNPGDJ78BMB1Z0P1Z,Toyota,Corolla,2023,DarkOliveGreen,Hybrid,43633,CUST-93043,Sean Harris,reedjohn@example.com,001-794-229-6659,SVC-00000842,2024-05-12,Battery Replacement,Joshua Cooper,2413.0,1089.03,1323.97,Active,2026-01-08,Active,2024-01-04
VEH-000843,SHAHPHXYJGSRN5WRF,Hyundai,Sonata,2023,Moccasin,Plug-in Hybrid,182605,CUST-63104,Anthony Everett,alex44@example.org,588-288-4940,SVC-00000843,2022-06-10,Inspection,Caitlin Marshall,640.03,430.79,209.24,Active,2024-07-04,Scrapped,2023-10-21
VEH-000844,NKCC6BMKJTL11U6HR,Mercedes,S-Class,2012,MediumSeaGreen,Plug-in Hybrid,83245,CUST-47010,Joanna Walker,,309-832-3083x4379,SVC-00000844,2022-10-01,Engine Repair,Robert Sanford,1963.28,1114.57,848.71,Not Applicable,2025-05-12,Active,2025-07-14
VEH-000845,L4AJ28SHKW6UPU2UM,Honda,Odyssey,2012,Lavender,Plug-in Hybrid,32320,CUST-26524,Lori Guerrero,vcunningham@example.com,(611)452-4292,SVC-00000845,2024-04-02,Oil Change,Brittany Kidd,1500.26,155.05,1345.21,Expired,2025-09-15,Inactive,2023-12-05
VEH-000846,89BJYHVTMD00XNWL4,Honda,CR-V,2016,NavajoWhite,Hybrid,159660,CUST-20183,Mrs. Kristi Deleon,vbrown@example.net,606.272.9853x68548,SVC-00000846,2022-05-30,Inspection,Melissa Mendez,689.62,250.38,439.24,Expired,2026-03-06,Scrapped,2025-12-22
VEH-000847,VZZCCJFDG1JF2K6YZ,Toyota,Tacoma,2017,MintCream,Diesel,187534,CUST-58078,Tracy Hunt,nblevins@example.net,555.686.3162x33190,SVC-00000847,2024-07-24,Battery Replacement,Sarah Murray,1077.46,427.94,649.52,Expired,2024-05-01,Active,2025-03-26
VEH-000848,ALKFB2YY5ZA7MECMP,Tesla,Cybertruck,2020,SteelBlue,Electric,173875,CUST-35209,Brandon Green,joshua33@example.net,293-737-4081,SVC-00000848,2022-06-14,Battery Replacement,Robert Sanford,1148.21,1094.87,53.34,Active,2025-11-24,Inactive,2023-09-05
VEH-000849,94UU4P1DK329SF5F6,Hyundai,Tucson,2019,Brown,Electric,177868,CUST-99764,Amy Roberts,jameswilliams@example.com,898.236.3306,SVC-00000849,2024-06-19,Tire Rotation,Brian Rivera,1965.66,1606.64,359.02,Not Applicable,2026-03-30,Inactive,2024-12-06
VEH-000850,BHTCCC15K2ED7V3XZ,Ford,Explorer,2016,Navy,Hybrid,214785,CUST-53555,Joshua Dalton MD,juliejohnson@example.net,247.525.4627,SVC-00000850,2022-12-25,Inspection,Debbie West,2264.82,1515.9,748.92,Not Applicable,2024-07-29,Scrapped,2025-11-08
VEH-000851,999KPBR50M2D06DY6,Mercedes,E-Class,1995,Plum,Plug-in Hybrid,169342,CUST-21107,Christina Cortez,thoffman@example.com,613-797-8720x09319,SVC-00000851,2022-09-07,Other,Sarah Murray,834.67,679.8,154.87,Expired,2024-12-25,Inactive,2024-03-05
VEH-000852,41R6K29CZ3N0NUD0B,Honda,Civic,1995,White,Electric,244854,CUST-10335,Andrea Hamilton MD,michael53@example.org,001-649-526-3123x6417,SVC-00000852,2026-01-01,Oil Change,Michelle Hays,2480.91,1164.56,1316.35,Not Applicable,2024-08-29,Active,2025-06-26
VEH-000853,07GY4Y7ZFHAS6EVC1,BMW,X5,2006,LightSlateGray,Electric,-229892,CUST-35906,Diana Brown,jenniferriggs@example.net,(748)236-7317,SVC-00000853,2023-04-23,Oil Change,Brittany Kidd,2534.04,1448.28,1085.76,Not Applicable,2025-06-18,Inactive,2024-10-12
VEH-000854,S1C23UCVJ3PDKDG71,Hyundai,Tucson,1996,Wheat,Hybrid,217703,CUST-18226,Robert Roman,hannahmcclure@example.org,728-905-4613,SVC-00000854,2023-01-22,Tire Rotation,Robert Sanford,240.65,44.66,195.99,Not Applicable,2025-06-05,Scrapped,2025-06-17
VEH-000855,4536YJZJS9W2DNKRN,HONDA,Accord,2014,Sienna,Electric,23676,CUST-50918,Matthew Simmons,sarahhayes@example.net,,SVC-00000855,2023-07-21,Body Work,Sarah Murray,1866.69,546.97,1319.72,Expired,2025-04-22,Active,2024-08-25
VEH-000856,R22SF3BBYER2WMJAR,BMW,3 Series,2001,DarkSalmon,Hybrid,151642,CUST-87379,Ian Griffin,robertacosta@example.org,(222)855-5556x64086,SVC-00000856,2024-06-01,Tire Rotation,Wanda Gutierrez,582.6,338.45,244.15,Expired,2024-10-09,Scrapped,2024-05-03
VEH-000857,6AKERFUY6LRFT2E3V,Honda,CR-V,1995,DarkTurquoise,Plug-in Hybrid,233112,CUST-94211,Amanda Bradshaw,kimdarrell@example.net,211-421-2483x8898,SVC-00000857,2022-09-11,Oil Change,Susan Davis,2525.34,1367.11,1158.23,Not Applicable,2026-04-04,Active,2025-12-23
VEH-000858,B33RNE7K7RM0Y9Y4B,BMW,M4,2005,Purple,Diesel,148127,CUST-13409,Holly Massey,ricebrian@example.org,(362)258-3648,SVC-00000858,2024-04-22,Tire Rotation,Travis Contreras,3090.4,1831.41,1258.99,Expired,2025-04-02,Scrapped,2026-04-07
VEH-000859,XX3NJYSXZ1UA82C93,Ford,Mustang,2009,LightPink,Gasoline,112858,CUST-42883,Amanda Wright,whitejulian@example.org,(709)868-3893,SVC-00000859,2023-07-05,Tire Rotation,Sarah Murray,992.07,201.64,790.43,Expired,2026-01-06,Active,2025-01-21
VEH-000860,ZZ2HWTXFTPUMWX3R0,Tesla,Model 3,2002,CadetBlue,Gasoline,125940,CUST-94330,Ms. Veronica Morrison,herringmatthew@example.org,297-257-4594x857,SVC-00000860,2024-12-11,Battery Replacement,Michelle Hays,2180.47,1044.44,1136.03,Not Applicable,2024-05-28,Inactive,2025-03-02
VEH-000861,Y696R9MHY9GJR8HM7,Toyota,Corolla,2020,DarkRed,Electric,235523,CUST-53865,Stephen Reeves,rubiojustin@example.com,876.358.9001x42010,SVC-00000861,2025-09-03,Other,Joshua Cooper,511.21,30.17,481.04,Active,2024-12-27,Active,2023-09-12
VEH-000862,A341VFYCK0HTCCWL9,Kia,Telluride,2007,Cornsilk,Gasoline,161958,CUST-14160,Samuel Newton,steven16@example.org,+1-868-467-0482,SVC-00000862,2025-08-02,Engine Repair,Laura Gray,2062.28,1457.86,604.42,Not Applicable,2025-09-29,Active,2024-04-09
VEH-000863,YL1XLY8DBUVW9SPFM,ford,F-150,1998,NavajoWhite,Electric,132467,CUST-58464,David Castro,roachkevin@example.org,001-572-487-6819,SVC-00000863,2023-08-05,Inspection,Brittany Kidd,854.06,108.3,745.76,Not Applicable,2025-12-30,Scrapped,2025-05-12
VEH-000864,00000000000000000,Ford,Bronco,1997,Snow,Diesel,173421,CUST-72544,Jeffrey Williams,jamie84@example.org,(451)628-9499x50315,SVC-00000864,2025-03-14,Body Work,David Martin,2498.3,1887.2,611.1,Expired,2024-08-16,Inactive,2023-10-09
VEH-000865,GTH49GZXGTS6H22W4,BMW,3 Series,2000,Crimson,Gasoline,3690,CUST-16533,Megan Wallace,matthew24@example.net,001-452-246-3814x27268,SVC-00000865,2025-05-31,Battery Replacement,Brian Rivera,2584.06,1320.49,1263.57,Expired,2026-02-19,Inactive,2023-10-26
VEH-000866,AW2R7BBHJ42SG1WTS,Honda,Accord,2016,MediumSeaGreen,Gasoline,248192,CUST-62495,Crystal Patterson,dale37@example.com,381.547.2979x037,SVC-00000866,2024-11-26,Other,Shelley Wilson,1536.65,417.8,1118.85,Not Applicable,2024-07-19,Active,2025-06-23
VEH-000867,LCB6W6D2TFWBJW9MF,Chevrolet,Malibu,2023,Coral,Plug-in Hybrid,66083,CUST-24969,Patty Robinson,shelly16@example.com,,SVC-00000867,2023-01-23,Brake Service,Robert Sanford,2213.66,1350.8,862.86,Active,2025-06-21,Inactive,2026-01-24
VEH-000868,VH960C7F56VNMH999,Honda,CR-V,2002,SpringGreen,Gasoline,179114,CUST-87646,Joshua Ramirez,janetperez@example.net,(666)393-2554,SVC-00000868,2022-10-09,Tire Rotation,Susan Davis,678.0,597.74,80.26,Not Applicable,2025-04-18,Scrapped,2023-06-25
VEH-000869,VIN-MISSING,Ford,Bronco,2019,YellowGreen,Diesel,25937,CUST-97735,John Carson,patricia63@example.net,,SVC-00000869,2026-02-04,Brake Service,Charles Nelson,1223.73,1972.64,677.98,Expired,2026-03-03,Inactive,2023-11-10
VEH-000870,4WGGEFVCXV1FKUSD7,Honda,Civic,2006,Aquamarine,Electric,192726,CUST-75834,Joshua Ortiz,brianrose@example.net,(797)781-7336x69936,SVC-00000870,2026-03-15,Inspection,Sara Marquez,2688.29,1626.24,1062.05,Not Applicable,2025-09-06,Active,2024-07-24
VEH-000871,DUECE1FE3MJGEKK8B,Tesla,Model X,2024,LightSkyBlue,Plug-in Hybrid,101558,CUST-95524,Joseph Moran,fmorales@example.org,001-711-878-5191x800,SVC-00000871,2025-09-28,Battery Replacement,Kathryn Patel,2563.18,1829.97,733.21,Active,2025-08-25,Inactive,2023-06-21
VEH-000872,RANK4A5D3URDS4L17,Chevrolet,Traverse,2003,DarkSlateBlue,Gasoline,64211,CUST-38358,Heather Werner,reynoldsstephen@example.net,001-596-522-9699,SVC-00000872,2023-08-17,Other,Brittany Kidd,1357.36,491.62,865.74,Expired,2025-10-04,Inactive,2025-01-06
VEH-000873,4D0M8D35T9EANL1ZP,BMW,5 Series,2010,PowderBlue,Electric,89500,CUST-48105,Chelsea Lewis,jennifer87@example.org,553.271.5427x66979,SVC-00000873,2025-09-19,Other,Michelle Torres,2231.15,1858.81,372.34,Expired,2025-05-23,Active,2025-01-18
VEH-000874,J50DNTK5KYEP2CDGJ,Chevrolet,Equinox,2015,ForestGreen,Hybrid,163419,CUST-33151,Francisco Crawford,april97@example.org,(341)606-4456x2493,SVC-00000874,2022-12-11,Oil Change,Charles Nelson,2318.82,1170.83,1147.99,Not Applicable,2024-10-27,Inactive,2024-02-16
VEH-000875,0HJ35TTF6UC3UBH68,Kia,Sorento,2022,Gray,Hybrid,139129,CUST-78354,Robert Bryant,onealcasey@example.net,8513399423,SVC-00000875,2023-10-06,Battery Replacement,Susan Davis,297.86,99.3,198.56,Active,2024-05-17,Active,2025-06-19
VEH-000876,38G80HZXGG21YXBXM,Tesla,Model Y,1998,ForestGreen,Electric,179447,CUST-69091,Robert Cisneros,courtney89@example.com,643-364-4157x389,SVC-00000876,2025-03-17,Battery Replacement,David Martin,1834.99,1541.94,293.05,Expired,2025-09-17,Inactive,2023-08-19
VEH-000877,DRE0GEP1T5PE9RLG4,Kia,Sorento,1998,CornflowerBlue,Hybrid,73710,CUST-49666,Alexandria Cooper,tracie15@example.com,(524)291-1357x783,SVC-00000877,2023-11-23,Brake Service,Wanda Gutierrez,3686.76,1631.02,475.61,Expired,2025-09-13,Active,2025-11-04
VEH-000878,B25AWHLJXJ7KY3N5H,Tesla,Cybertruck,1997,MediumAquaMarine,Hybrid,128552,CUST-25121,Jennifer Daniels MD,jonescaleb@example.net,812.271.5849x980,SVC-00000878,2024-09-12,Body Work,Caitlin Marshall,285.02,203.51,81.51,Expired,2024-04-21,Active,2025-12-20
VEH-000879,HJ20R3ZWEKZDXJ29E,Nissan,Sentra,1998,Maroon,Electric,230030,CUST-82385,Lynn Robinson,greeneamy@example.org,508-362-7814x1044,SVC-00000879,2025-09-08,Battery Replacement,Michelle Hays,1887.67,1793.11,94.56,Not Applicable,2024-09-02,Active,2023-07-19
VEH-000880,HBSGMLGU9EZSMBMPU,Kia,Telluride,2013,AntiqueWhite,Hybrid,68166,CUST-62444,Cathy Sullivan,william33@example.org,001-365-704-8943x61339,SVC-00000880,2024-12-04,Other,Susan Davis,434.53,266.08,168.45,Not Applicable,2025-06-25,Scrapped,2025-06-22
VEH-000881,XTNKMY23C57W5AX0U,Mercedes,S-Class,2012,GhostWhite,Gasoline,249017,CUST-35592,Pamela Brooks,andrew94@example.net,796.840.3358,SVC-00000881,2023-01-30,Body Work,Shelley Wilson,1143.52,2.63,1140.89,Expired,2024-08-15,Inactive,2025-01-12
VEH-000882,9XXC1950BHP3Y0S0K,Hyundai,Tucson,2010,DarkSlateBlue,Electric,16908,CUST-88078,Scott Duncan,,+1-727-666-5175,SVC-00000882,2024-10-17,Inspection,Kathryn Patel,2199.14,1976.22,222.92,Not Applicable,2025-06-27,Scrapped,2024-03-02
VEH-000883,AT6AGGPS8J1EY2YCL,Kia,Sportage,1996,MediumVioletRed,Hybrid,133791,CUST-77904,Jennifer Wong,jeremywright@example.org,001-394-384-1806x013,SVC-00000883,2024-09-29,Battery Replacement,Paul Valencia,1689.03,558.68,1130.35,Expired,2024-12-03,Active,2023-04-26
VEH-000884,RRP6SS7ZVY9XPZ4AM,Hyundai,Santa Fe,2014,Magenta,Electric,8118,CUST-44267,Pamela Hartman MD,fhernandez@example.net,001-612-229-0530,SVC-00000884,2023-12-11,Oil Change,Shelley Wilson,1355.83,1191.75,164.08,Expired,2025-05-07,Scrapped,2024-01-15
VEH-000885,1GLH6EK5RYPBZMTVT,MERCEDES,S-Class,2006,Wheat,Electric,214192,CUST-88149,Teresa Thomas,brittneyrhodes@example.com,275-246-4647x6095,SVC-00000885,2026-03-13,Other,Brian Rivera,1403.66,907.43,985.61,Expired,2026-02-21,Scrapped,2023-07-19
VEH-000886,URFFESAHXBCPFEMGL,Tesla,Cybertruck,2001,PaleGreen,Gasoline,67881,CUST-38580,Tyler Davis,xsanchez@example.net,001-631-618-7093x34021,SVC-00000886,2024-06-18,Inspection,,2950.89,1893.27,1057.62,Not Applicable,2025-08-06,Inactive,2023-09-08
VEH-000887,9KFUREE4J73RUVML6,Nissan,Frontier,2015,DeepSkyBlue,Plug-in Hybrid,200273,CUST-12289,Olivia Gibson,stonedana@example.com,512-474-4342,SVC-00000887,2025-11-25,Battery Replacement,Susan Davis,1063.91,598.33,465.58,Expired,2025-07-12,Active,2024-07-28
VEH-000888,P4TR080V4NWAXBTXA,Hyundai,Santa Fe,2012,PaleGoldenRod,Electric,58562,CUST-68811,David Benjamin,morganvanessa@example.net,+1-412-710-5113x5027,SVC-00000888,2023-02-12,Oil Change,Jessica Thomas,558.43,215.06,343.37,Expired,2025-09-14,Active,2024-09-01
VEH-000889,1HGCM82633AO04747,nissan,Altima,2011,BlanchedAlmond,Gasoline,132985,CUST-11115,Connie Zhang,dianemedina@example.net,+1-720-486-4595x6767,SVC-00000889,2022-09-07,Oil Change,Charles Nelson,1575.24,133.66,1441.58,Not Applicable,2026-01-16,Inactive,2023-07-18
VEH-000890,V7U6526Z5XSSTDV9Z,Hyundai,Sonata,1999,WhiteSmoke,Diesel,41134,CUST-72083,Kathleen Anderson,operez@example.org,001-355-251-2325x913,SVC-00000890,2023-05-07,Engine Repair,Shelley Wilson,2973.92,1979.73,994.19,Expired,2025-06-08,Active,2024-08-04
VEH-000891,KY0A17TNJFAB8ZDPR,BMW,M4,2024,PaleTurquoise,Hybrid,40680,CUST-12170,Tracey Kirk,jennifer38@example.com,6575947389,SVC-00000891,2024-10-04,Body Work,Joshua Cooper,1649.06,489.38,1159.68,Active,2026-01-01,Inactive,2024-02-16
VEH-000892,F7LCLW3NJ35WV651X,BMW,X3,2002,LemonChiffon,Diesel,3458,CUST-25003,Nancy Liu,mariarodriguez@example.org,(650)485-6389,SVC-00000892,2026-03-02,Body Work,Jessica Thomas,569.62,322.08,347.77,Not Applicable,2024-07-07,Active,2025-07-27
VEH-000893,KZ8RSB9RNN2KHUU7W,Mercedes,S-Class,1996,DarkBlue,Gasoline,74388,CUST-17045,Mitchell Martinez,,,SVC-00000893,2023-07-23,Battery Replacement,Charles Nelson,2316.8,1833.29,483.51,Not Applicable,2025-10-17,Active,2023-07-25
VEH-000894,M9AU6420U87BCB4VV,Chevrolet,Silverado,2008,OldLace,Diesel,76191,CUST-90165,Brian Underwood,cameron50@example.com,+1-604-315-8483,SVC-00000894,2024-09-11,Brake Service,Susan Davis,742.46,651.4,91.06,Expired,2025-05-12,Inactive,2025-08-11
VEH-000895,ZBLGPG045EE7AJ4WU,Tesla,Model S,2003,MediumSpringGreen,Diesel,-2916,CUST-74705,Cheryl Garcia,david68@example.net,319-583-3388x1927,SVC-00000895,2024-04-23,Engine Repair,Melissa Mendez,3080.39,1817.07,1263.32,Expired,2025-02-18,Scrapped,2024-09-02
VEH-000896,BTSXF9U6TJVAKTU2E,Honda,Pilot,2024,Brown,Electric,122167,CUST-23281,Mr. James Villarreal,jill28@example.org,876-966-1718x231,SVC-00000896,2022-11-22,Body Work,Laura Gray,1110.48,814.72,295.76,Active,2025-05-04,Scrapped,2024-01-04
VEH-000897,JX40HHS6J9R6S9MB6,BMW,3 Series,2002,Lavender,Gasoline,78970,CUST-98136,April Briggs,orogers@example.com,001-572-738-4249x213,SVC-00000897,2024-04-29,Body Work,Laura Gray,1846.7,721.76,1124.94,Expired,2025-08-04,Scrapped,2024-04-26
VEH-000898,37KP0C01M44D75T82,Kia,Sportage,2000,LightBlue,Plug-in Hybrid,83924,CUST-53947,Joseph Duran,sanfordbrandi@example.com,620.397.6315x010,SVC-00000898,2024-04-29,Other,Katherine Bridges,1814.12,863.74,950.38,Expired,2024-07-18,Active,2025-11-19
VEH-000899,D8H85NXNVZJJEX18P,Mercedes,E-Class,2020,Brown,Diesel,127571,CUST-74962,Paula Walker,elizabeth60@example.org,(958)859-2645x5754,SVC-00000899,2025-12-08,Oil Change,Maria Rubio,2008.47,1115.88,892.59,Active,2025-03-13,Scrapped,2025-05-26
VEH-000900,XL9P7C0N7MKTVL4FG,BMW,3 Series,2012,LightSkyBlue,Plug-in Hybrid,125046,CUST-89409,Yvonne Shannon,taramiller@example.net,2792927442,SVC-00000900,2022-06-18,Inspection,Jessica Thomas,2386.0,1799.86,586.14,Expired,2025-05-22,Inactive,2026-02-13
VEH-000901,ET490EV679J7HDBKU,Ford,Explorer,2003,Teal,Plug-in Hybrid,45128,CUST-40385,Laura Wilson,,776-730-4657x2088,SVC-00000901,2024-07-17,Battery Replacement,,1787.1,1117.13,669.97,Expired,2026-03-09,Scrapped,2023-05-08
VEH-000902,INVALIDVIN123,Kia,Sportage,2011,Pink,Diesel,130607,CUST-61371,Stephanie Roberts,joseph01@example.com,327-698-1919x3029,SVC-00000902,2025-02-28,Brake Service,David Martin,2174.45,1659.69,514.76,Not Applicable,2025-12-01,Scrapped,2025-12-14
VEH-000903,RNRTJWZF9PB7XPGSD,Nissan,Rogue,2002,Bisque,Gasoline,242704,CUST-98708,Christina King,matthew39@example.org,(692)882-2418x42344,SVC-00000903,2024-04-16,Tire Rotation,Edward Allison,1029.47,784.7,244.77,Not Applicable,2026-03-13,Scrapped,2026-01-23
VEH-000904,KH3KHHFXYHNK6PVJ0,Mercedes,E-Class,2012,Maroon,Hybrid,166165,CUST-21134,Daniel Horn,holly97@example.net,847.465.2288x851,SVC-00000904,2024-05-01,Body Work,Melissa Mendez,412.44,229.41,183.03,Not Applicable,2024-10-22,Inactive,2023-04-24
VEH-000905,YRRFEDE8ZXKSCPXR3,Mercedes,C-Class,2005,DarkGoldenRod,Plug-in Hybrid,218766,CUST-20071,Justin Williams,qjohnson@example.net,(562)609-8746,SVC-00000905,2025-10-02,Inspection,Edward Allison,2249.97,1360.56,889.41,Not Applicable,2025-01-07,Inactive,2025-02-07
VEH-000906,TMXD1YEGZH44U031P,Mercedes,C-Class,2001,Coral,Diesel,114862,CUST-47819,Nicole Wilson,james32@example.org,,SVC-00000906,2022-06-26,Body Work,Kathryn Patel,1957.53,1522.79,434.74,Expired,2026-01-28,Inactive,2023-11-22
VEH-000907,T5N8SBE8SF5NBXR8C,TESLA,Model 3,2011,BlueViolet,Plug-in Hybrid,209601,CUST-49710,Jeff Perez,sanchezeric@example.org,819-846-1754,SVC-00000907,2025-02-22,Inspection,Colton Armstrong,1004.08,319.91,684.17,Expired,2025-10-02,Scrapped,2025-09-12
VEH-000908,1TMN4Y0G7Z82LVJX0,Kia,Sorento,2004,Coral,Diesel,12022,CUST-81864,William Brewer,ojones@example.org,405-248-6831x7076,SVC-00000908,2024-11-14,Engine Repair,Susan Davis,1987.66,900.51,1087.15,Expired,2025-12-19,Inactive,2023-10-31
VEH-000909,ZZNM0NS2S4W65EM6L,Kia,Soul,2001,MediumOrchid,Gasoline,119760,CUST-34808,Connor Moore,jefferyfowler@example.com,2664355044,SVC-00000909,2024-07-26,Body Work,Melissa Mendez,4256.7,818.06,1454.98,Expired,2024-11-26,Scrapped,2024-12-17
VEH-000910,CSWAC052S7MB8TXSF,ford,F-150,1996,HoneyDew,Diesel,116489,CUST-89247,Gabriela Grimes,edavidson@example.net,+1-445-206-7014,SVC-00000910,2023-10-13,Other,Charles Nelson,103.87,39.06,64.81,Not Applicable,2024-06-25,Active,2023-06-08
VEH-000911,G1ARTTKXCGK8Y7NRN,Ford,Mustang,1996,Bisque,Plug-in Hybrid,45463,CUST-38436,Justin Ramirez,melissa31@example.org,546.645.5877x043,SVC-00000911,2025-04-06,Brake Service,Debbie West,2381.08,1423.13,957.95,Expired,2025-11-24,Inactive,2025-03-20
VEH-000912,3G29MC9ELJA7VWCJJ,Mercedes,C-Class,2022,Snow,Hybrid,107011,CUST-60542,Catherine King,miaarmstrong@example.net,(732)634-1411,SVC-00000912,2023-09-20,Body Work,,2106.66,1866.91,239.75,Active,2024-12-04,Active,2023-06-16
VEH-000913,TB6YEXN98EGJBPC9T,Kia,Sportage,2000,Linen,Gasoline,239964,CUST-61426,James Sullivan,bfrey@example.com,368-845-1454x41187,SVC-00000913,2026-06-21,Battery Replacement,Paul Valencia,1519.18,152.87,1366.31,Expired,2025-09-03,Active,2023-08-19
VEH-000914,D0W6APAPL3UPDYTFX,Honda,CR-V,2000,DarkCyan,Electric,69662,CUST-39919,Jason Pena,littlericky@example.com,+1-718-284-0248,SVC-00000914,2023-04-30,Other,Jessica Thomas,464.42,332.2,116.01,Not Applicable,2025-10-09,Inactive,2023-06-02
VEH-000915,CD1UYEFX9PE4NSNLB,Honda,Accord,2021,Aquamarine,Hybrid,242614,CUST-78202,Diane Brown MD,ricky22@example.net,001-961-963-8547,SVC-00000915,2024-08-27,Other,Paul Valencia,2716.67,566.03,1292.79,Active,2026-01-13,Inactive,2025-06-10
VEH-000916,5GMTGPFN684G9K012,Tesla,Model 3,2013,IndianRed,Diesel,93031,CUST-70342,Patricia Peters,smithpaul@example.com,731.673.8685x590,SVC-00000916,2023-12-18,Brake Service,Caitlin Marshall,2722.97,1854.24,868.73,Expired,2026-02-02,Inactive,2026-02-23
VEH-000917,SGKSLWLLE9EBPAFEA,Mercedes,GLE,1996,Maroon,Electric,45544,CUST-59702,Jane Roth,samantha60@example.org,590-576-8462,SVC-00000917,2023-04-28,Brake Service,Wanda Gutierrez,584.26,375.85,208.41,Not Applicable,2025-09-08,Scrapped,2025-10-03
VEH-000918,NKME1AN5TCG33WFUF,BMW,3 Series,2017,MediumAquaMarine,Diesel,230997,CUST-67746,Tiffany Dennis,shellypotter@example.org,784-461-1816,SVC-00000918,2023-09-13,Inspection,Shelley Wilson,3129.09,1770.65,1358.44,Expired,2024-12-20,Scrapped,2024-07-25
VEH-000919,PWHYJXTY5E13ZR9SZ,BMW,5 Series,2004,PapayaWhip,Gasoline,63423,CUST-60440,Bethany Peterson,evelyn08@example.org,2177637870,SVC-00000919,2022-12-16,Tire Rotation,,655.13,175.85,1029.4,Expired,2025-05-30,Active,2025-11-30
VEH-000920,HXU24V87M8GUEZA49,Nissan,Frontier,2022,AntiqueWhite,Gasoline,164318,CUST-96021,Juan Simmons,mariomedina@example.org,+1-712-987-1948x5416,SVC-00000920,2024-09-21,Oil Change,Edward Allison,2044.26,639.14,1405.12,Active,2025-11-17,Inactive,2023-08-10
VEH-000921,ACVUAR52M0J90MF9L,Ford,F-150,2020,Snow,Electric,36551,CUST-56740,Matthew Gay,caldwellkaren@example.com,+1-602-827-4794x39189,SVC-00000921,2024-05-01,Battery Replacement,Brittany Kidd,2245.1,1377.36,867.74,Active,2025-11-29,Scrapped,2025-03-29
VEH-000922,KUFYTHEFKVCX3C4AS,Honda,CR-V,2004,Ivory,Gasoline,6644,CUST-45191,Sara Pierce,hannah53@example.net,755-546-7456x2176,SVC-00000922,2022-06-26,Battery Replacement,Brian Rivera,2198.96,877.5,1321.46,Not Applicable,2025-09-17,Inactive,2025-11-26
VEH-000923,YL7KN6V602NX5HLXG,Hyundai,Santa Fe,1997,PowderBlue,Hybrid,90800,CUST-41314,Kristin Taylor,millermichelle@example.net,545.794.3068,SVC-00000923,2025-02-25,Tire Rotation,Paul Valencia,1041.61,132.51,909.1,Expired,2025-05-08,Active,2024-08-13
VEH-000924,HWT96CN0RHC8WRURK,Chevrolet,Equinox,2009,PaleVioletRed,Hybrid,71620,CUST-68301,Lauren Campos,joelhowell@example.com,610.563.4319x90112,SVC-00000924,2023-10-31,Engine Repair,Maria Rubio,2498.47,1545.07,953.4,Not Applicable,2024-08-27,Scrapped,2024-01-21
VEH-000925,ET3J5VCFBZ3YBW37S,chevrolet,Traverse,1998,LightSteelBlue,Plug-in Hybrid,178721,CUST-39663,Brian Nguyen,brett43@example.org,8544322773,SVC-00000925,2026-01-19,Engine Repair,Shelley Wilson,819.14,304.1,515.04,Expired,2025-05-16,Inactive,2023-12-14
VEH-000926,VIN-MISSING,Tesla,Model 3,2017,MediumSeaGreen,Diesel,210641,CUST-58106,Wendy Hayes,jfrench@example.org,(551)330-2629,SVC-00000926,2022-04-14,Body Work,Joshua Cooper,943.83,354.08,589.75,Not Applicable,2024-09-15,Scrapped,2023-07-14
VEH-000927,B3V0Y830VGUDYERGH,Honda,Accord,2024,OrangeRed,Hybrid,150238,CUST-88209,Courtney Doyle,elizabeth20@example.net,391.503.6853,SVC-00000927,2022-05-06,Inspection,Laura Gray,2219.66,1227.78,991.88,Active,2025-07-31,Scrapped,2025-07-08
VEH-000928,LP2AZCWTXV1NFV6ZV,KIA,Forte,2014,Indigo,Diesel,247483,CUST-48009,Mark Ellison,bpetersen@example.net,(609)810-9727x8577,SVC-00000928,2023-05-04,Oil Change,Susan Davis,2245.77,1068.67,1177.1,Expired,2024-04-17,Active,2024-06-22
VEH-000929,JSN1ZF8GX7LKHSJ13,BMW,X5,2017,Lavender,Diesel,9447,CUST-32128,Bethany Miller,kingrichard@example.com,428-985-7235,SVC-00000929,2022-05-16,Inspection,Robert Sanford,2085.82,940.1,1145.72,Not Applicable,2024-10-11,Inactive,2026-02-05
VEH-000930,JGWZKED43CAHAM25H,Hyundai,Santa Fe,2023,OrangeRed,Electric,221108,CUST-29444,Shannon Page,brownchristopher@example.com,,SVC-00000930,2022-09-02,Oil Change,,1465.86,1219.98,245.88,Active,2026-04-12,Active,2023-07-20
VEH-000931,KX8MU33ZGB1321AL9,BMW,X5,2022,Pink,Electric,122259,CUST-86103,Brittany Perry,anna69@example.com,523.636.7436,SVC-00000931,2022-10-02,Brake Service,Wanda Gutierrez,1542.56,1001.39,541.17,Active,2024-07-06,Active,2025-10-15
VEH-000932,0BCFX1N2UF4XSGRXH,Tesla,Model Y,2020,Snow,Hybrid,227748,CUST-58737,Joshua Hernandez,christopherjordan@example.org,001-350-878-7126x5936,SVC-00000932,2024-06-20,Tire Rotation,Laura Gray,884.55,183.28,701.27,Active,2025-09-09,Inactive,2023-08-06
VEH-000933,EGKPD8ENHME2H3UA8,hyundai,Tucson,2022,WhiteSmoke,Hybrid,202395,CUST-29646,Trevor Gomez,michelle23@example.com,770.728.4426,SVC-00000933,2023-11-12,Other,Laura Gray,2076.7,1985.41,91.29,Active,2025-07-08,Inactive,2025-10-07
VEH-000934,Y9JAC9LP8MX9SARGF,TOYOTA,Corolla,2018,Ivory,Hybrid,193785,CUST-25109,Cathy Jones,nicoleford@example.net,,SVC-00000934,2026-03-08,Oil Change,,1739.9,1494.22,245.68,Expired,2025-02-20,Active,2025-10-16
VEH-000935,00000000000000000,Tesla,Model 3,2022,DarkGoldenRod,Gasoline,106224,CUST-44438,Billy Mcdowell,blackwellchristine@example.com,4644676234,SVC-00000935,2026-04-05,Other,Brittany Kidd,2058.73,1913.66,145.07,Active,2024-06-13,Inactive,2026-02-24
VEH-000936,K2P7H1HY9B659BXW1,Mercedes,E-Class,2016,Chartreuse,Gasoline,162332,CUST-52400,Rodney Smith,katherine85@example.net,(320)822-7774,SVC-00000936,2023-07-05,Body Work,Charles Nelson,2517.15,1741.65,775.5,Expired,2024-06-18,Inactive,2023-05-18
VEH-000937,XV8VUC2AWY3Y6N4H1,Mercedes,S-Class,1997,SeaShell,Hybrid,136536,CUST-88543,Kimberly Crane,davidlee@example.com,982.625.0976,SVC-00000937,2025-03-08,Engine Repair,Colton Armstrong,3074.32,1940.79,1133.53,Expired,2024-10-10,Inactive,2025-02-10
VEH-000938,E3WYW1VTRW6A3JR4K,Kia,Soul,2008,NavajoWhite,Hybrid,234310,CUST-35178,Steven Murillo,ngarcia@example.org,,SVC-00000938,2026-04-06,Battery Replacement,Melissa Mendez,1663.18,1074.84,588.34,Expired,2024-09-03,Active,2024-10-06
VEH-000939,JD1Z8HFSKH3RBLTGP,Mercedes,GLC,2024,Maroon,Diesel,97153,CUST-59727,Robert Jones,terri07@example.com,+1-975-723-7340x01544,SVC-00000939,2024-11-18,Body Work,Travis Contreras,1692.08,1020.17,671.91,Active,2026-01-07,Active,2023-04-29
VEH-000940,PJB5VE0BJHSS4YAKY,Tesla,Model S,2004,Orange,Electric,188638,CUST-42289,Amy Francis,leonard62@example.com,,SVC-00000940,2022-07-26,Other,Brittany Kidd,1697.92,1187.75,510.17,Expired,2025-08-15,Scrapped,2026-02-11
VEH-000941,Z5LF6M9VA0BB4TJZK,Tesla,Model S,2007,Yellow,Diesel,139856,CUST-29435,Veronica Walker,evelyn53@example.com,493.646.9786x53166,SVC-00000941,2023-08-06,Body Work,Jessica Thomas,1724.82,1131.79,593.03,Not Applicable,2025-11-09,Inactive,2024-11-28
VEH-000942,PS3TKMFZG5JVE2LKZ,BMW,M4,2005,LightYellow,Gasoline,68364,CUST-19523,Barry Smith,hoganlauren@example.net,001-206-534-9979,SVC-00000942,2024-11-22,Oil Change,Jessica Thomas,1979.74,1880.46,99.28,Not Applicable,2026-02-09,Scrapped,2023-07-12
VEH-000943,K6EGZGFJBY2KFD93P,Tesla,Cybertruck,2002,RosyBrown,Gasoline,135348,CUST-72037,Karen Valencia,acostaaaron@example.net,001-878-693-5892x12848,SVC-00000943,2025-07-08,Body Work,Colton Armstrong,1143.69,59.3,1084.39,Expired,2025-08-29,Scrapped,2024-07-25
VEH-000944,UYFGAPP4Y410162US,Tesla,Model X,2001,LightPink,Plug-in Hybrid,-240904,CUST-58205,Mr. Andrew Foster,richard15@example.org,350.416.7475,SVC-00000944,2025-07-13,Engine Repair,Travis Contreras,1563.34,397.0,1166.34,Expired,2025-04-27,Inactive,2024-08-04
VEH-000945,FFBA432RCSPSTNRZK,Hyundai,Elantra,2014,Ivory,Gasoline,58429,CUST-14081,Kenneth Estes,ayerszachary@example.net,(225)762-2421x57671,SVC-00000945,2023-08-26,Brake Service,Sarah Murray,1284.71,210.09,1074.62,Not Applicable,2024-06-24,Active,2024-09-19
VEH-000946,TMALXL2YSH7DPV041,BMW,5 Series,2020,LawnGreen,Diesel,28230,CUST-17597,Michelle Mccann,katherine14@example.com,628-833-5965x89030,SVC-00000946,2025-05-21,Body Work,Wanda Gutierrez,949.4,619.22,330.18,Active,2024-11-26,Inactive,2025-12-21
VEH-000947,DH347M4MBWFJXD7NH,FORD,Escape,2019,Navy,Hybrid,192193,CUST-15252,Joseph Stokes,oschwartz@example.com,001-937-878-4137x7990,SVC-00000947,2026-02-01,Tire Rotation,Paul Valencia,1323.16,389.11,934.05,Not Applicable,2025-07-31,Inactive,2023-07-06
VEH-000948,BD0MG0MM20575A747,Ford,Escape,2022,Bisque,Hybrid,176080,CUST-88993,Allison Walls,nelsonkristin@example.net,574-794-4971x81039,SVC-00000948,2025-08-26,Other,Shelley Wilson,1312.21,1058.93,253.28,Active,2024-10-21,Inactive,2023-06-15
VEH-000949,Y0CPYZP41J7G4XU18,Nissan,Frontier,2007,Ivory,Hybrid,95062,CUST-49927,Tammy Medina,wanderson@example.net,+1-480-207-7304,SVC-00000949,2022-05-22,Other,Joshua Cooper,939.78,126.08,813.7,Expired,2025-02-05,Inactive,2023-08-08
VEH-000950,ND9NADS655CWB9SS2,ford,F-150,2001,MediumSeaGreen,Plug-in Hybrid,111019,CUST-17955,William Weber,jjones@example.net,+1-344-637-7145,SVC-00000950,2024-11-15,Battery Replacement,Charles Nelson,1852.01,609.69,1242.32,Expired,2024-12-05,Active,2025-05-04
VEH-000951,NU0VD227N714B460R,Chevrolet,Silverado,2002,LimeGreen,Electric,177803,CUST-89903,Christopher Harris,andrea43@example.com,+1-282-847-6536x311,SVC-00000951,2024-01-10,Other,Colton Armstrong,2357.18,1003.52,1353.66,Not Applicable,2024-05-31,Scrapped,2023-08-22
VEH-000952,99V8114F5RTEB4PKU,Kia,Sportage,2011,Aquamarine,Plug-in Hybrid,-139107,CUST-10526,Jennifer Cannon,rzimmerman@example.org,479.521.6136,SVC-00000952,2023-04-05,Battery Replacement,Brittany Kidd,2113.98,1834.82,1337.09,Expired,2025-03-07,Active,2024-06-10
VEH-000953,125GE5UU2C4R7M0AX,Hyundai,Elantra,2020,Moccasin,Hybrid,66301,CUST-31694,Michael Carter,tanyajackson@example.net,+1-251-645-6633x14942,SVC-00000953,2025-08-10,Inspection,Debbie West,923.41,1424.24,360.96,Active,2025-09-25,Active,2025-03-01
VEH-000954,Y3TWF4335E1DNNE69,mercedes,GLE,2003,LightGreen,Electric,40350,CUST-90323,Hannah Russell,kcharles@example.com,370-925-6088x936,SVC-00000954,2023-12-13,Engine Repair,Charles Nelson,1871.47,994.62,876.85,Not Applicable,2026-01-09,Scrapped,2023-09-21
VEH-000955,INVALIDVIN123,Kia,Sorento,2008,MediumTurquoise,Diesel,23569,CUST-62543,Michael Price,imathis@example.net,203-455-9369x35898,SVC-00000955,2024-02-04,Engine Repair,Sarah Murray,3263.94,1878.76,1385.18,Expired,2025-08-07,Inactive,2024-12-17
VEH-000956,1WBT667T3CE2S8YHJ,Tesla,Cybertruck,2016,DarkViolet,Electric,218595,CUST-98565,Monica Russell,sellersashley@example.org,(667)700-7931x288,SVC-00000956,2024-02-10,Oil Change,,956.25,183.41,772.84,Expired,2026-02-07,Scrapped,2024-02-12
VEH-000957,PLY3DFKNLJYUUS2NJ,BMW,X5,2012,CadetBlue,Hybrid,98569,CUST-89835,Melissa Davis,charlesgonzalez@example.org,001-580-834-1842,SVC-00000957,2025-06-15,Other,Robert Sanford,1374.08,985.56,388.52,Expired,2024-09-22,Scrapped,2024-05-07
VEH-000958,NGT5NLE0V7XWWT3W7,MERCEDES,C-Class,1998,Magenta,Plug-in Hybrid,78744,CUST-41192,Jacqueline Stuart,codylawson@example.com,,SVC-00000958,2024-09-10,Oil Change,Charles Nelson,2236.24,390.96,1171.35,Expired,2024-09-26,Active,2025-02-22
VEH-000959,3F08KED8RNRHM40VV,Toyota,Highlander,2006,RoyalBlue,Plug-in Hybrid,3181,CUST-82086,Phillip Maxwell,vanessabrown@example.com,+1-364-438-7082x13728,SVC-00000959,2023-07-22,Body Work,Paul Valencia,568.41,272.05,296.36,Expired,2025-04-25,Active,2023-08-07
VEH-000960,KH69ZLWUDB4TLYR8G,Hyundai,Sonata,2023,Violet,Electric,14580,CUST-10547,Aaron Castro,daniel50@example.net,8069608792,SVC-00000960,2023-10-16,Inspection,Brian Rivera,876.8,376.97,499.83,Active,2024-12-18,Active,2025-10-17
VEH-000961,2P9DGP776VHNMP0UV,Toyota,RAV4,2004,Gray,Diesel,175654,CUST-50057,Levi Mcdonald,larsenrobert@example.com,001-647-300-7571x2786,SVC-00000961,2025-01-19,Battery Replacement,Susan Davis,1343.93,795.98,547.95,Expired,2025-05-17,Active,2024-08-19
VEH-000962,6U2E6H2DNHL3CU8R0,Kia,Soul,2002,MediumTurquoise,Gasoline,33606,CUST-59092,Bobby Yang,curtisskinner@example.com,001-398-262-4788x02156,SVC-00000962,2026-03-18,Engine Repair,Kathryn Patel,2565.06,1803.13,761.93,Not Applicable,2024-09-02,Inactive,2023-09-23
VEH-000963,20SR77VL69P5CXS2G,BMW,X5,2021,LemonChiffon,Electric,148077,CUST-51008,Christian Todd,bmunoz@example.com,(763)397-4863x235,SVC-00000963,2023-11-04,Body Work,Melissa Mendez,2171.19,1524.63,646.56,Active,2025-10-12,Active,2024-08-01
VEH-000964,KUT3C3PEXVGMRDG3S,Mercedes,S-Class,2000,Tomato,Gasoline,104291,CUST-19679,Victor Jones,bparsons@example.net,001-385-417-0246x406,SVC-00000964,2026-03-02,Tire Rotation,Paul Valencia,1746.79,114.16,1095.12,Expired,2025-06-16,Inactive,2024-06-02
VEH-000965,KNYE9AM3SFPV8XSPX,Chevrolet,Silverado,2004,Linen,Diesel,172689,CUST-22406,Deborah Dominguez,williamsdeanna@example.net,,SVC-00000965,2022-12-15,Inspection,Sara Marquez,1073.51,796.05,277.46,Expired,2025-02-13,Active,2023-11-11
VEH-000966,KXM3BJLD1BZ8XR7HX,Toyota,RAV4,2024,Cyan,Plug-in Hybrid,153605,CUST-58895,Jimmy Watkins,floydvicki@example.net,969.346.7082x7313,SVC-00000966,2023-11-17,Brake Service,Edward Allison,2183.17,963.52,1219.65,Active,2025-06-05,Inactive,2024-10-17
VEH-000967,U5HNVKJJV85MTY9EP,Mercedes,E-Class,2020,LimeGreen,Plug-in Hybrid,23156,CUST-78774,Maureen Miller,john02@example.net,(271)831-7217,SVC-00000967,2025-04-21,Inspection,Paul Valencia,2322.41,1446.65,682.91,Active,2026-02-11,Active,2023-06-03
VEH-000968,INVALIDVIN123,BMW,5 Series,2019,MediumOrchid,Diesel,63487,CUST-64143,Alyssa Jackson,tbauer@example.org,+1-804-619-6708x36762,SVC-00000968,2025-11-24,Tire Rotation,Charles Nelson,2515.99,1425.67,1090.32,Not Applicable,2026-02-25,Scrapped,2025-03-17
VEH-000969,96EKXXCS11N27WVG9,Kia,Forte,2022,Teal,Gasoline,221504,CUST-41721,Michelle Williams,christopher50@example.org,648-514-1647x182,SVC-00000969,2022-06-27,Battery Replacement,Colton Armstrong,1451.91,1323.43,128.48,Active,2024-08-13,Scrapped,2023-10-28
VEH-000970,K00R41VL1R87VNYLF,Toyota,RAV4,1995,Coral,Electric,136134,CUST-89695,Laura Taylor,savannah63@example.com,7604724636,SVC-00000970,2023-05-01,Brake Service,Katherine Bridges,769.56,463.96,305.6,Expired,2026-02-26,Scrapped,2026-02-09
VEH-000971,2H9UWZFE8P15CP5FU,Nissan,Pathfinder,1999,Pink,Gasoline,26875,CUST-85314,Trevor Delgado,richardfrost@example.com,+1-920-311-1429x32587,SVC-00000971,2024-07-14,Inspection,Edward Allison,640.49,557.82,82.67,Expired,2025-07-16,Inactive,2025-08-03
VEH-000972,D7JKWNM9Y6E6ATA9X,Mercedes,C-Class,2016,Green,Electric,79999,CUST-14454,Lauren Garcia,smithmelissa@example.com,5829528629,SVC-00000972,2022-07-31,Other,Colton Armstrong,1633.54,300.01,1333.53,Expired,2025-03-20,Scrapped,2026-02-16
VEH-000973,TSYK9DW7SMYFEUDM6,Tesla,Model S,1998,Olive,Diesel,220502,CUST-37711,Jerry Shannon,jessicapittman@example.org,+1-394-712-3393x44263,SVC-00000973,2024-06-30,Oil Change,Caitlin Marshall,1524.66,885.77,638.89,Expired,2025-05-23,Inactive,2025-03-13
VEH-000974,RGGNUA6YXF4WPL8YC,Chevrolet,Silverado,2018,Aquamarine,Hybrid,102601,CUST-66746,Kelly Davidson,michael17@example.org,+1-877-513-5260,SVC-00000974,2026-02-09,Tire Rotation,Joshua Cooper,2034.31,1808.4,225.91,Expired,2025-06-11,Inactive,2026-04-10
VEH-000975,VXUKXFRBL16W4Z7BR,Kia,Telluride,2023,MidnightBlue,Gasoline,21736,CUST-73047,Diana Johnson,weissstanley@example.com,256.609.7078,SVC-00000975,2024-01-08,Brake Service,,2248.65,1789.21,459.44,Active,2025-10-16,Scrapped,2023-11-16
VEH-000976,WYP39FK0AH3TSU8TX,Nissan,Sentra,2012,FloralWhite,Diesel,55933,CUST-10438,Daniel Page,lleblanc@example.com,456.334.5959,SVC-00000976,2022-11-22,Inspection,,2467.65,1422.51,1045.14,Not Applicable,2025-10-15,Inactive,2025-10-01
VEH-000977,79VASY7CRZLJ0DWTH,Toyota,Camry,2100,FloralWhite,Electric,38856,CUST-82624,Morgan Reyes,john70@example.net,001-503-397-1138x1051,SVC-00000977,2022-11-30,Engine Repair,,2558.22,1517.15,1041.07,Expired,2025-12-24,Active,2024-01-12
VEH-000978,5AZVFADJ46S1NKZBS,Hyundai,Tucson,2003,BlanchedAlmond,Diesel,205153,CUST-56703,Jesus Graham,garciamichael@example.com,,SVC-00000978,2023-05-14,Body Work,Caitlin Marshall,3332.79,1857.77,1475.02,Expired,2025-07-30,Inactive,2023-09-01
VEH-000979,5UUR5TXHKDLVYK7DF,Kia,Sportage,2005,DarkSlateBlue,Hybrid,166151,CUST-52209,Christopher Cabrera,michaelbrady@example.net,+1-805-611-5364,SVC-00000979,2026-02-07,Oil Change,Kathryn Patel,1206.97,993.8,213.17,Not Applicable,2024-11-03,Scrapped,2025-10-06
VEH-000980,XF0L3G9RSTEMD5CNH,Kia,Sorento,2001,MediumBlue,Hybrid,217962,CUST-24694,Amber Rogers,ashleycontreras@example.org,001-741-483-9465x261,SVC-00000980,2022-09-07,Tire Rotation,Shelley Wilson,713.3,136.16,577.14,Not Applicable,2026-02-27,Active,2025-02-01
VEH-000981,TGDBUPM7B6JMP08E5,Mercedes,GLE,2021,Purple,Gasoline,231175,CUST-76745,Elizabeth Mcfarland,florestracy@example.com,242.371.7235,SVC-00000981,2026-09-25,Other,Charles Nelson,1331.14,515.23,815.91,Active,2025-11-26,Inactive,2026-03-10
VEH-000982,RJAKH2GBGPVT34MX2,Chevrolet,Silverado,2023,BlanchedAlmond,Gasoline,31616,CUST-33407,Sarah Brown,kathywhite@example.org,411.342.3131x136,SVC-00000982,2026-05-05,Other,,1504.95,1115.79,389.16,Active,2025-05-11,Scrapped,2026-02-12
VEH-000983,6M8AMN4SALB51EGC0,Chevrolet,Tahoe,2022,Gold,Hybrid,117071,CUST-10705,Ryan Bird,manuelsullivan@example.net,791-249-0229x896,SVC-00000983,2023-03-16,Oil Change,Debbie West,2477.29,1141.0,1336.29,Active,2024-09-21,Active,2023-10-07
VEH-000984,L4CBARYMPT7TM81X7,Tesla,Model S,2024,Linen,Electric,172719,CUST-72499,Dr. Stacy Stone DVM,stacey79@example.org,,SVC-00000984,2023-12-18,Inspection,,2322.75,1503.42,819.33,Active,2026-01-06,Scrapped,2025-10-15
VEH-000985,EHP142LB93AR1SHGG,Tesla,Cybertruck,1997,Linen,Diesel,187110,CUST-57504,Erica Hancock,rwaller@example.org,341-827-7248,SVC-00000985,2024-03-16,Tire Rotation,Debbie West,1076.53,814.03,552.99,Not Applicable,2025-03-27,Active,2023-07-28
VEH-000986,2XP9T2YPRZYYV0RXF,Honda,Pilot,2008,Salmon,Diesel,9490,CUST-93016,Sheila Nunez,anthonyjohnson@example.com,(203)731-8329x45647,SVC-00000986,2023-05-13,Battery Replacement,Wanda Gutierrez,1901.17,1069.13,832.04,Not Applicable,2024-10-27,Inactive,2024-10-01
VEH-000987,DZMXMB3LV5D6DM6DU,NISSAN,Pathfinder,2018,RoyalBlue,Electric,216882,CUST-85571,Alicia Smith,thompsonsandra@example.org,+1-673-628-7512,SVC-00000987,2023-01-11,Battery Replacement,Caitlin Marshall,1759.92,325.0,1434.92,Expired,2025-10-10,Active,2023-04-17
VEH-000988,LPNG7HZYZAL992P6A,Kia,Sportage,2024,Brown,Hybrid,159960,CUST-28563,Tyler Rivera,davisfrancisco@example.com,933.687.3949x47231,SVC-00000988,2024-08-29,Inspection,Kathryn Patel,1926.18,1434.7,491.48,Active,2024-08-04,Inactive,2025-02-21
VEH-000989,KTT0WWTEFAXNSZJAK,Chevrolet,Tahoe,2011,DarkBlue,Diesel,44226,CUST-86218,Robert Hall MD,mirandaandrew@example.org,(835)630-1747,SVC-00000989,2022-04-26,Battery Replacement,,2288.1,1007.58,1280.52,Expired,2026-02-03,Active,2025-08-20
VEH-000990,1HGBH41JXMN10916,BMW,X5,2020,NavajoWhite,Gasoline,171005,CUST-41354,Monica Clark,vkennedy@example.net,469-287-9236x3745,SVC-00000990,2022-06-08,Oil Change,David Martin,652.37,515.11,137.26,Active,2025-11-18,Inactive,2025-05-09
VEH-000991,VF6EU7SAZ5HYPSJMS,Ford,F-150,2020,OldLace,Plug-in Hybrid,147788,CUST-38371,Trevor Stephens,evanstyler@example.org,001-394-911-5114x16559,SVC-00000991,2022-07-27,Oil Change,Sara Marquez,1015.64,806.46,209.18,Active,2024-11-13,Inactive,2023-05-18
VEH-000992,00000000000000000,Tesla,Cybertruck,2003,BlanchedAlmond,Gasoline,85008,CUST-78756,Jessica Ford,joshua27@example.net,767-471-8192x73762,SVC-00000992,2024-10-23,Body Work,Joshua Cooper,2185.29,1418.09,767.2,Expired,2025-04-19,Inactive,2025-08-01
VEH-000993,835NB9R79U4FU2MS5,Chevrolet,Malibu,2001,SaddleBrown,Electric,193172,CUST-48571,Kelsey Smith DDS,waterskatie@example.org,988.674.2922x224,SVC-00000993,2024-10-16,Oil Change,Katherine Bridges,382.91,296.15,86.76,Not Applicable,2024-06-12,Active,2025-06-05
VEH-000994,BW7GRD78XLFB62D3X,Chevrolet,Traverse,2001,SteelBlue,Diesel,173135,CUST-98805,Daniel Lara,david55@example.com,386-825-5112,SVC-00000994,2023-09-15,Battery Replacement,Brittany Kidd,2467.42,1576.01,891.41,Not Applicable,2024-05-22,Inactive,2026-01-24
VEH-000995,242WFTPH4ASAS001U,Nissan,Sentra,1999,NavajoWhite,Hybrid,127041,CUST-88449,Danielle Harris,websterchristopher@example.net,640-420-4989x51993,SVC-00000995,2025-02-19,Brake Service,Wanda Gutierrez,650.17,175.08,475.09,Expired,2025-09-19,Inactive,2023-06-06
VEH-000996,CJP1B060E2SJ30HKN,Ford,F-150,2012,Silver,Plug-in Hybrid,123803,CUST-65529,Patrick Butler,graytheresa@example.org,+1-326-733-3323x2480,SVC-00000996,2026-02-13,Engine Repair,Travis Contreras,1304.38,606.64,697.74,Not Applicable,2024-07-31,Active,2023-05-22
VEH-000997,8RTLSHXASV2KCDDHP,Honda,Civic,2015,BlueViolet,Electric,178214,CUST-25300,Lori Smith,jacquelinemcdaniel@example.org,916-293-5153x53844,SVC-00000997,2022-10-04,Brake Service,Charles Nelson,2186.08,1366.29,819.79,Not Applicable,2024-10-24,Scrapped,2024-06-12
VEH-000998,E8245DHH0NFJTVBJ0,Kia,Sportage,2001,Orange,Diesel,144980,CUST-77081,William Owens,sjones@example.net,656.688.9332,SVC-00000998,2024-08-14,Oil Change,Wanda Gutierrez,2191.75,1285.46,906.29,Expired,2024-09-22,Scrapped,2024-06-05
VEH-000999,A4X542167N4JRAS27,Honda,Pilot,2010,LightCoral,Diesel,108838,CUST-49687,Rebekah Black,michael35@example.net,206.448.4511x27061,SVC-00000999,2022-07-17,Body Work,Brian Rivera,268.72,135.97,132.75,Not Applicable,2026-01-06,Inactive,2025-09-09
VEH-001000,L5T35CV56W10NECDG,Chevrolet,Tahoe,2016,Orchid,Plug-in Hybrid,206990,CUST-27589,Ryan Sloan,frazierholly@example.com,001-788-586-2701,SVC-00001000,2024-03-27,Brake Service,Joshua Cooper,887.54,737.91,149.63,Not Applicable,2024-10-08,Scrapped,2024-03-03
VEH-001001,CHCZZCB034RUNPVAJ,Hyundai,Sonata,2006,PaleVioletRed,Plug-in Hybrid,210652,CUST-68561,Paul Burns,richardmiller@example.com,414.883.0278x7723,SVC-00001001,2023-01-24,Inspection,David Martin,1482.65,70.68,1411.97,Expired,2026-01-21,Scrapped,2026-02-16
VEH-001002,RVMLBVSC1P4VCJRDZ,Chevrolet,Traverse,2007,LightYellow,Hybrid,165345,CUST-34932,Melissa Greene,jesse99@example.net,001-425-601-4543,SVC-00001002,2023-06-04,Inspection,Wanda Gutierrez,2403.9,1287.41,1116.49,Expired,2024-07-30,Scrapped,2024-08-02
VEH-001003,AS47ED8FP1LADLXV4,Honda,Pilot,2016,Coral,Hybrid,7964,CUST-66839,Kimberly Lee,james77@example.org,(220)209-3877,SVC-00001003,2023-12-22,Tire Rotation,Robert Sanford,1965.41,1324.3,641.11,Expired,2025-02-25,Scrapped,2024-02-16
VEH-001004,223X2SFV8LU09PVUX,Ford,F-150,2008,DarkTurquoise,Plug-in Hybrid,42674,CUST-37889,Jamie Williams,kmurphy@example.com,392.690.6638x932,SVC-00001004,2023-07-28,Inspection,Wanda Gutierrez,2038.71,1749.21,289.5,Expired,2025-07-01,Scrapped,2024-06-08
VEH-001005,HX85T24EZ7MCDD1SP,honda,Pilot,2024,RosyBrown,Plug-in Hybrid,64457,CUST-91268,Erin Snyder MD,kingmario@example.org,(306)991-0692,SVC-00001005,2025-03-19,Engine Repair,David Martin,607.41,242.17,365.24,Active,2024-10-07,Active,2023-09-19
VEH-001006,ENEJU14HM6R9N22YE,Mercedes,E-Class,1996,DeepPink,Diesel,132209,CUST-48837,Natalie Lawson,samanthasnyder@example.com,001-724-240-9758x96974,SVC-00001006,2023-04-01,Engine Repair,Debbie West,3230.84,1894.26,1336.58,Expired,2024-07-23,Inactive,2026-01-14
VEH-001007,EXDCYJ8BUHF9W0CNB,Nissan,Altima,2022,Navy,Hybrid,171758,CUST-89269,Eric Huynh,jennifercooper@example.org,535-527-2455x51480,SVC-00001007,2025-10-17,Battery Replacement,David Martin,1823.06,996.85,826.21,Active,2025-09-20,Inactive,2024-08-13
VEH-001008,KABKR4X4LZKDU7T9A,Toyota,RAV4,1900,MediumSeaGreen,Hybrid,112953,CUST-93564,Andrew Sosa,,+1-829-462-4705x710,SVC-00001008,2023-02-26,Oil Change,David Martin,2345.84,1130.4,1215.44,Not Applicable,2026-03-08,Inactive,2025-11-16
VEH-001009,TARH6VT6Z1XE40E4H,Chevrolet,Equinox,2003,Azure,Plug-in Hybrid,3572,CUST-34001,Lance Wilson,karen11@example.net,001-618-446-2912,SVC-00001009,2022-12-15,Inspection,Melissa Mendez,1371.25,1014.55,356.7,Not Applicable,2024-11-24,Inactive,2024-02-20
VEH-001010,ERHXNPEJ33CE4LD3M,Kia,Telluride,1998,Chartreuse,Plug-in Hybrid,124624,CUST-93069,Luis Crawford,pamela37@example.com,505-220-0229,SVC-00001010,2023-04-16,Brake Service,,1427.33,640.34,786.99,Expired,2024-12-18,Active,2024-12-29
VEH-001011,XU2B58TELJZUCF20Z,Chevrolet,Malibu,2006,Aqua,Electric,-125030,CUST-15710,Suzanne Williams,andersonthomas@example.org,421-892-7100x020,SVC-00001011,2025-06-18,Tire Rotation,Shelley Wilson,2002.66,1761.01,241.65,Not Applicable,2026-03-01,Active,2023-08-21
VEH-001012,ZJF3B652W9XUV9JHY,Mercedes,GLC,2009,LightSlateGray,Hybrid,20587,CUST-41717,Kristin Donaldson,qschneider@example.com,438-737-9744,SVC-00001012,2023-11-23,Tire Rotation,Brittany Kidd,1831.3,579.71,1251.59,Not Applicable,2026-04-01,Active,2025-12-20
VEH-001013,UPTHMHJ8VVNHA0ETM,Ford,F-150,2011,SlateGray,Plug-in Hybrid,130504,CUST-33999,Christopher Castaneda,molinajames@example.net,607-610-0754x50785,SVC-00001013,2024-06-08,Battery Replacement,,2526.63,1232.16,1294.47,Expired,2024-11-15,Scrapped,2025-03-24
VEH-001014,PWTRDRE695E3FLLY6,Toyota,Corolla,1996,Navy,Electric,244922,CUST-64122,Luis Rice,brittney79@example.org,382.751.6315x832,SVC-00001014,2025-12-19,Oil Change,Sarah Murray,2462.81,1525.96,936.85,Not Applicable,2024-11-29,Active,2025-09-22
VEH-001015,VAN6FG6E357U053MG,Hyundai,Palisade,2004,PaleTurquoise,Diesel,115145,CUST-94857,Walter Wood,michael42@example.net,4894277674,SVC-00001015,2024-02-18,Battery Replacement,Sara Marquez,1255.86,849.62,406.24,Expired,2025-04-13,Inactive,2023-06-29
VEH-001016,JJYGLK6K73RZEVCT5,Mercedes,S-Class,2021,LightGreen,Diesel,14551,CUST-34113,Amanda Gonzalez,sandrews@example.net,283.713.1628x816,SVC-00001016,2022-05-15,Oil Change,Sarah Murray,2640.43,1572.61,1067.82,Active,2024-12-21,Active,2024-04-02
VEH-001017,889T5X5XR81E4KCZR,hyundai,Sonata,2012,DeepPink,Hybrid,9864,CUST-76875,Cathy Donovan,rodriguezcarla@example.com,+1-478-876-6465x1793,SVC-00001017,2024-02-17,Inspection,David Martin,2376.06,988.84,1387.22,Expired,2025-08-15,Inactive,2024-04-13
VEH-001018,JT7YJD3UG6ZR2P19M,Honda,CR-V,2006,SteelBlue,Gasoline,195618,CUST-27239,Allison Moore,colemanashley@example.com,441.968.7456x213,SVC-00001018,2022-05-06,Engine Repair,Jessica Thomas,1057.43,169.06,888.37,Expired,2025-12-22,Scrapped,2025-02-01
VEH-001019,AZF23RSM1FDHLZ4SR,BMW,M4,1997,DarkRed,Electric,79559,CUST-44025,Stephanie Castillo,howardteresa@example.net,839-643-1880,SVC-00001019,2025-10-19,Tire Rotation,Shelley Wilson,1536.31,1048.31,488.0,Not Applicable,2024-06-26,Scrapped,2024-11-07
VEH-001020,1W98G3Z1P29MSS04D,Toyota,Camry,2006,Wheat,Diesel,160523,CUST-37893,Robert Carney,wilsonjohn@example.com,+1-931-523-0986,SVC-00001020,2024-03-18,Other,David Martin,1015.43,308.02,707.41,Not Applicable,2024-12-12,Active,2023-06-08
VEH-001021,1HGBH41JXMN10916,Honda,Odyssey,2011,Maroon,Hybrid,121336,CUST-14182,Regina Larsen,michaelguerrero@example.net,738.729.4839,SVC-00001021,2024-02-24,Other,Michelle Hays,2217.01,834.17,1382.84,Expired,2024-05-10,Inactive,2025-05-27
VEH-001022,FCXNTK7D9H9245JW5,Hyundai,Elantra,2010,AntiqueWhite,Electric,123821,CUST-37010,Peter Hawkins,heather21@example.org,945-701-9311x58529,SVC-00001022,2025-09-05,Brake Service,Michelle Hays,878.38,318.79,559.59,Not Applicable,2025-09-18,Active,2023-08-16
VEH-001023,MUE59WYDB3R4C5Y8B,Hyundai,Sonata,-1,LightCyan,Diesel,209146,CUST-62258,Abigail Webb,websteralexandra@example.org,+1-891-923-2651,SVC-00001023,2023-08-11,Inspection,Katherine Bridges,3245.13,1917.42,1327.71,Expired,2024-12-31,Scrapped,2024-11-16
VEH-001024,4CXNMM4C34EFA1VY6,Mercedes,C-Class,2017,Azure,Plug-in Hybrid,37832,CUST-79988,Victoria Miles,aprilcasey@example.com,+1-753-775-3749x47232,SVC-00001024,2026-03-07,Other,Shelley Wilson,1910.86,907.09,1003.77,Not Applicable,2026-02-04,Scrapped,2025-08-29
VEH-001025,NBSWRZRYSGM6JYMEC,Chevrolet,Silverado,2017,Thistle,Plug-in Hybrid,63485,CUST-89617,Alyssa Daniels,jessicaknapp@example.net,367-249-7724x45935,SVC-00001025,2022-10-04,Tire Rotation,Edward Allison,1670.69,1290.25,380.44,Not Applicable,2024-10-20,Scrapped,2025-11-23
VEH-001026,UEURHX0GZAA4M3JSS,Honda,Civic,2014,Linen,Gasoline,123775,CUST-67190,Wanda Campbell,,+1-644-977-5587x40162,SVC-00001026,2025-10-01,Engine Repair,Travis Contreras,1086.76,148.85,937.91,Expired,2025-01-27,Active,2025-11-17
VEH-001027,34H808AVP5T6HG0T7,Ford,Mustang,2011,Gold,Diesel,94164,CUST-91318,Donna Johnson,hjohnson@example.org,615.520.2330,SVC-00001027,2023-05-21,Brake Service,Robert Sanford,1304.02,968.05,335.97,Not Applicable,2024-05-22,Scrapped,2025-02-26
VEH-001028,19S0SLWMY43W71FND,Toyota,RAV4,2000,SeaGreen,Hybrid,82025,CUST-92457,Kimberly Knapp,vwells@example.net,883.440.6629x0408,SVC-00001028,2022-11-10,Body Work,Maria Rubio,1745.39,862.08,883.31,Expired,2026-02-12,Scrapped,2026-02-18
VEH-001029,HPCRYYT4RC4AKBJXU,BMW,X3,2004,LightBlue,Hybrid,100871,CUST-55767,Rhonda Robinson,hollandmichelle@example.com,+1-835-518-2399x74179,SVC-00001029,2025-06-06,Battery Replacement,Shelley Wilson,2458.3,1174.05,1284.25,Not Applicable,2025-09-30,Inactive,2024-07-05
VEH-001030,K7NW6S7E5WEG02VE3,Mercedes,GLE,2019,Green,Diesel,148678,CUST-13914,Jason Collins,christopher15@example.org,+1-477-354-5885x57504,SVC-00001030,2023-02-25,Battery Replacement,Brittany Kidd,2319.32,1142.14,1177.18,Expired,2024-09-06,Scrapped,2025-10-26
VEH-001031,53003BSMH7Z5RSPH9,Chevrolet,Traverse,1995,SpringGreen,Electric,214312,CUST-60195,Kimberly Cunningham,turnerdenise@example.org,909-353-4306x50207,SVC-00001031,2022-11-15,Battery Replacement,Charles Nelson,370.37,203.98,166.39,Expired,2024-10-11,Scrapped,2023-07-02
VEH-001032,E7ARMXMFEKUDNEAMN,Hyundai,Palisade,2003,LightPink,Hybrid,235637,CUST-94832,Steven Thomas,,(368)638-5486,SVC-00001032,2023-07-25,Other,Travis Contreras,1915.76,984.85,930.91,Expired,2025-12-07,Scrapped,2024-11-24
VEH-001033,XDRSS89P64UKG6TY0,Toyota,Corolla,2010,Blue,Hybrid,108904,CUST-29795,Justin Kim,dhenson@example.net,653-625-6620,SVC-00001033,2026-02-02,Inspection,Paul Valencia,1362.97,525.16,837.81,Expired,2024-04-24,Inactive,2024-07-12
VEH-001034,T6TVRGHD1RG2YKNAN,Kia,Soul,2024,ForestGreen,Hybrid,14624,CUST-94983,Kerri Ramos,fjones@example.org,226.602.7902x2683,SVC-00001034,2024-06-04,Oil Change,Sarah Murray,2889.32,1930.32,959.0,Active,2025-12-23,Active,2026-02-05
VEH-001035,81WRHT5P2HY73KWJS,Mercedes,S-Class,2003,DeepSkyBlue,Hybrid,15185,CUST-15989,Nathan Miller,henrypowell@example.com,433.934.9149,SVC-00001035,2024-10-01,Brake Service,Debbie West,2666.58,1635.69,1030.89,Not Applicable,2024-06-09,Active,2024-05-22
VEH-001036,E9C3P1JLWMBT5V8R8,Kia,Sportage,2006,Silver,Plug-in Hybrid,53310,CUST-22453,Brian James,,9643736065,SVC-00001036,2023-06-06,Inspection,Charles Nelson,1565.78,415.8,1149.98,Not Applicable,2025-02-13,Scrapped,2026-01-19
VEH-001037,T45T083WTHDPXV5JA,Honda,Civic,1995,MediumSlateBlue,Electric,216963,CUST-45394,Cassandra Bond,,(553)398-0196x261,SVC-00001037,2023-06-14,Tire Rotation,Michelle Torres,1437.16,20.98,1416.18,Expired,2025-03-17,Scrapped,2026-02-15
VEH-001038,1MRAHZLJMEB4SA7LW,Mercedes,S-Class,2006,Coral,Gasoline,246380,CUST-89853,Nicole Smith,,+1-383-918-9422x22583,SVC-00001038,2023-05-03,Tire Rotation,Paul Valencia,2467.14,1540.66,926.48,Expired,2025-01-23,Inactive,2023-05-30
VEH-001039,CH7JU5ER06RLCYN6R,BMW,X3,2003,OrangeRed,Diesel,216391,CUST-63671,Brian Vasquez,mathewescobar@example.com,001-454-867-8252x45434,SVC-00001039,2025-09-28,Oil Change,Laura Gray,770.83,314.81,456.02,Expired,2025-10-14,Scrapped,2025-12-22
VEH-001040,5Y9591HNM3YJS69P2,Toyota,Camry,2001,Silver,Hybrid,213419,CUST-27371,Jane Stephenson,alyssaneal@example.net,341.848.1157,SVC-00001040,2024-04-09,Body Work,Michelle Torres,2511.89,1089.98,1421.91,Not Applicable,2025-02-03,Scrapped,2024-08-05
VEH-001041,DC23USZ72F5RFKNRL,BMW,M4,2006,RoyalBlue,Hybrid,191315,CUST-39052,Jennifer Garcia,angelahernandez@example.org,001-474-297-5458x859,SVC-00001041,2022-12-29,Tire Rotation,Michelle Hays,2250.53,1489.29,761.24,Not Applicable,2025-04-09,Inactive,2023-08-13
VEH-001042,J5WV7M7ELT4J6FTCY,Toyota,Highlander,2000,Aqua,Plug-in Hybrid,86146,CUST-29593,Joel Cruz,brianasandoval@example.org,(380)701-4253,SVC-00001042,2024-04-19,Brake Service,David Martin,1695.31,1192.99,502.32,Not Applicable,2024-06-08,Active,2024-05-19
VEH-001043,DYZGU7HG2PCUD7SS2,Toyota,Corolla,2017,MidnightBlue,Hybrid,243038,CUST-76483,Jeffrey Lopez,danielmcdonald@example.org,(402)827-5036x0440,SVC-00001043,2023-08-16,Inspection,Charles Nelson,1850.66,1588.64,262.02,Expired,2025-11-07,Active,2025-09-12
VEH-001044,A099C73SXDVBPLDAE,Toyota,Camry,2002,IndianRed,Gasoline,248582,CUST-58106,Catherine Wolf,martinnicholas@example.org,648.772.5845x32769,SVC-00001044,2026-07-26,Inspection,Caitlin Marshall,2887.2,1532.73,1354.47,Not Applicable,2024-07-04,Inactive,2025-09-23
VEH-001045,FBN02D03LX0W1HVZF,Ford,F-150,2015,CadetBlue,Electric,201277,CUST-62302,Allison Smith,bellbenjamin@example.net,,SVC-00001045,2024-01-29,Body Work,Caitlin Marshall,1414.52,754.87,659.65,Expired,2026-03-23,Inactive,2024-08-31
VEH-001046,LZGX44XDVLPAEUEA7,Ford,Explorer,2008,Olive,Gasoline,155268,CUST-49126,Anthony Swanson,deanmelissa@example.net,001-857-722-5809,SVC-00001046,2022-07-20,Battery Replacement,Katherine Bridges,2320.22,1849.69,470.53,Expired,2024-07-23,Inactive,2023-12-24
VEH-001047,2EN61AEF8CLA7H60W,Ford,Explorer,2017,OliveDrab,Electric,145923,CUST-54513,Timothy Bates,,306-541-2822x586,SVC-00001047,2022-07-18,Oil Change,Melissa Mendez,887.62,1004.46,654.1,Not Applicable,2025-11-22,Inactive,2025-10-20
VEH-001048,G3EPUM84VX6JJ0JL3,Honda,Pilot,2005,DarkSalmon,Plug-in Hybrid,134358,CUST-51488,Stacey May,mcdonaldmarilyn@example.com,733.655.9157x996,SVC-00001048,2026-02-19,Other,Colton Armstrong,1863.76,1550.57,313.19,Expired,2024-12-14,Inactive,2026-03-04
VEH-001049,GBUVMXVUTXWJT67BV,Chevrolet,Traverse,1995,LightGray,Plug-in Hybrid,221918,CUST-60435,Michael Fox,cookpenny@example.net,,SVC-00001049,2024-11-28,Other,Michelle Torres,2437.0,1588.12,848.88,Expired,2024-05-29,Inactive,2023-08-15
VEH-001050,L3MBH2T6CLGYD4J27,Hyundai,Sonata,2014,Gray,Electric,31782,CUST-34513,Justin Smith,jeffreywilliams@example.com,458-445-0631x2051,SVC-00001050,2023-01-28,Battery Replacement,,859.77,118.94,740.83,Not Applicable,2026-04-11,Inactive,2023-10-27
VEH-001051,23V3NA80M5ZKS3ZHV,ford,Mustang,2009,Gainsboro,Diesel,132284,CUST-42511,Catherine Hampton,adamsalyssa@example.com,260.272.3620x329,SVC-00001051,2022-10-26,Brake Service,Kathryn Patel,983.59,817.05,166.54,Not Applicable,2024-07-14,Active,2023-09-26
VEH-001052,FU6435FYTG9X5L3K6,Honda,Odyssey,2006,DeepPink,Hybrid,202076,CUST-86159,Regina Lewis,zjones@example.org,359.224.1477,SVC-00001052,2023-11-01,Oil Change,Sarah Murray,1097.27,509.32,587.95,Not Applicable,2025-10-11,Scrapped,2025-11-14
VEH-001053,1W083JXB8AKG6VHK4,BMW,3 Series,1995,Sienna,Hybrid,173103,CUST-35432,Jessica Wade,brianmitchell@example.com,+1-511-718-5634,SVC-00001053,2022-08-19,Brake Service,Brian Rivera,1654.93,372.21,1282.72,Expired,2024-04-23,Inactive,2024-10-27
VEH-001054,41FDRDNBWP2KZ5N6P,Chevrolet,Tahoe,1998,Ivory,Gasoline,31377,CUST-34565,Cheyenne Nelson,imayer@example.net,(263)449-8983x6593,SVC-00001054,2025-07-10,Battery Replacement,Sarah Murray,2036.15,949.35,851.28,Expired,2025-08-13,Scrapped,2024-05-13
VEH-001055,RPHG55MGBN2DJ1UTC,Hyundai,Palisade,2019,Red,Plug-in Hybrid,124734,CUST-51688,Sandra Meyers,bturner@example.com,3127165754,SVC-00001055,2026-01-24,Brake Service,Kathryn Patel,1769.59,478.66,1290.93,Not Applicable,2024-08-06,Active,2023-09-29
VEH-001056,Z1D6Z2XCD8G4X8XTF,Ford,Bronco,2010,IndianRed,Plug-in Hybrid,178937,CUST-19214,Lauren Morton,diamondphillips@example.org,(389)782-2593,SVC-00001056,2022-08-23,Oil Change,Debbie West,3027.16,1976.05,1051.11,Expired,2025-03-28,Inactive,2026-02-03
VEH-001057,ZM8M5PDP9JULAK80L,Kia,Soul,2006,PowderBlue,Plug-in Hybrid,227307,CUST-91923,Teresa Dorsey,autumnthomas@example.net,961.461.3821x71286,SVC-00001057,2025-04-23,Oil Change,Susan Davis,949.16,846.18,102.98,Expired,2024-04-20,Active,2023-07-17
VEH-001058,D2A1YTTRP27KZRNLP,BMW,M4,2022,MediumBlue,Gasoline,216118,CUST-19231,Bryan Fleming,martinezpatty@example.net,(745)412-3019x68260,SVC-00001058,2026-05-22,Inspection,,1824.94,758.89,1066.05,Active,2025-08-18,Inactive,2023-12-21
VEH-001059,9KZJJ04F145XUMBG8,Chevrolet,Equinox,1996,BlueViolet,Electric,149904,CUST-35646,Jason Hall,ryanellis@example.org,+1-552-432-7036x57819,SVC-00001059,2024-10-28,Battery Replacement,Joshua Cooper,2292.33,1686.42,605.91,Expired,2025-06-02,Inactive,2025-06-19
VEH-001060,8M3RPN7MJL1JVW0CF,Toyota,Highlander,2008,DarkBlue,Gasoline,82996,CUST-48590,Peter Brown,jessicahill@example.org,306-892-4069x7075,SVC-00001060,2022-08-06,Battery Replacement,Travis Contreras,934.0,671.51,262.49,Expired,2024-05-08,Inactive,2024-03-31
VEH-001061,SEB4YZ4543S7J4CCY,Toyota,Camry,2020,SaddleBrown,Hybrid,193147,CUST-11547,Margaret Raymond,ogriffin@example.org,379.291.9196x011,SVC-00001061,2023-09-16,Oil Change,Laura Gray,2959.63,1111.22,1036.27,Active,2024-06-21,Active,2023-12-31
VEH-001062,70K1CJZZFCFNBASXA,Tesla,Model S,2010,IndianRed,Gasoline,31637,CUST-88048,Thomas Thompson,billyhancock@example.net,,SVC-00001062,2025-10-26,Tire Rotation,Colton Armstrong,1198.4,393.77,804.63,Expired,2025-08-27,Active,2025-11-04
VEH-001063,2VCF4RJA8V4D4USK1,Nissan,Pathfinder,1998,LightSteelBlue,Diesel,177748,CUST-68414,Megan Martin,,791-887-3309,SVC-00001063,2023-08-23,Inspection,Susan Davis,2013.75,1737.48,276.27,Expired,2026-03-06,Active,2023-11-08
VEH-001064,TLT077JZ61RSPPSTG,Nissan,Altima,1996,DodgerBlue,Hybrid,242784,CUST-38538,Brandon Christian,mcgeebrent@example.com,541.258.9019,SVC-00001064,2022-09-13,Brake Service,Caitlin Marshall,2132.05,1489.66,642.39,Expired,2026-02-12,Active,2025-12-08
VEH-001065,FPERSCNYS1VJARHTP,Nissan,Pathfinder,2002,PaleGoldenRod,Gasoline,74749,CUST-94717,Amber Pruitt,rowecynthia@example.com,(533)286-1773x64378,SVC-00001065,2023-10-31,Other,Michelle Hays,1720.17,889.71,830.46,Expired,2024-10-16,Scrapped,2024-07-04
VEH-001066,PA0N7EWTP5RY53PLY,Hyundai,Palisade,2023,Tan,Gasoline,19123,CUST-11695,Shane Jackson,dpugh@example.net,801-709-3333x90495,SVC-00001066,2025-08-27,Inspection,Wanda Gutierrez,648.17,141.61,249.38,Active,2025-05-16,Active,2025-05-11
VEH-001067,58908M45SFK7MS20G,Ford,Explorer,2020,LightSlateGray,Electric,180960,CUST-78374,Hannah Scott,harry27@example.org,+1-247-509-9295x542,SVC-00001067,2023-12-10,Brake Service,Michelle Torres,823.91,684.83,139.08,Active,2024-06-11,Active,2023-11-19
VEH-001068,J244KT03X32E5M04V,Honda,CR-V,1998,NavajoWhite,Diesel,5411,CUST-71026,Samuel Williams,chammond@example.org,(214)325-0275x76493,SVC-00001068,2024-01-08,Body Work,Robert Sanford,3159.88,1967.34,1192.54,Not Applicable,2024-11-26,Inactive,2025-12-12
VEH-001069,A82YNLJGM30VM83H3,Toyota,Highlander,2017,SaddleBrown,Plug-in Hybrid,111071,CUST-35065,Adam Moore,robert75@example.net,(674)538-4015x23306,SVC-00001069,2022-09-28,Body Work,Brittany Kidd,1938.3,1452.38,485.92,Not Applicable,2024-05-08,Active,2026-04-06
VEH-001070,WJM4H8KRYX9Z1XHVF,HYUNDAI,Santa Fe,2010,OliveDrab,Electric,230481,CUST-28924,Raymond Simmons,kevingray@example.com,(819)262-0537,SVC-00001070,2022-07-18,Body Work,Jessica Thomas,648.12,2.07,646.05,Not Applicable,2024-04-15,Scrapped,2023-06-29
VEH-001071,5WVN7MASL9B6HP659,Toyota,Corolla,1998,PaleVioletRed,Plug-in Hybrid,105352,CUST-25378,Dominique Nunez,david09@example.net,+1-380-722-6219,SVC-00001071,2025-02-06,Engine Repair,Travis Contreras,712.82,1434.52,147.01,Not Applicable,2025-04-23,Scrapped,2026-02-06
VEH-001072,288AAAW3LZ9WZA78T,Chevrolet,Equinox,2024,Orange,Electric,102703,CUST-88482,George Petty,,+1-598-410-2826x23049,SVC-00001072,2023-05-19,Body Work,Laura Gray,3275.77,1280.56,1098.27,Active,2025-10-24,Scrapped,2023-07-29
VEH-001073,D26TEEHKPGH35L4AT,Ford,Bronco,2020,Violet,Plug-in Hybrid,46770,CUST-31926,Christy Chen,vmontgomery@example.com,+1-488-258-6341,SVC-00001073,2023-03-27,Body Work,Charles Nelson,741.57,185.87,555.7,Active,2026-02-21,Scrapped,2026-03-27
VEH-001074,LMDGURCBEPNG6END3,Nissan,Pathfinder,2015,GreenYellow,Diesel,72666,CUST-28154,Chase Duran,qdonovan@example.com,328.544.6087x2735,SVC-00001074,2022-10-27,Tire Rotation,,1585.99,534.82,1051.17,Not Applicable,2026-01-31,Scrapped,2026-02-12
VEH-001075,39RG8BGUS111HEMPK,Tesla,Model S,1998,MediumOrchid,Hybrid,29156,CUST-56647,Brian Ross,dominique58@example.org,001-638-373-2535x3363,SVC-00001075,2022-06-25,Brake Service,Katherine Bridges,1766.65,467.34,1120.21,Expired,2024-12-21,Scrapped,2023-07-03
VEH-001076,82V2CGMFB6DSCSBLS,Toyota,Tacoma,2008,Bisque,Diesel,240489,CUST-93665,Michael Perez,jorge04@example.com,5328945140,SVC-00001076,2023-09-02,Brake Service,Colton Armstrong,1120.92,144.0,976.92,Not Applicable,2024-11-17,Active,2025-10-13
VEH-001077,BXRML2RZ07ZTXLHVV,Toyota,Camry,2018,LavenderBlush,Plug-in Hybrid,200310,CUST-23040,Emily Martin,william09@example.org,001-440-693-7840x312,SVC-00001077,2024-09-03,Tire Rotation,Colton Armstrong,2614.26,614.27,1220.82,Expired,2025-12-04,Inactive,2023-07-12
VEH-001078,PV9B7WTVGFXWK5XPM,Hyundai,Elantra,2000,Thistle,Electric,205123,CUST-79405,Donald Powell,dbradford@example.net,(805)475-1151x3906,SVC-00001078,2025-05-01,Brake Service,Katherine Bridges,1403.46,906.32,497.14,Not Applicable,2025-10-12,Inactive,2024-02-06
VEH-001079,J8R1SBHLC6Z21X619,Honda,Pilot,1998,RosyBrown,Gasoline,55961,CUST-84612,Elizabeth Graham,jturner@example.org,(437)916-4736x2127,SVC-00001079,2026-03-21,Engine Repair,Brittany Kidd,1030.76,343.49,687.27,Expired,2025-07-24,Scrapped,2025-03-17
VEH-001080,FC8L9M0JZ7X363CVP,Ford,Escape,2012,MidnightBlue,Electric,62231,CUST-64979,Nathaniel Vargas,ngarcia@example.com,6549035291,SVC-00001080,2023-10-23,Inspection,Melissa Mendez,1819.77,865.9,953.87,Expired,2025-05-30,Active,2024-06-09
VEH-001081,FVHB30P6SZYJCSNTW,Chevrolet,Equinox,2015,Moccasin,Hybrid,108922,CUST-54345,Walter Johnston,martinezdeanna@example.org,(566)753-1619,SVC-00001081,2023-02-27,Other,Joshua Cooper,1309.84,1001.6,308.24,Expired,2024-04-23,Scrapped,2023-11-15
VEH-001082,64APKD3DJN1UKB3ZL,BMW,X3,2011,Lime,Electric,113665,CUST-66968,Daniel Grant,rmiller@example.org,712-493-0634x5624,SVC-00001082,2024-10-16,Tire Rotation,Charles Nelson,1274.72,982.35,292.37,Not Applicable,2024-06-27,Scrapped,2023-11-28
VEH-001083,ZL2UBLP8Y72HF8LTV,Hyundai,Palisade,2002,LightGreen,Hybrid,177519,CUST-90502,Melvin Hernandez,slawrence@example.net,,SVC-00001083,2025-08-14,Brake Service,Caitlin Marshall,1922.46,1638.16,284.3,Expired,2026-01-13,Inactive,2025-05-18
VEH-001084,1JSVXKFZPZ332LD16,Chevrolet,Equinox,1999,MidnightBlue,Electric,210201,CUST-18463,Brandon Smith,ghill@example.org,001-689-732-2135x5905,SVC-00001084,2022-06-09,Engine Repair,Debbie West,2674.35,1939.19,735.16,Not Applicable,2025-01-14,Scrapped,2025-10-07
VEH-001085,XKPBRSYYT1NUN1N1P,Mercedes,S-Class,2013,DarkGreen,Hybrid,101019,CUST-92581,Lori Stephens,alyssaparker@example.com,479.400.5887,SVC-00001085,2024-06-15,Body Work,Paul Valencia,2752.59,1942.58,810.01,Expired,2024-06-26,Scrapped,2024-09-11
VEH-001086,D4GKZJTKKBUL3F44C,Nissan,Rogue,2016,DarkGreen,Electric,115706,CUST-90207,Kaitlyn Glenn,jsteele@example.org,+1-649-549-7779x1946,SVC-00001086,2025-10-23,Other,Sara Marquez,3098.91,1721.21,1377.7,Expired,2025-11-18,Active,2024-10-10
VEH-001087,HT7VG68RW4SWHZS3B,Kia,Telluride,2001,SpringGreen,Diesel,123720,CUST-83922,Melissa Suarez,nrivera@example.net,001-851-860-8931x042,SVC-00001087,2022-07-18,Inspection,Sarah Murray,3167.4,1911.84,1255.56,Not Applicable,2026-03-11,Active,2023-04-27
VEH-001088,3Z4WBSLM7ZFXPRTZZ,Nissan,Rogue,1995,DarkKhaki,Gasoline,229269,CUST-31850,Victoria Davis,baileyaaron@example.org,7837776320,SVC-00001088,2025-10-24,Brake Service,Sara Marquez,1403.33,286.02,1117.31,Not Applicable,2025-08-26,Inactive,2025-04-13
VEH-001089,0EKS5763BZKXGPV3W,Kia,Forte,2008,Bisque,Electric,116882,CUST-71667,Mrs. Brittany Mathews,nhoffman@example.com,(294)222-6075x072,SVC-00001089,2025-06-19,Inspection,Melissa Mendez,1472.55,1258.21,214.34,Not Applicable,2024-04-29,Active,2024-09-06
VEH-001090,INVALIDVIN123,Tesla,Model 3,2004,Salmon,Plug-in Hybrid,12920,CUST-41816,Latoya Gonzalez,harperryan@example.org,+1-265-333-0372x000,SVC-00001090,2026-08-26,Battery Replacement,Caitlin Marshall,1994.18,848.33,1145.85,Expired,2024-07-16,Inactive,2025-06-19
VEH-001091,VCNY03Z0MNJ1D7SNT,Hyundai,Santa Fe,2002,LightGoldenRodYellow,Hybrid,215820,CUST-18469,Megan Howe,tlang@example.net,997-309-6779x14425,SVC-00001091,2024-10-31,Engine Repair,Laura Gray,913.46,440.19,473.27,Not Applicable,2026-01-26,Inactive,2024-06-28
VEH-001092,1HGCM82633AO04747,Kia,Sportage,1998,SandyBrown,Plug-in Hybrid,12640,CUST-30168,Laura Hammond,leahwilliams@example.net,478.781.5104x4521,SVC-00001092,2025-03-30,Other,Shelley Wilson,1923.58,582.88,1340.7,Not Applicable,2026-04-01,Scrapped,2025-06-30
VEH-001093,EH1D4XHT72LNHMF9J,Kia,Forte,2017,MediumPurple,Gasoline,211472,CUST-85396,Amber Romero,christopheryoung@example.net,596.425.6080x6712,SVC-00001093,2023-04-23,Brake Service,Sara Marquez,2493.06,1276.62,1216.44,Not Applicable,2025-08-28,Scrapped,2024-08-06
VEH-001094,FKWX64T0ZTX3FML4X,Mercedes,GLC,2002,HoneyDew,Hybrid,176157,CUST-55102,Miss Heather Santos,angelakemp@example.org,,SVC-00001094,2023-10-03,Inspection,Brittany Kidd,605.75,115.29,490.46,Expired,2024-11-20,Active,2025-11-06
VEH-001095,25H3MK5V77UKDP0ZF,Kia,Telluride,2003,OliveDrab,Gasoline,198645,CUST-31129,Savannah Owens,ijones@example.org,001-889-732-5698x8703,SVC-00001095,2026-01-09,Other,Joshua Cooper,1838.7,501.02,1337.68,Not Applicable,2026-01-13,Active,2024-12-01
VEH-001096,GXSPBJAXJWCDCDBGE,Chevrolet,Malibu,2009,LightCoral,Plug-in Hybrid,135356,CUST-19267,Jeremy Hunt,luisferguson@example.com,+1-839-545-6259x62304,SVC-00001096,2023-07-13,Body Work,Colton Armstrong,834.36,48.49,785.87,Not Applicable,2024-10-01,Inactive,2025-04-21
VEH-001097,X0XLRZL3J7S91GMZW,Honda,Civic,2003,ForestGreen,Diesel,120380,CUST-49645,Elizabeth Hernandez,dhernandez@example.net,978-598-3572,SVC-00001097,2025-07-18,Brake Service,Shelley Wilson,3042.41,1573.92,1468.49,Expired,2025-03-05,Scrapped,2023-09-18
VEH-001098,INVALIDVIN123,Tesla,Model Y,2008,Lime,Diesel,98729,CUST-35723,Katie Thompson,latoya60@example.org,248-571-3206,SVC-00001098,2024-03-11,Inspection,Debbie West,2356.84,1454.83,902.01,Not Applicable,2024-06-07,Scrapped,2024-10-09
VEH-001099,LB703M23P48F4A3BJ,Chevrolet,Equinox,2007,Chocolate,Hybrid,234086,CUST-75717,Kenneth Fischer,tracy51@example.net,+1-778-947-2526x9194,SVC-00001099,2023-09-22,Battery Replacement,Colton Armstrong,2396.56,1391.42,1005.14,Not Applicable,2025-11-22,Active,2024-10-01
VEH-001100,FVJ9YBT8389U0SXCK,BMW,M4,2022,DarkMagenta,Electric,11526,CUST-41791,Francis Mercado,zwright@example.org,706.275.4054,SVC-00001100,2022-04-22,Engine Repair,Laura Gray,1068.51,1011.58,56.93,Active,2025-02-20,Active,2025-02-17
VEH-001101,CJMDR3KXGUZW982S1,Toyota,Tacoma,2012,Ivory,Plug-in Hybrid,241431,CUST-24561,James Burton,thomas40@example.net,+1-367-332-0824x93196,SVC-00001101,2025-01-01,Tire Rotation,Charles Nelson,2208.24,1881.81,326.43,Not Applicable,2024-09-28,Inactive,2024-09-24
VEH-001102,B9UHB94PLN6URH1HK,Nissan,Frontier,2016,PowderBlue,Electric,102287,CUST-59795,Steven Randall,kfischer@example.org,001-605-682-9560,SVC-00001102,2022-08-03,Tire Rotation,Michelle Hays,3001.91,1626.02,1375.89,Not Applicable,2025-01-04,Active,2023-05-04
VEH-001103,6NB932SMYDND30A5Y,Nissan,Frontier,2021,LightSalmon,Gasoline,107600,CUST-37027,Amber Reyes DDS,zhunt@example.com,519-334-7655,SVC-00001103,2023-07-14,Body Work,Edward Allison,2085.89,955.73,1130.16,Active,2025-01-31,Scrapped,2023-10-03
VEH-001104,AE3JHNM3M6XRJ2RZ7,Ford,Explorer,2010,Green,Plug-in Hybrid,48772,CUST-45212,Dana Smith,todd95@example.org,(318)947-4342x2923,SVC-00001104,2023-12-03,Engine Repair,Robert Sanford,2254.92,1351.78,903.14,Expired,2025-12-31,Inactive,2024-10-29
VEH-001105,2S2ZJE5GGAK6REGS4,BMW,3 Series,2018,OldLace,Electric,221592,CUST-71019,Jonathan Cox,amanda74@example.com,728-673-9347x5199,SVC-00001105,2026-04-02,Body Work,Michelle Torres,570.63,49.79,520.84,Not Applicable,2024-05-05,Active,2024-09-03
VEH-001106,LKXFRGSPGGFV48RU3,TOYOTA,Camry,1996,MediumAquaMarine,Gasoline,180952,CUST-13159,David Lee,robert17@example.net,+1-968-626-4195x39784,SVC-00001106,2026-01-29,Other,Michelle Hays,464.62,25.79,287.97,Expired,2025-08-22,Scrapped,2024-05-07
VEH-001107,C878R0ATPFTG18Y6M,ford,Escape,2009,DarkKhaki,Diesel,69327,CUST-20909,Rachael Robinson,nunezpatrick@example.org,+1-219-551-9649x517,SVC-00001107,2023-02-15,Other,Edward Allison,2184.16,838.07,1346.09,Not Applicable,2025-07-18,Active,2023-08-11
VEH-001108,BD6B0BHL5S0AD991J,Tesla,Model X,2011,Navy,Diesel,141041,CUST-42507,Jennifer Buck,manuel32@example.net,(220)888-0128x8459,SVC-00001108,2026-02-12,Tire Rotation,Debbie West,3446.62,1450.23,578.93,Expired,2026-02-20,Active,2023-05-27
VEH-001109,V2WGU828P7NTFC3N4,Tesla,Cybertruck,2024,Magenta,Diesel,101756,CUST-51395,Adrienne Jones,jacksonchristopher@example.net,398.371.0148,SVC-00001109,2025-09-15,Inspection,Wanda Gutierrez,1844.49,1620.43,224.06,Active,2025-10-21,Scrapped,2025-08-22
VEH-001110,PCJ83G394Y4MC2VKA,Ford,Escape,2015,Pink,Electric,161911,CUST-25407,Carol Wright,rosepayne@example.org,(614)249-6390x76848,SVC-00001110,2022-09-24,Oil Change,,558.76,387.34,171.42,Expired,2024-05-19,Scrapped,2024-02-03
VEH-001111,LDT3LXKMUN5XC4TXF,Nissan,Frontier,2018,SlateBlue,Gasoline,78111,CUST-46137,Charles Jones,xfoster@example.com,001-641-460-1750x6990,SVC-00001111,2025-10-18,Engine Repair,Paul Valencia,907.14,342.71,564.43,Not Applicable,2025-02-26,Inactive,2026-01-08
VEH-001112,49DRMGF17LA8DYRX1,BMW,3 Series,2014,DarkOliveGreen,Plug-in Hybrid,106440,CUST-79900,Jordan Gonzales,lawsonchloe@example.org,(479)851-0347x2124,SVC-00001112,2023-08-10,Oil Change,Laura Gray,451.87,118.08,333.79,Not Applicable,2024-07-02,Active,2023-12-12
VEH-001113,VIN-MISSING,Kia,Sorento,2018,YellowGreen,Hybrid,25245,CUST-19116,Jessica Waters,cooperjasmine@example.net,445.468.9720x66683,SVC-00001113,2025-06-27,Engine Repair,Melissa Mendez,2901.41,1897.21,1004.2,Not Applicable,2024-09-23,Scrapped,2023-05-18
VEH-001114,JLEZYEJJ887UPC91N,Ford,F-150,2000,SaddleBrown,Gasoline,244587,CUST-20840,Hannah Mason,kiara50@example.net,796.611.6352x83260,SVC-00001114,2022-05-30,Inspection,Paul Valencia,2262.24,1296.13,966.11,Expired,2025-02-24,Scrapped,2026-03-30
VEH-001115,1XHT1TRPKES7R0GB8,KIA,Forte,2020,Orange,Hybrid,203805,CUST-70184,Margaret Mathews,greenmark@example.org,(830)319-0252x43936,SVC-00001115,2024-12-05,Battery Replacement,Joshua Cooper,2740.98,1480.72,1260.26,Active,2025-01-15,Active,2024-03-04
VEH-001116,22DMGYWYK4TEA6R5T,Nissan,Pathfinder,2005,MediumTurquoise,Hybrid,172520,CUST-18821,Barbara Craig MD,,216-480-1808,SVC-00001116,2023-03-13,Oil Change,,834.46,721.45,305.54,Expired,2024-11-02,Inactive,2025-10-16
VEH-001117,8YMB2V8LHC8GPEPLC,BMW,X3,2010,PowderBlue,Gasoline,108727,CUST-16189,Gregory Martin,burnsjames@example.com,5227314694,SVC-00001117,2023-11-21,Battery Replacement,Paul Valencia,2031.36,1757.3,274.06,Not Applicable,2025-09-06,Active,2026-03-22
VEH-001118,ABC123,Tesla,Model Y,2012,ForestGreen,Plug-in Hybrid,145874,CUST-31345,Marilyn Miller,wilsonsamuel@example.net,+1-982-618-9520x696,SVC-00001118,2024-10-20,Oil Change,Wanda Gutierrez,989.34,237.1,752.24,Not Applicable,2025-09-04,Inactive,2023-12-14
VEH-001119,RYCE73CBARS7C8BS2,Mercedes,E-Class,2011,Peru,Diesel,129595,CUST-16478,Dylan Taylor,treynolds@example.com,001-701-838-8559x39209,SVC-00001119,2023-10-21,Body Work,Maria Rubio,2845.8,1365.94,1479.86,Expired,2025-02-04,Scrapped,2024-12-28
VEH-001120,WTEJAK3HNX42UC01B,Hyundai,Tucson,2000,Fuchsia,Hybrid,142701,CUST-21485,Jason Taylor,thomasnelson@example.com,,SVC-00001120,2024-08-02,Brake Service,Shelley Wilson,1394.55,491.37,903.18,Not Applicable,2025-06-08,Active,2026-01-16
VEH-001121,EPJVV90DR6CHCW8XW,Honda,Pilot,2006,DarkGray,Hybrid,53490,CUST-80102,Gregory Nelson,kpayne@example.net,9338971553,SVC-00001121,2026-04-06,Tire Rotation,Edward Allison,1552.53,507.43,1045.1,Not Applicable,2026-02-09,Scrapped,2026-01-23
VEH-001122,0FALR4JEJMJN0X2RJ,tesla,Cybertruck,2100,GreenYellow,Hybrid,124441,CUST-54472,Wesley Woods,lindacooper@example.org,(418)656-4798x33038,SVC-00001122,2022-08-21,Brake Service,,1368.7,1096.11,272.59,Active,2025-09-10,Inactive,2025-01-06
VEH-001123,GPJ3R7Y25JBFWXY07,Ford,Bronco,2012,YellowGreen,Diesel,212452,CUST-88592,Matthew Krause,,(500)657-0099x733,SVC-00001123,2022-04-14,Brake Service,Charles Nelson,1666.99,1120.36,546.63,Not Applicable,2025-05-09,Active,2024-04-05
VEH-001124,W2L9P2LM487PARDK4,Chevrolet,Equinox,2002,White,Gasoline,27248,CUST-14602,Scott Malone,johncarrillo@example.net,+1-804-445-9897x255,SVC-00001124,2025-07-08,Other,Michelle Torres,1212.51,227.77,984.74,Not Applicable,2026-01-10,Active,2024-08-28
VEH-001125,TMW3MMSDZ1R8XEE3K,Mercedes,GLC,2010,DarkViolet,Plug-in Hybrid,219414,CUST-86049,Jeremy Weiss,abbottmichael@example.org,5342230132,SVC-00001125,2025-02-03,Battery Replacement,David Martin,2159.23,756.32,1402.91,Expired,2025-10-02,Scrapped,2026-01-10
VEH-001126,3KKTRX1GAM0WFTFMR,Nissan,Sentra,2016,MediumTurquoise,Electric,125995,CUST-12709,Melissa Wilkerson,monicabailey@example.org,,SVC-00001126,2022-12-06,Engine Repair,Maria Rubio,2524.76,1237.53,1287.23,Expired,2025-09-01,Inactive,2023-07-17
VEH-001127,AVGKGYN0NDC899EW1,BMW,X5,1999,LightCyan,Electric,166250,CUST-54710,Mark Dougherty,edward96@example.com,489.203.8860x7609,SVC-00001127,2026-04-04,Body Work,Wanda Gutierrez,1566.03,1042.33,523.7,Not Applicable,2025-07-12,Scrapped,2023-09-18
VEH-001128,RGBTR2JV8T347106S,Ford,F-150,2000,LightGray,Plug-in Hybrid,21335,CUST-28107,Brian Washington,thomassilva@example.net,001-952-605-0043x089,SVC-00001128,2025-07-18,Brake Service,David Martin,2284.65,872.9,1411.75,Not Applicable,2025-05-28,Scrapped,2024-07-09
VEH-001129,6FK4TYFZAKMGSYGF6,BMW,5 Series,1997,LemonChiffon,Plug-in Hybrid,161242,CUST-22642,Joseph Blackburn,emilymiller@example.org,485-781-7780,SVC-00001129,2025-10-05,Inspection,David Martin,1602.37,958.65,643.72,Not Applicable,2025-12-10,Inactive,2025-12-23
VEH-001130,XD1C9ZBY6GZSBSCFM,Mercedes,GLE,1995,AntiqueWhite,Gasoline,231915,CUST-29309,Luke Murray,justinhahn@example.org,001-947-324-4346x740,SVC-00001130,2023-12-30,Oil Change,Michelle Hays,1994.45,1280.82,713.63,Not Applicable,2025-11-18,Scrapped,2024-12-23
VEH-001131,2SZB98BELEH8FSAF5,Kia,Sportage,2008,DarkTurquoise,Plug-in Hybrid,81044,CUST-61455,Teresa Johnson,lindseykelly@example.com,296.543.8782,SVC-00001131,2023-03-17,Engine Repair,Brian Rivera,1409.23,1285.14,124.09,Not Applicable,2024-10-29,Scrapped,2025-10-16
VEH-001132,NEVMV6M5P7Z0C3MZL,Toyota,Corolla,2001,LightSeaGreen,Hybrid,143858,CUST-89018,Rachel Johnson,christhompson@example.net,342.383.4005,SVC-00001132,2026-04-04,Body Work,Brian Rivera,2146.34,1697.7,448.64,Expired,2024-10-07,Scrapped,2023-05-31
VEH-001133,RDZ3R96JSFCTW93KF,Chevrolet,Traverse,2021,Silver,Diesel,180888,CUST-35766,Diane Torres,boydkelly@example.com,2829100095,SVC-00001133,2026-04-03,Oil Change,Katherine Bridges,1082.39,245.13,837.26,Active,2026-04-11,Scrapped,2023-09-16
VEH-001134,9XWMLRACGLXLCZPRV,Mercedes,GLC,2018,Plum,Hybrid,13365,CUST-30412,Lisa Walker,timothysmith@example.org,918-654-3196,SVC-00001134,2025-02-01,Oil Change,Brittany Kidd,2215.19,877.14,1338.05,Not Applicable,2024-07-26,Active,2025-06-06
VEH-001135,YTL4UL0H5ST4XBYKU,Chevrolet,Malibu,2020,DarkMagenta,Gasoline,104477,CUST-12655,Cheryl Delgado,cynthia48@example.net,(966)663-3848,SVC-00001135,2022-05-14,Engine Repair,Edward Allison,729.63,502.15,175.1,Active,2024-11-24,Scrapped,2024-12-12
VEH-001136,9NDEZPJRUVVLYE2GJ,Nissan,Altima,2017,Aqua,Diesel,206954,CUST-41959,Corey Hammond,,(674)465-0856,SVC-00001136,2023-01-27,Engine Repair,Michelle Torres,2088.28,1959.87,128.41,Expired,2025-05-24,Active,2023-09-25
VEH-001137,5X2M3X111HMTAP7J8,Mercedes,E-Class,2010,Cornsilk,Diesel,86861,CUST-14113,Allison Coleman,jodydyer@example.net,7425641010,SVC-00001137,2026-01-14,Body Work,Wanda Gutierrez,3024.22,561.01,1331.96,Expired,2025-07-12,Scrapped,2026-02-01
VEH-001138,XMDDG6NW8RGD9YC2X,Honda,Civic,2022,GoldenRod,Electric,83857,CUST-44702,Betty Dixon,smithcaitlin@example.net,+1-793-977-8171x7435,SVC-00001138,2022-10-30,Brake Service,Joshua Cooper,1733.17,787.29,945.88,Active,2026-03-24,Inactive,2025-09-07
VEH-001139,47G26EYR9LC6BR0FD,Nissan,Sentra,2019,SlateGray,Gasoline,83616,CUST-58890,Manuel Riley,zamoranatalie@example.org,265-327-5950x4858,SVC-00001139,2023-03-31,Oil Change,Shelley Wilson,2149.86,1935.79,214.07,Expired,2025-10-22,Scrapped,2024-03-31
VEH-001140,6FEUM9RTA60PXEC9R,Chevrolet,Malibu,1998,Chartreuse,Hybrid,111792,CUST-33736,Stephanie Arnold,erinroberts@example.net,236-707-7275x170,SVC-00001140,2024-04-24,Other,Charles Nelson,1596.01,1503.58,92.43,Expired,2025-06-01,Inactive,2025-06-15
VEH-001141,INVALIDVIN123,Ford,Mustang,2022,ForestGreen,Hybrid,171414,CUST-90518,Jennifer Lucas,irodriguez@example.com,(201)680-4411,SVC-00001141,2026-01-29,Battery Replacement,Charles Nelson,2248.02,1139.21,1108.81,Active,2025-09-17,Active,2024-08-17
VEH-001142,ZWF8SWWPJV7AJS7WJ,Tesla,Model Y,2013,DarkTurquoise,Plug-in Hybrid,218354,CUST-52187,Adam Solis,christinelopez@example.org,(586)209-1658x589,SVC-00001142,2025-02-13,Tire Rotation,Michelle Hays,258.25,68.15,190.1,Expired,2024-12-24,Active,2025-03-21
VEH-001143,9ADZEB3THH31TLFU3,BMW,X3,2015,Plum,Plug-in Hybrid,94920,CUST-86775,Joseph Jones,ashley64@example.org,5484048330,SVC-00001143,2023-08-14,Engine Repair,Robert Sanford,1623.13,250.04,1373.09,Expired,2025-05-03,Scrapped,2025-03-08
VEH-001144,DL2J3TXJUXVR70NFX,Honda,CR-V,2023,PaleGoldenRod,Diesel,222846,CUST-84664,Jamie Lam,hensleyandrea@example.com,551.412.2503,SVC-00001144,2023-07-16,Brake Service,Kathryn Patel,605.86,173.35,432.51,Active,2025-02-03,Scrapped,2023-04-19
VEH-001145,C9D70Z3D5VKNHT7VL,HONDA,CR-V,2023,Silver,Gasoline,183777,CUST-57831,Nichole Hall,michaelfuller@example.org,+1-756-255-2368x74241,SVC-00001145,2024-02-16,Other,Charles Nelson,1048.22,224.39,823.83,Active,2025-07-14,Inactive,2024-05-04
VEH-001146,K76KL8WL35H99M23D,Nissan,Rogue,2002,Sienna,Gasoline,200921,CUST-38690,Lauren Williams,floresanthony@example.net,894-805-1073,SVC-00001146,2024-04-22,Battery Replacement,Susan Davis,1727.46,1287.59,439.87,Not Applicable,2025-01-05,Scrapped,2026-03-23
VEH-001147,UTGV0CUD543G3ZL86,Toyota,Highlander,2020,DarkGoldenRod,Electric,109935,CUST-11848,Laura Calderon,heather41@example.net,(284)209-5319,SVC-00001147,2024-02-07,Engine Repair,Laura Gray,312.75,155.73,157.02,Active,2025-05-17,Active,2025-05-26
VEH-001148,YA69XTWLXU8DGA98R,Ford,Escape,2023,Wheat,Hybrid,809,CUST-67903,Jamie Bell,howardmelissa@example.org,668-466-5821x516,SVC-00001148,2023-09-14,Brake Service,Caitlin Marshall,1426.58,804.17,622.41,Active,2025-03-22,Active,2025-11-25
VEH-001149,DZMRHM6B7JD2XCCG3,Nissan,Rogue,1995,DeepSkyBlue,Hybrid,210781,CUST-33817,Ashley Roberts,johnmiller@example.net,680.380.8622x7935,SVC-00001149,2025-08-10,Inspection,Sarah Murray,975.5,416.03,559.47,Expired,2024-07-07,Active,2025-09-14
VEH-001150,ZM5NBZXW2C91NXTYZ,Honda,Pilot,2005,Violet,Electric,51254,CUST-75946,Deborah Cross,ewhite@example.org,9693992478,SVC-00001150,2024-06-23,Brake Service,Sarah Murray,1535.65,696.07,839.58,Expired,2024-12-29,Inactive,2024-10-29
VEH-001151,XLS5C3MSZCM2736C2,Tesla,Model S,2009,PapayaWhip,Plug-in Hybrid,171078,CUST-90652,Scott Bruce,carmenlewis@example.net,(298)367-1616,SVC-00001151,2025-12-31,Brake Service,Charles Nelson,3176.7,1792.37,1384.33,Not Applicable,2025-07-09,Inactive,2024-12-17
VEH-001152,1GYGGY9ZSAZD1HPHT,honda,Odyssey,2012,MintCream,Hybrid,2883,CUST-93051,Donald Day,randy72@example.net,866.402.5476,SVC-00001152,2025-06-25,Engine Repair,Melissa Mendez,1291.55,836.81,454.74,Expired,2025-10-12,Scrapped,2025-12-30
VEH-001153,Y0WF6DXCMDGSZ4G4Y,Chevrolet,Malibu,2007,Chocolate,Plug-in Hybrid,186737,CUST-28383,Tanya Turner,michael83@example.com,+1-513-739-6525,SVC-00001153,2025-01-23,Tire Rotation,Katherine Bridges,2224.03,1608.69,615.34,Not Applicable,2024-06-15,Inactive,2024-07-11
VEH-001154,3XUENSXMLYKEJ0K5K,BMW,5 Series,2000,DarkBlue,Plug-in Hybrid,140970,CUST-97169,Amy Shields,erik57@example.com,743-618-3579x5044,SVC-00001154,2026-02-16,Battery Replacement,Kathryn Patel,1834.5,1670.56,163.94,Not Applicable,2024-06-23,Inactive,2024-10-13
VEH-001155,Y6792H6AUXD604ZYU,Hyundai,Elantra,2007,SteelBlue,Diesel,202309,CUST-11884,Christopher Rodriguez,stevensonrobert@example.com,001-576-997-5967x2995,SVC-00001155,2025-02-09,Oil Change,,2967.71,1764.6,1203.11,Expired,2024-10-13,Inactive,2024-07-22
VEH-001156,Z7F6WUCD6CYD96XPJ,Toyota,Corolla,2004,Chocolate,Hybrid,129176,CUST-61473,Margaret Underwood,nsmith@example.org,+1-659-326-8294x692,SVC-00001156,2025-07-30,Tire Rotation,Robert Sanford,2391.98,1252.66,1139.32,Expired,2026-02-15,Inactive,2025-04-23
VEH-001157,6X1H1NN9NHE2GTNUX,Toyota,Tacoma,2000,PowderBlue,Electric,222749,CUST-53633,Kristine Taylor,dcoleman@example.com,224-815-0720x2856,SVC-00001157,2025-10-13,Inspection,Paul Valencia,1278.25,231.11,1047.14,Expired,2025-02-14,Active,2025-11-03
VEH-001158,NE3MHVBCYM05C5RAC,Nissan,Frontier,2014,LavenderBlush,Electric,112344,CUST-20318,Tanya Smith,osanders@example.com,+1-969-707-2120x92997,SVC-00001158,2026-05-01,Battery Replacement,Travis Contreras,3125.79,1700.17,1425.62,Not Applicable,2026-01-31,Inactive,2024-11-04
VEH-001159,XLUZUARN9E6DS4L03,Honda,CR-V,2016,Chocolate,Diesel,147284,CUST-15183,Lisa Griffith,douglas94@example.org,,SVC-00001159,2026-03-15,Engine Repair,Sarah Murray,699.97,676.3,926.0,Not Applicable,2025-02-06,Active,2025-08-11
VEH-001160,CMP54D69V8TBLDXXL,Toyota,Corolla,2005,Fuchsia,Electric,150696,CUST-72031,Alexis Fischer,portermeghan@example.com,+1-575-887-3385x9160,SVC-00001160,2022-11-06,Oil Change,Paul Valencia,2926.45,1589.34,1337.11,Not Applicable,2025-08-15,Active,2024-06-11
VEH-001161,AA3VBABA7LD71Y72J,Ford,Explorer,1997,DarkOrange,Gasoline,80082,CUST-38322,Scott Williams,lynchdeborah@example.com,6034623944,SVC-00001161,2023-08-11,Brake Service,Paul Valencia,2276.08,798.56,1477.52,Not Applicable,2025-10-13,Active,2024-07-03
VEH-001162,Y8TM1SP07G5FBEZSK,Kia,Telluride,2014,DarkKhaki,Diesel,26030,CUST-31293,Alyssa Barnes,karen53@example.com,4032310188,SVC-00001162,2026-03-02,Battery Replacement,Katherine Bridges,1746.22,869.67,876.55,Expired,2024-10-21,Active,2025-06-19
VEH-001163,1HGBH41JXMN10916,Kia,Telluride,1998,Linen,Electric,45386,CUST-67635,Catherine Moore,troy30@example.com,(671)583-1948,SVC-00001163,2024-12-14,Battery Replacement,Maria Rubio,2633.43,1773.34,860.09,Not Applicable,2024-09-15,Active,2024-12-17
VEH-001164,YTFCB8HMXDLC3V03S,Toyota,Corolla,2014,LightSalmon,Hybrid,50704,CUST-62015,Shannon Larson,garrettatkins@example.net,(616)472-7819,SVC-00001164,2024-02-24,Brake Service,Melissa Mendez,2640.14,1708.58,931.56,Not Applicable,2024-07-21,Scrapped,2026-03-06
VEH-001165,SL8SDDV9M46NYYLZK,Kia,Forte,2024,Chocolate,Electric,83688,CUST-92895,Mark Wright,imcclain@example.org,907-374-1085,SVC-00001165,2025-08-26,Brake Service,Brian Rivera,411.77,5.05,406.72,Active,2025-08-08,Active,2026-02-14
VEH-001166,EP2KY46SJUZ3C4KLS,HYUNDAI,Palisade,1997,LawnGreen,Electric,94892,CUST-54598,Ariel Edwards,collinsbryan@example.net,230-665-7737,SVC-00001166,2022-05-07,Engine Repair,Caitlin Marshall,2077.93,889.22,1188.71,Expired,2025-08-20,Inactive,2024-02-14
VEH-001167,YL5XU6VN87X9J0ZEC,Chevrolet,Tahoe,2020,Maroon,Gasoline,43840,CUST-49187,Dawn Conrad,callahangloria@example.org,+1-774-222-9622x9429,SVC-00001167,2025-08-11,Engine Repair,Shelley Wilson,2746.08,1556.01,1190.07,Active,2024-11-29,Inactive,2025-10-11
VEH-001168,8NV4ZWM3NU7WN8LNS,Nissan,Sentra,2012,RoyalBlue,Hybrid,184447,CUST-17754,James Miller,wbradford@example.org,8202213451,SVC-00001168,2023-09-29,Tire Rotation,Robert Sanford,1425.1,370.06,1055.04,Not Applicable,2025-03-26,Inactive,2024-02-27
VEH-001169,964Z0MG9YJV46ZTM0,Kia,Telluride,2013,Lime,Hybrid,186128,CUST-13540,Regina Harris,kristinaatkins@example.org,528.379.3851,SVC-00001169,2022-08-03,Battery Replacement,Michelle Hays,1569.1,1390.94,178.16,Expired,2024-05-14,Scrapped,2026-03-02
VEH-001170,CFJTRN2UXKW3T711Y,Honda,Odyssey,2000,Chartreuse,Gasoline,210449,CUST-56412,Maxwell Dixon,amyfernandez@example.org,001-465-363-1753x47986,SVC-00001170,2023-04-25,Tire Rotation,Caitlin Marshall,2643.23,1463.45,1179.78,Expired,2025-09-13,Inactive,2023-11-30
VEH-001171,CZHZV277L606EN9DD,Tesla,Model S,2002,Silver,Gasoline,12793,CUST-78014,Ryan Mcfarland,gwilliams@example.net,283-238-2069x830,SVC-00001171,2024-10-18,Engine Repair,Sara Marquez,2156.1,1135.96,1020.14,Expired,2024-10-05,Scrapped,2024-06-20
VEH-001172,1P8LYZNPG7P63R5H9,BMW,5 Series,2023,GoldenRod,Electric,73117,CUST-43623,Jonathan Gutierrez,ronald28@example.net,791-585-8934,SVC-00001172,2023-07-29,Oil Change,Melissa Mendez,1491.75,962.91,528.84,Active,2025-01-03,Scrapped,2026-01-29
VEH-001173,EK3UE3Y3K2BSU83WK,HYUNDAI,Sonata,2009,Silver,Hybrid,45888,CUST-58208,Melissa Brown,etorres@example.org,001-500-594-3318,SVC-00001173,2022-09-05,Oil Change,Susan Davis,2561.85,1623.91,937.94,Not Applicable,2025-01-01,Active,2025-09-29
VEH-001174,SB27NVK4XJ0STEX6R,BMW,3 Series,2015,WhiteSmoke,Diesel,152453,CUST-16673,Megan Dennis,odelgado@example.net,,SVC-00001174,2023-08-26,Inspection,Paul Valencia,1501.74,55.3,1227.99,Not Applicable,2025-03-14,Active,2024-06-27
VEH-001175,TRHJ5E3LGEZVTKN0V,Chevrolet,Traverse,1996,Snow,Diesel,133155,CUST-68331,Elizabeth Ibarra,,873-534-1607x3162,SVC-00001175,2023-08-04,Tire Rotation,Travis Contreras,831.26,717.97,113.29,Expired,2024-06-18,Active,2025-11-02
VEH-001176,EX8SDJJA6AXS42DVN,Mercedes,GLE,2021,FloralWhite,Diesel,8639,CUST-14711,Alexander Rodriguez,hpotts@example.net,555.829.3723x1020,SVC-00001176,2024-06-12,Battery Replacement,Sarah Murray,484.03,221.9,262.13,Active,2026-04-03,Inactive,2024-09-11
VEH-001177,NXA4D24EC0HU86D5V,Nissan,Rogue,2016,LightSeaGreen,Hybrid,15298,CUST-32831,Peter Hood,wesley88@example.com,266.977.5831,SVC-00001177,2024-11-05,Body Work,Travis Contreras,2667.28,1228.64,1438.64,Not Applicable,2026-01-25,Inactive,2024-02-01
VEH-001178,1JBD30ZVAV1HXCBYB,Nissan,Sentra,1995,DarkRed,Electric,51063,CUST-30508,Rachel Garcia,jeffreyschmitt@example.net,(217)462-5666x16252,SVC-00001178,2022-08-08,Battery Replacement,,1916.22,662.75,1253.47,Not Applicable,2025-04-11,Inactive,2024-11-02
VEH-001179,A3Z1PVY1CHUY7WAVT,Nissan,Pathfinder,2000,Plum,Electric,153754,CUST-78815,Manuel Colon,imartinez@example.org,832-997-9598x6890,SVC-00001179,2025-03-21,Other,Paul Valencia,2114.49,970.13,1144.36,Not Applicable,2025-04-12,Active,2025-10-02
VEH-001180,90JS2JARJMV4J8EEW,Tesla,Model Y,2019,LightCyan,Plug-in Hybrid,130803,CUST-19526,Sarah Davis,egreen@example.net,350.248.2109x8306,SVC-00001180,2025-10-12,Engine Repair,Michelle Torres,1011.05,629.04,382.01,Not Applicable,2025-12-01,Scrapped,2026-03-17
VEH-001181,MH6AMB1C4MRHVTCBC,Tesla,Model Y,2003,Salmon,Plug-in Hybrid,119509,CUST-60953,Diane Sosa,urodriguez@example.net,967-836-2691,SVC-00001181,2023-11-19,Oil Change,,2836.42,1449.28,1387.14,Not Applicable,2026-02-18,Scrapped,2024-05-10
VEH-001182,ARZFFSZ3XPGKYYNVH,Nissan,Altima,2001,CornflowerBlue,Plug-in Hybrid,175008,CUST-81536,Michael Walker,mjones@example.org,(681)894-0563x03220,SVC-00001182,2022-07-04,Inspection,Sara Marquez,2325.8,1055.47,1270.33,Expired,2025-08-18,Inactive,2025-08-29
VEH-001183,F8RA4H02Z652K2UVM,Toyota,Tacoma,1997,LawnGreen,Electric,54224,CUST-25865,Wesley Olson,johnsonmonica@example.com,9259692986,SVC-00001183,2023-01-15,Inspection,Sara Marquez,732.6,468.04,264.56,Not Applicable,2025-02-21,Inactive,2025-01-27
VEH-001184,MLYVS0PT79MXA8BEY,Hyundai,Santa Fe,2099,PaleGoldenRod,Electric,134260,CUST-61603,Mrs. Charlene Walker,benjaminhunter@example.org,217.924.9408x247,SVC-00001184,2025-06-14,Brake Service,Susan Davis,1570.38,1109.73,460.65,Expired,2024-05-09,Scrapped,2025-09-08
VEH-001185,7XCLCJ47D6TCTWTBA,Chevrolet,Tahoe,2015,DarkBlue,Electric,40491,CUST-29885,Melissa Brown,smithlisa@example.net,228.902.4239,SVC-00001185,2025-07-31,Brake Service,,2123.29,839.37,1283.92,Expired,2024-08-13,Inactive,2023-11-25
VEH-001186,VKLXPM2ALMDL3BWRX,Tesla,Model X,2019,SteelBlue,Hybrid,155600,CUST-88401,Steven Murphy,vtaylor@example.net,(925)595-6771x754,SVC-00001186,2025-09-08,Inspection,Robert Sanford,1767.96,979.34,788.62,Not Applicable,2024-09-29,Scrapped,2023-04-25
VEH-001187,J7CZUGUTBFJ6U8M98,Hyundai,Tucson,2021,DarkKhaki,Hybrid,151505,CUST-67065,Joseph Griffith,joneserika@example.net,5493340811,SVC-00001187,2025-04-30,Engine Repair,Shelley Wilson,1044.23,717.81,326.42,Active,2024-06-16,Inactive,2025-08-14
VEH-001188,DF903HCRB8XCJJ8E0,Nissan,Sentra,2021,DarkBlue,Plug-in Hybrid,181219,CUST-43290,Jennifer Fitzpatrick,hbailey@example.net,001-590-930-4657x2079,SVC-00001188,2025-03-15,Battery Replacement,Shelley Wilson,989.45,479.9,509.55,Active,2025-03-03,Active,2023-05-12
VEH-001189,HPVRA8YB7M0L0XXZT,Honda,Accord,2011,Linen,Plug-in Hybrid,210174,CUST-67306,Kathy Cameron,randall19@example.com,+1-611-444-9640x56511,SVC-00001189,2024-10-06,Engine Repair,Caitlin Marshall,816.81,306.68,510.13,Expired,2025-10-14,Inactive,2025-05-22
VEH-001190,3DY904CC1SFF2SSR8,Tesla,Cybertruck,2011,MediumTurquoise,Electric,40295,CUST-40657,Marc Reed,jameshowe@example.org,001-452-686-2272x6760,SVC-00001190,2025-07-19,Battery Replacement,Edward Allison,2329.02,1649.46,679.56,Expired,2025-04-12,Inactive,2025-05-06
VEH-001191,JRYJZ69F50S7ATX5P,Toyota,Corolla,2019,DarkGoldenRod,Hybrid,34347,CUST-60509,Stephanie Meyer MD,nwilson@example.net,+1-969-306-1432x18100,SVC-00001191,2023-01-28,Oil Change,Brittany Kidd,1375.51,740.01,635.5,Not Applicable,2025-10-04,Scrapped,2025-07-27
VEH-001192,Y3A0TWHB06JG3XTZP,Tesla,Cybertruck,2002,Gold,Hybrid,189233,CUST-69375,Matthew Lambert,benjamin72@example.net,001-245-719-9704x330,SVC-00001192,2024-06-18,Other,Susan Davis,2365.01,1181.53,1183.48,Not Applicable,2024-04-27,Scrapped,2025-04-16
VEH-001193,1GXJ9WLSW5VD688X4,Honda,Odyssey,2009,SeaShell,Diesel,130310,CUST-78505,Jeffrey Hudson,ymontgomery@example.net,2547487011,SVC-00001193,2025-04-18,Oil Change,Sarah Murray,2214.44,1991.54,222.9,Expired,2025-12-19,Scrapped,2024-11-13
VEH-001194,MZZAJ8LF3YF8ZVT19,Mercedes,GLE,2006,Plum,Diesel,21732,CUST-87200,James Bennett,jamesjennings@example.org,+1-339-731-1663x86788,SVC-00001194,2023-03-22,Body Work,Michelle Torres,2450.95,1676.57,774.38,Expired,2025-08-07,Inactive,2025-03-16
VEH-001195,MCT3WXFV300DLY7PC,Mercedes,E-Class,2012,WhiteSmoke,Electric,237559,CUST-64655,Christopher Allen,spencerdavid@example.net,7484823619,SVC-00001195,2023-09-07,Tire Rotation,Kathryn Patel,769.63,304.17,465.46,Expired,2024-06-09,Scrapped,2026-01-09
VEH-001196,2MZBM4TWEPHN2HKMJ,Kia,Sportage,2013,DarkSlateGray,Plug-in Hybrid,32399,CUST-85703,Amanda Mathews,burnsanthony@example.net,+1-773-981-7149x149,SVC-00001196,2023-01-25,Oil Change,Melissa Mendez,4563.11,1990.9,848.62,Expired,2025-12-29,Scrapped,2026-02-21
VEH-001197,Y93BUTMYEYRRGRJR2,Hyundai,Sonata,2008,PaleGoldenRod,Diesel,189886,CUST-38539,Daniel Becker,lmyers@example.net,684-430-3020,SVC-00001197,2026-08-21,Engine Repair,Kathryn Patel,414.17,265.63,148.54,Not Applicable,2025-07-29,Active,2023-07-19
VEH-001198,Y3ZCDXLKMWHW2PT69,Mercedes,E-Class,2003,DarkOliveGreen,Gasoline,181554,CUST-46175,Amanda Murray,michael28@example.org,676-916-6054x5474,SVC-00001198,2025-10-29,Tire Rotation,Katherine Bridges,1452.03,1816.39,972.5,Not Applicable,2025-05-21,Inactive,2024-08-20
VEH-001199,P6MYV44NDRUL74NL2,Ford,F-150,2015,IndianRed,Electric,167506,CUST-37497,Richard Mcintyre,wongjane@example.com,(893)219-2146,SVC-00001199,2026-04-24,Brake Service,Joshua Cooper,1716.04,871.86,844.18,Expired,2024-10-14,Active,2023-09-03
VEH-001200,HPGBS70X6NA5E462D,Tesla,Model 3,1999,MediumVioletRed,Hybrid,50935,CUST-66434,Jerry Reese,ocabrera@example.org,8985373783,SVC-00001200,2026-06-01,Battery Replacement,Debbie West,2778.61,1504.63,1273.98,Expired,2025-01-02,Inactive,2024-07-30
VEH-001201,Y30FE6NHM8048JMK2,Nissan,Pathfinder,2003,LightSlateGray,Gasoline,150592,CUST-35425,Scott Wright,alexanderroger@example.com,(569)725-2226,SVC-00001201,2022-09-25,Tire Rotation,Caitlin Marshall,2174.52,982.92,1191.6,Expired,2024-09-14,Scrapped,2023-05-10
VEH-001202,45CB28Y1ND9CYY9VS,Hyundai,Santa Fe,2006,Fuchsia,Diesel,127868,CUST-30116,Eugene Reed,tcolon@example.net,482.974.4310,SVC-00001202,2022-09-07,Engine Repair,Michelle Torres,1306.65,419.74,886.91,Expired,2024-06-11,Active,2024-12-24
VEH-001203,VIN-MISSING,Mercedes,S-Class,2013,Blue,Plug-in Hybrid,77661,CUST-56279,Amy Williams,james44@example.com,(443)777-5529,SVC-00001203,2024-10-18,Inspection,Edward Allison,1080.95,90.61,990.34,Not Applicable,2025-08-03,Scrapped,2024-06-07
VEH-001204,1HGCM82633AO04747,Mercedes,S-Class,2015,HoneyDew,Hybrid,150228,CUST-59750,Teresa Jacobson,inewton@example.net,+1-895-839-1778x685,SVC-00001204,2023-02-03,Other,Sarah Murray,1138.0,894.93,243.07,Not Applicable,2024-12-30,Inactive,2025-10-18
VEH-001205,SR7LZDC41EFK2283V,Mercedes,S-Class,2023,DarkSeaGreen,Diesel,106435,CUST-56597,Marissa Kim,lisablevins@example.org,001-997-226-7417,SVC-00001205,2024-06-14,Oil Change,Laura Gray,2123.28,1545.57,577.71,Active,2024-12-08,Scrapped,2023-12-31
VEH-001206,KT7RWR085FBM9UXEJ,Chevrolet,Malibu,2003,Blue,Gasoline,155938,CUST-98067,Tammy Wilson,jason43@example.net,001-939-595-0846x4375,SVC-00001206,2024-11-27,Tire Rotation,Melissa Mendez,2724.42,1581.95,1142.47,Expired,2025-10-02,Inactive,2024-06-20
VEH-001207,D9E0K4GHP5W4JRN6C,Hyundai,Tucson,1999,LightSeaGreen,Gasoline,185869,CUST-23244,Jared Rice,jordan52@example.org,609-785-6412x16326,SVC-00001207,2023-07-21,Oil Change,Caitlin Marshall,1428.07,356.01,1072.06,Expired,2024-09-02,Active,2026-02-18
VEH-001208,SWP5WWN6UY532Z07M,Chevrolet,Tahoe,2003,Black,Electric,183647,CUST-59928,John Esparza,yhanson@example.com,(523)990-9062,SVC-00001208,2023-06-20,Engine Repair,Travis Contreras,1526.05,1034.83,491.22,Not Applicable,2024-09-06,Active,2025-07-08
VEH-001209,S4BV7U00YG722NSKT,Kia,Telluride,2000,Azure,Diesel,198640,CUST-41368,Jacqueline Campbell,michael92@example.net,798-395-5212x76259,SVC-00001209,2024-10-08,Battery Replacement,,2055.98,1512.55,543.43,Not Applicable,2024-05-12,Scrapped,2025-08-06
VEH-001210,ZFSCDVCUF2VK7FZHH,Honda,Odyssey,2006,Cyan,Electric,2325,CUST-85149,Rodney Thomas,paulapril@example.com,5189953307,SVC-00001210,2023-04-07,Battery Replacement,,1391.4,171.48,1219.92,Not Applicable,2025-08-10,Inactive,2024-01-23
VEH-001211,VMFAKAUJFZS5ZKAE4,Toyota,RAV4,2001,Lavender,Hybrid,204971,CUST-14377,Christina Bennett,brianmejia@example.org,(292)712-2688x2019,SVC-00001211,2022-08-05,Other,Robert Sanford,1920.73,818.1,1102.63,Not Applicable,2024-10-02,Scrapped,2025-03-11
VEH-001212,N56ZZLR2TXUY199EY,Chevrolet,Tahoe,2019,GreenYellow,Plug-in Hybrid,118969,CUST-67603,Miguel Maddox,johnbeard@example.net,001-388-518-4631x2622,SVC-00001212,2024-05-30,Engine Repair,Caitlin Marshall,965.54,633.53,332.01,Not Applicable,2025-03-12,Inactive,2025-01-09
VEH-001213,YGL07SG7JRRDBBFWL,Nissan,Pathfinder,2003,Chartreuse,Hybrid,120151,CUST-79575,Catherine Tucker,njohnson@example.com,001-720-486-6118x108,SVC-00001213,2025-02-10,Inspection,Laura Gray,1766.86,586.72,1180.14,Expired,2025-01-09,Active,2025-01-05
VEH-001214,KXR98LY4RCNU8708P,Honda,Odyssey,2011,Peru,Gasoline,9689,CUST-44168,Julie Santos,gordonjill@example.net,7226729003,SVC-00001214,2025-08-29,Tire Rotation,Joshua Cooper,1671.09,428.52,1242.57,Not Applicable,2024-09-11,Active,2023-12-14
VEH-001215,7MZEW8NT57YNSXAPY,Ford,Mustang,2022,DarkViolet,Hybrid,77977,CUST-42651,Kenneth Flores,shawnspence@example.org,(305)301-9783x772,SVC-00001215,2024-05-23,Brake Service,Susan Davis,2320.65,1926.88,393.77,Active,2024-07-23,Inactive,2023-08-11
VEH-001216,B998VBTSJC9RJ24K2,BMW,3 Series,2006,DarkGreen,Gasoline,94223,CUST-24257,Jonathon Lewis,hawkinsrebecca@example.org,(654)868-2715,SVC-00001216,2022-11-07,Oil Change,,1828.41,643.7,1184.71,Not Applicable,2025-07-21,Active,2024-02-17
VEH-001217,G0ALP7NV0VMWG5H1S,Chevrolet,Tahoe,1995,PaleGreen,Gasoline,40038,CUST-63206,Jason Palmer,frazierkaren@example.org,8774602966,SVC-00001217,2024-08-23,Body Work,Katherine Bridges,1398.97,436.63,962.34,Expired,2026-02-26,Scrapped,2024-09-03
VEH-001218,92DXJYZ5K36KFFXUF,Nissan,Rogue,1997,RoyalBlue,Gasoline,58839,CUST-37612,Leonard Smith,kelly79@example.net,207.786.6393x04370,SVC-00001218,2023-01-21,Body Work,Brittany Kidd,1892.21,1659.42,232.79,Expired,2024-08-02,Scrapped,2024-08-05
VEH-001219,139UL8PBV642JZ3DC,Honda,CR-V,1995,LightSalmon,Diesel,77201,CUST-57432,Mario Johnson,owalker@example.org,001-900-454-7561x155,SVC-00001219,2022-06-30,Other,Michelle Torres,2087.64,1991.63,96.01,Not Applicable,2025-10-11,Scrapped,2025-07-06
VEH-001220,WRF1N6WEG4XHSF4YM,Toyota,Highlander,2018,LimeGreen,Hybrid,190696,CUST-86802,Charles Serrano,barbaragonzales@example.net,(360)533-8168x741,SVC-00001220,2023-01-16,Inspection,Colton Armstrong,1942.04,613.7,1328.34,Not Applicable,2026-01-23,Scrapped,2026-01-14
VEH-001221,10NFUU9EA5D2MXAUG,Honda,CR-V,2000,Maroon,Diesel,167829,CUST-71902,Brian Martin,nathanielmoore@example.org,8375995280,SVC-00001221,2022-11-06,Brake Service,,3047.19,1570.83,1476.36,Not Applicable,2025-12-31,Scrapped,2025-01-09
VEH-001222,35FDBNP1PAZ1S7SK9,Toyota,Highlander,2002,MediumSeaGreen,Gasoline,22453,CUST-25378,Michael Hicks,,909-398-7276x106,SVC-00001222,2023-02-21,Tire Rotation,Wanda Gutierrez,1177.35,287.96,889.39,Expired,2025-07-07,Active,2026-03-24
VEH-001223,EDAVARR1SVFD08D29,HONDA,Pilot,1998,HoneyDew,Hybrid,87013,CUST-87020,Lori Osborne,marcusbowen@example.org,507.993.1467,SVC-00001223,2023-11-13,Tire Rotation,Robert Sanford,808.28,106.85,701.43,Expired,2024-07-25,Scrapped,2025-12-14
VEH-001224,SLF5JEJ0XHKXTU5SB,Hyundai,Sonata,2016,LightPink,Plug-in Hybrid,168335,CUST-92387,Kim Johnson,lynchjamie@example.org,001-246-475-5028x534,SVC-00001224,2023-12-18,Battery Replacement,Wanda Gutierrez,2095.77,1447.94,647.83,Expired,2026-01-30,Active,2025-08-30
VEH-001225,5UBP0HSLRYA2VAVT5,Hyundai,Sonata,2012,LightGray,Plug-in Hybrid,81966,CUST-44515,Samantha Brown,david60@example.com,001-750-630-8576,SVC-00001225,2025-01-29,Tire Rotation,Charles Nelson,606.63,119.41,487.22,Expired,2025-01-14,Scrapped,2024-10-23
VEH-001226,HTWJ2C9GRA9Z29ETU,Hyundai,Elantra,2019,Yellow,Electric,102515,CUST-98234,Chris White,amyvazquez@example.com,(464)723-2953x792,SVC-00001226,2026-09-18,Oil Change,Michelle Hays,1873.01,1601.54,271.47,Expired,2026-02-20,Scrapped,2023-11-28
VEH-001227,CXGW9G0K3SHA2LSFX,Toyota,Camry,1999,LightSkyBlue,Electric,190363,CUST-22007,Olivia Manning,ericksonjoshua@example.net,851-210-5684,SVC-00001227,2024-04-10,Oil Change,David Martin,1208.48,255.89,952.59,Not Applicable,2024-08-13,Active,2023-10-26
VEH-001228,JCHHW8DZ9UMF91KVX,Nissan,Pathfinder,2017,Bisque,Hybrid,176626,CUST-34374,Joel Hughes,rebecca42@example.com,4599896959,SVC-00001228,2022-05-14,Engine Repair,Katherine Bridges,2016.38,743.69,1272.69,Not Applicable,2024-10-15,Inactive,2025-11-17
VEH-001229,UCF5X6XN55WG0HVWX,Chevrolet,Traverse,2005,DarkSalmon,Plug-in Hybrid,191418,CUST-38743,Elizabeth Reynolds,kcurtis@example.net,997.583.9705,SVC-00001229,2023-03-13,Engine Repair,Colton Armstrong,3016.24,1652.13,1364.11,Expired,2025-03-21,Inactive,2025-06-13
VEH-001230,H5ZNB8WKEZ9KJHSBE,BMW,5 Series,2015,GhostWhite,Plug-in Hybrid,120877,CUST-41389,Mary Huynh DDS,danielscott@example.net,001-327-293-5725x8660,SVC-00001230,2023-01-28,Body Work,David Martin,1407.44,872.54,1147.36,Expired,2024-11-25,Scrapped,2026-04-12
VEH-001231,93M0HFRXG1ZN016AY,Hyundai,Sonata,2018,IndianRed,Plug-in Hybrid,200018,CUST-38440,James Arnold,ryan96@example.com,001-868-404-5692x93767,SVC-00001231,2025-07-16,Tire Rotation,,2514.11,1138.41,1375.7,Not Applicable,2025-12-20,Inactive,2024-10-05
VEH-001232,ZLTYDW2HWX6M6ENCC,Ford,Bronco,2021,MidnightBlue,Electric,81362,CUST-38903,Megan Reid,markbrandt@example.net,4139475162,SVC-00001232,2024-05-04,Other,Sarah Murray,1240.99,44.57,1196.42,Active,2025-09-30,Inactive,2023-08-27
VEH-001233,YE13KSM69NYREHNW2,Chevrolet,Traverse,2001,Bisque,Hybrid,169576,CUST-65632,Johnny Mitchell,ochoakimberly@example.net,001-849-844-6184,SVC-00001233,2024-06-14,Body Work,Katherine Bridges,1863.87,1562.01,301.86,Expired,2026-03-05,Active,2024-08-14
VEH-001234,S880PRLWF7CFM015W,Nissan,Altima,2008,MidnightBlue,Hybrid,20111,CUST-84957,Amber Hunter,millertammy@example.org,2905517726,SVC-00001234,2023-11-24,Body Work,Edward Allison,870.17,143.48,726.69,Expired,2024-12-05,Active,2025-05-09
VEH-001235,8XB8R8HN7T9VNJ13U,Kia,Telluride,1997,PaleTurquoise,Hybrid,246026,CUST-19835,Joseph Branch,wwebster@example.org,,SVC-00001235,2024-03-07,Brake Service,Paul Valencia,1140.98,419.94,721.04,Not Applicable,2024-07-21,Active,2026-01-30
VEH-001236,V2EV2TK4GB49ZB10X,Kia,Forte,2014,DodgerBlue,Hybrid,241207,CUST-56564,Lauren Russo,moralessharon@example.com,001-415-496-3912,SVC-00001236,2025-05-24,Oil Change,Maria Rubio,3078.2,1903.18,1175.02,Not Applicable,2025-10-01,Scrapped,2025-09-18
VEH-001237,VLW5UCSXAJCJ20YP0,Chevrolet,Silverado,2005,Chocolate,Diesel,227775,CUST-93346,Maria Cannon,tuckerdan@example.org,+1-841-536-3864,SVC-00001237,2023-08-25,Oil Change,Brittany Kidd,1583.69,1124.58,459.11,Not Applicable,2025-08-10,Active,2023-05-05
VEH-001238,MJP49VUK57X3K7FMY,Ford,Escape,2011,Magenta,Electric,51274,CUST-45783,Cassandra Miller,rachelthompson@example.com,414-482-2949x847,SVC-00001238,2023-08-05,Brake Service,Brittany Kidd,1404.85,1117.14,287.71,Expired,2025-01-27,Active,2023-05-25
VEH-001239,Y1L44UU7JESLTANZ3,FORD,F-150,2002,Snow,Hybrid,87486,CUST-84538,Barry Holloway,maria82@example.org,001-463-566-9928x458,SVC-00001239,2024-11-25,Brake Service,Wanda Gutierrez,2072.92,739.04,1333.88,Not Applicable,2024-11-04,Active,2023-12-16
VEH-001240,T4U3NEMK2XVA23UZE,Chevrolet,Malibu,2021,YellowGreen,Plug-in Hybrid,169311,CUST-97518,Elizabeth Wilcox,johnsonmarie@example.org,+1-239-725-3751x213,SVC-00001240,2023-02-25,Tire Rotation,Sarah Murray,1943.21,749.45,1193.76,Active,2024-06-05,Inactive,2024-12-28
VEH-001241,H3SZMCJ37ZY07UB5T,Honda,Accord,2010,Snow,Hybrid,237108,CUST-70308,John Hoffman PhD,lorraine91@example.com,409.526.7298x54039,SVC-00001241,2023-02-28,Engine Repair,Maria Rubio,2711.96,1865.11,846.85,Expired,2024-06-02,Inactive,2025-09-06
VEH-001242,KC7HRSPS9NGM6RR9E,Honda,Pilot,2018,FloralWhite,Diesel,3519,CUST-52251,Wendy Kim,matthew26@example.com,,SVC-00001242,2023-11-29,Tire Rotation,Joshua Cooper,1924.29,1566.55,357.74,Not Applicable,2024-08-08,Active,2025-02-16
VEH-001243,G1GV4YMJ2Y5D3P5RS,tesla,Model X,2022,YellowGreen,Gasoline,171878,CUST-64912,Cory Kaiser,richardgriffin@example.org,,SVC-00001243,2025-06-08,Brake Service,Brian Rivera,2718.76,1610.14,1108.62,Active,2025-09-13,Active,2024-05-17
VEH-001244,E4NYHJ8GF5FLMX6RE,Nissan,Rogue,2010,PapayaWhip,Hybrid,85346,CUST-91633,Claudia Foster,zavalaangel@example.org,577.516.2633,SVC-00001244,2026-05-25,Brake Service,Katherine Bridges,1686.14,341.07,1345.07,Not Applicable,2024-11-27,Scrapped,2024-03-28
VEH-001245,TYM9AEENBWNA7179S,Kia,Sportage,1999,Linen,Gasoline,206958,CUST-26832,Dr. Jennifer Gonzalez,robertwilliams@example.net,328-698-8063,SVC-00001245,2024-12-14,Oil Change,,2533.19,1727.85,805.34,Not Applicable,2025-03-11,Active,2025-04-16
VEH-001246,PZX2177TCMP49VT8B,Toyota,Tacoma,2001,CadetBlue,Hybrid,80312,CUST-36950,Veronica Kelley,robinalexander@example.com,(710)894-0052x053,SVC-00001246,2022-12-31,Other,Caitlin Marshall,2940.85,1962.14,978.71,Expired,2025-10-10,Scrapped,2024-12-07
VEH-001247,MRCU17EWC9VTAP71W,Tesla,Cybertruck,2023,OrangeRed,Hybrid,86499,CUST-44884,Troy Haynes,cooperwilliam@example.com,001-885-772-1600x75865,SVC-00001247,2026-04-08,Oil Change,Susan Davis,1566.33,264.97,1301.36,Active,2024-06-28,Active,2025-04-30
VEH-001248,4GCWWR1ZFXPLPMT1S,BMW,X3,1997,Thistle,Plug-in Hybrid,58223,CUST-95448,Bryce Walton,carrie40@example.net,001-317-366-2656x01227,SVC-00001248,2024-03-24,Inspection,Wanda Gutierrez,759.99,584.54,175.45,Not Applicable,2024-09-01,Inactive,2025-05-29
VEH-001249,ZRSE9F32M4YL7SSL4,tesla,Cybertruck,1995,MediumBlue,Gasoline,90410,CUST-68216,Amber Hunter,lisabarber@example.org,481-730-3372,SVC-00001249,2025-08-26,Brake Service,,1179.08,77.99,1101.09,Not Applicable,2024-10-21,Scrapped,2024-12-02
VEH-001250,JKDVPEKD7585U50ZD,Ford,Escape,1995,Azure,Hybrid,33982,CUST-90914,Mitchell Black,davisjason@example.com,880.978.9070x00025,SVC-00001250,2022-11-30,Oil Change,Brian Rivera,1934.04,901.56,1032.48,Not Applicable,2025-12-11,Active,2023-10-22
VEH-001251,00000000000000000,BMW,5 Series,1998,Azure,Hybrid,29600,CUST-76462,Amy Mason,matthewslindsay@example.com,,SVC-00001251,2023-06-10,Tire Rotation,Susan Davis,1466.59,384.91,1081.68,Expired,2025-10-17,Scrapped,2024-07-16
VEH-001252,3YH9JZ4YNZJEYCY83,Mercedes,S-Class,2002,Coral,Plug-in Hybrid,182489,CUST-82373,Walter Anderson,simmonsdaniel@example.com,(733)674-6460x93243,SVC-00001252,2024-02-21,Battery Replacement,Kathryn Patel,1222.11,539.01,683.1,Expired,2025-01-23,Active,2024-04-26
VEH-001253,P67FCF9EVKDC84P2W,Chevrolet,Silverado,1995,Orange,Diesel,224534,CUST-83150,Terry Thompson,lhughes@example.net,4166317814,SVC-00001253,2022-10-19,Inspection,,1805.48,521.69,1283.79,Expired,2024-09-30,Active,2023-09-28
VEH-001254,5CNL76VDM5JSS3FE7,Honda,Civic,2023,PaleGreen,Gasoline,123290,CUST-97393,Elizabeth Thompson,dbailey@example.net,7093674378,SVC-00001254,2026-07-05,Engine Repair,,2646.01,1449.74,1196.27,Active,2025-02-01,Active,2023-07-16
VEH-001255,C4E3TK1CZP8NG3ABV,BMW,5 Series,1996,YellowGreen,Hybrid,140417,CUST-17442,Robert Lewis,glennapril@example.org,718.660.6165x77492,SVC-00001255,2025-04-11,Battery Replacement,Kathryn Patel,2256.28,1122.0,1134.28,Expired,2025-09-01,Active,2024-05-12
VEH-001256,BC3XJZATPB0LTX789,Tesla,Model S,2002,DarkBlue,Plug-in Hybrid,233497,CUST-45339,Dwayne Gray,davidwilson@example.com,5059298210,SVC-00001256,2023-03-22,Body Work,Joshua Cooper,846.51,590.54,255.97,Expired,2025-05-19,Inactive,2023-04-24
VEH-001257,AXCDX1YKE9JWCY101,Ford,Mustang,2009,Brown,Electric,249995,CUST-59098,Christine Larson,christophermelendez@example.com,(604)770-1495,SVC-00001257,2025-04-09,Battery Replacement,,2997.34,1851.95,1145.39,Not Applicable,2026-01-25,Active,2025-04-17
VEH-001258,N3C3WTJ161E5AU6S3,BMW,M4,2024,White,Electric,128272,CUST-38517,Daniel Diaz,,542-734-3891,SVC-00001258,2022-07-23,Tire Rotation,David Martin,303.61,184.91,118.7,Active,2025-12-01,Active,2025-03-19
VEH-001259,62D9SXMSNCKU0MNUA,Nissan,Rogue,2009,Plum,Diesel,204120,CUST-33714,Scott Thompson,johnwilliams@example.net,296.378.3357x4999,SVC-00001259,2023-07-14,Battery Replacement,Charles Nelson,790.72,684.69,106.03,Expired,2026-03-10,Scrapped,2024-07-04
VEH-001260,DAE48YLNMNTYHPFGT,Honda,Civic,2002,Gray,Hybrid,49888,CUST-67684,James Rodriguez,acalderon@example.net,,SVC-00001260,2023-02-01,Other,Michelle Hays,2657.57,1456.62,1200.95,Not Applicable,2024-05-24,Active,2024-02-08
VEH-001261,79G21ZU2M61LUM8Z3,BMW,M4,1996,MediumBlue,Plug-in Hybrid,217135,CUST-60130,Terry Ballard,russell78@example.net,996-716-3426x184,SVC-00001261,2022-09-29,Body Work,Sara Marquez,1054.29,585.04,469.25,Expired,2025-06-28,Scrapped,2025-09-27
VEH-001262,T82DF8GAXL450NV8D,Chevrolet,Malibu,2014,Green,Electric,101785,CUST-45967,Aimee Mccormick,kaitlyn90@example.org,3006440724,SVC-00001262,2023-01-09,Inspection,David Martin,2480.84,1733.36,747.48,Expired,2025-02-27,Active,2024-02-25
VEH-001263,PV8P2N8ZMJUSNN3JS,BMW,X5,2016,SeaShell,Plug-in Hybrid,54869,CUST-46908,Jeffrey Herrera,johnsmith@example.org,001-560-486-6627x62369,SVC-00001263,2022-07-07,Body Work,Brian Rivera,2403.01,1984.54,418.47,Not Applicable,2025-01-23,Scrapped,2024-02-16
VEH-001264,1HGBH41JXMN10916,Toyota,RAV4,2013,Blue,Plug-in Hybrid,148481,CUST-39869,Amy Gonzalez,john30@example.com,001-826-390-4580x1180,SVC-00001264,2022-07-09,Inspection,,1535.6,672.86,862.74,Not Applicable,2025-06-28,Inactive,2024-03-15
VEH-001265,0E0LL9XUZ2LXG1XSE,Tesla,Model X,2013,DimGray,Hybrid,52345,CUST-70936,Hunter Reed,elizabethturner@example.net,(572)989-2552x953,SVC-00001265,2025-10-25,Tire Rotation,,1631.46,142.5,1488.96,Expired,2025-09-13,Inactive,2025-09-09
VEH-001266,E05KU227ETTGKZH07,Honda,CR-V,2009,Moccasin,Diesel,50709,CUST-74423,Ashley Ferguson,kodonnell@example.com,(423)611-6260x90706,SVC-00001266,2025-09-23,Inspection,,2157.77,748.5,1409.27,Expired,2024-12-28,Scrapped,2024-12-12
VEH-001267,5EFU14RTWTF8XSG22,Nissan,Frontier,2016,Gainsboro,Gasoline,62780,CUST-93555,Caleb Moses,chanalicia@example.org,901-338-0641x324,SVC-00001267,2024-02-22,Brake Service,Jessica Thomas,1885.45,1517.75,367.7,Not Applicable,2024-04-15,Inactive,2024-12-23
VEH-001268,SEY3JUDC29W946NRX,Honda,Pilot,2022,Orange,Gasoline,134644,CUST-99249,Scott Diaz,xrios@example.com,234-496-3539x4001,SVC-00001268,2024-10-16,Brake Service,Sarah Murray,1280.2,1116.24,163.96,Active,2024-10-10,Inactive,2025-05-01
VEH-001269,ABC123,BMW,5 Series,2011,PowderBlue,Plug-in Hybrid,59861,CUST-58475,April Lopez,marissacollins@example.net,611-766-4762x066,SVC-00001269,2024-12-06,Brake Service,Kathryn Patel,2354.53,1236.48,1118.05,Expired,2026-02-28,Inactive,2026-04-04
VEH-001270,UBX253FW0R4ZYHFRZ,Chevrolet,Equinox,2004,PaleVioletRed,Hybrid,220646,CUST-77962,Evan Taylor,tracywilliams@example.org,926.941.1383x6766,SVC-00001270,2025-03-15,Inspection,Susan Davis,2277.53,1372.73,904.8,Expired,2024-09-06,Active,2025-02-09
VEH-001271,NLPXNYEK8Z6Y15RK4,Ford,F-150,2008,Khaki,Hybrid,211640,CUST-19742,Mark Henry,moratara@example.net,+1-545-268-1970x06234,SVC-00001271,2023-08-13,Engine Repair,Paul Valencia,806.43,754.88,51.55,Expired,2024-08-23,Active,2023-07-26
VEH-001272,85JXT5UHWTVR6V0PY,Nissan,Frontier,2009,DarkBlue,Diesel,17124,CUST-10855,Becky Turner,mmorgan@example.org,458-653-7018,SVC-00001272,2023-01-20,Battery Replacement,Brittany Kidd,2692.47,1573.27,1119.2,Not Applicable,2024-05-07,Inactive,2023-11-11
VEH-001273,DB7AN6FW5DFP5P2F2,Ford,Bronco,2009,Pink,Diesel,73451,CUST-78833,Steven Lopez,kclark@example.net,283.620.6988x78866,SVC-00001273,2025-11-19,Other,,2920.04,1601.66,1318.38,Expired,2024-05-13,Inactive,2025-08-31
VEH-001274,7RGU2BE28U0F3GLX2,Tesla,Model X,2009,Ivory,Electric,37625,CUST-53329,Steven Thomas,christopher04@example.org,494-615-0515,SVC-00001274,2023-05-03,Inspection,Melissa Mendez,1895.45,684.95,1210.5,Expired,2026-02-10,Inactive,2023-06-23
VEH-001275,TA84N030EMTFK5ZS0,Tesla,Model X,2007,DarkTurquoise,Hybrid,102706,CUST-83530,Holly Mitchell,eorr@example.org,255.631.9279x60506,SVC-00001275,2023-03-27,Brake Service,David Martin,2298.92,1858.87,440.05,Not Applicable,2026-01-28,Scrapped,2025-10-18
VEH-001276,INVALIDVIN123,Mercedes,C-Class,2008,Cyan,Electric,6082,CUST-30586,Eric Campbell,dstone@example.com,+1-735-561-6414x63552,SVC-00001276,2024-09-19,Other,Laura Gray,842.53,612.37,230.16,Not Applicable,2025-05-09,Scrapped,2024-10-26
VEH-001277,0W7XLVC7R56EUH6UY,Ford,Mustang,1998,DarkRed,Gasoline,71691,CUST-53583,Mrs. Jessica Dickson,payneaaron@example.net,8128826737,SVC-00001277,2026-06-06,Inspection,Katherine Bridges,1069.6,924.17,145.43,Not Applicable,2025-02-14,Active,2025-12-23
VEH-001278,NMAJWZBGHEHW6WRFX,Nissan,Pathfinder,2009,Sienna,Electric,195681,CUST-16689,Sarah Price,shahmargaret@example.net,673.924.6816x4404,SVC-00001278,2023-02-28,Inspection,Colton Armstrong,1438.21,347.39,1090.82,Expired,2025-12-13,Inactive,2024-10-09
VEH-001279,PGGKMAG6WZ87TMH7X,Hyundai,Palisade,2013,OrangeRed,Hybrid,236376,CUST-49529,Tina Lee,westpeggy@example.com,001-861-531-4734x9497,SVC-00001279,2024-01-11,Brake Service,Kathryn Patel,2832.48,1553.98,1278.5,Not Applicable,2026-02-19,Scrapped,2024-03-12
VEH-001280,VHWMD75R80906DSKA,Tesla,Model 3,1900,Black,Plug-in Hybrid,27816,CUST-93358,Paul Davis,jrowland@example.net,001-673-446-5633x236,SVC-00001280,2025-12-18,Oil Change,Shelley Wilson,2131.17,1646.56,484.61,Not Applicable,2024-07-04,Scrapped,2025-03-02
VEH-001281,2JDJAK273ADAGYTXZ,Honda,Accord,2024,DarkRed,Hybrid,138338,CUST-74936,Brian Haney,jessica78@example.org,(482)943-3268x46871,SVC-00001281,2022-08-18,Brake Service,Charles Nelson,2388.09,1157.71,1230.38,Active,2026-03-25,Scrapped,2023-06-28
VEH-001282,VIN-MISSING,BMW,X5,2002,MediumAquaMarine,Diesel,141916,CUST-34056,Lee Cole,,(849)551-7331,SVC-00001282,2024-06-14,Inspection,Michelle Hays,2178.27,853.01,1325.26,Expired,2026-01-14,Scrapped,2024-06-13
VEH-001283,NTMFUXHS27UDPMHU0,Mercedes,GLE,1996,Silver,Hybrid,51796,CUST-60547,Amy Jensen,imoore@example.org,(410)257-9782,SVC-00001283,2024-08-14,Battery Replacement,Michelle Hays,1623.76,745.64,878.12,Expired,2026-03-24,Scrapped,2023-08-14
VEH-001284,XYN0KHRG9XENE56XR,Kia,Telluride,2014,LightBlue,Electric,173544,CUST-11780,Jeffrey Lambert,anthonyvaldez@example.com,(677)409-0339x31952,SVC-00001284,2023-09-23,Body Work,,978.04,225.01,753.03,Expired,2025-03-24,Inactive,2023-05-04
VEH-001285,2ZNWYMBAGTXFWYGET,Tesla,Cybertruck,2013,DarkOrange,Hybrid,162559,CUST-63806,Katherine Lawson,salinaschristopher@example.com,5893440076,SVC-00001285,2023-01-08,Inspection,Shelley Wilson,2192.99,1719.08,473.91,Expired,2025-10-24,Active,2023-05-17
VEH-001286,YGFHUJ1G3EJJFPE4N,BMW,M4,2012,DeepSkyBlue,Diesel,56297,CUST-55556,Andrea Lopez,nicole61@example.net,001-665-940-9894x32518,SVC-00001286,2024-03-14,Tire Rotation,Caitlin Marshall,691.84,144.35,547.49,Expired,2025-01-27,Inactive,2023-05-02
VEH-001287,M4S0YZWXK3GJ20642,toyota,Corolla,2017,DarkOrange,Gasoline,85595,CUST-48001,Eric Miller,hhamilton@example.com,+1-687-384-2327x7140,SVC-00001287,2024-01-21,Oil Change,Travis Contreras,2457.06,1906.73,550.33,Expired,2024-06-09,Active,2025-05-13
VEH-001288,CWN7NCYN1YNNEJ07F,Honda,Civic,2013,Lavender,Gasoline,86878,CUST-92240,Leslie Harris,hcombs@example.org,+1-504-557-9185x3106,SVC-00001288,2024-11-03,Other,Sara Marquez,2036.49,902.91,1133.58,Not Applicable,2025-05-02,Active,2024-09-04
VEH-001289,1W3MEA29C496T8WPU,nissan,Rogue,2022,BlueViolet,Hybrid,123341,CUST-27209,Lisa Anthony,howard30@example.com,617-420-9485x290,SVC-00001289,2022-04-15,Engine Repair,Paul Valencia,2049.14,1267.1,782.04,Active,2024-08-09,Scrapped,2024-10-18
VEH-001290,85X66NYUF6AP5KHFU,Honda,Odyssey,2019,LightSalmon,Gasoline,177465,CUST-33216,Jasmine Howard,,649-841-5915x37963,SVC-00001290,2026-02-18,Brake Service,Sara Marquez,2441.07,1252.33,1188.74,Expired,2025-11-20,Active,2025-11-26
VEH-001291,BXNMVJ9SGCPBGE4XH,toyota,Camry,2006,AntiqueWhite,Diesel,68011,CUST-39767,Kathy Cross,qwalker@example.net,001-582-366-9366,SVC-00001291,2024-07-19,Tire Rotation,,2272.79,1356.64,916.15,Expired,2026-03-11,Active,2025-01-01
VEH-001292,5X0BXZY0ECJXHBDDS,Mercedes,E-Class,1997,LightCoral,Gasoline,199079,CUST-81548,Breanna Smith,garymata@example.org,741.380.7276x191,SVC-00001292,2026-03-07,Brake Service,Shelley Wilson,2932.32,1480.15,1452.17,Expired,2024-08-20,Inactive,2023-08-22
VEH-001293,BZBWLT7WNB9LAV0ST,Ford,Mustang,1998,Chartreuse,Hybrid,219784,CUST-48628,Johnny Rosales,manderson@example.org,7146040417,SVC-00001293,2023-08-15,Brake Service,Sara Marquez,2426.19,1895.5,530.69,Not Applicable,2025-11-04,Active,2024-12-10
VEH-001294,JSE976NG3TV9GW9FT,Nissan,Pathfinder,2022,MediumSlateBlue,Hybrid,199173,CUST-30482,Amy Brown,smithapril@example.org,(203)443-2718x0302,SVC-00001294,2023-09-07,Brake Service,David Martin,1209.08,731.57,477.51,Active,2025-07-02,Inactive,2023-11-20
VEH-001295,W1V4FY2TAC4JF5WK9,BMW,X5,2023,Green,Diesel,160557,CUST-33300,James Pena,shannon02@example.org,(583)773-3954x0949,SVC-00001295,2025-05-03,Oil Change,,575.82,328.45,247.37,Active,2025-09-12,Active,2023-11-25
VEH-001296,M6G8WCPMMN0407KFK,Mercedes,S-Class,2011,DimGray,Hybrid,40735,CUST-50100,Steve Rice,odecker@example.net,(598)653-7239,SVC-00001296,2025-02-13,Other,Colton Armstrong,1115.36,790.06,325.3,Not Applicable,2025-12-08,Inactive,2024-02-06
VEH-001297,WEAWRFBCLAGKACR0C,Kia,Sportage,1998,Silver,Plug-in Hybrid,7200,CUST-32926,Charles Brown,durhammelissa@example.org,,SVC-00001297,2023-05-21,Other,Sarah Murray,982.75,285.49,697.26,Not Applicable,2025-06-28,Scrapped,2025-09-26
VEH-001298,20KEYP3KS6KXG7FPU,Nissan,Pathfinder,1996,OliveDrab,Gasoline,131594,CUST-16779,Jaclyn Campbell,vincent43@example.com,+1-398-899-2948x168,SVC-00001298,2023-03-06,Brake Service,,1529.67,152.48,1377.19,Expired,2024-07-24,Active,2023-08-20
VEH-001299,G3PN4PU2C0NPRV84K,Kia,Telluride,2015,Lavender,Hybrid,154523,CUST-67020,Kenneth Herman,,378.604.7676x2954,SVC-00001299,2025-10-13,Tire Rotation,Travis Contreras,1818.36,1089.35,729.01,Expired,2024-05-14,Inactive,2024-12-16
VEH-001300,2K3RJCMNLPWF93JCE,Chevrolet,Traverse,1998,DarkGreen,Gasoline,90343,CUST-83211,Ryan Shaw,dennis14@example.org,001-571-564-1104x24069,SVC-00001300,2025-05-13,Other,David Martin,1961.75,1498.04,463.71,Expired,2024-09-22,Scrapped,2024-11-03
VEH-001301,FFCYXTS0L2SLH0180,Tesla,Cybertruck,2004,HotPink,Plug-in Hybrid,233557,CUST-15486,Kevin Evans,,5068793155,SVC-00001301,2024-12-26,Tire Rotation,Edward Allison,2803.4,1439.08,1364.32,Not Applicable,2026-03-29,Inactive,2025-11-30
VEH-001302,TYYUXULTWZJ9BJDKM,Mercedes,E-Class,2001,Pink,Diesel,65865,CUST-61295,Joshua Stokes,mbradford@example.com,979.230.9487,SVC-00001302,2026-02-08,Other,Brian Rivera,639.62,398.91,240.71,Not Applicable,2025-09-22,Active,2025-05-24
VEH-001303,DS8BDTF5H8BJVYRJV,Tesla,Model 3,2015,DarkOliveGreen,Hybrid,221452,CUST-56070,Mitchell Rodriguez,lori24@example.net,772.627.9879,SVC-00001303,2026-03-08,Oil Change,David Martin,1815.12,1378.05,437.07,Not Applicable,2025-04-12,Inactive,2024-12-14
VEH-001304,7TFRK0TSB0PK0PRNC,Honda,Odyssey,2006,Red,Hybrid,82515,CUST-42223,Susan Edwards,nbarrett@example.com,+1-719-599-3702x90971,SVC-00001304,2023-01-27,Battery Replacement,Laura Gray,2214.28,1046.3,1167.98,Not Applicable,2024-06-29,Inactive,2024-05-22
VEH-001305,YLH71M9ZA8ZFPTH6V,Chevrolet,Tahoe,2005,SkyBlue,Diesel,151607,CUST-74040,Shannon Hardy,orojas@example.net,529-950-5540,SVC-00001305,2023-06-22,Other,Debbie West,1029.13,909.67,119.46,Expired,2025-12-14,Inactive,2024-12-29
VEH-001306,RJU4KBYRCEDVTFT31,BMW,5 Series,2021,DarkBlue,Hybrid,4082,CUST-31887,Susan Garcia,weeksjasmine@example.org,941.230.7980,SVC-00001306,2022-11-16,Inspection,Jessica Thomas,1413.78,1249.5,164.28,Active,2025-04-21,Active,2024-11-05
VEH-001307,79JAG54K7H86U7MU8,Tesla,Model 3,2013,Teal,Diesel,84258,CUST-74038,Jeremy Cross,ashleyandrew@example.net,(694)237-5537x361,SVC-00001307,2024-08-17,Other,Paul Valencia,1258.82,811.57,447.25,Expired,2024-12-05,Scrapped,2023-10-23
VEH-001308,CYCCJNGU6Z6ASJ9BS,Nissan,Sentra,2024,DarkMagenta,Plug-in Hybrid,7488,CUST-79665,Mason Duncan,hayesalexandra@example.net,521.477.5362,SVC-00001308,2023-09-01,Brake Service,Colton Armstrong,1831.39,626.77,1204.62,Active,2025-08-14,Active,2024-11-28
VEH-001309,BCKAYWSC77WBBHN7F,BMW,M4,2010,Purple,Gasoline,100605,CUST-76778,Nancy Patel,ijohnson@example.net,565.546.7232x13538,SVC-00001309,2025-04-18,Tire Rotation,Brian Rivera,2157.74,1625.16,532.58,Expired,2024-09-01,Scrapped,2023-05-02
VEH-001310,GU5A5ZLYG7FBP16A9,Nissan,Frontier,2001,Salmon,Diesel,46973,CUST-13677,Joseph Smith,michael62@example.net,711-729-2661x152,SVC-00001310,2025-12-21,Brake Service,Colton Armstrong,2009.61,747.03,1262.58,Not Applicable,2025-07-13,Inactive,2026-03-27
VEH-001311,YHK6MTAUTG9G496EG,Toyota,Camry,1995,Cyan,Plug-in Hybrid,209700,CUST-37688,Cynthia Hubbard,brandonchavez@example.net,+1-747-930-3679x4367,SVC-00001311,2025-07-28,Tire Rotation,Paul Valencia,1574.49,679.11,895.38,Not Applicable,2024-11-24,Inactive,2024-02-16
VEH-001312,FPYC4PGAEHVP2LE7E,BMW,X3,2022,OrangeRed,Gasoline,203860,CUST-44078,Alex Gross,joan18@example.net,001-347-526-1004,SVC-00001312,2023-11-29,Engine Repair,Kathryn Patel,3205.69,1913.21,1292.48,Active,2025-02-12,Inactive,2024-07-24
VEH-001313,A9MMY18BRYWEKTK8B,Honda,CR-V,2001,SandyBrown,Hybrid,168984,CUST-27335,Carlos Taylor,,305-768-5597x493,SVC-00001313,2025-08-19,Inspection,Debbie West,1255.27,380.33,874.94,Expired,2025-12-31,Scrapped,2026-03-18
VEH-001314,2J1ACLWAFHRL8KW6H,Tesla,Model X,2019,Lavender,Plug-in Hybrid,226982,CUST-99510,Edward Oconnor,,386.201.8499x886,SVC-00001314,2022-06-15,Inspection,Joshua Cooper,2803.01,1403.28,1399.73,Expired,2025-08-14,Inactive,2024-06-13
VEH-001315,4ZPD2EJRR5HSAEBR6,Chevrolet,Traverse,2019,DarkSalmon,Electric,181286,CUST-32423,Alexandra Smith,oconnellerica@example.net,(336)435-6035x50525,SVC-00001315,2024-03-15,Brake Service,Laura Gray,2178.22,1961.45,1423.38,Expired,2024-09-01,Inactive,2024-03-09
VEH-001316,3GARSADDUCJCF77TN,Nissan,Pathfinder,2010,PaleVioletRed,Diesel,50210,CUST-47769,Jocelyn Evans,richardblack@example.net,336-808-0481x56892,SVC-00001316,2025-02-07,Other,,2553.72,1451.48,1102.24,Not Applicable,2025-02-17,Inactive,2025-06-20
VEH-001317,VHU0B3CAP3E1S4GA4,BMW,X5,2019,YellowGreen,Diesel,139927,CUST-83483,Bryan Ponce,,857-413-3503x94472,SVC-00001317,2024-12-14,Brake Service,Katherine Bridges,1769.66,1514.71,254.95,Not Applicable,2024-08-02,Active,2024-03-04
VEH-001318,FHHSEN1PJ7D6TBRC5,toyota,Camry,2009,DarkTurquoise,Diesel,89488,CUST-67482,Catherine Morris,joseph51@example.net,001-887-297-1563,SVC-00001318,2025-10-25,Tire Rotation,Jessica Thomas,2493.25,1191.03,1302.22,Expired,2025-10-05,Inactive,2023-06-28
VEH-001319,7TE7DF5GMA0SWP997,Kia,Telluride,2012,MediumBlue,Electric,116540,CUST-74200,Jeffrey Francis,james49@example.org,+1-503-754-5479x99282,SVC-00001319,2022-10-13,Body Work,,2094.04,739.41,1354.63,Expired,2024-08-22,Inactive,2025-03-31
VEH-001320,VIN-MISSING,Tesla,Model S,2007,LightBlue,Plug-in Hybrid,234146,CUST-42599,Henry Terry,jameshaney@example.org,575.559.1981x543,SVC-00001320,2025-11-27,Brake Service,Michelle Torres,2220.39,826.34,1394.05,Not Applicable,2025-08-07,Active,2025-06-20
VEH-001321,442WLAEVDR727V8MK,Nissan,Altima,2000,RoyalBlue,Gasoline,46345,CUST-48159,Brian King,daisydaniel@example.com,(339)854-3976x9068,SVC-00001321,2023-12-13,Oil Change,Edward Allison,1326.18,862.17,464.01,Not Applicable,2025-02-10,Inactive,2024-03-16
VEH-001322,AYVBMSF4E2727XLT2,Chevrolet,Silverado,2024,DarkSeaGreen,Diesel,90098,CUST-76183,Tammy Woods,robinsonmichael@example.net,696-622-1632,SVC-00001322,2025-03-29,Brake Service,Wanda Gutierrez,2157.89,1943.23,214.66,Active,2025-07-25,Inactive,2024-06-29
VEH-001323,90E2C6AXB7A8WYT20,Tesla,Model Y,2001,Lime,Hybrid,509,CUST-73122,Kirk Burton,harrisjennifer@example.net,543.725.4278x7642,SVC-00001323,2023-07-09,Engine Repair,Joshua Cooper,1929.57,1453.99,475.58,Not Applicable,2025-06-02,Active,2025-10-21
VEH-001324,1WGAWMB99747VFJ9B,Kia,Sorento,1998,PaleTurquoise,Gasoline,177081,CUST-56722,Kelly Lewis,owilliamson@example.com,368.629.7858x41769,SVC-00001324,2023-08-06,Battery Replacement,Travis Contreras,1938.77,720.71,1218.06,Not Applicable,2025-10-08,Active,2023-11-05
VEH-001325,AS0AGANJGX45ZX7PD,Hyundai,Santa Fe,2011,Pink,Electric,70276,CUST-41134,Jennifer Ellis,johnsonhector@example.net,001-770-860-6029x33554,SVC-00001325,2026-03-06,Tire Rotation,Brian Rivera,2324.83,1385.21,939.62,Expired,2026-02-08,Active,2024-06-19
VEH-001326,V1DU415UJGD0962BG,bmw,3 Series,2013,Brown,Electric,131072,CUST-63677,Jennifer Clark,reynoldsjulie@example.com,+1-492-555-3069,SVC-00001326,2024-07-20,Engine Repair,Brittany Kidd,2064.3,1308.54,755.76,Expired,2024-06-26,Inactive,2024-06-22
VEH-001327,F42MGEY4FV9BBECEC,Mercedes,S-Class,2022,OliveDrab,Hybrid,237206,CUST-59994,Teresa Hull,hesterjessica@example.net,+1-939-524-2952,SVC-00001327,2023-11-23,Tire Rotation,Sara Marquez,2568.6,1202.58,1366.02,Active,2024-09-26,Active,2026-02-07
VEH-001328,UJ6X0VDVXMR8554F0,kia,Sorento,2023,Orchid,Gasoline,32106,CUST-56456,Jose Johnson,qparker@example.com,+1-487-465-5366x4839,SVC-00001328,2024-02-20,Battery Replacement,Michelle Torres,1726.29,1386.83,339.46,Active,2026-02-03,Inactive,2025-09-03
VEH-001329,VWB1EB23933BKEG7U,Ford,Explorer,2000,LightGray,Plug-in Hybrid,130438,CUST-51592,Michael Anderson,wagnerjack@example.org,207.918.6253x1258,SVC-00001329,2024-08-04,Engine Repair,Michelle Hays,2678.87,1855.86,823.01,Expired,2025-10-21,Active,2024-05-24
VEH-001330,JMZ2YP178A8UE4AF9,Toyota,Tacoma,2014,MediumVioletRed,Electric,168483,CUST-72596,Wendy Ferrell,pacejames@example.org,325.859.3260,SVC-00001330,2025-06-23,Oil Change,Joshua Cooper,2414.07,1115.65,1298.42,Expired,2025-05-14,Active,2024-02-10
VEH-001331,F71D6MKWBR90NHEDG,Toyota,Tacoma,2003,Black,Hybrid,127805,CUST-74915,Alicia Pratt,hansonandrew@example.com,484-666-2343x2397,SVC-00001331,2025-10-13,Body Work,Debbie West,1674.28,834.39,839.89,Expired,2024-06-27,Inactive,2024-05-04
VEH-001332,CMW4ZWE22DM9MH1JK,BMW,M4,2023,MintCream,Electric,99780,CUST-49063,Roy Johnston,sthomas@example.com,,SVC-00001332,2024-09-05,Battery Replacement,Wanda Gutierrez,2073.55,1376.02,697.53,Active,2025-12-11,Scrapped,2025-06-22
VEH-001333,8JBR6M4UV1TFEWD8X,Ford,Explorer,2010,Aquamarine,Gasoline,22212,CUST-40145,Vanessa Guerrero,terri03@example.net,670.285.7771,SVC-00001333,2024-04-25,Inspection,Sarah Murray,1102.51,967.99,134.52,Expired,2024-09-21,Inactive,2023-12-09
VEH-001334,P50JUBMX7WAMC2D1Y,BMW,X5,2017,GreenYellow,Plug-in Hybrid,71029,CUST-20401,Joseph Pennington,pbaker@example.com,231-255-1274,SVC-00001334,2022-12-28,Battery Replacement,Melissa Mendez,1946.24,809.31,1136.93,Expired,2025-07-21,Scrapped,2024-02-21
VEH-001335,UR9MRNBGG298C9330,Mercedes,E-Class,2022,LightGoldenRodYellow,Electric,225698,CUST-87843,Natasha Martinez,csullivan@example.com,606.844.6033x58915,SVC-00001335,2023-06-02,Battery Replacement,Susan Davis,980.94,606.74,374.2,Active,2025-03-06,Active,2025-04-17
VEH-001336,7JCLLH4VT4B19D1KC,BMW,M4,2014,BurlyWood,Plug-in Hybrid,18832,CUST-39854,Douglas Scott,gperkins@example.org,297.842.7737,SVC-00001336,2022-09-21,Inspection,Melissa Mendez,1839.28,800.69,1038.59,Not Applicable,2024-05-24,Inactive,2023-08-30
VEH-001337,2WYT84R65LS75YR1P,Mercedes,C-Class,2011,DarkSalmon,Plug-in Hybrid,139107,CUST-80415,Charles Smith,robert27@example.net,+1-484-984-7947x50307,SVC-00001337,2024-10-18,Tire Rotation,Michelle Torres,1083.1,758.22,324.88,Expired,2024-11-25,Inactive,2024-11-25
VEH-001338,CZK9SH2MYFXL0RF6G,Toyota,Highlander,2011,Chocolate,Electric,146713,CUST-23562,William Herrera,michaelharris@example.org,734.365.9470,SVC-00001338,2025-07-16,Tire Rotation,Susan Davis,595.65,162.93,432.72,Expired,2025-07-16,Active,2025-06-02
VEH-001339,L9CHVA3LVLXEZ5874,Kia,Sportage,2013,Teal,Hybrid,153453,CUST-29187,James Tate,smithjohn@example.com,847-699-1187,SVC-00001339,2023-04-07,Engine Repair,Brian Rivera,2348.16,732.6,889.07,Expired,2024-08-16,Scrapped,2023-05-01
VEH-001340,K9SF1ZCM6V9MS5F6T,Mercedes,C-Class,2020,Gainsboro,Electric,121384,CUST-84259,Kaylee Curtis,maloneedward@example.org,5402524017,SVC-00001340,2024-05-09,Battery Replacement,Caitlin Marshall,934.06,412.26,521.8,Active,2026-03-25,Scrapped,2025-03-06
VEH-001341,80YV3E60T44FAUKAB,Tesla,Cybertruck,2018,MediumSeaGreen,Electric,-237926,CUST-66713,Bryan Jones,,+1-888-223-6982,SVC-00001341,2024-12-10,Other,Joshua Cooper,1480.87,1135.11,345.76,Expired,2025-11-24,Scrapped,2023-07-21
VEH-001342,Z5CNM3X6KA3R1388E,BMW,M4,2005,LightSlateGray,Plug-in Hybrid,115400,CUST-72067,Jenna Saunders,iwilliams@example.com,325.970.2620x6460,SVC-00001342,2026-03-09,Battery Replacement,Joshua Cooper,3443.91,1902.08,184.83,Expired,2025-10-29,Inactive,2025-04-06
VEH-001343,ZC93BSWS1T0CBPT0S,Tesla,Model Y,2021,LightSkyBlue,Plug-in Hybrid,20606,CUST-55324,Joseph Hoffman,michael46@example.com,7919257090,SVC-00001343,2022-06-30,Other,,1970.71,897.02,1073.69,Active,2025-01-24,Scrapped,2023-04-28
VEH-001344,N6KGRFW7HAYVPNDBD,Mercedes,GLE,2021,Red,Plug-in Hybrid,9817,CUST-49521,David Perez,xhuang@example.com,642-568-7007,SVC-00001344,2023-03-09,Other,,1488.16,1188.47,299.69,Active,2024-08-25,Active,2024-11-11
VEH-001345,PHXTESSV8K29N3P4P,Ford,Bronco,2012,AliceBlue,Plug-in Hybrid,246941,CUST-72094,Kevin Walsh,collinsemily@example.com,883.353.6054x91690,SVC-00001345,2025-09-17,Inspection,Sarah Murray,2655.01,1229.71,1425.3,Not Applicable,2025-09-02,Scrapped,2024-01-24
VEH-001346,5ZGJZ7PPTYT6KZHXY,Mercedes,S-Class,2020,HotPink,Plug-in Hybrid,76940,CUST-95591,Alexander Jensen,kelly41@example.com,9027449978,SVC-00001346,2024-12-08,Inspection,David Martin,4763.99,1939.5,582.86,Active,2026-02-25,Active,2025-08-18
VEH-001347,4V8PVB82NB0WFUX2D,CHEVROLET,Equinox,1997,OrangeRed,Electric,128121,CUST-88405,Danielle Summers,daniel19@example.com,293.998.8792x335,SVC-00001347,2025-02-20,Battery Replacement,Robert Sanford,1799.25,784.57,1014.68,Expired,2025-04-07,Inactive,2024-12-22
VEH-001348,6HC85MJ3J56P9WN21,Mercedes,GLC,2020,OrangeRed,Diesel,101248,CUST-19610,James Cannon,vramos@example.org,5029298323,SVC-00001348,2025-10-19,Engine Repair,Sara Marquez,1069.02,670.49,398.53,Active,2025-10-28,Scrapped,2026-02-27
VEH-001349,M8HP68V5AUX5PD5U5,Honda,Odyssey,2018,IndianRed,Electric,25808,CUST-76412,Denise Weiss,sarah74@example.org,+1-254-670-9229x0944,SVC-00001349,2023-06-02,Engine Repair,Laura Gray,1905.56,572.67,1332.89,Expired,2025-06-22,Scrapped,2024-10-16
VEH-001350,AKC7PXHR3ZALVLFZ1,TESLA,Cybertruck,2006,MediumVioletRed,Diesel,148961,CUST-82004,Mrs. Julia Allen,mcbridemichael@example.net,307.594.3195,SVC-00001350,2024-05-13,Battery Replacement,Katherine Bridges,1638.88,1314.87,324.01,Not Applicable,2024-11-13,Active,2025-07-01
VEH-001351,BYJV4PXP85ZBP75P4,Kia,Soul,1997,DarkSlateGray,Plug-in Hybrid,152906,CUST-12412,Dr. Justin Welch,zsimpson@example.org,+1-268-743-5608x68721,SVC-00001351,2025-08-25,Engine Repair,Caitlin Marshall,1357.78,1259.25,98.53,Not Applicable,2025-09-29,Scrapped,2024-08-13
VEH-001352,6EHY0U446P5WZD6KL,Ford,Mustang,2011,LemonChiffon,Hybrid,237682,CUST-58280,Jennifer Smith,adrienne50@example.org,001-945-273-6445x1720,SVC-00001352,2025-03-12,Inspection,David Martin,1085.07,209.11,875.96,Not Applicable,2025-12-26,Active,2025-06-08
VEH-001353,HU51ABG2754JHRZLR,Honda,CR-V,2010,BlanchedAlmond,Electric,91476,CUST-22724,Erin Davis,kleinjohnathan@example.org,001-837-657-1073x42864,SVC-00001353,2025-08-13,Body Work,Edward Allison,2130.99,1799.93,331.06,Not Applicable,2025-04-25,Inactive,2023-06-08
VEH-001354,WG73JMHJTV66R2930,Honda,CR-V,2012,MediumTurquoise,Hybrid,166345,CUST-66344,Elizabeth Hall,brianna95@example.org,866-820-3690x7746,SVC-00001354,2024-08-03,Body Work,Brian Rivera,2206.59,1366.84,839.75,Not Applicable,2025-05-31,Inactive,2024-03-24
VEH-001355,2MU795PM4DGUF1EV3,Chevrolet,Silverado,1995,Chocolate,Electric,159083,CUST-35290,Jean Roberts,egonzalez@example.org,,SVC-00001355,2024-07-05,Inspection,Wanda Gutierrez,2092.21,973.21,1119.0,Expired,2026-03-05,Inactive,2024-02-07
VEH-001356,MAZC2S9VFS5JK5YU6,Honda,Civic,2020,OrangeRed,Electric,232111,CUST-38714,Rachel Harvey,kayla86@example.org,621.536.8334,SVC-00001356,2023-04-21,Tire Rotation,Joshua Cooper,1510.45,688.71,821.74,Active,2025-09-01,Scrapped,2024-11-29
VEH-001357,DZ5WJTPWGD1WW8BN5,Hyundai,Elantra,2012,LightSalmon,Hybrid,15984,CUST-38200,Tiffany Duncan,charlesrobinson@example.com,+1-448-373-0361x316,SVC-00001357,2023-02-05,Inspection,Sara Marquez,2771.49,1598.8,1172.69,Not Applicable,2025-09-17,Scrapped,2025-01-23
VEH-001358,SV099DJ2D5ZAFU51B,Honda,Accord,2024,Lime,Gasoline,94502,CUST-33637,Christopher Hunter,stoneroberto@example.com,+1-948-469-9933x6269,SVC-00001358,2024-11-02,Tire Rotation,,2282.15,1589.52,692.63,Active,2025-11-30,Inactive,2024-09-18
VEH-001359,XRJ53U6WR6S3ZMNMB,Toyota,Camry,2010,Teal,Hybrid,55099,CUST-70261,Shawn Kramer,christinavazquez@example.com,001-785-432-6195x516,SVC-00001359,2023-11-25,Battery Replacement,Caitlin Marshall,1014.56,716.48,298.08,Expired,2025-11-22,Inactive,2025-09-07
VEH-001360,S5ASZJSRL2BTJ89TA,Kia,Sorento,1999,MistyRose,Diesel,62623,CUST-71186,Gary Moore,katiebarnett@example.com,(382)856-6556x88921,SVC-00001360,2024-01-16,Oil Change,David Martin,2538.3,1225.92,1312.38,Expired,2024-12-11,Inactive,2023-08-03
VEH-001361,VBYJ3H87H0RZFUVXV,Tesla,Cybertruck,2020,LightCoral,Diesel,121169,CUST-79442,Seth Forbes,timothyfoley@example.net,001-707-302-8030,SVC-00001361,2023-10-24,Inspection,Susan Davis,938.09,216.98,388.18,Active,2025-11-19,Active,2024-01-15
VEH-001362,1WUUGPJGBEJ1MS3RF,Mercedes,E-Class,2020,WhiteSmoke,Electric,141265,CUST-14172,Dawn Shaw,christopherellis@example.com,611.793.7689x060,SVC-00001362,2025-09-13,Battery Replacement,Debbie West,1812.67,741.39,1071.28,Active,2025-03-10,Inactive,2024-07-05
VEH-001363,J6HUE57A0MUC8E36V,Toyota,Highlander,2024,HoneyDew,Gasoline,20430,CUST-58951,Alexander Wallace,drodgers@example.org,+1-787-605-6160x757,SVC-00001363,2023-02-19,Oil Change,,944.16,1207.52,201.27,Active,2025-10-12,Inactive,2024-09-25
VEH-001364,VMH4TM862JRR46563,BMW,5 Series,2016,Fuchsia,Electric,171433,CUST-35516,Stacy Strong,hollandvictoria@example.org,(411)850-3603,SVC-00001364,2024-11-05,Engine Repair,Wanda Gutierrez,2498.58,1041.14,1457.44,Not Applicable,2025-10-10,Scrapped,2026-01-09
VEH-001365,4J3ZGM9ZA47RU3NK9,Nissan,Sentra,2023,Beige,Electric,179903,CUST-14800,Michelle Jones,suzanne12@example.org,998.727.8541x15691,SVC-00001365,2022-12-21,Tire Rotation,Jessica Thomas,639.01,42.68,596.33,Active,2024-10-25,Inactive,2026-04-02
VEH-001366,U0K22HJUB705PZPSE,Honda,Pilot,2006,MediumPurple,Gasoline,226661,CUST-39804,Robert Gonzalez,jimenezsamantha@example.net,259.242.4657x0100,SVC-00001366,2024-10-26,Inspection,,2262.88,1531.24,731.64,Expired,2026-04-13,Active,2023-11-16
VEH-001367,9MFBGKN3C7BA53KXA,Honda,Accord,2006,LightSlateGray,Electric,176657,CUST-46174,Kenneth Pitts,sherrydavis@example.org,+1-930-576-6571x610,SVC-00001367,2022-07-03,Inspection,,2732.72,1677.07,1055.65,Expired,2026-03-11,Inactive,2023-10-14
VEH-001368,XTS5F423M3BAR86ZL,Chevrolet,Malibu,2023,DarkSeaGreen,Gasoline,123143,CUST-78499,Edward Williams,austinangela@example.com,+1-438-406-4797x33277,SVC-00001368,2022-07-25,Other,Joshua Cooper,592.16,311.98,280.18,Active,2025-06-07,Active,2023-09-18
VEH-001369,2W7W1924V0K7C229K,Tesla,Model S,2007,LightSeaGreen,Gasoline,167019,CUST-52706,Lisa Dillon,jaredlopez@example.com,+1-360-394-6763x9297,SVC-00001369,2024-11-14,Engine Repair,Maria Rubio,1002.48,935.62,66.86,Expired,2025-10-05,Active,2025-12-16
VEH-001370,6ZR14PXZ54TEYYKZG,BMW,X3,2001,Sienna,Gasoline,86187,CUST-32644,David Leonard,carrie23@example.net,+1-965-222-5380,SVC-00001370,2022-11-25,Battery Replacement,Wanda Gutierrez,1169.45,782.65,386.8,Not Applicable,2024-07-01,Active,2023-09-22
VEH-001371,4RNBBA6FXJWVWU8MG,Kia,Soul,2007,BlanchedAlmond,Diesel,211668,CUST-97713,Stephen May,allenstephen@example.net,(791)379-8110x6084,SVC-00001371,2023-10-06,Tire Rotation,Melissa Mendez,2586.33,1326.01,1260.32,Not Applicable,2025-02-14,Inactive,2025-06-05
VEH-001372,S5TRM4TDMPG5MBC8J,Tesla,Cybertruck,2016,DarkSlateBlue,Gasoline,-204271,CUST-13232,Kevin Moore,mjones@example.com,(901)385-8358x0099,SVC-00001372,2023-02-20,Engine Repair,Brian Rivera,1913.74,483.47,1430.27,Not Applicable,2025-02-02,Inactive,2023-04-27
VEH-001373,1HGBH41JXMN10916,Toyota,RAV4,2017,DarkTurquoise,Plug-in Hybrid,3664,CUST-11175,Kathleen Clay,brownscott@example.com,+1-375-752-0930x264,SVC-00001373,2025-04-21,Oil Change,Brian Rivera,1237.59,142.39,1095.2,Expired,2025-02-10,Active,2023-05-21
VEH-001374,B0GN3T7E67J63HY9E,Mercedes,GLC,2012,SpringGreen,Gasoline,206086,CUST-85077,Ricardo Curtis,,692.290.9529x006,SVC-00001374,2024-12-21,Inspection,,817.98,571.76,246.22,Not Applicable,2024-11-14,Active,2025-09-20
VEH-001375,DCAWTTCSTYM44EMJW,Nissan,Pathfinder,1999,WhiteSmoke,Electric,109078,CUST-63502,Michael Scott,ashleywashington@example.net,+1-233-627-6940x933,SVC-00001375,2025-05-04,Brake Service,Michelle Hays,875.21,739.22,135.99,Not Applicable,2025-10-10,Scrapped,2025-06-25
VEH-001376,1HGBH41JXMN10916,Kia,Forte,2005,MediumBlue,Hybrid,33324,CUST-70847,Tara Spence,drichard@example.org,602-598-3308x25619,SVC-00001376,2024-11-09,Engine Repair,Susan Davis,1411.54,421.83,989.71,Expired,2025-01-23,Active,2026-02-08
VEH-001377,11U6WNXB6UX8EMHAM,Hyundai,Elantra,2013,LightYellow,Plug-in Hybrid,105123,CUST-36262,Daniel Kelley,oweneugene@example.net,+1-395-227-9008,SVC-00001377,2025-09-27,Tire Rotation,Joshua Cooper,2665.12,1497.23,1167.89,Not Applicable,2025-01-22,Inactive,2025-12-17
VEH-001378,KXS84UTNW87HX8F2P,Nissan,Sentra,2003,LightSlateGray,Diesel,216698,CUST-57906,Nancy Shelton,vanessa89@example.com,+1-298-810-4825x3432,SVC-00001378,2024-06-27,Brake Service,Joshua Cooper,2723.56,1407.77,1315.79,Not Applicable,2026-04-12,Inactive,2024-09-24
VEH-001379,LDBSD60JEYCL20ZWY,Honda,Civic,2001,FireBrick,Electric,215272,CUST-69990,Dr. Nicole Newman,fnichols@example.net,(872)749-6530,SVC-00001379,2023-08-22,Oil Change,Brian Rivera,1536.26,412.08,1124.18,Expired,2024-09-26,Inactive,2024-04-22
VEH-001380,EF2MFLK7RM7EY6VR5,Hyundai,Palisade,2021,Olive,Electric,222759,CUST-96547,Rebecca Fisher,michaelpope@example.net,(210)709-4613,SVC-00001380,2024-06-15,Engine Repair,Charles Nelson,2564.16,1217.02,1347.14,Active,2026-01-07,Active,2024-11-10
VEH-001381,0472H8WBXNLZ4EU36,Ford,Escape,1997,MidnightBlue,Hybrid,7089,CUST-43045,John Barber,sotoalexandra@example.org,(584)887-1427,SVC-00001381,2023-01-29,Brake Service,Melissa Mendez,1337.73,965.31,372.42,Not Applicable,2024-11-03,Inactive,2025-06-27
VEH-001382,07EVZZSUFMHUMKE86,Tesla,Model S,2001,LightSteelBlue,Gasoline,222921,CUST-91647,Travis Kelly,jpoole@example.org,001-512-759-9899x66395,SVC-00001382,2024-10-24,Oil Change,David Martin,2404.53,1707.72,696.81,Not Applicable,2025-01-08,Inactive,2025-01-29
VEH-001383,SLWGNFX8GJFDPMF3M,tesla,Model X,1995,LightGoldenRodYellow,Plug-in Hybrid,28815,CUST-73735,Benjamin Abbott,stephanie12@example.net,,SVC-00001383,2023-12-18,Brake Service,Edward Allison,969.26,284.33,684.93,Expired,2025-01-31,Active,2023-10-14
VEH-001384,LL35RRLEFRKJAYALN,Nissan,Pathfinder,2012,DarkOliveGreen,Electric,84570,CUST-65213,Maria Butler,,001-236-807-3095,SVC-00001384,2022-07-20,Battery Replacement,Sarah Murray,2056.46,859.67,1196.79,Not Applicable,2025-09-06,Inactive,2026-01-29
VEH-001385,WULCZ8SPJJSTLLSTW,Chevrolet,Tahoe,2009,LightSalmon,Gasoline,168271,CUST-78082,Mr. Christopher Hodge,relliott@example.net,584-927-7375x65792,SVC-00001385,2023-05-11,Tire Rotation,Joshua Cooper,2067.2,1583.43,483.77,Not Applicable,2024-04-17,Inactive,2026-04-06
VEH-001386,52MRYHX3KTJXRXGU0,Hyundai,Elantra,2014,Lavender,Plug-in Hybrid,85920,CUST-81905,Erin Young,groberts@example.net,(949)440-1654x940,SVC-00001386,2026-03-01,Oil Change,Paul Valencia,321.99,48.46,284.85,Not Applicable,2025-02-15,Scrapped,2023-06-29
VEH-001387,72LV4XTTXXC1SA73Z,Hyundai,Santa Fe,1999,LightCoral,Electric,130632,CUST-64551,Amy Gentry,ogill@example.net,,SVC-00001387,2024-06-28,Body Work,Caitlin Marshall,505.46,423.38,82.08,Expired,2025-03-20,Inactive,2023-05-23
VEH-001388,SADULJJ1Z7D2CEZ5Y,Chevrolet,Traverse,2014,Chartreuse,Plug-in Hybrid,152438,CUST-95706,Maurice Roberts,gary01@example.com,,SVC-00001388,2022-11-21,Other,Susan Davis,1481.64,396.01,1085.63,Expired,2025-01-08,Inactive,2023-05-31
VEH-001389,JSGAXRZ6J1CMC8VMU,BMW,X5,2015,Chartreuse,Gasoline,42799,CUST-92527,Kim Wolfe,kristina44@example.com,9595184767,SVC-00001389,2026-04-17,Battery Replacement,Katherine Bridges,3287.93,1903.74,1384.19,Expired,2024-09-18,Scrapped,2024-08-30
VEH-001390,CHV5SDLW4XB29HGDP,Nissan,Rogue,2024,DodgerBlue,Diesel,75982,CUST-25340,Henry Sanchez,johnmorrison@example.com,982-301-7740,SVC-00001390,2025-08-26,Body Work,Robert Sanford,1570.79,250.56,1320.23,Active,2024-07-28,Inactive,2023-07-28
VEH-001391,A2K74X1R9U1G8SMHV,BMW,X5,2019,Red,Hybrid,68149,CUST-24963,Joanna Hale,andrea43@example.net,,SVC-00001391,2025-06-12,Engine Repair,Michelle Torres,855.57,354.74,500.83,Expired,2024-06-20,Active,2025-01-20
VEH-001392,2BYC0LRSNZJ6137RL,BMW,5 Series,2010,MediumTurquoise,Gasoline,73850,CUST-93389,Logan Thornton,donnakim@example.org,265.534.5218x179,SVC-00001392,2022-06-05,Battery Replacement,Susan Davis,2083.68,856.89,1226.79,Not Applicable,2025-05-16,Inactive,2024-01-16
VEH-001393,RTF5W4DZ1MZSW66AF,Chevrolet,Tahoe,2015,MediumBlue,Gasoline,13382,CUST-53471,Sharon Osborn,robinsoneddie@example.com,(846)597-8159,SVC-00001393,2025-10-08,Brake Service,Caitlin Marshall,1206.89,306.87,1203.25,Expired,2025-03-05,Scrapped,2024-09-03
VEH-001394,L8SAXRKYHB8EYWVHX,Kia,Sorento,2016,LavenderBlush,Gasoline,200555,CUST-34904,Juan Davis,brandon71@example.org,6482055750,SVC-00001394,2024-10-30,Oil Change,Charles Nelson,1129.79,775.04,354.75,Not Applicable,2025-06-17,Inactive,2023-07-13
VEH-001395,B3HT34P8SXDN6U2Y9,BMW,3 Series,1998,Snow,Plug-in Hybrid,166787,CUST-86747,Nancy Johnson,whitneyjones@example.com,467-419-2502x87093,SVC-00001395,2022-09-18,Other,Caitlin Marshall,1296.62,393.85,902.77,Expired,2025-02-04,Scrapped,2024-05-25
VEH-001396,ZSNRRK5GUN6G724R8,Ford,Escape,2015,LemonChiffon,Gasoline,2751,CUST-89860,Dylan Reed,,001-452-583-6675,SVC-00001396,2022-12-04,Body Work,Susan Davis,345.16,190.34,154.82,Not Applicable,2025-01-29,Inactive,2024-02-04
VEH-001397,5434V8ATG7BCZ1D92,Tesla,Model S,2011,Maroon,Gasoline,209132,CUST-74328,Shannon Ortiz,pwaters@example.com,567-461-9030,SVC-00001397,2022-09-21,Brake Service,Sarah Murray,1613.73,620.4,993.33,Expired,2024-05-31,Active,2025-02-10
VEH-001398,UDVPZ6G16XADPE6H1,Hyundai,Sonata,2018,Gold,Hybrid,126353,CUST-21486,Gary Turner,thomas84@example.com,526-220-3438,SVC-00001398,2026-01-02,Other,,1696.26,467.63,1228.63,Expired,2025-12-20,Active,2023-05-23
VEH-001399,9KDLVS683KVVT7A9G,Hyundai,Tucson,2024,Crimson,Plug-in Hybrid,22572,CUST-93589,Albert French,johngaines@example.net,9437448112,SVC-00001399,2025-11-24,Battery Replacement,Brian Rivera,1298.5,549.25,749.25,Active,2026-03-14,Active,2023-12-15
VEH-001400,ENFP04PR1PEBSL31Y,Honda,CR-V,1996,MintCream,Hybrid,-242462,CUST-83057,Tracy Harrell,josephturner@example.com,+1-424-672-2277x1347,SVC-00001400,2025-04-29,Battery Replacement,Susan Davis,2501.94,1230.29,1271.65,Not Applicable,2025-05-25,Inactive,2023-09-09
VEH-001401,NPJYWGYXPU03DGNWT,BMW,5 Series,2008,Green,Diesel,83405,CUST-47062,Sarah Moore,pmoses@example.net,236-906-1545x82081,SVC-00001401,2024-10-29,Brake Service,,3601.78,785.37,1432.15,Not Applicable,2025-07-02,Scrapped,2025-02-20
VEH-001402,HVDGAMZ7VPMD6HF7A,MERCEDES,E-Class,2008,MidnightBlue,Plug-in Hybrid,205275,CUST-15092,Misty Morrison,itrevino@example.org,665.228.6494x931,SVC-00001402,2022-09-06,Oil Change,Michelle Torres,2139.14,1346.97,792.17,Not Applicable,2025-09-14,Active,2026-03-15
VEH-001403,UBCNVTZN3S776P5GK,Toyota,Highlander,2005,DarkMagenta,Plug-in Hybrid,23848,CUST-43300,Kelly Potter MD,jacob06@example.com,552-214-6382,SVC-00001403,2025-04-24,Oil Change,Michelle Torres,1257.4,60.04,1197.36,Expired,2025-09-04,Scrapped,2025-03-23
VEH-001404,M9VUPW557EMY14FR9,Tesla,Model 3,2013,DeepSkyBlue,Gasoline,17673,CUST-78756,Ryan Wilson,sbutler@example.org,906.443.7854x26320,SVC-00001404,2024-01-07,Other,Wanda Gutierrez,1675.23,805.56,869.67,Not Applicable,2025-01-16,Active,2024-01-08
VEH-001405,ABC123,Mercedes,GLC,2005,Crimson,Diesel,163534,CUST-16318,Christopher Guerrero,frostmary@example.com,229.298.8656x629,SVC-00001405,2022-11-04,Battery Replacement,Sara Marquez,2888.19,1588.89,1299.3,Not Applicable,2024-07-24,Scrapped,2025-07-07
VEH-001406,60LEDHTEV92FFESNE,Mercedes,C-Class,2022,LightCoral,Electric,140955,CUST-49809,Mrs. Erica Clark,awilson@example.com,(932)543-6500x529,SVC-00001406,2026-06-02,Brake Service,Maria Rubio,2269.05,876.86,1392.19,Active,2024-08-22,Inactive,2023-11-17
VEH-001407,INVALIDVIN123,Nissan,Sentra,1999,DarkOliveGreen,Plug-in Hybrid,25364,CUST-93341,Steven Tucker,ryan32@example.org,941.898.9947x0798,SVC-00001407,2023-05-20,Inspection,Colton Armstrong,2208.62,1686.49,522.13,Expired,2024-11-06,Scrapped,2025-12-10
VEH-001408,UGTJTASG3GFVH22V6,Mercedes,S-Class,2019,DarkViolet,Electric,152677,CUST-93699,William Houston,john02@example.org,+1-376-546-4584x923,SVC-00001408,2024-05-16,Tire Rotation,Shelley Wilson,2143.73,1926.02,217.71,Expired,2026-02-02,Inactive,2023-06-26
VEH-001409,YYHZMZ9HB77Y3HGEG,FORD,Bronco,1995,YellowGreen,Gasoline,47391,CUST-49690,Joseph Johnson MD,josephmichael@example.org,+1-854-844-5097,SVC-00001409,2026-09-05,Tire Rotation,Robert Sanford,1832.74,375.33,1457.41,Expired,2025-12-30,Scrapped,2023-09-05
VEH-001410,V3GFFMHJC726UBJ2V,Honda,Pilot,2020,Olive,Hybrid,194413,CUST-33134,Michael Stewart,salasmichelle@example.net,(498)571-3957x510,SVC-00001410,2024-01-28,Engine Repair,Sara Marquez,2125.74,1609.94,515.8,Active,2025-09-08,Scrapped,2024-03-11
VEH-001411,A39TFTG0VEULJNRGL,BMW,X3,2021,RosyBrown,Gasoline,237179,CUST-92388,Victor Hinton,jessicawillis@example.net,560-599-6442x050,SVC-00001411,2024-02-13,Tire Rotation,,2915.39,1625.29,1290.1,Active,2025-10-15,Scrapped,2023-08-26
VEH-001412,00000000000000000,Ford,Bronco,2017,DarkGoldenRod,Plug-in Hybrid,90006,CUST-37210,Jacob Drake,lisa73@example.net,+1-647-423-8662,SVC-00001412,2025-07-18,Battery Replacement,Maria Rubio,2103.7,1351.98,751.72,Not Applicable,2025-05-16,Scrapped,2026-03-17
VEH-001413,ZL5H127G8X37LUE0U,Honda,Civic,2001,Silver,Hybrid,209984,CUST-46549,Whitney Ross,anaharrison@example.org,217-381-2170x802,SVC-00001413,2024-08-05,Inspection,,3032.12,1596.93,1435.19,Not Applicable,2025-02-01,Inactive,2024-05-23
VEH-001414,803T27VZNCT6UFMJ8,Mercedes,E-Class,2005,LightCoral,Plug-in Hybrid,14794,CUST-42129,Sandra Humphrey,eric02@example.org,(818)341-2947,SVC-00001414,2025-10-17,Tire Rotation,Melissa Mendez,1788.75,816.58,972.17,Expired,2024-12-10,Scrapped,2024-07-09
VEH-001415,61HEV6GBDCLG09WLS,Nissan,Altima,2014,OldLace,Plug-in Hybrid,31223,CUST-23570,Alexander Mills,angelamartinez@example.org,7364486014,SVC-00001415,2022-04-29,Battery Replacement,Laura Gray,1539.32,677.87,861.45,Expired,2026-03-30,Active,2023-05-07
VEH-001416,1HGCM82633AO04747,Ford,Mustang,2003,Khaki,Hybrid,3345,CUST-48181,Andrea Wells,,(807)925-2743x45053,SVC-00001416,2022-05-28,Tire Rotation,Edward Allison,2030.04,1265.7,764.34,Not Applicable,2025-02-12,Scrapped,2023-06-12
VEH-001417,7L0KTBM30TXTM8992,Kia,Sportage,2022,Purple,Electric,215698,CUST-92600,Jennifer Hood DDS,emilyglover@example.net,729.592.9459x9293,SVC-00001417,2023-06-24,Brake Service,Jessica Thomas,2212.84,1038.56,1174.28,Active,2026-03-07,Scrapped,2023-11-09
VEH-001418,YYCTFX8YW4S3AAU8P,Chevrolet,Tahoe,2015,Thistle,Gasoline,130328,CUST-37956,Courtney Harrington,kingjamie@example.net,4665239632,SVC-00001418,2022-10-14,Inspection,Sara Marquez,1199.86,196.42,1003.44,Not Applicable,2025-10-31,Inactive,2025-11-30
VEH-001419,7DAUKV374EWWFSMVE,Honda,CR-V,2017,Sienna,Electric,74318,CUST-44494,Jeffrey Howell,uthompson@example.org,579.690.6815x62195,SVC-00001419,2023-06-17,Tire Rotation,,1534.68,445.46,1089.22,Not Applicable,2025-02-10,Active,2024-09-09
VEH-001420,JX5D4FLGSNDF55DXU,Mercedes,S-Class,2014,DeepPink,Electric,141027,CUST-16141,Mary Juarez,lauraerickson@example.com,001-221-593-7685x2325,SVC-00001420,2023-04-12,Engine Repair,Katherine Bridges,2288.07,1719.19,568.88,Expired,2026-01-25,Scrapped,2024-03-06
VEH-001421,N9XJK8U0WCJN46VKB,Mercedes,GLC,2002,LightCyan,Hybrid,111040,CUST-20814,Lisa Taylor,castrokimberly@example.com,001-785-594-2059x500,SVC-00001421,2024-08-24,Other,Michelle Torres,1569.95,462.94,1107.01,Not Applicable,2025-01-29,Active,2026-01-04
VEH-001422,JVA3AH9GMRKDUJA3P,HONDA,Odyssey,2012,LightSteelBlue,Electric,48237,CUST-58428,Terry Proctor,ccook@example.com,001-519-910-0545,SVC-00001422,2023-10-23,Other,Robert Sanford,1337.88,1284.96,52.92,Expired,2025-04-04,Inactive,2025-04-21
VEH-001423,FW5BVB43SL4K1FPMN,BMW,M4,1995,Aquamarine,Electric,19828,CUST-66898,Christian Taylor,heather68@example.org,001-469-471-3397x1814,SVC-00001423,2022-06-15,Inspection,Katherine Bridges,874.09,702.33,171.76,Not Applicable,2025-04-02,Scrapped,2024-08-21
VEH-001424,XLDZR9AMY0S9MWGF7,Toyota,RAV4,1995,Coral,Diesel,4546,CUST-58750,Amy Watson,cody48@example.com,796.777.6225,SVC-00001424,2022-12-07,Tire Rotation,Caitlin Marshall,3265.98,943.98,854.55,Expired,2024-11-28,Scrapped,2024-02-04
VEH-001425,CMGVB44YN3TV344SH,Ford,Escape,2017,Red,Gasoline,58924,CUST-53282,Kristy Wilkinson,mmorris@example.com,001-379-542-8471x9867,SVC-00001425,2022-05-24,Engine Repair,Michelle Torres,2430.43,1693.85,736.58,Expired,2025-09-27,Scrapped,2023-11-12
VEH-001426,YZ6EB25V39HJKGE13,Kia,Soul,2017,Lime,Diesel,199594,CUST-53520,Lisa Caldwell,angelward@example.org,(328)580-4912x157,SVC-00001426,2024-08-18,Tire Rotation,Michelle Torres,2169.24,1505.11,664.13,Expired,2025-12-19,Scrapped,2023-06-27
VEH-001427,DGJUU45BATU4U6UYY,Tesla,Model 3,2009,SpringGreen,Plug-in Hybrid,223991,CUST-92037,Ryan Ross,danielburke@example.com,758-942-8735,SVC-00001427,2026-03-29,Other,,1086.77,451.37,635.4,Expired,2025-01-22,Scrapped,2026-02-25
VEH-001428,XZN2C2ZFA1HCMGW5U,Honda,Odyssey,2012,LightCyan,Plug-in Hybrid,207133,CUST-64035,Jesse Porter,penaandrea@example.com,571-920-7681,SVC-00001428,2023-11-09,Tire Rotation,Sara Marquez,2603.55,1562.68,1040.87,Not Applicable,2024-12-08,Scrapped,2023-06-09
VEH-001429,PJYVF5RXFVLFVSKKW,Toyota,Camry,2003,Gold,Diesel,187047,CUST-65972,Eugene Duncan,pcollins@example.net,5655333700,SVC-00001429,2024-04-05,Body Work,Kathryn Patel,1266.27,462.23,804.04,Not Applicable,2026-01-17,Inactive,2025-04-04
VEH-001430,JHST2W6X7RN2CC44J,Nissan,Pathfinder,2010,Orchid,Electric,132467,CUST-71392,James James,saralopez@example.net,(562)786-9624x975,SVC-00001430,2022-11-25,Oil Change,,1539.74,957.5,1474.81,Expired,2024-08-02,Active,2023-10-30
VEH-001431,N470V4EBA1K5DEG44,Hyundai,Elantra,2006,IndianRed,Hybrid,94420,CUST-73601,Patricia Walker,everettsteven@example.org,(270)929-6541,SVC-00001431,2026-08-19,Oil Change,Susan Davis,1473.55,1186.29,287.26,Expired,2025-04-13,Scrapped,2024-03-05
VEH-001432,8JXGVUHRD58XKCSHK,Kia,Sorento,2021,Chartreuse,Hybrid,182705,CUST-47313,William Wise,jramirez@example.org,+1-240-958-3528x43119,SVC-00001432,2025-05-29,Oil Change,Michelle Hays,2248.61,1502.9,745.71,Active,2025-03-24,Active,2025-11-19
VEH-001433,FK54459RSX25F0CSH,Ford,F-150,2006,Fuchsia,Diesel,18036,CUST-95268,Paul Hendricks,ahawkins@example.com,+1-709-814-4985x59979,SVC-00001433,2025-01-17,Engine Repair,Maria Rubio,683.76,14.67,669.09,Expired,2024-12-25,Inactive,2024-11-19
VEH-001434,VIN-MISSING,BMW,M4,1998,LightGoldenRodYellow,Gasoline,1318,CUST-19453,Gary Murphy,javierhill@example.net,(346)987-8263x44735,SVC-00001434,2024-12-24,Other,Michelle Hays,588.71,63.65,525.06,Not Applicable,2025-07-18,Scrapped,2025-06-22
VEH-001435,F0795DZZ6FLAHDGT8,Tesla,Model S,2008,MintCream,Plug-in Hybrid,210798,CUST-90700,Brandon Norris DDS,stacyvasquez@example.com,+1-947-951-1030x200,SVC-00001435,2023-06-07,Other,Sarah Murray,2283.63,914.99,1368.64,Not Applicable,2024-05-21,Active,2025-02-08
VEH-001436,UX05XC3Z3FTEE9XP6,Hyundai,Sonata,2007,LightGoldenRodYellow,Hybrid,37995,CUST-26300,Dylan Dickerson,reginalewis@example.com,+1-995-702-0413x0557,SVC-00001436,2022-06-21,Engine Repair,Maria Rubio,2286.72,1645.55,641.17,Not Applicable,2024-09-27,Scrapped,2025-07-01
VEH-001437,YBXDFTY6GYYL3MM18,Hyundai,Palisade,2019,LightGreen,Electric,-97266,CUST-36138,Kayla Ramirez,mbailey@example.com,(838)881-0224,SVC-00001437,2022-11-10,Oil Change,David Martin,2652.42,1581.68,1070.74,Not Applicable,2024-05-27,Inactive,2025-12-14
VEH-001438,PSADDCRNCZBVJLLE6,Kia,Sorento,2017,YellowGreen,Diesel,66429,CUST-53795,Brooke Moore,,401.746.8379,SVC-00001438,2026-01-21,Battery Replacement,Travis Contreras,4080.36,1236.51,1457.56,Expired,2025-07-08,Inactive,2024-05-31
VEH-001439,ZX1W3P4R6T3GX6Y3N,Chevrolet,Malibu,2018,Silver,Hybrid,8254,CUST-68895,Shelly Castro,monicacarr@example.net,,SVC-00001439,2024-09-11,Other,Edward Allison,2204.21,1023.17,1181.04,Expired,2025-06-15,Inactive,2023-05-16
VEH-001440,6J3PCMU24NKEABFU3,Ford,Mustang,1997,White,Plug-in Hybrid,6368,CUST-26518,Spencer Taylor,austinmaria@example.org,+1-957-613-3334x9972,SVC-00001440,2025-03-26,Oil Change,Michelle Hays,1333.15,1124.71,208.44,Expired,2026-02-20,Inactive,2023-10-08
VEH-001441,2F2C7RZXLM84EX981,Nissan,Pathfinder,2024,MediumSeaGreen,Diesel,127949,CUST-50566,Dalton Burns,stephensjay@example.org,326-609-3221x287,SVC-00001441,2024-09-08,Engine Repair,Michelle Hays,2652.85,1364.42,1288.43,Active,2024-05-31,Inactive,2023-10-17
VEH-001442,121TARUWWZR0EZR9U,Ford,F-150,1995,DarkOrchid,Hybrid,173783,CUST-11000,Joseph Jordan,,764-990-7522x86199,SVC-00001442,2025-02-01,Tire Rotation,Katherine Bridges,1759.01,1126.85,632.16,Expired,2025-06-01,Inactive,2023-10-03
VEH-001443,0J27F6X4GZCY263XX,Chevrolet,Silverado,2009,CornflowerBlue,Diesel,38315,CUST-92224,Amanda Walters,brendan68@example.com,317-910-8357x4026,SVC-00001443,2023-11-16,Brake Service,Joshua Cooper,1540.17,1078.15,462.02,Expired,2024-10-02,Inactive,2024-06-02
VEH-001444,FTL7RLX3ZLMX2RWB5,Mercedes,GLC,2017,Brown,Diesel,229886,CUST-48863,Michael Anderson,john95@example.net,341.782.9856x629,SVC-00001444,2023-05-10,Inspection,Katherine Bridges,1413.95,814.65,599.3,Expired,2024-05-19,Active,2025-09-28
VEH-001445,2XLKPSDR8V1TES8L8,TOYOTA,Tacoma,1997,OrangeRed,Diesel,130874,CUST-98113,Andrea Johnson,larry59@example.net,+1-342-222-5723x2906,SVC-00001445,2023-01-13,Battery Replacement,Maria Rubio,1284.4,505.58,778.82,Expired,2025-05-23,Inactive,2024-07-23
VEH-001446,0PAM0R0G0PLHWFLZ0,Honda,Accord,2015,Green,Electric,170396,CUST-98465,Lori Holmes,kimberlylong@example.org,633.317.5489x5196,SVC-00001446,2023-05-31,Inspection,David Martin,2977.5,1611.81,1365.69,Not Applicable,2024-07-05,Inactive,2026-02-26
VEH-001447,K1RZFEJBGZYJGBJJK,honda,Civic,2022,DarkTurquoise,Electric,131418,CUST-62562,James Sanders,igarcia@example.com,7578428539,SVC-00001447,2023-09-09,Inspection,Sarah Murray,1487.46,820.88,666.58,Active,2025-03-19,Inactive,2024-11-12
VEH-001448,D92J6NK4B9ZFZ52D2,CHEVROLET,Equinox,1996,DarkOrchid,Plug-in Hybrid,117461,CUST-99354,Scott Doyle,pattersonmicheal@example.org,5414094477,SVC-00001448,2024-04-10,Body Work,Shelley Wilson,1588.61,1253.99,334.62,Expired,2024-09-17,Scrapped,2025-10-25
VEH-001449,ZT6JAGZ9NDC6Z4M5U,Kia,Sportage,2014,Violet,Hybrid,41979,CUST-51519,Kelly Long,humphreyjohn@example.org,(339)695-6339x609,SVC-00001449,2025-04-04,Tire Rotation,,1894.29,775.27,1119.02,Expired,2026-03-19,Scrapped,2023-12-06
VEH-001450,CW5S799EHWZXTJM9H,BMW,M4,2008,LightBlue,Electric,216008,CUST-52963,Cristina Lang,charleselliott@example.org,(269)562-0811x3561,SVC-00001450,2023-04-15,Oil Change,,1302.88,1126.62,176.26,Expired,2025-04-27,Scrapped,2023-05-24
VEH-001451,NZ14Z1J5H4CPZBKRY,Honda,Odyssey,1995,DarkGreen,Diesel,77445,CUST-26106,Timothy Kim,parksean@example.org,001-710-938-5432x50310,SVC-00001451,2025-02-17,Body Work,Joshua Cooper,2012.72,1781.26,231.46,Expired,2025-06-19,Active,2024-03-07
VEH-001452,RSTREU5HEXS4GANGM,Toyota,RAV4,1995,MidnightBlue,Gasoline,236591,CUST-56040,Matthew Cameron,villarreallawrence@example.org,908-563-8126x5080,SVC-00001452,2024-11-18,Oil Change,Joshua Cooper,874.69,770.94,103.75,Expired,2024-12-13,Inactive,2024-07-04
VEH-001453,VIN-MISSING,Hyundai,Elantra,2022,SlateBlue,Plug-in Hybrid,224522,CUST-42684,Bradley Curtis,andersonkyle@example.net,(283)521-2283x27520,SVC-00001453,2023-09-17,Inspection,Brian Rivera,1229.66,47.26,1182.4,Active,2024-10-05,Scrapped,2025-11-10
VEH-001454,LK8V6DRJZSR42R26V,Mercedes,GLC,1999,Blue,Hybrid,89708,CUST-34552,Brittany Woodard,patty78@example.org,(800)743-8091,SVC-00001454,2026-09-22,Other,Colton Armstrong,1324.36,552.08,772.28,Not Applicable,2025-06-09,Scrapped,2025-06-04
VEH-001455,5TS0X9S8W3AKN5X9L,Kia,Forte,2012,PaleVioletRed,Gasoline,88697,CUST-35667,Ashley Anderson,burnettchristopher@example.com,303-682-0963,SVC-00001455,2024-06-28,Tire Rotation,Susan Davis,2307.92,878.33,1429.59,Expired,2026-03-13,Inactive,2025-04-11
VEH-001456,FB45XB8FWX4K0Y0J3,Honda,Odyssey,2022,SpringGreen,Diesel,106391,CUST-72482,Sarah Brown,jenniferparker@example.net,(406)371-7136,SVC-00001456,2023-08-31,Battery Replacement,Brian Rivera,1141.37,1050.88,90.49,Active,2025-01-03,Active,2025-12-09
VEH-001457,22ULBN2X2AMJB1MX1,Nissan,Sentra,2019,Linen,Gasoline,200425,CUST-70154,Kelsey Cole,sramos@example.net,283-350-0469x65717,SVC-00001457,2023-01-04,Oil Change,Debbie West,1322.99,876.43,446.56,Not Applicable,2024-12-07,Active,2024-10-11
VEH-001458,9C6ASPY7RWGRF0NKV,Ford,Bronco,2002,Sienna,Electric,137265,CUST-54760,Devin Best,olivia08@example.com,698.461.5729x47099,SVC-00001458,2024-04-19,Inspection,Michelle Hays,1860.58,678.79,1181.79,Expired,2025-11-04,Active,2024-08-06
VEH-001459,KB34FGVZ8NHUMAHK0,Mercedes,S-Class,2017,MediumOrchid,Hybrid,106048,CUST-18729,Kimberly Harvey,briannamendoza@example.com,(335)687-9967x95761,SVC-00001459,2024-08-30,Tire Rotation,Brittany Kidd,2193.63,1503.12,690.51,Expired,2024-06-01,Scrapped,2023-09-19
VEH-001460,216SV4YA8RG3GZ0PZ,Kia,Soul,2013,SpringGreen,Electric,230741,CUST-54725,Paul Russell,sarahnoble@example.net,510-636-2173,SVC-00001460,2026-01-28,Oil Change,Susan Davis,1715.0,688.22,1026.78,Not Applicable,2025-04-28,Inactive,2023-09-09
VEH-001461,CJ95FMU0YN8WFY2YZ,Toyota,Corolla,2012,Linen,Diesel,216365,CUST-47487,Katherine Allen,browndawn@example.com,676.407.3030,SVC-00001461,2022-08-26,Tire Rotation,Susan Davis,1663.51,723.35,940.16,Not Applicable,2026-01-12,Inactive,2025-04-12
VEH-001462,X1BSXUFY7ZJ39W5NS,Kia,Sportage,1996,Linen,Gasoline,84158,CUST-63169,Tommy Booth,hwilliams@example.com,,SVC-00001462,2024-12-26,Engine Repair,Maria Rubio,816.3,1105.48,262.12,Expired,2025-11-27,Active,2024-03-05
VEH-001463,LW81UHWGKBT6K6082,Honda,Pilot,2024,Moccasin,Diesel,116331,CUST-88966,Sandra Taylor,katherinecarr@example.com,(308)406-8103,SVC-00001463,2025-08-07,Battery Replacement,Michelle Hays,1931.47,1575.42,356.05,Active,2025-09-30,Scrapped,2024-09-24
VEH-001464,89WBFEZAWZJHUNTV8,Mercedes,S-Class,2017,LimeGreen,Gasoline,44402,CUST-92631,Marcus Manning,randy13@example.org,913.268.2330x32282,SVC-00001464,2026-02-12,Engine Repair,Edward Allison,1236.01,617.44,618.57,Not Applicable,2025-11-06,Active,2023-09-10
VEH-001465,EG5YZN9LDVFBP1FWU,Mercedes,GLE,2019,SeaGreen,Plug-in Hybrid,105986,CUST-67513,Cody Curtis,ashley40@example.com,(436)519-6538,SVC-00001465,2023-10-31,Brake Service,,1984.99,1678.07,306.92,Expired,2025-07-29,Active,2026-01-26
VEH-001466,CFZ0YATCN373FRL9K,Honda,Accord,2009,PaleVioletRed,Gasoline,200408,CUST-54377,John Juarez,,+1-706-614-9922x3398,SVC-00001466,2023-03-04,Battery Replacement,Maria Rubio,1934.15,1297.86,636.29,Expired,2024-05-09,Active,2025-10-10
VEH-001467,KR93LH6MLDHZ98YL8,Honda,Civic,2005,Chartreuse,Diesel,87907,CUST-21289,Nicholas Powers,bailey06@example.com,(818)375-4963,SVC-00001467,2024-10-07,Oil Change,Laura Gray,1680.64,881.84,798.8,Not Applicable,2025-08-20,Scrapped,2024-10-08
VEH-001468,3JK70NTGUGG2X3T8K,Ford,F-150,2009,LightCyan,Plug-in Hybrid,-26863,CUST-87396,Kimberly Arnold,dustinreed@example.net,745.705.2796x18192,SVC-00001468,2024-09-18,Tire Rotation,Sara Marquez,1649.33,1035.44,613.89,Not Applicable,2024-09-29,Inactive,2025-12-16
VEH-001469,NVTDE9AMYV3PBPNE1,hyundai,Tucson,2100,MediumPurple,Electric,76878,CUST-43195,Jordan Howard,debrapearson@example.net,001-729-657-0905,SVC-00001469,2023-04-24,Tire Rotation,Brittany Kidd,1996.62,1331.1,665.52,Not Applicable,2026-01-26,Active,2024-12-26
VEH-001470,4D92VD4KVEL06Z9LJ,kia,Sorento,2022,NavajoWhite,Plug-in Hybrid,36151,CUST-50590,Benjamin Stafford,jodimoore@example.com,687-685-8488,SVC-00001470,2023-11-08,Body Work,David Martin,1761.5,828.0,933.5,Active,2025-04-25,Inactive,2025-03-08
VEH-001471,ND1D70NAN22WP1C28,Chevrolet,Equinox,2005,LawnGreen,Diesel,190603,CUST-39074,Amy Smith,tiffanyhardy@example.com,(760)313-1563x923,SVC-00001471,2024-09-10,Body Work,,2164.15,1518.82,645.33,Not Applicable,2024-11-08,Active,2023-07-29
VEH-001472,LFXDN8D0XTJ43229E,Ford,Escape,2014,PaleGreen,Plug-in Hybrid,211173,CUST-20157,Robert Park,iallen@example.com,001-587-608-7369x9595,SVC-00001472,2023-11-25,Engine Repair,Michelle Hays,1304.64,473.89,830.75,Expired,2026-03-16,Inactive,2023-08-09
VEH-001473,FXZ0T1BJFCW6R341C,BMW,5 Series,2020,PaleVioletRed,Diesel,115498,CUST-91706,Nicholas Meadows,susanbaker@example.com,001-512-934-4623x30707,SVC-00001473,2025-07-17,Body Work,,1764.4,373.19,1391.21,Active,2025-11-25,Inactive,2023-12-11
VEH-001474,13HZ4BX3GHX5KX83P,Honda,Pilot,2000,Brown,Gasoline,208185,CUST-20115,Lindsey Burton,martinantonio@example.net,+1-675-472-1184,SVC-00001474,2026-04-10,Body Work,Katherine Bridges,1464.6,191.32,1273.28,Expired,2024-07-20,Active,2023-11-20
VEH-001475,GFXZGWZW68LXRCUWB,Ford,Mustang,2024,PaleGoldenRod,Gasoline,178373,CUST-62526,Adam Holt,jross@example.com,001-510-692-2750x271,SVC-00001475,2025-05-31,Oil Change,Brittany Kidd,1649.33,495.32,1154.01,Active,2025-11-06,Scrapped,2026-01-16
VEH-001476,Y8PEEB5HMGUAUYY7X,Mercedes,C-Class,2003,DarkOrchid,Gasoline,76072,CUST-16574,Joshua Singh,taylorcaldwell@example.org,924-371-8494x48608,SVC-00001476,2025-11-22,Oil Change,Brittany Kidd,828.59,84.0,744.59,Expired,2025-06-14,Inactive,2025-07-18
VEH-001477,54R4WWF5GRWB3J42Z,Kia,Forte,2023,DarkCyan,Gasoline,220315,CUST-94114,William Hutchinson,jennifer73@example.net,588-815-3005,SVC-00001477,2025-11-26,Engine Repair,Wanda Gutierrez,1944.43,1499.06,445.37,Active,2024-11-07,Inactive,2026-02-27
VEH-001478,P80SV4ESSWDT0FBXA,Kia,Soul,2001,LightGreen,Electric,216105,CUST-45238,Stacey King,michaelharris@example.com,+1-419-634-8292x6629,SVC-00001478,2022-11-21,Battery Replacement,Sarah Murray,621.81,419.77,202.04,Expired,2024-08-02,Inactive,2024-03-08
VEH-001479,90BP3JUV63TRUDWK1,tesla,Model 3,2004,Gray,Plug-in Hybrid,105636,CUST-22321,Walter Howard,hrice@example.net,924.591.0211x863,SVC-00001479,2022-11-17,Inspection,Susan Davis,1350.73,893.67,457.06,Expired,2025-01-22,Inactive,2025-06-12
VEH-001480,LA3E13N87MZMS61SF,Nissan,Altima,2024,HoneyDew,Plug-in Hybrid,179038,CUST-36023,Teresa Patrick,petersenlucas@example.org,001-758-855-8179x77969,SVC-00001480,2022-12-31,Brake Service,Susan Davis,1085.18,666.67,418.51,Active,2025-07-12,Inactive,2025-12-10
VEH-001481,ABC123,Nissan,Sentra,1997,Lime,Gasoline,205235,CUST-70133,Charles Ewing,andreasmith@example.net,(614)873-0096,SVC-00001481,2025-09-24,Battery Replacement,Wanda Gutierrez,2744.79,1633.43,1111.36,Not Applicable,2024-10-01,Active,2024-11-11
VEH-001482,XUV0SN7PMACJ5HLKP,Ford,Explorer,2010,DarkSlateGray,Plug-in Hybrid,33997,CUST-83934,Victoria Brennan,jessicaschmitt@example.com,620-262-9315x8714,SVC-00001482,2026-03-31,Oil Change,Colton Armstrong,1783.69,1649.65,134.04,Not Applicable,2025-01-26,Active,2024-07-10
VEH-001483,XWZ0RWLBT043FPBSY,Ford,Escape,2003,Silver,Electric,104812,CUST-17271,Philip Reynolds,allisongerald@example.org,(377)869-1606,SVC-00001483,2024-11-02,Battery Replacement,Brittany Kidd,3108.2,1999.82,1108.38,Expired,2025-01-26,Scrapped,2024-01-23
VEH-001484,J20X98VU0SDFKU6E7,Kia,Telluride,1998,Gold,Plug-in Hybrid,59407,CUST-48331,Rebecca Scott,brianna74@example.org,273.200.0251x67294,SVC-00001484,2025-08-24,Oil Change,Wanda Gutierrez,524.06,355.77,168.29,Not Applicable,2024-05-11,Scrapped,2024-06-29
VEH-001485,DR2DV85S0VDYXUF04,Honda,Pilot,2014,FloralWhite,Electric,183120,CUST-70099,James Hudson,gdavis@example.com,879-358-8241x35731,SVC-00001485,2026-03-08,Battery Replacement,,1761.35,1012.04,749.31,Expired,2025-11-07,Scrapped,2026-04-06
VEH-001486,K0TMANRD3KULA4C6M,Mercedes,GLE,2004,Turquoise,Diesel,66340,CUST-15714,Jessica Ramsey,kellyalvarado@example.com,241.286.1275x119,SVC-00001486,2025-01-03,Brake Service,,2394.17,1865.58,528.59,Not Applicable,2025-10-01,Scrapped,2025-01-04
VEH-001487,ANC91AUXAHZSTZF8A,BMW,5 Series,2022,Magenta,Gasoline,26872,CUST-94247,Clayton Miller,williamspaul@example.org,,SVC-00001487,2022-11-14,Oil Change,Brittany Kidd,2136.84,1387.1,749.74,Active,2025-07-16,Inactive,2025-07-22
VEH-001488,7J4F0YXVBCXYFPK08,Chevrolet,Malibu,2003,LightCyan,Plug-in Hybrid,168576,CUST-20884,Laura Berry,joshua21@example.org,(301)558-0406,SVC-00001488,2025-04-25,Engine Repair,Sara Marquez,1265.17,512.99,752.18,Not Applicable,2025-09-23,Scrapped,2025-07-27
VEH-001489,ADYG5RYRS1XZRC9VW,Nissan,Pathfinder,1996,Beige,Plug-in Hybrid,46510,CUST-67518,Melissa Schaefer,aross@example.net,+1-368-260-5213x953,SVC-00001489,2025-07-23,Brake Service,Melissa Mendez,1921.26,1429.91,491.35,Not Applicable,2025-06-18,Inactive,2025-12-02
VEH-001490,13EP2D65JNBTYLKA2,BMW,X3,2016,DodgerBlue,Diesel,237149,CUST-66484,William Pope,jenniferdiaz@example.com,,SVC-00001490,2024-02-11,Battery Replacement,Joshua Cooper,1060.65,196.19,864.46,Expired,2025-06-11,Scrapped,2024-11-14
VEH-001491,DFK5VR09YSJ8BCND8,Tesla,Cybertruck,1998,DimGray,Gasoline,44395,CUST-47752,Ryan Walton,francisbrenda@example.org,278.932.1892,SVC-00001491,2024-02-07,Battery Replacement,Wanda Gutierrez,885.85,436.49,449.36,Expired,2024-08-24,Scrapped,2023-06-30
VEH-001492,YE5BPJBN921663KRD,Hyundai,Palisade,2023,Cornsilk,Electric,151898,CUST-60762,Amanda Thomas,aaronmoore@example.org,5899446400,SVC-00001492,2025-09-12,Tire Rotation,Colton Armstrong,2084.52,1115.02,969.5,Active,2025-05-29,Active,2024-06-25
VEH-001493,Y13TWYRT3S892RA3F,Honda,Civic,2014,DarkRed,Diesel,99545,CUST-78600,Kelly Flowers,,741-291-7071,SVC-00001493,2024-08-12,Tire Rotation,Shelley Wilson,2784.27,1454.9,1329.37,Expired,2025-02-09,Active,2024-08-06
VEH-001494,S2B4DF9PVG1J1KWWH,Kia,Forte,2011,MediumPurple,Diesel,2394,CUST-45531,Russell Morales,vrogers@example.net,+1-273-870-4747x39905,SVC-00001494,2024-04-23,Engine Repair,Wanda Gutierrez,1713.49,1322.92,390.57,Not Applicable,2024-11-17,Inactive,2023-05-30
VEH-001495,PDKBYNXDT1EKW5A2Z,Toyota,Corolla,2021,Fuchsia,Gasoline,159400,CUST-46681,Bryan Cooper,carsonsandra@example.org,213.779.7921x6868,SVC-00001495,2024-08-15,Other,Susan Davis,2166.81,1622.1,544.71,Active,2025-07-27,Inactive,2023-09-03
VEH-001496,TYX0L301KP5UA3VVY,Tesla,Model S,1996,Gold,Hybrid,182219,CUST-70717,Katherine Roberson,,(580)422-3684x4852,SVC-00001496,2025-09-10,Body Work,Shelley Wilson,1151.33,317.49,833.84,Expired,2024-11-30,Inactive,2023-10-18
VEH-001497,Y7MRF2SK46VEKAY7G,Chevrolet,Equinox,2013,GreenYellow,Hybrid,190550,CUST-95237,Stephanie Welch,luiswoodward@example.net,478.841.9022x5989,SVC-00001497,2023-10-17,Battery Replacement,Charles Nelson,3055.68,1614.59,1441.09,Not Applicable,2024-07-07,Active,2024-09-18
VEH-001498,FGE1RZ6767EM602MX,Chevrolet,Tahoe,2019,Pink,Electric,117657,CUST-15724,Joseph Bryant,wilsonvirginia@example.org,,SVC-00001498,2025-08-03,Tire Rotation,Joshua Cooper,1566.92,1024.95,541.97,Not Applicable,2025-11-25,Active,2023-05-18
VEH-001499,DZ37V39VC24X35E2E,toyota,Highlander,2017,SlateGray,Hybrid,221462,CUST-45641,Nancy Ramsey,masonjuan@example.org,,SVC-00001499,2025-01-06,Inspection,Brittany Kidd,1434.88,1208.47,226.41,Not Applicable,2025-07-18,Active,2024-12-19
VEH-001500,00000000000000000,Toyota,RAV4,2009,LightSteelBlue,Diesel,114246,CUST-74457,Corey Byrd,flee@example.net,(838)824-1589x921,SVC-00001500,2026-03-04,Engine Repair,Maria Rubio,2140.1,709.86,1430.24,Not Applicable,2025-05-04,Inactive,2025-02-11
VEH-001501,53PS6Z51FCLC8UAF3,Chevrolet,Malibu,2018,PapayaWhip,Gasoline,220294,CUST-58160,Nicolas Leonard,loririvera@example.com,865-411-2186,SVC-00001501,2022-08-06,Engine Repair,Wanda Gutierrez,2376.92,202.65,1307.02,Not Applicable,2025-09-15,Inactive,2023-05-02
VEH-001502,MD5K1X9G879JEZK2N,Chevrolet,Traverse,2022,OldLace,Electric,248967,CUST-54985,Keith Roberts,romerowilliam@example.com,(914)576-9174x1690,SVC-00001502,2024-03-03,Battery Replacement,Paul Valencia,2401.26,1382.19,1019.07,Active,2024-08-10,Inactive,2025-08-30
VEH-001503,00000000000000000,Mercedes,S-Class,2016,MediumVioletRed,Diesel,209873,CUST-10767,Ryan Strickland,nancy44@example.net,+1-890-379-7503x3755,SVC-00001503,2025-02-28,Other,Sarah Murray,2205.96,776.29,1429.67,Expired,2024-06-10,Active,2025-09-28
VEH-001504,E2KCNFZPNGLRXD8BK,Tesla,Model 3,1998,Maroon,Hybrid,89616,CUST-46196,Samantha Shea,walter28@example.net,298.850.2504x6771,SVC-00001504,2024-01-07,Tire Rotation,Kathryn Patel,1352.71,965.65,387.06,Expired,2025-06-25,Inactive,2025-10-16
VEH-001505,863YC597DY3ELKCPB,Chevrolet,Malibu,2010,Lime,Electric,194111,CUST-96641,Ryan Mathis,fpayne@example.net,9303215005,SVC-00001505,2025-01-06,Inspection,Sara Marquez,3029.71,1614.68,1415.03,Expired,2024-07-10,Scrapped,2024-01-09
VEH-001506,B2GAAYNP3PG24RRXN,Honda,Pilot,2024,RoyalBlue,Hybrid,106548,CUST-40538,Brian Martin,kristina96@example.net,+1-885-319-8493x718,SVC-00001506,2025-05-12,Oil Change,Katherine Bridges,1639.55,1515.1,124.45,Active,2026-03-11,Scrapped,2025-10-31
VEH-001507,3N9FZVNB5LWMF59KS,BMW,5 Series,2016,Blue,Electric,110073,CUST-17583,Sarah Roberts,lcohen@example.org,465.678.8423x074,SVC-00001507,2023-02-23,Engine Repair,Jessica Thomas,2633.0,1392.81,1240.19,Not Applicable,2025-07-02,Inactive,2024-09-06
VEH-001508,96PEV9UAMAGL256VF,Chevrolet,Malibu,2021,PaleVioletRed,Electric,45661,CUST-50425,Marissa Wilson,jilljackson@example.net,2078638457,SVC-00001508,2025-05-06,Body Work,Katherine Bridges,3103.36,1932.67,1170.69,Active,2024-09-18,Inactive,2023-06-21
VEH-001509,V928WCXPS4WLLMZGM,Chevrolet,Traverse,1998,Tomato,Plug-in Hybrid,104299,CUST-49709,Philip Johnson,emily83@example.net,302.724.1159,SVC-00001509,2025-01-13,Other,Joshua Cooper,1111.66,1023.26,88.4,Not Applicable,2024-06-07,Active,2026-01-30
VEH-001510,4EXKZ0V4KNL87NPNT,Nissan,Sentra,2019,PapayaWhip,Hybrid,246344,CUST-40127,Thomas Hooper,conradrobert@example.com,424-366-1655x22529,SVC-00001510,2024-05-11,Engine Repair,Brittany Kidd,1723.54,1572.69,855.94,Not Applicable,2026-03-31,Inactive,2023-07-26
VEH-001511,L3H45MS8NWRR4L226,Nissan,Pathfinder,2009,Maroon,Diesel,72468,CUST-20249,Nicole Brown,,001-840-454-4431x4213,SVC-00001511,2025-06-25,Oil Change,Debbie West,1427.59,944.79,482.8,Expired,2026-02-17,Scrapped,2025-06-30
VEH-001512,PMR267XCAPDLTMB3W,Toyota,RAV4,1997,Cyan,Electric,64607,CUST-78200,Benjamin Hammond,vmedina@example.com,900-914-7879x994,SVC-00001512,2023-12-24,Oil Change,,1752.49,654.46,1098.03,Expired,2024-09-26,Scrapped,2024-05-18
VEH-001513,VIN-MISSING,BMW,X3,2022,FloralWhite,Electric,235117,CUST-95873,Teresa Olsen,smithlaura@example.org,504.499.6231,SVC-00001513,2022-10-06,Other,Brittany Kidd,2890.93,1632.74,1258.19,Active,2024-10-11,Scrapped,2023-07-06
VEH-001514,V62PSPEN9PLN1JYPJ,Kia,Forte,2009,Yellow,Gasoline,2953,CUST-89978,Jacqueline Rodriguez,medinajeffery@example.net,+1-710-250-0424x089,SVC-00001514,2025-04-01,Engine Repair,Travis Contreras,2321.51,1769.72,551.79,Expired,2026-03-29,Inactive,2024-09-04
VEH-001515,INVALIDVIN123,Chevrolet,Malibu,2000,Peru,Hybrid,11282,CUST-60293,Gina Ibarra,carolnorris@example.net,990-853-4005x41639,SVC-00001515,2023-12-20,Inspection,Shelley Wilson,2514.09,1864.05,650.04,Not Applicable,2025-09-30,Inactive,2024-05-05
VEH-001516,6E18FBLNASL8VFZVE,Hyundai,Sonata,1996,OrangeRed,Diesel,75480,CUST-62256,Lisa Dodson,adiaz@example.com,808-867-5203,SVC-00001516,2024-06-04,Oil Change,Caitlin Marshall,120.99,59.16,61.83,Expired,2026-01-02,Scrapped,2024-06-17
VEH-001517,KYJNHKJXWUKGL3HEA,Nissan,Frontier,2013,Snow,Electric,134854,CUST-35110,Donna King,mwilliams@example.org,001-814-975-2413,SVC-00001517,2024-11-06,Tire Rotation,Paul Valencia,1894.83,1808.19,86.64,Not Applicable,2025-06-05,Scrapped,2024-05-02
VEH-001518,1K4DEJW71N9PMVPW0,Tesla,Model Y,2007,SlateGray,Hybrid,39081,CUST-65508,Gary Hodges,uwilliams@example.org,874-211-7317,SVC-00001518,2023-12-21,Brake Service,Robert Sanford,636.72,213.0,423.72,Not Applicable,2025-04-18,Scrapped,2023-07-12
VEH-001519,CW4M728BGBEY8MNCV,Tesla,Model X,2002,RoyalBlue,Plug-in Hybrid,119314,CUST-68797,Dr. Joshua Brooks Jr.,angelablackburn@example.net,7147955882,SVC-00001519,2026-03-22,Inspection,Katherine Bridges,2311.7,1049.1,1262.6,Expired,2024-06-08,Active,2024-01-27
VEH-001520,M9BMCHTYNC876FGPZ,Toyota,Corolla,2019,Peru,Electric,-106347,CUST-84509,Michael Ramirez,bartonkaitlin@example.org,(529)315-5531,SVC-00001520,2026-01-15,Tire Rotation,Paul Valencia,2228.42,1657.15,571.27,Expired,2025-04-04,Active,2024-01-25
VEH-001521,AKMFY18H32NC71UPM,BMW,3 Series,2012,DarkRed,Electric,231654,CUST-59623,Nicole Caldwell,gerald46@example.net,221-250-6500,SVC-00001521,2025-08-31,Body Work,Wanda Gutierrez,135.72,24.06,111.66,Expired,2026-02-13,Active,2023-09-10
VEH-001522,136LDPUXHDCD6VY51,Nissan,Pathfinder,2015,RoyalBlue,Diesel,140810,CUST-37765,Ann Malone,harrismonique@example.net,001-647-628-3016x9166,SVC-00001522,2023-11-01,Oil Change,Sarah Murray,301.48,162.54,505.93,Expired,2024-07-20,Inactive,2025-08-21
VEH-001523,YS3AA6JYB44TM1U48,Honda,CR-V,2000,Beige,Diesel,218647,CUST-10010,Erik Cowan,benjamin02@example.com,883.733.2410,SVC-00001523,2024-06-07,Oil Change,Susan Davis,1805.98,1119.35,686.63,Not Applicable,2025-06-27,Active,2025-07-21
VEH-001524,SPGP7JMXL0CGE6DS9,Mercedes,GLC,2023,DeepPink,Hybrid,108147,CUST-49325,Rebecca Fuentes,mikewest@example.net,8836364937,SVC-00001524,2022-10-06,Inspection,Debbie West,1875.34,757.77,1117.57,Active,2026-01-14,Inactive,2025-05-31
VEH-001525,G1450RERWMXPLU6PU,Ford,Escape,2006,Tan,Electric,4493,CUST-41262,Natalie Reed,,,SVC-00001525,2024-05-07,Brake Service,Sarah Murray,1513.75,508.22,1005.53,Not Applicable,2024-08-09,Scrapped,2025-03-02
VEH-001526,L752XPK5FMX5BWTVA,Ford,Mustang,2012,IndianRed,Diesel,103368,CUST-47343,Erin Kaiser,pcollins@example.com,+1-440-380-3252x4835,SVC-00001526,2023-12-08,Other,Edward Allison,1505.38,1308.24,197.14,Not Applicable,2025-03-14,Inactive,2023-06-25
VEH-001527,VCXLY22APZYA4RTUJ,Ford,Bronco,2017,Purple,Diesel,11287,CUST-36893,Ms. Taylor Holloway,leetyler@example.org,001-434-222-9724x753,SVC-00001527,2025-05-31,Battery Replacement,Brian Rivera,1306.42,35.17,1271.25,Expired,2024-10-20,Scrapped,2026-02-12
VEH-001528,CV1P1CYELUP9J2BKP,Honda,Odyssey,2001,Beige,Hybrid,171540,CUST-51900,Angela Clark,jamesmitchell@example.net,549-819-9429,SVC-00001528,2022-12-31,Other,Michelle Torres,1230.98,546.25,684.73,Not Applicable,2024-10-09,Inactive,2024-10-03
VEH-001529,M00661UP17NUYYWU4,BMW,5 Series,2002,Yellow,Hybrid,186019,CUST-55831,Emily Moon,simmonsjessica@example.org,+1-469-407-5695x58668,SVC-00001529,2023-10-13,Other,Jessica Thomas,1646.36,974.47,671.89,Expired,2024-08-04,Active,2023-08-17
VEH-001530,M1LSTTERZ8SVWV77J,BMW,X3,2004,Navy,Electric,189517,CUST-53880,Karl Larson,jenniferweaver@example.net,230.747.8355,SVC-00001530,2023-12-02,Oil Change,Katherine Bridges,1520.1,1173.79,346.31,Expired,2026-01-31,Inactive,2024-04-27
VEH-001531,VC8G8UNM7W4J6Y87Y,Honda,CR-V,2011,Navy,Hybrid,178511,CUST-88101,Mary Morales,susan81@example.org,001-793-758-9543,SVC-00001531,2022-07-03,Other,Wanda Gutierrez,2185.43,1391.05,794.38,Expired,2024-12-27,Inactive,2024-08-24
VEH-001532,7LCHJV9B63YR17XU8,Ford,Bronco,2018,RoyalBlue,Electric,31955,CUST-85867,Benjamin Miller,john60@example.net,(507)575-3735,SVC-00001532,2024-02-10,Other,Brian Rivera,1888.15,1622.12,266.03,Not Applicable,2024-07-08,Active,2024-07-10
VEH-001533,956TVX3JDZBLXT0F4,Kia,Sportage,2002,FloralWhite,Hybrid,70730,CUST-11903,Erin Morton,tyler75@example.net,345-241-3119x0803,SVC-00001533,2023-09-07,Brake Service,Susan Davis,2361.85,1801.87,559.98,Expired,2024-10-02,Scrapped,2024-08-13
VEH-001534,YTPAA2SZ9U23N6YCZ,KIA,Forte,2012,Indigo,Electric,52151,CUST-35902,Julie Smith,lmartinez@example.com,351-623-0641,SVC-00001534,2022-12-01,Tire Rotation,Colton Armstrong,1674.63,343.44,1331.19,Expired,2024-07-16,Active,2025-07-01
VEH-001535,W2XWB1P28AU8AFTNA,Hyundai,Santa Fe,2022,Purple,Hybrid,54189,CUST-12677,Antonio King,douglas50@example.net,+1-432-334-3587x8415,SVC-00001535,2022-11-11,Battery Replacement,Kathryn Patel,2280.36,1169.99,1110.37,Active,2025-02-27,Inactive,2025-02-19
VEH-001536,UTMXF2HXASF6VGZSC,Toyota,Corolla,2024,Chocolate,Electric,99883,CUST-15791,Nichole Garza,pholmes@example.org,(589)213-3654x3616,SVC-00001536,2023-07-14,Other,Sara Marquez,1210.95,887.91,323.04,Active,2025-01-25,Active,2025-11-17
VEH-001537,TDCAR1XS9HR4DV35G,Nissan,Altima,2004,BurlyWood,Gasoline,159279,CUST-20710,Alexander Gilbert,,288.207.7290x3255,SVC-00001537,2024-07-06,Tire Rotation,Colton Armstrong,1843.51,1205.52,637.99,Not Applicable,2025-05-23,Active,2024-04-22
VEH-001538,LWJ0KDKNK36Y3CEHE,Hyundai,Sonata,1996,MistyRose,Plug-in Hybrid,230948,CUST-65459,Kelly Bradshaw,codypatel@example.net,+1-282-755-6327x33302,SVC-00001538,2025-01-05,Brake Service,Paul Valencia,1064.73,390.0,674.73,Not Applicable,2025-03-17,Scrapped,2025-12-10
VEH-001539,6Y2U1EU0RLLNDSXTT,Mercedes,C-Class,2003,DarkSlateGray,Hybrid,231192,CUST-30771,Nichole Morrison,kaufmanjamie@example.com,2795859541,SVC-00001539,2023-10-15,Battery Replacement,Maria Rubio,1957.4,1852.62,104.78,Expired,2026-02-17,Active,2025-10-10
VEH-001540,7X4VTKK82K5VV1N0P,TOYOTA,Highlander,2009,Chartreuse,Diesel,240680,CUST-87006,Michael Acosta,josephmorris@example.net,836-921-1054,SVC-00001540,2025-12-06,Tire Rotation,Kathryn Patel,2257.57,1134.75,1122.82,Not Applicable,2025-08-01,Inactive,2023-07-01
VEH-001541,7KYX7PCU2VAYN3UF2,Chevrolet,Tahoe,2017,Gray,Gasoline,97738,CUST-10699,Vincent Garcia,maxwell69@example.com,819-785-0583x01410,SVC-00001541,2025-12-05,Oil Change,Shelley Wilson,1479.87,897.6,582.27,Not Applicable,2026-04-08,Scrapped,2023-10-10
VEH-001542,X2RMCD8UZ1YU44LDW,BMW,X5,1998,Wheat,Gasoline,229183,CUST-10944,Amanda Monroe,vickie56@example.com,001-342-494-0265x7646,SVC-00001542,2025-02-09,Brake Service,Laura Gray,612.12,306.56,305.56,Expired,2024-11-06,Inactive,2025-05-10
VEH-001543,JPRJ454GCBB2XTTVE,Kia,Sorento,1998,MintCream,Diesel,163328,CUST-13448,Michelle Smith,heather53@example.org,781-812-3701x72071,SVC-00001543,2024-03-10,Other,Brittany Kidd,1473.38,734.92,738.46,Expired,2026-03-22,Active,2024-10-04
VEH-001544,V69DEHKVL0GJGD8DF,Honda,Civic,2022,Violet,Diesel,102528,CUST-64324,Lisa Maynard,douglas37@example.com,9826144093,SVC-00001544,2025-09-11,Engine Repair,Joshua Cooper,1138.46,444.69,693.77,Active,2025-09-11,Scrapped,2024-10-30
VEH-001545,1HGCM82633AO04747,Nissan,Frontier,2003,MintCream,Gasoline,116982,CUST-64718,Lisa Rhodes,martinezdaniel@example.net,,SVC-00001545,2025-04-08,Tire Rotation,Laura Gray,2450.26,966.12,1484.14,Expired,2024-04-14,Scrapped,2025-08-03
VEH-001546,CL715H17EUTBZ00KH,Hyundai,Tucson,2008,Moccasin,Diesel,134262,CUST-29502,Derek Baldwin,xanthony@example.org,300.411.0738,SVC-00001546,2025-08-11,Battery Replacement,Susan Davis,4144.14,1361.16,1331.04,Expired,2026-03-01,Inactive,2024-10-26
VEH-001547,YP8E7WPH7MGYM1KZD,Honda,Odyssey,2007,Linen,Electric,119271,CUST-40910,Brandon Yang,erin29@example.net,+1-569-652-0331,SVC-00001547,2024-10-04,Inspection,Caitlin Marshall,2751.65,1561.12,1190.53,Expired,2025-09-01,Inactive,2024-12-27
VEH-001548,3GP7EZLNKCWHSXW23,Toyota,RAV4,2007,PaleVioletRed,Diesel,248376,CUST-55524,Stephanie Myers,bakerjared@example.com,641.272.5237x319,SVC-00001548,2022-11-12,Oil Change,Katherine Bridges,1866.38,1282.48,583.9,Not Applicable,2026-03-29,Inactive,2024-11-25
VEH-001549,D73ZEZ5DYVK2G72S1,Chevrolet,Malibu,1995,LightCyan,Hybrid,106242,CUST-36017,Angela Jones,aaronjohnson@example.org,+1-819-374-5516,SVC-00001549,2023-08-27,Other,Caitlin Marshall,2434.89,1594.16,840.73,Not Applicable,2024-05-22,Inactive,2024-09-11
VEH-001550,96W45J0J4KN2LXRW2,Toyota,Camry,2001,Snow,Plug-in Hybrid,32872,CUST-33502,Adam Jackson,rosssara@example.com,001-981-611-7001x58724,SVC-00001550,2026-03-23,Other,Shelley Wilson,1256.3,856.91,399.39,Not Applicable,2026-04-12,Scrapped,2024-07-11
VEH-001551,WD7GYM9T4ZZ5S81ND,Nissan,Pathfinder,2016,Orange,Gasoline,214867,CUST-85596,Brittany Nielsen,qanderson@example.net,430-346-1950x4478,SVC-00001551,2023-11-10,Battery Replacement,Michelle Hays,1244.92,683.38,561.54,Not Applicable,2025-04-28,Inactive,2024-12-24
VEH-001552,XYBWV94YVTZAWN2EA,Kia,Sorento,2004,LightGoldenRodYellow,Diesel,25972,CUST-24152,Melody Velez,mckinneydana@example.org,001-301-690-6197x172,SVC-00001552,2023-03-08,Engine Repair,Michelle Hays,672.01,237.5,434.51,Expired,2025-08-24,Scrapped,2024-09-22
VEH-001553,G0XW3MKD18GRVHSWT,Ford,Mustang,2003,Gainsboro,Electric,217861,CUST-78746,Shelby Duarte,whitakerkim@example.com,457.756.1264x3103,SVC-00001553,2023-05-12,Inspection,Sara Marquez,992.54,1208.17,128.15,Expired,2025-12-29,Active,2024-06-21
VEH-001554,LZDZB9AKG9GWS2KN6,BMW,X3,1997,CornflowerBlue,Gasoline,227892,CUST-44345,Erik Massey,,(322)584-1280,SVC-00001554,2025-06-05,Battery Replacement,Charles Nelson,2598.69,1183.95,1414.74,Expired,2026-01-05,Scrapped,2025-07-03
VEH-001555,AU1F91FY1EYR024MD,Honda,CR-V,2018,AntiqueWhite,Hybrid,198769,CUST-36299,Ryan Black,dylan86@example.org,,SVC-00001555,2025-09-23,Other,Travis Contreras,1683.08,1472.24,210.84,Expired,2026-03-11,Inactive,2023-12-02
VEH-001556,J8R1HSMHRJWWL6YUC,Chevrolet,Tahoe,2018,Khaki,Electric,214101,CUST-47380,Lisa Jimenez,dennismeyer@example.net,(896)701-5849,SVC-00001556,2023-10-02,Other,Joshua Cooper,1631.13,369.09,1262.04,Not Applicable,2024-06-18,Inactive,2023-09-02
VEH-001557,SVSZ4VU2VC29KWT6X,Tesla,Model X,1996,Bisque,Electric,24238,CUST-46393,Charlotte Smith,sierra17@example.net,332.493.1954x598,SVC-00001557,2025-03-29,Body Work,Colton Armstrong,1168.78,1088.08,80.7,Not Applicable,2025-09-08,Active,2025-06-21
VEH-001558,VIN-MISSING,Honda,Accord,2014,SlateGray,Diesel,98362,CUST-18608,Nicole Davies,donaldsonrebecca@example.org,649.797.7472x8513,SVC-00001558,2023-08-09,Body Work,Laura Gray,2328.69,1466.32,862.37,Expired,2024-06-07,Scrapped,2025-10-01
VEH-001559,3CAZ1U4SGRFSTJMWP,Tesla,Model X,2011,LightCyan,Hybrid,72112,CUST-67896,Jared Cohen,millersandra@example.com,+1-666-280-0508x839,SVC-00001559,2024-12-24,Battery Replacement,Paul Valencia,2117.36,1440.88,676.48,Not Applicable,2024-12-07,Inactive,2023-12-15
VEH-001560,J993H96XUGH0G5PKZ,BMW,5 Series,2100,SteelBlue,Diesel,197774,CUST-47863,Cynthia Wheeler,trandolph@example.com,995-714-0958,SVC-00001560,2024-03-20,Brake Service,Colton Armstrong,1251.11,504.02,747.09,Not Applicable,2025-03-10,Active,2023-05-01
VEH-001561,P15PAD74KHS6MXSHX,Honda,Accord,2022,Aqua,Electric,212091,CUST-99893,Ashley Ayers,davidjones@example.com,248-810-8293x1608,SVC-00001561,2026-04-08,Tire Rotation,Kathryn Patel,1221.93,692.31,529.62,Active,2025-01-24,Inactive,2025-08-18
VEH-001562,1HGCM82633AO04747,Tesla,Model S,2018,DarkSalmon,Diesel,232247,CUST-51362,Matthew Jones,mccormickpatricia@example.net,288.591.1231x9941,SVC-00001562,2023-07-02,Tire Rotation,Edward Allison,2392.37,1086.95,1305.42,Expired,2024-04-21,Scrapped,2024-10-10
VEH-001563,WTUA8MWW9H6ETYBZ2,Chevrolet,Equinox,2020,LightGoldenRodYellow,Electric,169214,CUST-58896,Colton George,amypetersen@example.net,001-391-876-1486x4205,SVC-00001563,2023-03-05,Engine Repair,Michelle Torres,974.09,262.26,711.83,Active,2026-01-31,Active,2025-03-15
VEH-001564,PWGJCEPJFFVPRG0UT,Nissan,Altima,2021,DarkMagenta,Diesel,71563,CUST-24966,Amy Sanchez,barajasjason@example.com,001-425-723-0015x65095,SVC-00001564,2024-09-19,Engine Repair,Colton Armstrong,2416.11,1215.03,1201.08,Active,2024-09-24,Scrapped,2025-05-17
VEH-001565,FNDG5SZ8NW16DJWF1,Nissan,Sentra,2010,DeepPink,Plug-in Hybrid,78315,CUST-89307,Melissa Swanson,,801-259-6526,SVC-00001565,2023-07-21,Inspection,Edward Allison,3036.05,1820.93,1215.12,Expired,2024-05-29,Scrapped,2024-01-27
VEH-001566,UWXMHC8V9ATU2LLA7,Honda,Pilot,2021,Gray,Electric,62285,CUST-54282,James Mckinney,ybruce@example.org,001-311-357-4565x388,SVC-00001566,2025-06-18,Tire Rotation,Shelley Wilson,1652.68,542.23,1110.45,Active,2024-11-17,Scrapped,2023-12-10
VEH-001567,TFVEJAS7K92UUATFJ,Tesla,Model 3,2017,Coral,Gasoline,2084,CUST-52628,Alison Taylor,campbelltaylor@example.net,288-812-8289x95951,SVC-00001567,2025-04-29,Tire Rotation,Colton Armstrong,481.8,114.35,367.45,Not Applicable,2025-10-28,Inactive,2024-07-20
VEH-001568,VIN-MISSING,Honda,Odyssey,2022,Red,Gasoline,39271,CUST-93173,Jason Ramirez,ucarpenter@example.net,870.831.0234,SVC-00001568,2022-04-19,Inspection,Shelley Wilson,2221.38,1450.63,770.75,Active,2025-05-02,Active,2025-04-29
VEH-001569,ABC123,Chevrolet,Traverse,2012,Moccasin,Diesel,133511,CUST-22756,James Reynolds,frodriguez@example.com,932-817-0485x96048,SVC-00001569,2024-09-16,Engine Repair,Jessica Thomas,1708.29,986.69,721.6,Expired,2024-07-13,Active,2025-07-30
VEH-001570,00000000000000000,Nissan,Rogue,2000,PaleVioletRed,Diesel,235356,CUST-84567,Maurice Haynes,harperdiane@example.org,+1-532-507-8329x39276,SVC-00001570,2025-01-12,Tire Rotation,Charles Nelson,2167.3,1467.2,700.1,Not Applicable,2024-10-05,Scrapped,2023-07-02
VEH-001571,VTZEZ6E5K8BT115W8,Mercedes,C-Class,2013,LawnGreen,Hybrid,38845,CUST-80809,David Johnson,mary29@example.org,767.738.6635x5056,SVC-00001571,2022-05-24,Inspection,Charles Nelson,1088.76,257.81,830.95,Not Applicable,2025-09-04,Scrapped,2023-07-12
VEH-001572,GSSKVZHV0PTH0UUU5,BMW,5 Series,2022,DarkKhaki,Diesel,177242,CUST-61640,Shannon Craig,james02@example.com,001-814-635-1628x802,SVC-00001572,2022-11-28,Body Work,Robert Sanford,579.41,476.15,103.26,Active,2026-01-05,Inactive,2025-01-21
VEH-001573,FV7WTBZSXMPT3ANTA,Nissan,Pathfinder,2008,LightBlue,Plug-in Hybrid,131155,CUST-23588,Anthony Reeves,nduncan@example.org,001-657-816-7098x478,SVC-00001573,2023-01-08,Oil Change,Michelle Torres,2230.8,1823.84,406.96,Expired,2026-03-12,Scrapped,2023-06-11
VEH-001574,9BSPEP6739UGBSN1V,BMW,3 Series,2000,CornflowerBlue,Gasoline,25642,CUST-49208,Leslie Lara,nicolenicholson@example.net,682.877.7755,SVC-00001574,2023-09-09,Engine Repair,Sara Marquez,900.52,72.89,827.63,Not Applicable,2024-07-26,Inactive,2023-07-23
VEH-001575,729CH7B2G5B1SG6LU,Ford,Mustang,2006,Bisque,Diesel,249681,CUST-91144,Jonathan Gallagher,robertseileen@example.com,+1-998-739-8127,SVC-00001575,2024-06-19,Other,Laura Gray,510.19,413.62,96.57,Expired,2024-04-26,Scrapped,2025-03-16
VEH-001576,SBHK14G7P920RK6HN,Honda,Pilot,2022,LightGoldenRodYellow,Gasoline,20464,CUST-67447,Erin Jackson,myersdaniel@example.com,001-978-290-1646x969,SVC-00001576,2023-10-28,Other,Travis Contreras,1712.8,258.15,1454.65,Active,2024-07-15,Active,2025-07-20
VEH-001577,5ZPY9BRLS6WBGTGLL,BMW,X3,2000,MediumPurple,Gasoline,9824,CUST-32629,Steven Macdonald,ricardojohnson@example.org,001-908-969-9880x4553,SVC-00001577,2024-03-18,Tire Rotation,Brittany Kidd,3109.8,1681.58,1428.22,Expired,2024-08-22,Active,2024-12-16
VEH-001578,00000000000000000,Honda,Pilot,2016,Chocolate,Diesel,38766,CUST-57465,James Barnes,chrismorton@example.net,6449676619,SVC-00001578,2023-07-24,Engine Repair,Sara Marquez,2659.19,1681.12,978.07,Not Applicable,2024-07-18,Active,2023-09-20
VEH-001579,ZHLAAATJK491GHZW3,ford,Escape,2008,DeepPink,Plug-in Hybrid,216724,CUST-13049,Jennifer Phillips,justinnelson@example.org,418.290.1208,SVC-00001579,2022-05-01,Other,,2807.16,1453.6,1353.56,Expired,2024-09-11,Scrapped,2024-11-08
VEH-001580,N7H4ZFW1G0V8DYW0X,Honda,CR-V,2024,BlanchedAlmond,Gasoline,42502,CUST-22779,Wesley Smith,jamesmorales@example.org,+1-911-354-5113,SVC-00001580,2025-10-06,Body Work,David Martin,2095.93,912.4,1183.53,Active,2026-02-01,Inactive,2025-03-20
VEH-001581,ZM0KB234VBNYC389C,Chevrolet,Tahoe,2003,LightCoral,Plug-in Hybrid,81086,CUST-31408,Joseph Chase,kevin98@example.net,(503)256-8970x58314,SVC-00001581,2026-02-27,Engine Repair,Jessica Thomas,745.53,619.14,126.39,Not Applicable,2024-07-07,Inactive,2024-12-28
VEH-001582,HCHRK8X9C2M9F3TS0,MERCEDES,E-Class,2016,Lime,Hybrid,111605,CUST-30068,Noah Vasquez,bdougherty@example.net,+1-375-414-0840x0507,SVC-00001582,2025-01-27,Battery Replacement,Sara Marquez,3021.6,1695.98,1325.62,Not Applicable,2024-06-28,Active,2024-05-24
VEH-001583,A0Y3LMY9PDKDKPWKL,Toyota,RAV4,2011,White,Gasoline,105520,CUST-51659,Jennifer Lopez,brittanyadams@example.org,(478)446-6938,SVC-00001583,2023-11-17,Tire Rotation,David Martin,1038.22,524.22,514.0,Not Applicable,2025-09-18,Scrapped,2025-07-19
VEH-001584,364E1A7GAUFZJ2W8A,Tesla,Model X,2014,LightBlue,Hybrid,237444,CUST-15641,David Escobar,duffysteven@example.org,9455962105,SVC-00001584,2024-01-23,Body Work,Debbie West,389.89,142.43,247.46,Not Applicable,2024-08-12,Inactive,2025-08-01
VEH-001585,VDCVHJTBFNMD4M2N0,Chevrolet,Silverado,2007,GreenYellow,Diesel,110657,CUST-27707,Ryan Johnson,brittanymoreno@example.net,5003092089,SVC-00001585,2024-08-19,Brake Service,Susan Davis,3072.59,1654.64,1417.95,Expired,2025-10-09,Scrapped,2024-01-10
VEH-001586,VL61WNWH8CYFPYD6U,Toyota,RAV4,2002,Chocolate,Gasoline,33087,CUST-82052,Danny Phillips,judithbailey@example.com,+1-922-728-9568x207,SVC-00001586,2022-04-20,Oil Change,Debbie West,1758.71,693.14,1065.57,Expired,2025-01-04,Inactive,2025-12-16
VEH-001587,CJ2CZD51B4DUHPCWS,Toyota,Camry,2007,Sienna,Gasoline,175969,CUST-13605,Chad Ray,,001-771-975-7292x01549,SVC-00001587,2024-06-18,Engine Repair,Debbie West,1468.39,20.7,1447.69,Not Applicable,2024-07-26,Inactive,2023-10-09
VEH-001588,C24GPCDZ5MLA0VZG2,HYUNDAI,Santa Fe,2006,DarkMagenta,Gasoline,237649,CUST-95683,William Cameron,campbelljames@example.com,883.466.7467x59863,SVC-00001588,2022-08-07,Oil Change,Edward Allison,1889.98,1709.18,180.8,Not Applicable,2024-06-18,Scrapped,2024-06-08
VEH-001589,W8EJHR1BSNW266KY9,HYUNDAI,Sonata,2004,SeaGreen,Electric,190411,CUST-75153,Jeremy Miller,oalvarado@example.org,001-898-965-8830x7741,SVC-00001589,2024-03-13,Body Work,Charles Nelson,1650.41,1146.96,503.45,Expired,2025-01-05,Scrapped,2025-07-21
VEH-001590,J9KCC6KNM7G09X46T,Tesla,Model 3,2023,Purple,Diesel,-139143,CUST-64908,Kathleen Thomas,kendrasutton@example.org,+1-831-753-2019x4638,SVC-00001590,2022-08-12,Battery Replacement,Sara Marquez,2552.49,1653.44,899.05,Active,2025-06-11,Scrapped,2025-05-27
VEH-001591,LS56S96W6A9WW32ZM,Mercedes,GLC,2000,MediumSeaGreen,Gasoline,43724,CUST-37190,Darryl Miller,anthonyrobinson@example.com,642-471-6859,SVC-00001591,2025-07-19,Brake Service,Joshua Cooper,2592.87,1101.7,1491.17,Not Applicable,2024-04-18,Scrapped,2025-11-09
VEH-001592,GK038R06GMJE7V8Z2,Mercedes,E-Class,2017,Gainsboro,Hybrid,91194,CUST-39746,Kevin Powell,taylorduncan@example.com,(669)220-7127x4741,SVC-00001592,2024-05-09,Tire Rotation,Joshua Cooper,1293.83,1169.52,124.31,Expired,2025-07-22,Active,2026-03-15
VEH-001593,0ULXGHEBGW5GH598V,Mercedes,C-Class,2006,Orange,Hybrid,96052,CUST-34205,Shane Alexander,,3438791960,SVC-00001593,2025-06-29,Engine Repair,Kathryn Patel,1458.5,511.2,947.3,Expired,2025-09-05,Scrapped,2024-11-06
VEH-001594,YB240EXK9GE9PJMET,BMW,M4,2006,MediumVioletRed,Diesel,131182,CUST-33352,Rebecca Smith,jonathanthomas@example.org,702-303-5337x471,SVC-00001594,2024-07-13,Engine Repair,Colton Armstrong,2940.12,1770.79,1169.33,Expired,2024-05-27,Active,2024-11-08
VEH-001595,THKC8ZWZB7SR9SSZR,Honda,Pilot,2011,Cornsilk,Electric,208613,CUST-64311,Brenda Austin,jessicawoodard@example.org,902-286-1208x035,SVC-00001595,2024-02-15,Tire Rotation,Joshua Cooper,1088.81,504.08,584.73,Expired,2025-01-23,Scrapped,2025-10-26
VEH-001596,W7VNXE5GN5L550T6P,Ford,F-150,2001,Maroon,Electric,44440,CUST-74606,Jennifer Myers,yvonne07@example.org,,SVC-00001596,2023-07-03,Battery Replacement,Debbie West,2094.57,678.45,1416.12,Not Applicable,2024-10-25,Scrapped,2024-12-19
VEH-001597,89XTYDY6H4WCL16D2,Chevrolet,Malibu,2022,Moccasin,Plug-in Hybrid,86460,CUST-32801,David Morales,vjacobs@example.org,,SVC-00001597,2023-04-11,Oil Change,Melissa Mendez,526.85,294.11,232.74,Active,2025-06-26,Inactive,2026-04-03
VEH-001598,GJ9XNNUPUKLZP11FF,Ford,Bronco,1997,Aqua,Hybrid,234936,CUST-26729,Bianca Monroe,arthur86@example.com,463.960.8181x18186,SVC-00001598,2022-11-28,Engine Repair,Kathryn Patel,2004.97,982.7,1022.27,Expired,2024-06-02,Scrapped,2024-01-05
VEH-001599,1HGBH41JXMN10916,Mercedes,C-Class,2003,SaddleBrown,Diesel,216326,CUST-72690,Johnny Richardson,dickersonaustin@example.net,001-522-401-6159x22734,SVC-00001599,2026-01-19,Other,David Martin,1932.34,1553.74,378.6,Expired,2025-11-04,Active,2026-04-02
VEH-001600,5GKJRM4ZM1NTWYBPT,Mercedes,E-Class,2010,LightGoldenRodYellow,Diesel,167929,CUST-25147,Brianna Clark,shawndouglas@example.net,(439)882-3841x9818,SVC-00001600,2025-10-08,Brake Service,Brittany Kidd,2795.61,1711.59,1084.02,Not Applicable,2026-01-09,Inactive,2024-06-17
VEH-001601,W4RD0RT1480G7WFVN,FORD,Mustang,2007,LightPink,Plug-in Hybrid,669,CUST-13373,Anthony Brooks,steven55@example.org,570-420-7377,SVC-00001601,2025-01-17,Brake Service,Kathryn Patel,1094.29,437.95,656.34,Not Applicable,2024-11-19,Scrapped,2023-05-17
VEH-001602,W67KE0NES2ZT6P4VN,Ford,Escape,1998,Blue,Diesel,142070,CUST-45533,Donald White,mbowman@example.org,,SVC-00001602,2023-06-04,Inspection,Brian Rivera,1975.18,890.63,1084.55,Not Applicable,2024-12-27,Scrapped,2026-04-12
VEH-001603,JRS06MERV1BVWTD4V,Mercedes,C-Class,2002,Gainsboro,Electric,61523,CUST-22288,Ronald Clayton,poncelynn@example.com,454.811.3130,SVC-00001603,2025-03-25,Engine Repair,Robert Sanford,2739.68,1850.06,889.62,Not Applicable,2025-10-22,Scrapped,2023-04-17
VEH-001604,VIN-MISSING,Mercedes,GLE,2011,DeepPink,Electric,144806,CUST-33269,Melanie Hall,ohowe@example.org,(971)500-6591,SVC-00001604,2026-08-21,Brake Service,,1397.58,355.1,1042.48,Not Applicable,2026-03-20,Inactive,2026-04-10
VEH-001605,PS24WHWTEA0ZX51JN,Mercedes,S-Class,1998,Tomato,Electric,129455,CUST-57280,Matthew Sanders,susan77@example.com,001-285-573-7754x5422,SVC-00001605,2024-08-28,Body Work,Debbie West,770.63,488.83,281.8,Expired,2025-03-28,Active,2023-07-04
VEH-001606,FJ5Z0A6N9Z8YMRESU,Nissan,Pathfinder,2022,Beige,Electric,128646,CUST-68850,Emma James,edward25@example.org,(658)307-6352x95916,SVC-00001606,2022-09-02,Oil Change,Kathryn Patel,1640.0,716.21,923.79,Active,2024-10-06,Active,2025-11-10
VEH-001607,C392J9TNX37JFJ35M,Toyota,Camry,1997,Turquoise,Gasoline,162113,CUST-89867,Nancy Kelly,madison42@example.net,5765228260,SVC-00001607,2023-03-30,Other,Laura Gray,1876.68,621.12,1255.56,Expired,2024-04-13,Inactive,2025-07-15
VEH-001608,90HLX3JJT0EC12D2U,BMW,3 Series,2003,Yellow,Electric,155816,CUST-70808,Jack Golden,florestyler@example.com,915.596.2615x98164,SVC-00001608,2022-07-28,Brake Service,Colton Armstrong,1217.0,120.53,1096.47,Not Applicable,2025-04-12,Inactive,2024-01-02
VEH-001609,1U8L01E75FRPALRWU,Hyundai,Santa Fe,2021,LightSteelBlue,Diesel,117660,CUST-97168,Tammy Fuentes,michael03@example.org,001-347-872-0681x646,SVC-00001609,2023-04-25,Other,Joshua Cooper,1380.93,822.96,557.97,Active,2025-02-25,Active,2024-07-22
VEH-001610,BMD1GCXFJ3F7FJ7WS,Tesla,Model S,1997,DarkBlue,Electric,169529,CUST-18164,Carrie Cohen,jessicaross@example.com,875-879-5535x03327,SVC-00001610,2024-01-20,Brake Service,Michelle Hays,1941.0,687.57,1253.43,Expired,2024-10-04,Scrapped,2024-04-17
VEH-001611,CGJUTWGRTRA1PB6XX,Chevrolet,Traverse,1995,DarkSeaGreen,Plug-in Hybrid,225022,CUST-92781,Chloe Moran,jasonmorris@example.net,467.547.5847x391,SVC-00001611,2023-06-17,Brake Service,Joshua Cooper,2590.29,1821.0,769.29,Expired,2024-08-02,Active,2025-09-14
VEH-001612,HF6BXHZ2TDGLXUR97,Toyota,RAV4,1899,RosyBrown,Electric,-137559,CUST-28577,Catherine Lowe,davidmoss@example.net,768.748.6450,SVC-00001612,2024-05-06,Other,Caitlin Marshall,1718.38,1522.03,196.35,Expired,2024-11-10,Inactive,2024-05-15
VEH-001613,FP8G7LJYRH9C5PE54,Ford,Explorer,2024,LimeGreen,Gasoline,33012,CUST-42115,Joyce Young,wcampos@example.net,424.429.8440x51219,SVC-00001613,2024-06-01,Tire Rotation,Susan Davis,2357.39,1432.82,924.57,Active,2026-02-13,Scrapped,2024-09-13
VEH-001614,KZVYY26F7V7RTGPWP,Ford,F-150,1996,Purple,Diesel,137047,CUST-48183,Carrie Williams,kelly40@example.com,(855)405-1842,SVC-00001614,2022-05-26,Brake Service,Melissa Mendez,808.68,700.6,108.08,Expired,2025-04-14,Scrapped,2025-01-31
VEH-001615,2SCX8T9RMHBSC06FX,Honda,Accord,1995,FloralWhite,Diesel,24538,CUST-19735,Joel Marsh,monicamontoya@example.net,+1-964-600-5302,SVC-00001615,2024-11-01,Engine Repair,Robert Sanford,1451.51,941.66,509.85,Not Applicable,2024-04-28,Active,2023-12-13
VEH-001616,S48R0M4UD35EB531T,BMW,X3,2003,FireBrick,Electric,189012,CUST-29275,Stacey Hall,lhunter@example.com,(814)343-8469x955,SVC-00001616,2022-08-19,Body Work,Maria Rubio,2878.52,1722.63,1155.89,Not Applicable,2025-03-11,Scrapped,2025-01-30
VEH-001617,GX8N4LP1WF26A6ELD,Hyundai,Tucson,2014,CornflowerBlue,Electric,170349,CUST-80721,Tina Contreras,sgraham@example.com,(891)599-5060x463,SVC-00001617,2023-10-18,Body Work,Colton Armstrong,2330.7,1640.61,690.09,Not Applicable,2025-08-04,Inactive,2024-06-15
VEH-001618,Z7B9B946KZ1MKT4SE,Tesla,Model Y,2007,Chocolate,Diesel,84540,CUST-73945,Joshua Johnson,gmelton@example.org,6559375521,SVC-00001618,2023-08-04,Body Work,Charles Nelson,1899.44,645.96,1253.48,Expired,2024-08-23,Active,2024-02-23
VEH-001619,PHG43ZH1ZXJJZB1BL,BMW,X3,2010,Tomato,Diesel,158899,CUST-17244,Tyler Pennington,torresashley@example.org,314-469-4092x929,SVC-00001619,2025-03-29,Body Work,Brian Rivera,1626.82,870.44,756.38,Expired,2024-06-04,Active,2025-09-01
VEH-001620,WFA274974F28SCU42,FORD,Explorer,2001,MediumSpringGreen,Plug-in Hybrid,191756,CUST-66643,Julie Fisher,rdurham@example.com,273.867.0487,SVC-00001620,2026-09-30,Battery Replacement,Charles Nelson,3216.06,1719.62,1496.44,Not Applicable,2025-08-17,Inactive,2026-02-11
VEH-001621,0PBJ9FLZDAU8HZ1NV,Ford,F-150,2004,Gray,Electric,128085,CUST-23759,Mark Thompson,bradleyjohnson@example.org,001-466-558-9814x0732,SVC-00001621,2024-07-30,Engine Repair,Jessica Thomas,1057.94,575.8,482.14,Expired,2024-05-21,Scrapped,2026-02-16
VEH-001622,ABC123,Mercedes,E-Class,2013,PaleVioletRed,Hybrid,84711,CUST-17756,Mathew Baker,thompsonthomas@example.com,+1-628-939-2547x8927,SVC-00001622,2022-10-29,Engine Repair,Shelley Wilson,2382.29,1350.18,1032.11,Expired,2026-01-11,Scrapped,2024-12-26
VEH-001623,4PB6XU4SS5RS224M9,Tesla,Cybertruck,2007,SteelBlue,Hybrid,10036,CUST-20711,Tina Villegas,kimsmith@example.org,634-200-4668x30370,SVC-00001623,2022-09-18,Engine Repair,,1560.13,568.88,655.59,Not Applicable,2025-08-21,Inactive,2025-08-20
VEH-001624,DZSR0C4A6BTG6Y1B8,BMW,3 Series,2018,MintCream,Hybrid,16225,CUST-50079,William Simmons,mduran@example.com,828-805-9536x50956,SVC-00001624,2022-11-11,Tire Rotation,Colton Armstrong,3045.14,1811.16,1233.98,Expired,2024-09-27,Scrapped,2024-12-04
VEH-001625,9TK1LF0AGB7CV6BB0,Chevrolet,Malibu,2024,LightSeaGreen,Diesel,161633,CUST-20054,James Williams,xdorsey@example.net,001-534-310-1824x626,SVC-00001625,2025-11-21,Brake Service,Paul Valencia,1877.37,1499.01,378.36,Active,2024-07-24,Scrapped,2024-02-09
VEH-001626,0JYBMD45W742W1NYL,Honda,CR-V,2008,Gray,Plug-in Hybrid,28947,CUST-37445,Faith Calhoun,xbrooks@example.org,891.578.5705,SVC-00001626,2023-01-10,Other,Paul Valencia,1944.35,1554.23,390.12,Expired,2026-01-11,Active,2023-07-26
VEH-001627,1G5X59MUNMVB0MUKE,Toyota,Corolla,2015,Salmon,Gasoline,44713,CUST-29849,Jeffrey May,danielleherrera@example.com,,SVC-00001627,2022-07-08,Tire Rotation,Caitlin Marshall,640.79,130.15,510.64,Expired,2024-04-19,Active,2024-09-05
VEH-001628,3ZDD3SUP2ZJ03DLDT,Honda,CR-V,2017,GreenYellow,Electric,59961,CUST-69811,Rachel Frey,davisbrooke@example.net,(709)336-9227x5137,SVC-00001628,2025-05-31,Inspection,Robert Sanford,1348.16,851.69,496.47,Not Applicable,2026-04-12,Inactive,2024-08-23
VEH-001629,LTKR2F8TT81EANN5A,TESLA,Model S,2019,SaddleBrown,Electric,211263,CUST-39726,Brandy Mitchell,robertsutton@example.net,001-549-477-9966x5184,SVC-00001629,2024-06-23,Other,Edward Allison,2169.53,1339.76,829.77,Not Applicable,2025-02-11,Scrapped,2024-10-20
VEH-001630,Y57MU2YBH73RA0XMW,Toyota,Camry,2024,BlueViolet,Hybrid,141281,CUST-69929,Brittney Jensen,gonzaleztodd@example.com,(378)860-1835x5075,SVC-00001630,2025-01-28,Brake Service,Edward Allison,1157.04,366.27,790.77,Active,2026-01-24,Active,2024-01-27
VEH-001631,75X9M6JN8F3587ED6,Toyota,Corolla,2011,PaleGreen,Gasoline,142690,CUST-47647,Steven Bolton,yadams@example.com,508.200.4612,SVC-00001631,2025-09-05,Inspection,Paul Valencia,1747.28,1553.83,193.45,Expired,2025-11-09,Scrapped,2024-07-24
VEH-001632,1F9S1DJASBH8ZYUD8,Tesla,Cybertruck,2016,OldLace,Electric,79902,CUST-59578,Cassandra Willis,ktran@example.com,430-349-1073,SVC-00001632,2025-09-10,Engine Repair,Michelle Hays,705.16,295.69,409.47,Expired,2024-08-05,Inactive,2025-09-30
VEH-001633,967ZZD2PJVK1PU1U0,BMW,M4,2002,MediumPurple,Diesel,242696,CUST-95078,Blake Perez,bradley96@example.net,001-625-963-9045x3936,SVC-00001633,2022-11-01,Brake Service,Robert Sanford,326.09,7.41,318.68,Not Applicable,2026-02-18,Active,2025-12-26
VEH-001634,WCVL5ZDT1447UEC3F,Kia,Sportage,2011,SpringGreen,Plug-in Hybrid,20108,CUST-93903,Misty Arnold,orogers@example.com,437.946.9000,SVC-00001634,2023-02-20,Other,Laura Gray,2573.97,1398.75,1175.22,Not Applicable,2025-12-19,Inactive,2025-12-02
VEH-001635,T9V0677KEZN2RF41R,Tesla,Model S,2010,FloralWhite,Hybrid,-173444,CUST-79758,Jennifer Collins,,726.989.8148x766,SVC-00001635,2024-12-22,Oil Change,Maria Rubio,2202.03,1230.2,971.83,Expired,2024-05-06,Inactive,2025-06-30
VEH-001636,KX9WB0XA43YHG8T47,Nissan,Pathfinder,2024,LightSteelBlue,Hybrid,125558,CUST-90851,Lisa Graham,wewing@example.com,001-750-891-7107,SVC-00001636,2024-01-12,Tire Rotation,Michelle Torres,332.27,112.78,175.56,Active,2024-11-11,Active,2025-03-13
VEH-001637,HPYCT5G6FBT41T2U8,BMW,5 Series,2023,SpringGreen,Gasoline,69424,CUST-90508,Benjamin Cox,maria04@example.com,001-910-987-1296,SVC-00001637,2024-06-11,Brake Service,Brian Rivera,2139.3,795.98,1343.32,Active,2024-11-05,Active,2025-06-15
VEH-001638,HT6V4V1UJ97D6AP3W,Hyundai,Elantra,2011,Cornsilk,Electric,228404,CUST-32282,Daniel Hernandez,douglas08@example.net,,SVC-00001638,2026-04-04,Battery Replacement,Edward Allison,2343.27,1766.03,577.24,Expired,2025-09-13,Scrapped,2023-07-26
VEH-001639,63LZAWVSME8YW7YU7,Kia,Sportage,2006,Olive,Electric,120864,CUST-53677,Benjamin Greene,vincent49@example.org,3513738028,SVC-00001639,2024-10-26,Other,Charles Nelson,2764.2,1687.25,1076.95,Not Applicable,2025-04-23,Inactive,2024-05-19
VEH-001640,00000000000000000,BMW,X5,1995,MediumTurquoise,Plug-in Hybrid,62534,CUST-47181,Isabel Crawford,mjones@example.org,2149003757,SVC-00001640,2024-10-25,Brake Service,Melissa Mendez,2595.55,1225.15,1370.4,Not Applicable,2025-04-13,Scrapped,2024-09-06
VEH-001641,711ZV02KYML5M6ZE1,Ford,Bronco,2001,Magenta,Gasoline,45048,CUST-40766,Sandra Ellis,lauraduran@example.org,001-794-403-8412,SVC-00001641,2023-11-08,Engine Repair,David Martin,2110.94,959.83,1151.11,Not Applicable,2026-02-02,Inactive,2025-02-06
VEH-001642,H30B6CS4HNZCJEXVU,Hyundai,Sonata,1996,LemonChiffon,Electric,207623,CUST-26846,Erica Joseph,tamara46@example.com,,SVC-00001642,2025-01-11,Other,Laura Gray,2352.38,1880.09,472.29,Not Applicable,2025-07-20,Inactive,2024-02-04
VEH-001643,9CLEJY1ACAMX4T6CD,Honda,CR-V,2009,SlateGray,Diesel,174487,CUST-61078,Brenda Jordan,kcampbell@example.net,375.845.8199x00194,SVC-00001643,2024-02-19,Body Work,Shelley Wilson,1722.48,1232.68,489.8,Expired,2026-02-21,Scrapped,2025-02-23
VEH-001644,1C9FP2Y2RKLABZ3PX,Chevrolet,Equinox,2007,MediumTurquoise,Hybrid,101650,CUST-69309,Daniel Erickson DDS,ginalivingston@example.org,582.908.2940x778,SVC-00001644,2023-10-20,Tire Rotation,Brian Rivera,3144.64,1754.92,1389.72,Expired,2024-12-20,Inactive,2023-06-21
VEH-001645,5B47M5JEF73WWDBJC,Kia,Telluride,2013,PaleVioletRed,Electric,-153897,CUST-38266,Luke Abbott,lisa40@example.org,737-274-5235x448,SVC-00001645,2022-11-01,Tire Rotation,David Martin,669.78,224.98,444.8,Expired,2025-12-12,Active,2024-04-05
VEH-001646,X8DXUWFBGGXXL07FV,Honda,Civic,2015,DarkSeaGreen,Hybrid,244701,CUST-51018,Paige Garcia,ksmith@example.org,2685718249,SVC-00001646,2025-03-06,Engine Repair,Travis Contreras,824.72,149.02,675.7,Expired,2024-08-30,Scrapped,2024-11-02
VEH-001647,V41VVWW6JJVK9XAHH,bmw,3 Series,1999,LawnGreen,Gasoline,81178,CUST-97889,Catherine Martin,troy00@example.net,396-699-0792,SVC-00001647,2025-04-04,Body Work,,1133.91,176.0,957.91,Not Applicable,2024-08-03,Scrapped,2025-03-08
VEH-001648,VZDS373VY6XB0M3LG,Hyundai,Santa Fe,2005,SandyBrown,Hybrid,115870,CUST-18057,Nicole Hernandez,,001-382-807-3941x0389,SVC-00001648,2022-06-18,Other,Katherine Bridges,2087.32,1568.93,518.39,Expired,2025-06-12,Active,2024-06-10
VEH-001649,LWU1AUJS2RE7Z13YS,Tesla,Model S,2014,Beige,Plug-in Hybrid,143087,CUST-12429,Barry Chambers,christopher65@example.org,+1-913-696-5171x24084,SVC-00001649,2024-10-31,Brake Service,Wanda Gutierrez,2108.8,855.64,1253.16,Not Applicable,2024-08-22,Scrapped,2025-09-13
VEH-001650,N1WCTL92630H3H6GX,Toyota,Camry,2007,Turquoise,Gasoline,199463,CUST-28155,Eric Martinez,andrew80@example.org,001-980-864-9247x366,SVC-00001650,2025-01-16,Oil Change,Caitlin Marshall,2734.92,1248.65,1486.27,Expired,2025-01-03,Active,2023-10-14
VEH-001651,XU09F3B6562ZP19DG,Nissan,Frontier,2019,Teal,Plug-in Hybrid,125853,CUST-77714,Catherine Lee,nancy45@example.com,(453)791-8990,SVC-00001651,2025-11-08,Battery Replacement,Robert Sanford,1913.87,526.85,1387.02,Expired,2026-02-26,Inactive,2023-06-04
VEH-001652,4EBREA1RERTPATLAR,Tesla,Model X,1998,Blue,Gasoline,144497,CUST-56165,Kathy Gallegos,hintonkyle@example.com,(367)584-2039,SVC-00001652,2022-08-04,Other,Kathryn Patel,1347.64,510.77,836.87,Not Applicable,2025-09-27,Scrapped,2026-02-17
VEH-001653,XS530PDXYPH3Y5NF2,Nissan,Frontier,2015,Turquoise,Gasoline,164838,CUST-37266,Robert Robinson,daniel75@example.net,(741)619-6759,SVC-00001653,2023-12-16,Other,Susan Davis,1573.03,1134.2,438.83,Expired,2024-06-24,Inactive,2024-12-08
VEH-001654,12Z3ACCPHDSJSXAPG,Tesla,Model Y,2004,BurlyWood,Hybrid,97694,CUST-62390,Roger Jenkins,campbellwanda@example.net,7993972561,SVC-00001654,2025-11-22,Body Work,,2335.16,1926.62,408.54,Not Applicable,2025-06-10,Inactive,2024-12-02
VEH-001655,SUVE7WHUVD8SVGV5C,Toyota,Tacoma,2000,LightSlateGray,Hybrid,211763,CUST-19456,Steven Wells,zscott@example.com,(722)346-6917,SVC-00001655,2024-01-30,Tire Rotation,Paul Valencia,1814.66,325.52,1489.14,Not Applicable,2026-04-10,Inactive,2024-11-08
VEH-001656,FV09486ZS65XAV8CL,Mercedes,E-Class,2008,DodgerBlue,Plug-in Hybrid,192656,CUST-62507,Nicholas Baker,williamskaren@example.com,899.727.9490,SVC-00001656,2026-06-15,Brake Service,,1810.41,1397.72,412.69,Not Applicable,2025-10-11,Scrapped,2023-06-08
VEH-001657,KD6AL8C7RBMKFSEN9,Ford,F-150,2022,White,Electric,178820,CUST-82907,April Thompson,bettygiles@example.com,804-904-3876x2625,SVC-00001657,2024-01-06,Other,Travis Contreras,2990.35,1497.27,1493.08,Active,2024-08-22,Inactive,2025-05-18
VEH-001658,GCKF0ZLYXGJ4HNGRL,Ford,Explorer,2011,Sienna,Electric,187441,CUST-95343,Thomas Carpenter,cynthia14@example.com,001-832-695-7550x851,SVC-00001658,2025-08-13,Inspection,Michelle Torres,2012.51,1738.67,273.84,Not Applicable,2026-02-09,Scrapped,2025-04-15
VEH-001659,A207FDP9MSL3T1AHC,BMW,X3,2020,MediumSeaGreen,Plug-in Hybrid,39440,CUST-30633,William Lee,ayersdaniel@example.org,(356)202-4267,SVC-00001659,2023-01-13,Body Work,Michelle Hays,2877.42,1852.11,1025.31,Active,2025-05-23,Active,2025-11-02
VEH-001660,1HGBH41JXMN10916,Tesla,Model S,2017,Chartreuse,Hybrid,136850,CUST-74360,Lori Reed,hnelson@example.net,001-355-725-7174x33746,SVC-00001660,2022-08-10,Oil Change,Caitlin Marshall,711.2,1.92,709.28,Not Applicable,2024-11-30,Inactive,2025-11-09
VEH-001661,8DN6F50PVBM7J5TYL,BMW,3 Series,2017,GreenYellow,Gasoline,-236848,CUST-88468,Brittany Sanchez,gonzalezashley@example.net,,SVC-00001661,2022-07-01,Battery Replacement,Melissa Mendez,2302.14,1846.64,455.5,Not Applicable,2025-08-11,Scrapped,2023-05-14
VEH-001662,JT1TNMGCF4C9BEUUT,Honda,Accord,2022,Snow,Diesel,39337,CUST-13715,Jennifer Hanson,tferguson@example.net,(735)766-4536,SVC-00001662,2024-08-24,Battery Replacement,Jessica Thomas,1737.26,750.25,987.01,Active,2025-03-12,Inactive,2024-01-05
VEH-001663,4GAYF05ENZ9PJ33A4,Tesla,Model 3,2021,LightSteelBlue,Hybrid,83717,CUST-75483,John George,gmora@example.net,879.927.7433x2850,SVC-00001663,2024-07-08,Oil Change,Sara Marquez,3082.78,1875.51,1207.27,Active,2025-04-25,Scrapped,2024-10-26
VEH-001664,TGVZM8VP900JN7PFH,Honda,CR-V,2016,LemonChiffon,Gasoline,110381,CUST-10988,Rebecca Anderson,liudrew@example.com,524-905-4598,SVC-00001664,2022-07-10,Body Work,Wanda Gutierrez,1742.33,1547.2,195.13,Not Applicable,2025-08-26,Active,2024-06-03
VEH-001665,SVRFF26DJF3CG3FTU,Chevrolet,Silverado,2016,Maroon,Hybrid,40942,CUST-11669,Zachary Pierce,michael27@example.net,541.694.4875x7723,SVC-00001665,2026-01-19,Inspection,Michelle Hays,2181.49,1543.88,637.61,Expired,2024-10-28,Scrapped,2024-09-16
VEH-001666,INVALIDVIN123,Kia,Soul,2018,DodgerBlue,Plug-in Hybrid,33314,CUST-58205,Cameron Watson,vhernandez@example.org,847-424-3384x7472,SVC-00001666,2024-04-24,Other,Jessica Thomas,1536.73,318.15,1218.58,Not Applicable,2026-04-10,Inactive,2025-06-13
VEH-001667,57XMR0AGCVSH7RWKW,Tesla,Model S,2011,Coral,Gasoline,69439,CUST-38976,William Guerra,jhughes@example.net,001-767-522-3850,SVC-00001667,2024-01-08,Other,Brittany Kidd,2373.85,1348.49,1025.36,Expired,2024-05-29,Inactive,2024-10-26
VEH-001668,2M1AWCH84S21FT0JE,Toyota,Camry,2018,MistyRose,Gasoline,103977,CUST-39447,Mary Vasquez,,(446)588-8864x3439,SVC-00001668,2025-04-08,Battery Replacement,Travis Contreras,803.46,719.73,83.73,Expired,2024-06-26,Active,2026-01-29
VEH-001669,086L8P0445PMEF3GV,Chevrolet,Traverse,2005,Linen,Gasoline,198102,CUST-97811,Veronica Adams,hornrobert@example.net,+1-909-458-2747x646,SVC-00001669,2023-03-21,Tire Rotation,Sarah Murray,1873.8,528.4,1345.4,Expired,2024-05-27,Inactive,2023-05-14
VEH-001670,67X1FH112VVF0YSEW,Kia,Forte,2017,DeepPink,Gasoline,142163,CUST-20536,Cynthia Wells,bethhicks@example.org,433-428-1402x99866,SVC-00001670,2024-07-28,Battery Replacement,David Martin,1490.81,173.92,1316.89,Not Applicable,2025-06-13,Scrapped,2023-08-09
VEH-001671,5E6KEE0Z6RCKACUD2,Nissan,Sentra,2014,Blue,Plug-in Hybrid,232288,CUST-12081,Ryan Evans,jyoung@example.com,(211)460-3718x719,SVC-00001671,2023-07-29,Other,Edward Allison,1694.68,1327.98,1214.79,Expired,2025-07-08,Inactive,2023-10-08
VEH-001672,B2WNG3F6WK5DGFS7V,ford,F-150,2008,MediumSpringGreen,Hybrid,127252,CUST-80514,Michael Thompson,jonesjason@example.net,001-742-295-8929x76044,SVC-00001672,2023-10-23,Other,Katherine Bridges,367.86,247.92,119.94,Not Applicable,2026-04-08,Inactive,2025-01-04
VEH-001673,39D7TVGWUPN15UB2L,Tesla,Model X,2006,DarkSlateBlue,Electric,81924,CUST-96250,Tamara Flores,karlawatson@example.net,,SVC-00001673,2025-11-07,Brake Service,Brian Rivera,947.07,576.04,371.03,Not Applicable,2026-02-22,Scrapped,2026-01-07
VEH-001674,8W0WSTPGLZBBTHML1,Honda,Accord,1997,DarkRed,Plug-in Hybrid,130769,CUST-41343,Christina Ramos,lowerymichael@example.org,841.599.2493x19731,SVC-00001674,2024-08-09,Battery Replacement,Michelle Hays,888.18,263.25,1139.11,Expired,2024-04-24,Scrapped,2024-06-29
VEH-001675,XEBL4B675PEAYMSFD,Chevrolet,Traverse,2023,Indigo,Electric,231894,CUST-66136,Justin Powell,christian86@example.org,001-851-893-4903x2657,SVC-00001675,2023-04-29,Brake Service,Debbie West,335.11,98.64,236.47,Active,2026-04-03,Scrapped,2024-07-10
VEH-001676,RWJ5VD0JJ21CJW5NZ,Tesla,Model 3,2005,Bisque,Plug-in Hybrid,136426,CUST-81302,Roger Burns,xmiles@example.net,(350)846-2752x871,SVC-00001676,2022-11-18,Body Work,Melissa Mendez,1239.18,828.79,410.39,Expired,2024-12-31,Active,2023-11-04
VEH-001677,6KZZM5NYJ1U3SHPML,Tesla,Model 3,2014,CornflowerBlue,Plug-in Hybrid,17603,CUST-73026,Michelle Buckley,linda99@example.org,927.369.9251,SVC-00001677,2025-06-16,Tire Rotation,Laura Gray,1741.22,901.6,839.62,Expired,2025-06-15,Inactive,2025-08-24
VEH-001678,BYFKWDC6YB5VEK3LT,BMW,X3,2024,NavajoWhite,Plug-in Hybrid,181513,CUST-47826,Stephanie Thompson,wrightjeffrey@example.net,+1-647-501-7814x061,SVC-00001678,2024-04-16,Battery Replacement,Robert Sanford,2005.85,723.2,1282.65,Active,2024-08-24,Active,2024-09-06
VEH-001679,4736L5MGBPJCV18LP,Honda,Civic,2006,Red,Plug-in Hybrid,234139,CUST-97946,Jill Thompson,lance64@example.com,001-670-794-6569x096,SVC-00001679,2023-10-23,Battery Replacement,Robert Sanford,1929.82,1308.51,621.31,Expired,2026-01-16,Scrapped,2023-12-02
VEH-001680,B5W7GR85PGWLV39RV,BMW,5 Series,2020,LightGoldenRodYellow,Diesel,62922,CUST-15883,Ashley Daniel,timothydiaz@example.com,3609656354,SVC-00001680,2026-01-02,Inspection,Jessica Thomas,2270.94,1032.3,1238.64,Active,2025-12-09,Active,2023-11-25
VEH-001681,1HGBH41JXMN10916,Nissan,Sentra,2009,DodgerBlue,Hybrid,197834,CUST-69621,Connie Thomas,petersondawn@example.net,861.741.4444x785,SVC-00001681,2025-05-28,Tire Rotation,Wanda Gutierrez,2250.28,1825.85,424.43,Not Applicable,2026-03-08,Active,2025-01-28
VEH-001682,3FH00UU1H6GGAD343,Tesla,Model 3,2006,MistyRose,Electric,71305,CUST-86339,William Robinson,fjohnson@example.com,9276913830,SVC-00001682,2022-09-10,Other,Melissa Mendez,1163.5,26.78,1136.72,Not Applicable,2025-07-31,Inactive,2024-10-03
VEH-001683,71415TUKFC3E0S8DX,Kia,Telluride,2010,MediumTurquoise,Hybrid,217408,CUST-23863,Paul Duran,dmiller@example.com,001-772-641-3097,SVC-00001683,2025-12-20,Inspection,Paul Valencia,1247.83,245.17,1002.66,Not Applicable,2024-05-31,Active,2025-07-14
VEH-001684,VFAE6E5U27MH2WMDR,Kia,Sportage,1996,MediumBlue,Plug-in Hybrid,88718,CUST-51882,Melissa Church,navarrobrenda@example.net,+1-632-769-9210x1127,SVC-00001684,2025-01-18,Engine Repair,Jessica Thomas,2207.24,1461.53,745.71,Expired,2025-06-06,Scrapped,2025-06-07
VEH-001685,URCDEDBJP8JR1AXB0,Kia,Sorento,2016,MediumAquaMarine,Gasoline,9254,CUST-64631,Jerry Cortez,timothy16@example.org,516.316.9262,SVC-00001685,2025-03-26,Inspection,Caitlin Marshall,1758.42,644.88,1113.54,Not Applicable,2025-06-25,Inactive,2025-08-20
VEH-001686,2J5T5TW88147AWUL5,Mercedes,GLC,2015,PaleVioletRed,Hybrid,132035,CUST-89092,Jason Stewart,kochshannon@example.org,645-810-1821x6711,SVC-00001686,2025-02-25,Inspection,,1930.74,1852.83,77.91,Not Applicable,2025-07-25,Scrapped,2024-06-29
VEH-001687,MKEW7Z2XK0SHFGHXS,Hyundai,Elantra,2018,MediumTurquoise,Hybrid,95980,CUST-77677,George Garrett,jameswatts@example.net,389-840-5271x77382,SVC-00001687,2024-05-27,Inspection,Michelle Torres,1560.92,1020.0,540.92,Not Applicable,2024-07-04,Inactive,2026-03-16
VEH-001688,JMDUXBKZG5GWJKCG9,Mercedes,GLE,2015,LightSeaGreen,Hybrid,159798,CUST-70773,Kara Rodriguez,tammyweaver@example.org,(226)857-8814x74066,SVC-00001688,2025-02-07,Engine Repair,Maria Rubio,1867.86,912.67,955.19,Not Applicable,2026-03-01,Scrapped,2025-12-18
VEH-001689,B87SRN937RVW4NMFZ,Nissan,Rogue,2010,Peru,Plug-in Hybrid,15543,CUST-34817,Amanda Welch,sonyasmith@example.net,(630)867-7494,SVC-00001689,2024-08-20,Body Work,Shelley Wilson,933.12,586.16,346.96,Not Applicable,2025-10-20,Scrapped,2024-06-05
VEH-001690,E3R2FN3YUHFZUGLS9,Honda,Accord,1997,SteelBlue,Diesel,209987,CUST-95023,Elizabeth Richards,maryaguirre@example.com,(818)310-7878x718,SVC-00001690,2024-04-27,Oil Change,Robert Sanford,677.34,492.62,184.72,Not Applicable,2025-01-15,Inactive,2026-01-22
VEH-001691,L7URRV5C8W0EH28HR,Mercedes,C-Class,1998,Moccasin,Hybrid,111395,CUST-22134,Stephanie Barron,smithchristopher@example.com,001-628-257-7814,SVC-00001691,2024-10-21,Tire Rotation,Melissa Mendez,2264.12,1649.23,614.89,Expired,2025-09-24,Inactive,2024-02-12
VEH-001692,FH3HVRLRW3NFAGFL4,Toyota,Tacoma,2000,Lavender,Diesel,161486,CUST-44604,Veronica Diaz,thomaschelsea@example.com,9853697123,SVC-00001692,2023-12-01,Tire Rotation,Brittany Kidd,1445.52,501.64,943.88,Not Applicable,2025-05-09,Inactive,2023-09-20
VEH-001693,1HGCM82633AO04747,Nissan,Rogue,1998,Silver,Hybrid,125921,CUST-98261,Valerie Ward,johnstonmichael@example.com,+1-565-709-0140x22388,SVC-00001693,2022-05-06,Other,Kathryn Patel,2101.15,1425.89,675.26,Expired,2024-07-27,Active,2025-12-18
VEH-001694,K1T0MHU3CVSMYSNS9,Ford,Explorer,2004,MediumOrchid,Plug-in Hybrid,62654,CUST-35278,Patrick Anderson,hardysierra@example.com,(986)670-4116,SVC-00001694,2023-02-05,Oil Change,Brittany Kidd,1943.98,1697.74,246.24,Not Applicable,2025-02-17,Inactive,2025-05-17
VEH-001695,PRBETKJUG5MP70SWL,Hyundai,Sonata,2012,CadetBlue,Hybrid,24382,CUST-18032,Douglas Anderson,kathy09@example.net,001-334-680-8764x9558,SVC-00001695,2022-12-06,Engine Repair,Shelley Wilson,606.98,121.71,345.49,Expired,2025-09-30,Scrapped,2025-01-29
VEH-001696,ZVP9R6YTF38MP6A4A,Kia,Soul,2003,White,Plug-in Hybrid,169102,CUST-53259,Damon Vargas,anna79@example.net,(481)210-7520x636,SVC-00001696,2024-04-23,Battery Replacement,Shelley Wilson,2095.26,1453.28,641.98,Expired,2025-05-28,Active,2025-01-11
VEH-001697,WEPRY888NGH6SFHG5,Hyundai,Sonata,2015,Sienna,Electric,126943,CUST-11374,Cynthia Nelson,htucker@example.net,607.682.6587,SVC-00001697,2025-10-15,Other,Katherine Bridges,1068.42,882.52,185.9,Not Applicable,2024-06-01,Inactive,2025-12-03
VEH-001698,1HGBH41JXMN10916,BMW,X3,2011,DimGray,Diesel,244421,CUST-58983,Michelle Jackson,gperry@example.org,+1-789-411-4902x742,SVC-00001698,2025-11-16,Engine Repair,Sarah Murray,2113.49,1730.71,382.78,Not Applicable,2025-11-11,Active,2025-06-14
VEH-001699,AVKSK0DDS5EN8HLVR,Hyundai,Santa Fe,2016,Snow,Electric,51868,CUST-63105,Stacy White,srobinson@example.net,001-503-251-8517x5049,SVC-00001699,2022-10-26,Inspection,Sara Marquez,2724.26,1960.67,763.59,Not Applicable,2025-03-23,Inactive,2026-03-09
VEH-001700,9BBCHYVL8SGAYTGFN,Nissan,Frontier,2001,SaddleBrown,Plug-in Hybrid,168142,CUST-66655,Deborah Rodriguez,ashleykramer@example.com,543.698.9374x5662,SVC-00001700,2024-08-29,Other,Michelle Torres,1642.93,1041.94,600.99,Not Applicable,2025-02-24,Inactive,2024-08-09
VEH-001701,VB87XYAAEA3MH7LXB,Chevrolet,Equinox,2004,DarkRed,Hybrid,55182,CUST-16125,Brett Parker,armstrongaaron@example.org,+1-267-327-6611x4606,SVC-00001701,2023-10-11,Brake Service,Travis Contreras,1679.3,806.56,872.74,Expired,2025-10-13,Active,2023-06-29
VEH-001702,3PRTXP6VCE8X49Z5P,Kia,Sportage,2020,LightBlue,Diesel,115646,CUST-25386,Christopher Fox,jennifer32@example.com,339.687.6116,SVC-00001702,2023-01-03,Other,Shelley Wilson,730.12,352.8,377.32,Active,2024-05-08,Inactive,2023-12-06
VEH-001703,UV67J2KC6X0GLFUZ1,Ford,Explorer,2021,OliveDrab,Gasoline,180244,CUST-40114,Michael Horton,ecrawford@example.com,+1-379-379-0964x624,SVC-00001703,2024-12-24,Brake Service,Travis Contreras,153.13,90.89,62.24,Active,2025-02-17,Active,2025-03-16
VEH-001704,L1A2LWFD2DP49J983,Nissan,Sentra,2019,DeepSkyBlue,Hybrid,44316,CUST-75655,Craig Tucker,mrandolph@example.net,001-784-925-9544x80217,SVC-00001704,2025-04-04,Body Work,Katherine Bridges,1324.16,184.22,1139.94,Not Applicable,2026-01-01,Scrapped,2023-11-21
VEH-001705,DBN6DRGJ9CAL06781,BMW,X5,2019,Thistle,Hybrid,22796,CUST-56226,Robert Harris,stephaniewatson@example.com,399.733.6238,SVC-00001705,2024-11-27,Body Work,Robert Sanford,1343.86,924.66,419.2,Not Applicable,2024-10-11,Scrapped,2025-06-30
VEH-001706,8UC097TBGN1EBVZD8,Hyundai,Santa Fe,2019,DeepSkyBlue,Hybrid,28464,CUST-35457,Ronald Finley,troybarnes@example.net,(433)301-8998x266,SVC-00001706,2023-03-03,Other,Robert Sanford,2960.36,1664.34,1296.02,Expired,2025-08-17,Scrapped,2025-02-19
VEH-001707,SCNA4DSLLBWCRA9MW,Kia,Forte,2012,Gray,Plug-in Hybrid,241267,CUST-99130,Gary Russo,rmendez@example.net,771-888-6132x4982,SVC-00001707,2024-09-07,Oil Change,Travis Contreras,675.7,151.42,524.28,Not Applicable,2025-07-02,Inactive,2024-01-18
VEH-001708,WZ0WY5N0MFUTE0NGW,Tesla,Model S,2011,SandyBrown,Electric,177710,CUST-28488,Adrian Schwartz,johnathan41@example.com,872.616.9810x5138,SVC-00001708,2022-10-16,Engine Repair,Susan Davis,1426.85,1129.48,297.37,Expired,2026-03-08,Scrapped,2024-06-28
VEH-001709,S9P0DM4SU3PPKLD5B,Tesla,Model S,2021,Chocolate,Electric,180407,CUST-79003,Cassandra Morris,lindylan@example.com,(281)551-2677,SVC-00001709,2022-08-08,Body Work,Brittany Kidd,1280.0,122.88,1157.12,Active,2025-12-17,Active,2025-09-04
VEH-001710,GURJM1KULNWKZU6HV,Hyundai,Santa Fe,2018,MidnightBlue,Electric,241356,CUST-80348,Elizabeth Leach,rwilson@example.net,952.500.8936,SVC-00001710,2024-12-11,Inspection,Katherine Bridges,2187.61,1753.15,434.46,Not Applicable,2026-02-10,Scrapped,2026-03-28
VEH-001711,NDAYYU8UH99RMSGF3,Ford,Escape,2005,PaleGoldenRod,Diesel,4955,CUST-85552,Christopher Jones,trobinson@example.net,306.516.9831x7429,SVC-00001711,2023-06-03,Other,David Martin,2516.77,1999.99,516.78,Not Applicable,2025-03-12,Scrapped,2024-12-13
VEH-001712,996FHA6CABZK6ZGTU,Toyota,Highlander,2021,RoyalBlue,Electric,84889,CUST-95183,Robert Krause,mahoneypaula@example.net,+1-722-951-5755x54657,SVC-00001712,2022-11-15,Oil Change,Jessica Thomas,794.38,714.06,80.32,Active,2026-03-27,Active,2025-04-28
VEH-001713,4T86XH3C043NBGP8E,Mercedes,E-Class,2021,CadetBlue,Hybrid,82391,CUST-37928,Gregory Collins,gilbertmichelle@example.com,366-650-7048,SVC-00001713,2022-06-14,Engine Repair,Edward Allison,2189.92,1355.55,834.37,Active,2025-07-05,Inactive,2025-11-30
VEH-001714,UL8UJ6850VLEA0DEH,Chevrolet,Tahoe,1999,DodgerBlue,Plug-in Hybrid,211766,CUST-85594,Joshua Patel,allison00@example.org,696.724.5009x4649,SVC-00001714,2023-04-09,Tire Rotation,Maria Rubio,2690.04,1397.25,1292.79,Not Applicable,2024-10-16,Active,2024-05-21
VEH-001715,ZWRZ8LS58EDFG20X3,KIA,Sportage,2019,Chocolate,Plug-in Hybrid,102872,CUST-43848,Joshua Larson,bwilliams@example.com,728-552-7278x32571,SVC-00001715,2023-06-06,Inspection,Melissa Mendez,3282.18,1852.25,1429.93,Not Applicable,2024-06-10,Active,2024-08-21
VEH-001716,Z211SRVE4EAAPD2WK,Chevrolet,Malibu,2023,LightGray,Plug-in Hybrid,27598,CUST-43602,Tonya Jones,bonniedavis@example.org,409-203-0495,SVC-00001716,2022-04-20,Other,Debbie West,2382.73,1539.44,843.29,Active,2025-06-20,Inactive,2024-12-27
VEH-001717,3C2R1NS6E0E4GBGG8,Toyota,Tacoma,2012,MediumAquaMarine,Plug-in Hybrid,102407,CUST-94179,Jermaine Collins,charles10@example.com,(566)989-2637,SVC-00001717,2026-07-10,Other,,1742.86,1294.09,448.77,Expired,2024-05-13,Inactive,2024-05-21
VEH-001718,ZXNZ7CD63RDYB71EW,Honda,Odyssey,2009,BlanchedAlmond,Plug-in Hybrid,230940,CUST-99712,Sarah Myers,ewhite@example.org,390-774-5854x54548,SVC-00001718,2026-05-12,Other,Wanda Gutierrez,1846.9,1309.57,537.33,Expired,2025-09-09,Inactive,2023-11-13
VEH-001719,DCP1HT6LDE3Y4VB2Y,Nissan,Frontier,2017,DodgerBlue,Plug-in Hybrid,4284,CUST-45639,Wesley Mccormick,ryanjohnson@example.org,(592)217-3192x21538,SVC-00001719,2023-06-01,Other,Katherine Bridges,2823.37,1786.59,1036.78,Expired,2025-05-18,Active,2026-03-18
VEH-001720,E1K4UERU62D641YKZ,Toyota,Highlander,2007,Linen,Diesel,75841,CUST-97916,Crystal Gill,livingstoncarl@example.com,(781)774-0251,SVC-00001720,2025-09-07,Other,Laura Gray,3095.66,1873.89,988.33,Expired,2024-10-24,Active,2025-01-29
VEH-001721,1LH8KAYW19ZJY690D,BMW,X5,2022,MediumTurquoise,Gasoline,229911,CUST-63803,Lauren Thomas,jamiedillon@example.com,4704709661,SVC-00001721,2022-08-29,Oil Change,Brian Rivera,1579.51,312.6,1266.91,Active,2024-10-15,Scrapped,2025-03-31
VEH-001722,4W67B5DK8AZS1NNRW,Kia,Soul,2000,LightGreen,Diesel,229828,CUST-14023,Charles Wagner,timwright@example.com,6053843022,SVC-00001722,2022-06-15,Inspection,Michelle Torres,1453.48,191.07,1262.41,Expired,2025-03-01,Active,2025-07-29
VEH-001723,USUHHK0FGGTUKCG46,BMW,3 Series,1997,Orange,Hybrid,92002,CUST-44443,Miranda Becker,gonzalezlaura@example.org,(305)828-4357x9977,SVC-00001723,2024-05-10,Battery Replacement,Joshua Cooper,1246.15,368.11,878.04,Expired,2025-09-09,Scrapped,2023-08-27
VEH-001724,03RVWS734BXKVSUGZ,Nissan,Rogue,2012,MistyRose,Diesel,85847,CUST-49030,Karen Miller,philipwaters@example.org,522.766.9842,SVC-00001724,2024-06-09,Other,,2261.46,1823.81,437.65,Expired,2024-12-12,Active,2024-06-16
VEH-001725,K6R6GCP0F76HBA955,Ford,Bronco,1997,SeaShell,Plug-in Hybrid,19686,CUST-83654,Michael Berger,fmiller@example.com,546.865.7159x6773,SVC-00001725,2024-02-25,Oil Change,Robert Sanford,2011.7,1816.72,194.98,Expired,2025-08-17,Scrapped,2026-02-28
VEH-001726,N8KSYHWZJZNMRZ5H0,Hyundai,Elantra,2016,MediumSeaGreen,Plug-in Hybrid,36264,CUST-68728,Megan Dodson MD,jeffreyjohnson@example.net,+1-390-580-8066,SVC-00001726,2022-12-16,Inspection,Susan Davis,1235.57,627.52,1365.01,Not Applicable,2025-03-12,Active,2024-10-10
VEH-001727,388APSVZ1JPXL49C5,Nissan,Pathfinder,2022,PeachPuff,Hybrid,106421,CUST-53903,Alison Dixon,kennethanderson@example.net,966.537.6926,SVC-00001727,2022-09-27,Brake Service,Joshua Cooper,3003.81,1675.59,1328.22,Active,2025-03-21,Scrapped,2025-06-02
VEH-001728,U7A2Z541APPUYUE09,Nissan,Frontier,2023,Cyan,Electric,179112,CUST-19580,Shannon Miller,xwilliams@example.net,,SVC-00001728,2023-08-02,Inspection,,712.34,580.03,132.31,Active,2026-04-13,Scrapped,2025-05-25
VEH-001729,U7U3BP65GSXW4PTH4,BMW,X5,2013,LightGoldenRodYellow,Plug-in Hybrid,158649,CUST-76871,Julia Nguyen,vincenthernandez@example.net,762-263-3370x5416,SVC-00001729,2025-06-20,Engine Repair,,2887.73,1990.83,896.9,Expired,2025-06-02,Active,2024-10-19
VEH-001730,KXL0L6H2FC6JCKKUU,CHEVROLET,Malibu,1995,Fuchsia,Gasoline,159188,CUST-16065,Sheri Greene,jamesmurphy@example.com,789.714.7149x36122,SVC-00001730,2024-01-05,Body Work,Robert Sanford,2539.73,1558.79,980.94,Not Applicable,2024-05-08,Inactive,2023-10-11
VEH-001731,0AFK8824PPN2UUXLA,Kia,Telluride,2008,DarkOrange,Plug-in Hybrid,227982,CUST-21085,Renee Johnson,terri78@example.net,001-270-489-4855x74055,SVC-00001731,2026-04-04,Tire Rotation,Katherine Bridges,3179.82,1682.97,1496.85,Expired,2024-11-12,Scrapped,2024-05-12
VEH-001732,CR200KGPNDZC7KRAA,BMW,3 Series,2017,Snow,Diesel,46276,CUST-47398,Nicholas Wood,emorales@example.org,374.459.7541x492,SVC-00001732,2022-06-27,Inspection,Sarah Murray,2562.91,1931.92,630.99,Not Applicable,2024-05-08,Inactive,2025-01-08
VEH-001733,5FNFN9NVMTC99HATU,Toyota,Tacoma,2011,Aquamarine,Electric,21085,CUST-16710,Laura Brown,twillis@example.net,459-454-5151x5675,SVC-00001733,2024-04-05,Oil Change,Travis Contreras,1141.62,462.55,679.07,Expired,2026-03-15,Inactive,2024-03-04
VEH-001734,RWBLCSC3H9BGWFYJ1,Chevrolet,Tahoe,2001,YellowGreen,Gasoline,69430,CUST-46198,Annette Brown,sandra00@example.net,,SVC-00001734,2026-05-12,Oil Change,Maria Rubio,1547.67,977.23,570.44,Not Applicable,2026-02-08,Active,2025-12-28
VEH-001735,88BJTXSB1XE37SAWG,Ford,Explorer,2022,LemonChiffon,Electric,52657,CUST-29708,Joseph Ortiz,christopherdrake@example.net,579.634.8666x3667,SVC-00001735,2022-04-21,Oil Change,Sara Marquez,1830.95,617.21,1213.74,Active,2026-03-11,Active,2026-01-22
VEH-001736,A4ZU3Z7K01J93CY6B,Toyota,Corolla,2023,DarkSeaGreen,Diesel,-6028,CUST-24977,Lisa Fox,huntertrevor@example.com,(614)281-7412x0922,SVC-00001736,2026-03-04,Battery Replacement,Brittany Kidd,1800.77,1712.28,88.49,Active,2026-03-14,Active,2026-01-14
VEH-001737,6SUNFD407KL6XU79N,Nissan,Rogue,2003,YellowGreen,Hybrid,39874,CUST-95244,Gregory Davis,twilson@example.net,+1-253-729-4375x1574,SVC-00001737,2023-09-18,Brake Service,Sara Marquez,2030.28,670.19,1360.09,Expired,2024-12-04,Inactive,2023-10-14
VEH-001738,LDDGK2JV7NXD56UD0,Honda,Accord,2005,DarkViolet,Diesel,147211,CUST-10622,Michelle Rice DVM,katherine79@example.com,621.443.8658x09036,SVC-00001738,2024-07-25,Oil Change,Katherine Bridges,1699.31,1628.66,70.65,Expired,2026-04-07,Active,2024-03-30
VEH-001739,W4PV9T4TVSGEWXZSU,nissan,Pathfinder,2014,DarkViolet,Diesel,205493,CUST-40520,Aaron Reynolds,qbrown@example.org,+1-458-673-6283,SVC-00001739,2022-08-22,Oil Change,Laura Gray,1197.29,266.05,931.24,Not Applicable,2025-05-14,Active,2023-05-21
VEH-001740,8UDJDAV1U4SG0K1SX,Kia,Forte,2006,DarkMagenta,Hybrid,24842,CUST-28348,Kelly Reyes,andrewjohnson@example.org,899-653-9283,SVC-00001740,2024-12-25,Tire Rotation,Paul Valencia,1274.8,502.01,772.79,Not Applicable,2025-08-04,Active,2025-09-06
VEH-001741,TNE4LRB40U5G9K0C5,Tesla,Model Y,2017,DarkMagenta,Electric,62455,CUST-48749,Amy Johnson,christina87@example.com,+1-259-321-2938,SVC-00001741,2025-03-20,Other,Wanda Gutierrez,2124.25,1407.5,716.75,Expired,2024-09-09,Scrapped,2025-02-04
VEH-001742,D25ETDTN9Z63KA2GC,Hyundai,Palisade,2008,Magenta,Hybrid,214258,CUST-22136,Amy Leonard,stricklandrichard@example.net,001-450-754-3489x57409,SVC-00001742,2024-05-09,Engine Repair,Katherine Bridges,718.8,235.0,483.8,Expired,2025-02-12,Active,2025-01-21
VEH-001743,WY48UB9SHVT9SG4SN,FORD,F-150,2000,FireBrick,Electric,157901,CUST-29612,Scott Thomas,joseph96@example.org,5502901875,SVC-00001743,2023-08-09,Brake Service,Michelle Hays,1592.27,1675.62,977.55,Expired,2026-01-04,Active,2025-09-09
VEH-001744,NH8PFSSM3B7ENWD6D,Kia,Sportage,2000,LightSeaGreen,Plug-in Hybrid,189089,CUST-30914,Cody Bright,samantha42@example.org,(318)768-6718,SVC-00001744,2026-08-21,Other,Jessica Thomas,2431.02,1551.48,879.54,Expired,2024-08-14,Scrapped,2025-02-06
VEH-001745,N4UJTVBX55E4F7GZK,Ford,Explorer,2011,MediumPurple,Hybrid,208804,CUST-52427,Ethan Juarez,ucopeland@example.net,338.399.1047x126,SVC-00001745,2024-07-26,Inspection,Wanda Gutierrez,2542.58,1453.24,1089.34,Not Applicable,2025-02-20,Active,2024-09-07
VEH-001746,D7EV7D0W1VL6UL3LP,Tesla,Model Y,1995,GoldenRod,Plug-in Hybrid,148037,CUST-68275,Anthony Tran,jonathandavis@example.net,(584)918-7098x139,SVC-00001746,2023-06-23,Brake Service,Shelley Wilson,2201.84,1666.89,534.95,Expired,2025-12-18,Active,2025-05-09
VEH-001747,PFAAK9D3JCKTGMJTU,Tesla,Cybertruck,2007,DarkMagenta,Electric,47002,CUST-63583,Duane Herman,robertschmitt@example.net,001-977-748-9428x859,SVC-00001747,2026-02-17,Inspection,Katherine Bridges,933.87,774.15,159.72,Not Applicable,2025-10-30,Scrapped,2025-09-29
VEH-001748,GUN1B0DT2EKHN00WX,TOYOTA,Camry,2011,BlueViolet,Electric,-39995,CUST-13973,Timothy Miller,michaelelliott@example.net,(274)299-7333x04444,SVC-00001748,2024-01-15,Battery Replacement,Charles Nelson,1630.57,1249.23,381.34,Not Applicable,2026-02-11,Scrapped,2024-11-10
VEH-001749,ANERLNB1443UJV0KK,Honda,Odyssey,2001,GhostWhite,Hybrid,166511,CUST-81429,James Brown,pmartinez@example.com,(725)254-0652x33813,SVC-00001749,2023-10-27,Body Work,Debbie West,1673.15,1003.07,670.08,Expired,2024-07-18,Active,2023-08-06
VEH-001750,USFDCLHJB2JRES4P1,Honda,Odyssey,2014,DarkBlue,Hybrid,7257,CUST-88202,Caitlin Cain,ufrancis@example.com,(699)306-3853,SVC-00001750,2024-09-24,Oil Change,Kathryn Patel,2035.92,1469.06,566.86,Not Applicable,2025-05-30,Inactive,2026-01-29
VEH-001751,B6PM9ZVS27H61RDZ3,Chevrolet,Tahoe,2011,YellowGreen,Gasoline,197334,CUST-96681,Elizabeth Martinez,andrew05@example.net,(665)853-9074,SVC-00001751,2022-07-21,Brake Service,Joshua Cooper,1341.05,667.63,673.42,Expired,2024-10-11,Active,2024-09-02
VEH-001752,SRP27F9VHBRAC78GC,Ford,Bronco,2009,LightYellow,Electric,91898,CUST-23175,Dawn Booth,angelapierce@example.com,(237)742-4999,SVC-00001752,2023-02-09,Brake Service,,1362.04,1296.22,65.82,Expired,2025-11-16,Inactive,2023-08-28
VEH-001753,NXXGEAV66LA21VGTW,Chevrolet,Equinox,2000,DarkGreen,Electric,141723,CUST-35355,Shannon Hayes,sandracook@example.net,485.924.4405x3922,SVC-00001753,2025-11-30,Tire Rotation,Melissa Mendez,2274.31,1054.36,1219.95,Not Applicable,2025-12-20,Inactive,2025-11-09
VEH-001754,3KKZ63T5ZD3D7M8D0,Kia,Sportage,2020,BlanchedAlmond,Diesel,23492,CUST-77098,Mark Page,robersonlaura@example.net,+1-909-779-8191x63031,SVC-00001754,2024-01-09,Other,Brittany Kidd,1245.25,118.18,1127.07,Active,2024-09-21,Active,2023-08-16
VEH-001755,8T4DYZDX2FY7E4RHX,Chevrolet,Equinox,2012,Fuchsia,Hybrid,104694,CUST-58998,Sean Diaz,,364.887.6746,SVC-00001755,2023-01-27,Inspection,Michelle Hays,1208.85,681.98,526.87,Not Applicable,2024-09-21,Scrapped,2025-03-05
VEH-001756,KEXC57W9JC779HUGU,Hyundai,Sonata,2004,DarkSlateGray,Electric,74650,CUST-85268,Rebecca Manning,lruiz@example.net,630.381.0067,SVC-00001756,2022-09-03,Tire Rotation,Charles Nelson,2332.67,1032.94,1299.73,Not Applicable,2024-04-29,Active,2024-07-18
VEH-001757,VSJHSYPM8732CWCE8,chevrolet,Malibu,1997,Ivory,Plug-in Hybrid,194928,CUST-28163,Allen Gonzalez,garzalori@example.org,+1-273-858-0203x74517,SVC-00001757,2025-01-31,Engine Repair,Robert Sanford,1911.67,907.92,1003.75,Not Applicable,2025-06-09,Inactive,2023-08-12
VEH-001758,ELFSKA2DDJX42M7SP,Ford,Explorer,2011,DarkViolet,Electric,97691,CUST-56545,Tyler Wyatt,petersoneric@example.net,+1-726-421-9842,SVC-00001758,2022-09-12,Battery Replacement,Sarah Murray,1394.19,599.33,174.55,Expired,2024-09-03,Inactive,2024-10-12
VEH-001759,XWNB3TS57AM8X86DU,Hyundai,Elantra,2020,LavenderBlush,Hybrid,167181,CUST-75905,Vincent Moore,cynthiafields@example.com,(596)299-9136,SVC-00001759,2023-11-19,Inspection,Michelle Hays,1711.34,1434.84,276.5,Active,2024-06-04,Scrapped,2025-04-10
VEH-001760,MNBED6DY5DE5U2PHV,KIA,Telluride,2015,BlueViolet,Diesel,106963,CUST-81397,Kristen Hayes,,(340)327-8533,SVC-00001760,2023-11-17,Body Work,,1110.09,601.59,508.5,Expired,2026-01-14,Inactive,2024-11-04
VEH-001761,1HGBH41JXMN10916,Kia,Sportage,2001,DarkSlateGray,Hybrid,17997,CUST-32681,Teresa Nelson,,+1-985-380-5265x5340,SVC-00001761,2024-04-25,Oil Change,Laura Gray,163.59,63.52,100.07,Expired,2025-03-25,Scrapped,2025-07-10
VEH-001762,M6DC8J3XGVP4WG86T,Nissan,Frontier,2012,WhiteSmoke,Electric,176870,CUST-85553,Matthew Ingram,colemanbrandon@example.org,570-272-1771x41070,SVC-00001762,2023-02-07,Tire Rotation,Brian Rivera,1924.23,740.89,1183.34,Expired,2025-02-16,Inactive,2024-05-20
VEH-001763,A8B334S2RNKE4MP63,Nissan,Sentra,2014,OrangeRed,Diesel,70902,CUST-20831,Kathy Thornton,owells@example.org,486-266-4029,SVC-00001763,2024-01-22,Battery Replacement,Wanda Gutierrez,1433.82,1157.28,276.54,Not Applicable,2024-12-11,Inactive,2024-06-07
VEH-001764,W5NHVW10UP7LFJSL4,Honda,Odyssey,2018,NavajoWhite,Plug-in Hybrid,182844,CUST-86634,Charles Robinson,edwardsbrittany@example.com,+1-728-822-6405,SVC-00001764,2023-02-06,Inspection,Susan Davis,1570.33,103.58,1466.75,Not Applicable,2024-09-15,Active,2025-10-09
VEH-001765,VVDYE1SYKA0ZC9HY6,FORD,Bronco,2005,FireBrick,Diesel,150054,CUST-33038,Dylan Ramirez,ereed@example.net,(572)465-4014x47814,SVC-00001765,2024-05-10,Tire Rotation,Charles Nelson,1461.74,217.87,1243.87,Expired,2024-09-26,Active,2023-09-10
VEH-001766,YUPB8E39RUCJ9VG0P,Chevrolet,Tahoe,1996,DarkGray,Diesel,215941,CUST-29979,Leah Black,iwalker@example.net,001-367-594-5218x156,SVC-00001766,2024-02-06,Other,Susan Davis,2705.34,1518.77,1186.57,Expired,2025-01-25,Inactive,2023-05-02
VEH-001767,RBZUYHNX6C35J73U3,Hyundai,Elantra,2006,HotPink,Electric,150007,CUST-82721,Daniel Hoffman,gregoryevans@example.net,+1-601-605-3141x52751,SVC-00001767,2023-07-23,Engine Repair,Shelley Wilson,2915.82,1715.93,1199.89,Not Applicable,2024-08-03,Inactive,2023-05-01
VEH-001768,XX6YYYTDAY81M94YR,tesla,Model X,2010,GreenYellow,Electric,100681,CUST-24909,Katherine Hopkins,wsmith@example.net,(852)551-8818x8444,SVC-00001768,2025-12-31,Body Work,Laura Gray,2534.05,1035.27,1498.78,Expired,2024-04-18,Scrapped,2025-08-25
VEH-001769,33ZTH3KLLRTE25FGR,Nissan,Frontier,2020,Pink,Hybrid,48043,CUST-20814,Brian Green,angelareed@example.com,+1-464-500-9179x932,SVC-00001769,2026-05-05,Oil Change,Sara Marquez,1448.46,1077.44,371.02,Active,2024-09-30,Active,2025-04-14
VEH-001770,N4FASUG611RX2UF93,Hyundai,Sonata,2014,DarkCyan,Gasoline,84176,CUST-84162,Michael Williams,glambert@example.org,8859243394,SVC-00001770,2025-01-13,Body Work,Melissa Mendez,2337.81,1794.58,543.23,Expired,2026-03-05,Active,2024-12-12
VEH-001771,JWDT8A5JNWWWBH90J,Mercedes,S-Class,2019,SteelBlue,Electric,17773,CUST-26132,Nicholas Johnston,qmartin@example.org,(814)994-4437,SVC-00001771,2024-04-12,Oil Change,Shelley Wilson,2153.37,1995.0,894.18,Expired,2025-06-18,Inactive,2025-04-15
VEH-001772,EAEM4X7EF6RPBYF4V,Chevrolet,Tahoe,2014,HoneyDew,Plug-in Hybrid,156788,CUST-57237,Jill Dalton,courtney58@example.net,915-468-4280,SVC-00001772,2026-03-21,Body Work,,2595.13,1443.01,1152.12,Not Applicable,2025-05-13,Inactive,2024-12-05
VEH-001773,XL9ATM25YSEUPBJB4,Mercedes,C-Class,2000,MediumPurple,Plug-in Hybrid,23473,CUST-69295,Natasha Turner,victoria38@example.org,507-951-3821x7966,SVC-00001773,2024-07-13,Tire Rotation,Brittany Kidd,863.72,404.24,459.48,Expired,2024-08-26,Active,2025-08-10
VEH-001774,NLPYR38YVVEVGAPUY,Mercedes,S-Class,1998,Bisque,Diesel,199452,CUST-12499,Christopher Koch,peter09@example.net,,SVC-00001774,2023-12-22,Tire Rotation,Melissa Mendez,1919.19,1751.74,167.45,Not Applicable,2025-05-12,Scrapped,2024-10-24
VEH-001775,3ZND7KZRTD6JARUVF,Mercedes,E-Class,2004,RoyalBlue,Hybrid,26962,CUST-12049,Mrs. Connie Stephenson,angela72@example.net,760-208-4654x0708,SVC-00001775,2022-09-20,Body Work,Laura Gray,1025.97,435.28,590.69,Not Applicable,2025-11-25,Inactive,2025-04-28
VEH-001776,1HGBH41JXMN10916,Nissan,Pathfinder,2007,DeepPink,Gasoline,246690,CUST-38708,Rhonda Mendez,johnsonmary@example.net,307-640-3835,SVC-00001776,2026-07-19,Brake Service,Edward Allison,2327.07,1055.5,1271.57,Not Applicable,2024-07-05,Inactive,2026-03-28
VEH-001777,00000000000000000,Hyundai,Tucson,1995,Teal,Hybrid,249397,CUST-76147,Carol Carroll,brittany13@example.com,425-321-9419,SVC-00001777,2022-12-25,Engine Repair,Brian Rivera,2789.05,1683.98,1105.07,Expired,2025-07-10,Active,2023-08-29
VEH-001778,ZGRSVR8ADWZN348VT,Mercedes,GLC,2007,Green,Gasoline,13162,CUST-74291,Fred Gibson,william77@example.org,+1-739-664-7625x2983,SVC-00001778,2024-02-29,Battery Replacement,Melissa Mendez,1686.24,1181.25,504.99,Expired,2025-09-12,Active,2025-02-15
VEH-001779,GCHZSUU0T78PAK2UC,Mercedes,E-Class,2008,LemonChiffon,Electric,161876,CUST-23941,Amy Lang,michaelpowell@example.net,234.398.5873,SVC-00001779,2024-12-10,Tire Rotation,Shelley Wilson,1627.14,760.87,866.27,Not Applicable,2024-11-02,Inactive,2025-06-27
VEH-001780,RS85TDA7LB076HW8X,Nissan,Frontier,2004,Blue,Electric,84456,CUST-96979,Ryan Ramos,michael42@example.org,(312)792-2676x95779,SVC-00001780,2022-06-22,Body Work,Kathryn Patel,1631.84,1194.41,437.43,Expired,2024-12-30,Inactive,2024-04-27
VEH-001781,HYH170HTZHPKDZ4XV,Kia,Sorento,2007,SpringGreen,Diesel,113019,CUST-53046,David Mills,marcus95@example.net,+1-611-979-0225x03376,SVC-00001781,2024-03-09,Inspection,David Martin,2114.14,939.02,1175.12,Expired,2025-11-07,Active,2024-04-17
VEH-001782,T3SG3AG6X76SFGT2W,Tesla,Model S,2020,IndianRed,Hybrid,105667,CUST-40706,Mark Mcdowell,joshuajohnson@example.com,627-424-9145,SVC-00001782,2025-01-03,Other,Sarah Murray,3092.38,1708.12,1384.26,Active,2026-03-16,Scrapped,2024-05-18
VEH-001783,62AU78Z5RRWTSNEH0,tesla,Model Y,1997,DarkOrange,Plug-in Hybrid,-122282,CUST-56004,Vincent Walton,cameron45@example.com,+1-893-681-9063x31356,SVC-00001783,2024-08-14,Other,Wanda Gutierrez,2994.9,1768.84,1226.06,Expired,2024-05-13,Scrapped,2025-06-13
VEH-001784,H8BHLU15A6G9DM66B,Ford,Mustang,1996,LightPink,Gasoline,135578,CUST-91073,Brandon Reyes,loganscott@example.com,476-608-9261x444,SVC-00001784,2024-03-10,Body Work,Debbie West,3384.87,1906.65,1478.22,Not Applicable,2025-04-08,Inactive,2025-07-05
VEH-001785,2FM3FG2MR7SCTJM8J,Hyundai,Tucson,2006,SandyBrown,Gasoline,239361,CUST-99694,Michael Vasquez,aschmidt@example.net,+1-559-273-0688x852,SVC-00001785,2022-06-07,Body Work,,1128.47,975.1,153.37,Expired,2025-02-24,Active,2023-09-10
VEH-001786,PXXKCS7EYA5KZ369P,Mercedes,GLC,2016,LawnGreen,Plug-in Hybrid,187875,CUST-55383,Michael Sanchez,edwardskatrina@example.com,972.291.5674x249,SVC-00001786,2022-12-20,Oil Change,Laura Gray,1530.91,297.73,1233.18,Expired,2024-12-23,Active,2025-04-18
VEH-001787,PNWSTWEPTBY5RW3ZP,Tesla,Model 3,2007,Wheat,Plug-in Hybrid,108875,CUST-85159,Devin Johnson,clawson@example.org,001-835-795-1586x10372,SVC-00001787,2024-12-25,Battery Replacement,Melissa Mendez,1148.76,384.3,764.46,Expired,2025-01-21,Active,2025-04-19
VEH-001788,3CKHY3SKKAD19GWSJ,Tesla,Model Y,2000,LightSkyBlue,Electric,229813,CUST-14406,James Sullivan,mckenzienatalie@example.org,528.956.0649x606,SVC-00001788,2024-06-29,Other,Laura Gray,2168.51,1521.8,646.71,Expired,2025-12-31,Scrapped,2025-12-12
VEH-001789,DDHF7L9WKL7A8ZG8D,Chevrolet,Tahoe,2024,Fuchsia,Plug-in Hybrid,15913,CUST-91178,Michael Maldonado,tuckerchristopher@example.org,310.214.9513,SVC-00001789,2022-11-15,Battery Replacement,Sara Marquez,597.48,322.87,274.61,Active,2025-01-09,Inactive,2026-03-31
VEH-001790,3WZTHWG81X539EDD7,Nissan,Sentra,2017,Indigo,Plug-in Hybrid,182900,CUST-51735,Kerri Smith,mary10@example.com,828-843-8702,SVC-00001790,2023-11-26,Tire Rotation,Kathryn Patel,1168.96,272.8,896.16,Not Applicable,2026-02-20,Inactive,2024-07-31
VEH-001791,ADX87V5GF8PR2DVLR,Kia,Soul,1996,SlateGray,Electric,183391,CUST-62837,Paula Chung,thickman@example.com,749.943.3658x3476,SVC-00001791,2024-09-13,Oil Change,Paul Valencia,2947.3,1609.16,1338.14,Not Applicable,2025-11-28,Scrapped,2025-12-30
VEH-001792,00000000000000000,Kia,Sorento,2001,Violet,Hybrid,43364,CUST-32437,Steve Smith,johnmann@example.net,+1-344-921-3183x434,SVC-00001792,2023-07-29,Inspection,Laura Gray,2907.89,1827.27,1080.62,Not Applicable,2024-06-24,Active,2024-12-14
VEH-001793,YS05G3FC0Z5JTWWGN,Hyundai,Elantra,2015,MintCream,Diesel,-208661,CUST-80435,Paul Carter,esanchez@example.net,317-392-0502x98991,SVC-00001793,2026-02-25,Inspection,Debbie West,1873.31,1366.87,506.44,Expired,2025-02-15,Inactive,2026-04-07
VEH-001794,VJUTA1PDVNGE4PR17,Honda,CR-V,2020,DarkGoldenRod,Gasoline,29187,CUST-90092,Mark Stone,,,SVC-00001794,2024-12-01,Brake Service,David Martin,2753.38,1928.47,824.91,Active,2025-07-08,Scrapped,2025-02-05
VEH-001795,AXBD9DJGETBEFNAM6,Nissan,Altima,2021,Aquamarine,Gasoline,155617,CUST-19048,Luis Cruz,gibbskenneth@example.org,369-736-5336x57884,SVC-00001795,2022-08-08,Brake Service,Brittany Kidd,2488.87,1195.41,1293.46,Active,2025-02-02,Scrapped,2023-07-21
VEH-001796,7HCWXEL9164E4PH0E,Toyota,Camry,1997,Azure,Plug-in Hybrid,94981,CUST-92820,Garrett Brown,gardnerkenneth@example.org,427.420.0490x82101,SVC-00001796,2024-11-08,Inspection,Brian Rivera,1533.74,857.44,676.3,Not Applicable,2024-11-18,Scrapped,2024-10-14
VEH-001797,GZ9T4WW5E4PLWRDBH,Ford,Bronco,2014,DarkTurquoise,Gasoline,186483,CUST-21114,Timothy Herrera,christopher52@example.net,(359)410-3003,SVC-00001797,2023-12-22,Body Work,Caitlin Marshall,2946.29,1713.15,57.02,Expired,2025-08-23,Inactive,2024-04-12
VEH-001798,GY9CLLTRU8WK5VCVM,Toyota,RAV4,2015,Lavender,Electric,14380,CUST-28297,Michelle Santos,miguelmyers@example.org,001-791-276-4667,SVC-00001798,2023-05-16,Engine Repair,Edward Allison,1546.41,480.04,1066.37,Expired,2025-07-27,Scrapped,2025-10-01
VEH-001799,T3CZA2RXYUTFP709S,Ford,Explorer,2020,Plum,Electric,127233,CUST-27555,James Grant,cindyrodgers@example.com,929.531.9291x8251,SVC-00001799,2026-01-01,Body Work,Edward Allison,704.53,499.25,205.28,Active,2024-12-01,Inactive,2024-08-10
VEH-001800,XNYZJSL3B8N796608,MERCEDES,GLC,2010,SlateBlue,Plug-in Hybrid,179450,CUST-48361,Anthony Rodriguez,michael56@example.com,,SVC-00001800,2023-03-06,Oil Change,Charles Nelson,646.32,545.87,100.45,Not Applicable,2024-06-08,Active,2023-07-07
VEH-001801,9DHUE0WG5ZBMZ2VAU,Ford,Explorer,2006,DarkKhaki,Gasoline,136720,CUST-55254,Colleen Lee,,4383915722,SVC-00001801,2026-10-05,Body Work,Susan Davis,643.63,252.68,390.95,Not Applicable,2024-04-18,Scrapped,2026-02-21
VEH-001802,3XLT68ZVAL1VUPAND,chevrolet,Equinox,2014,LightPink,Diesel,186006,CUST-91883,Jeffery Kemp,brenda18@example.net,(534)315-7648,SVC-00001802,2025-01-06,Inspection,Susan Davis,640.95,6.72,634.23,Not Applicable,2025-11-23,Scrapped,2026-02-20
VEH-001803,BUX6F6SY6FYNHNJJ8,Mercedes,C-Class,2005,AliceBlue,Gasoline,88592,CUST-19092,Elizabeth Diaz,brooke53@example.org,902.234.6422x9617,SVC-00001803,2023-07-13,Tire Rotation,,1568.52,539.99,1028.53,Expired,2024-09-24,Inactive,2023-04-21
VEH-001804,EGGGNPG3BR45WV5CD,Hyundai,Tucson,2024,DarkGoldenRod,Electric,142072,CUST-50372,Joel Gutierrez,palmererin@example.com,611.618.6728x4050,SVC-00001804,2025-09-11,Body Work,Shelley Wilson,2000.81,947.19,1053.62,Active,2025-07-14,Active,2023-08-23
VEH-001805,36NHN12S5HFFFWV22,Hyundai,Elantra,2017,Purple,Electric,161711,CUST-29779,Gerald Compton,browncynthia@example.net,489-234-7796x169,SVC-00001805,2024-10-19,Tire Rotation,Paul Valencia,2605.88,1973.71,632.17,Not Applicable,2025-06-20,Active,2025-05-05
VEH-001806,XV24GX5UEKJ96DFP0,Tesla,Model S,2016,Orange,Gasoline,127880,CUST-25634,Tony Lopez,john96@example.com,3723899665,SVC-00001806,2024-10-10,Other,Wanda Gutierrez,2245.6,941.0,1304.6,Expired,2025-03-16,Active,2024-06-22
VEH-001807,F53PUGVUFKVUV5GKK,Toyota,Highlander,2012,ForestGreen,Hybrid,102147,CUST-73483,Dana Brock,victoria17@example.com,(982)321-9771,SVC-00001807,2024-04-13,Battery Replacement,Charles Nelson,2452.25,1569.74,882.51,Not Applicable,2025-05-06,Scrapped,2025-12-02
VEH-001808,7S0NFZJFTB65TU9UH,Kia,Forte,2015,PowderBlue,Hybrid,50793,CUST-25984,Stephanie Thompson,rogersdavid@example.org,200-407-1334x0021,SVC-00001808,2024-01-11,Brake Service,Joshua Cooper,1925.03,1697.06,227.97,Expired,2024-10-24,Scrapped,2024-04-13
VEH-001809,RY30T5Z221778KKZT,TESLA,Cybertruck,2021,Black,Gasoline,234788,CUST-58087,Gerald Wall,daviesmichael@example.net,,SVC-00001809,2023-11-04,Battery Replacement,Michelle Hays,2262.08,911.35,1350.73,Active,2025-03-14,Active,2023-05-24
VEH-001810,9AY1YU8E3UJ0UR654,Nissan,Frontier,2004,PapayaWhip,Diesel,243228,CUST-76982,Russell Evans,jeannewilson@example.com,859-794-4017x1706,SVC-00001810,2023-09-27,Body Work,Joshua Cooper,1031.94,120.13,911.81,Not Applicable,2024-12-06,Active,2023-11-20
VEH-001811,PZL2XSX7RRWTDRV2P,Mercedes,E-Class,2014,ForestGreen,Electric,137144,CUST-94358,Christie Crawford,thomasgonzalez@example.net,886-593-4859x62443,SVC-00001811,2025-04-26,Inspection,Maria Rubio,2590.72,1929.81,660.91,Not Applicable,2024-09-30,Active,2026-02-04
VEH-001812,6YVKEZL9LT8VWTM32,Kia,Sportage,2013,Magenta,Hybrid,146608,CUST-79236,Carla Jones,zsmith@example.com,399.448.2243,SVC-00001812,2023-01-07,Inspection,David Martin,1831.88,1032.59,799.29,Expired,2024-12-04,Active,2024-09-30
VEH-001813,ZK93UDRPFSA8ZCK6V,TOYOTA,Tacoma,2018,PaleVioletRed,Gasoline,65324,CUST-86721,Veronica Hernandez,knapplisa@example.org,657-304-8409x9814,SVC-00001813,2023-10-06,Oil Change,Shelley Wilson,2020.67,1398.23,622.44,Not Applicable,2025-06-01,Active,2023-05-25
VEH-001814,48KDL2003FHKB5RBD,Nissan,Altima,2023,FloralWhite,Electric,27821,CUST-51969,Brandon Durham,bwoodard@example.net,+1-312-285-8017x2448,SVC-00001814,2022-05-25,Tire Rotation,Travis Contreras,1951.66,1756.03,195.63,Active,2025-10-23,Inactive,2024-09-07
VEH-001815,9F7G49K4J1HWXJ2N1,Honda,Pilot,2007,LightBlue,Electric,55878,CUST-91412,Cynthia Arroyo,lschroeder@example.org,+1-485-416-2094x89118,SVC-00001815,2022-12-26,Battery Replacement,Colton Armstrong,1254.38,924.95,329.43,Not Applicable,2024-09-08,Active,2024-01-20
VEH-001816,J9AY5RTMYB2ZUJ2HA,Nissan,Rogue,1995,SteelBlue,Diesel,20522,CUST-13582,Thomas Buck,cmerritt@example.com,329-366-6390x785,SVC-00001816,2023-02-20,Engine Repair,Sara Marquez,2543.3,1509.19,1034.11,Not Applicable,2025-11-18,Scrapped,2024-08-21
VEH-001817,W3E4ZFKRY9TBFGXC1,Toyota,RAV4,2005,Silver,Gasoline,137711,CUST-54725,Courtney Leonard,thomas98@example.net,639.396.7897,SVC-00001817,2023-11-08,Inspection,Edward Allison,1122.79,325.15,797.64,Expired,2024-07-24,Inactive,2025-01-29
VEH-001818,77LLUKBYLDH2VLN3R,Toyota,Camry,2012,WhiteSmoke,Gasoline,71202,CUST-24698,Gabriel Carlson,mercedesduarte@example.com,+1-701-534-9813x410,SVC-00001818,2022-11-19,Battery Replacement,Michelle Hays,2341.51,1677.5,664.01,Not Applicable,2025-03-13,Active,2025-06-19
VEH-001819,X2R1LFJK56G7U69SR,Ford,Escape,2003,LightSalmon,Electric,173252,CUST-98378,Hannah George,haley74@example.com,6737033894,SVC-00001819,2023-01-01,Oil Change,Robert Sanford,1838.71,654.59,1184.12,Expired,2025-10-23,Inactive,2024-09-01
VEH-001820,INVALIDVIN123,Nissan,Pathfinder,2008,LightPink,Electric,51291,CUST-10082,Jeremiah Hobbs,hickmanjeremiah@example.com,+1-622-628-6262x764,SVC-00001820,2025-10-21,Tire Rotation,Sara Marquez,1392.98,780.12,612.86,Expired,2025-07-20,Active,2026-02-21
VEH-001821,RB9UJPPDV680FCE8D,Toyota,Camry,2021,OrangeRed,Diesel,226024,CUST-62696,Margaret Harrison,marcdouglas@example.com,7639936108,SVC-00001821,2022-05-29,Oil Change,Laura Gray,873.27,812.86,60.41,Active,2025-04-22,Scrapped,2025-12-31
VEH-001822,1T74R7VDL3NW46TCJ,BMW,5 Series,2022,DarkOrchid,Gasoline,89087,CUST-65310,Russell Mendoza,xbradley@example.org,544.327.2297x977,SVC-00001822,2023-07-26,Brake Service,Paul Valencia,1506.03,507.6,1451.73,Active,2024-05-26,Scrapped,2026-03-04
VEH-001823,X73TWF3091U271W2F,Mercedes,S-Class,2021,BurlyWood,Gasoline,86714,CUST-80249,Brian Collier,umclaughlin@example.org,3115582296,SVC-00001823,2026-09-18,Engine Repair,Caitlin Marshall,2663.07,1904.2,758.87,Active,2026-02-10,Inactive,2024-06-30
VEH-001824,0BB3FMEA3JGRTPE07,Toyota,Highlander,2011,PowderBlue,Hybrid,88236,CUST-63193,Courtney Lopez,vpittman@example.org,(840)805-6567,SVC-00001824,2026-07-16,Engine Repair,Michelle Torres,2172.31,1985.53,186.78,Expired,2025-11-26,Scrapped,2023-09-28
VEH-001825,4FNLKV1A7SSEJZMC4,HONDA,CR-V,2015,Gold,Hybrid,77150,CUST-45128,Jennifer Chavez,katherineperez@example.com,+1-946-839-1795,SVC-00001825,2022-07-08,Engine Repair,,987.19,228.23,758.96,Expired,2025-07-13,Inactive,2025-10-05
VEH-001826,13WD6JZB2TMSGB5NG,Kia,Sportage,2004,Brown,Electric,119358,CUST-44672,Donald White,oanderson@example.com,938.554.2285,SVC-00001826,2023-07-13,Brake Service,Brittany Kidd,3437.54,1954.9,1482.64,Not Applicable,2026-01-10,Scrapped,2025-10-30
VEH-001827,LS6P3CE53LXDX0W6L,Hyundai,Sonata,2022,PowderBlue,Diesel,107364,CUST-77922,Patricia Holden,orozcoshannon@example.net,001-534-480-4722,SVC-00001827,2025-04-06,Engine Repair,Laura Gray,2384.48,1976.49,407.99,Active,2025-07-09,Active,2025-09-13
VEH-001828,7RS39AY5ZYE7KJCUZ,Nissan,Sentra,1998,DodgerBlue,Electric,125710,CUST-85813,Wendy Newton,sbowers@example.org,746-642-1869x8089,SVC-00001828,2025-08-15,Battery Replacement,Travis Contreras,2134.99,1143.63,991.36,Expired,2025-12-23,Scrapped,2025-08-12
VEH-001829,M3M45JJFYXWAA9GE1,Toyota,Highlander,2002,DarkBlue,Plug-in Hybrid,168889,CUST-81389,Peter Moore,sarah43@example.net,,SVC-00001829,2023-12-07,Tire Rotation,Debbie West,2016.89,714.99,1301.9,Expired,2024-11-16,Active,2024-01-10
VEH-001830,D1YP4D6PF2J96LZHP,Mercedes,GLC,2001,MistyRose,Hybrid,7876,CUST-89864,Tanya Harris,jamesbyrd@example.net,(668)337-1550x653,SVC-00001830,2023-06-05,Body Work,Debbie West,1944.65,869.15,1075.5,Not Applicable,2024-10-07,Inactive,2025-08-08
VEH-001831,TPBPN03WKX38K08U9,Kia,Sorento,2003,Plum,Gasoline,214093,CUST-66443,David Fuller,martinchristopher@example.org,295-467-8678x8122,SVC-00001831,2025-11-25,Inspection,Michelle Hays,1779.09,609.46,1169.63,Not Applicable,2026-02-16,Scrapped,2023-12-14
VEH-001832,AASUC3XD7JTYSHN78,Hyundai,Palisade,2010,DarkOliveGreen,Plug-in Hybrid,139476,CUST-47151,Michael Miller,williamsjoan@example.org,436-472-7676x776,SVC-00001832,2024-04-03,Oil Change,Katherine Bridges,2667.01,1368.1,1298.91,Not Applicable,2025-05-27,Active,2023-06-21
VEH-001833,FZWHL9CX66E23CGFM,BMW,X5,2017,Teal,Plug-in Hybrid,21506,CUST-85305,Kenneth Wade,thomas21@example.net,752-932-4623,SVC-00001833,2022-05-22,Battery Replacement,David Martin,1300.76,982.52,513.11,Expired,2025-12-31,Active,2025-08-21
VEH-001834,NU8H8D7MKC9Y0H7HK,Ford,F-150,2013,DarkCyan,Plug-in Hybrid,153053,CUST-43074,William Fuentes,cookekevin@example.com,+1-728-504-4028x68165,SVC-00001834,2023-05-03,Brake Service,Robert Sanford,1490.66,685.6,805.06,Expired,2024-10-06,Scrapped,2024-05-09
VEH-001835,8L1HU27N5K2EHJA2J,BMW,3 Series,2016,MediumBlue,Diesel,145699,CUST-94259,Heather Camacho,milleramanda@example.com,905-449-5181,SVC-00001835,2022-04-17,Body Work,Susan Davis,1662.47,796.44,866.03,Not Applicable,2025-09-14,Scrapped,2025-06-02
VEH-001836,3HJ45YPT7XX3A28S8,BMW,X3,2004,Maroon,Electric,208359,CUST-49189,Courtney Copeland,xlewis@example.net,001-784-913-8336,SVC-00001836,2024-02-18,Inspection,Shelley Wilson,2018.19,1656.56,361.63,Expired,2025-04-06,Active,2023-07-08
VEH-001837,F0NYCT00ZVJZ056AP,Toyota,RAV4,2019,DarkSalmon,Electric,207603,CUST-32433,Jennifer Torres,pamela14@example.com,(556)953-8674,SVC-00001837,2025-05-05,Oil Change,Sarah Murray,2413.51,1303.78,1109.73,Not Applicable,2025-05-19,Scrapped,2026-01-08
VEH-001838,WC1W87F2RCW9T0Z7U,Hyundai,Santa Fe,2020,OldLace,Plug-in Hybrid,185758,CUST-39013,Andre Stewart,sblake@example.net,(774)995-9207x703,SVC-00001838,2023-05-28,Oil Change,Sarah Murray,786.34,84.37,701.97,Active,2024-08-19,Inactive,2023-06-01
VEH-001839,PM153YKMZDTUADMUM,Chevrolet,Silverado,2020,RoyalBlue,Electric,223946,CUST-29108,Jessica Sullivan,reynoldskirsten@example.com,(635)713-4083x96989,SVC-00001839,2023-12-07,Other,Michelle Hays,2800.25,1337.86,1462.39,Active,2025-04-25,Inactive,2025-09-22
VEH-001840,RSH0UV85PX3CD848R,Ford,Bronco,2000,DarkBlue,Electric,64157,CUST-86365,John Levy,hilldonna@example.net,572-210-6208,SVC-00001840,2024-08-17,Brake Service,Maria Rubio,1474.77,296.13,1178.64,Expired,2026-04-09,Active,2025-12-05
VEH-001841,VZBPZ8DSVA43159SS,Kia,Forte,2011,SpringGreen,Plug-in Hybrid,64315,CUST-97575,John Wright,ptucker@example.org,7554357406,SVC-00001841,2026-02-16,Brake Service,Brian Rivera,2327.45,895.3,1432.15,Not Applicable,2025-08-22,Active,2026-03-08
VEH-001842,1WHLDDGA39E7UA6DA,Chevrolet,Silverado,2006,Salmon,Gasoline,13944,CUST-15071,Amanda Bennett,justinchurch@example.com,324.379.1786,SVC-00001842,2024-03-14,Other,Brittany Kidd,870.39,684.55,185.84,Not Applicable,2024-08-28,Active,2025-10-18
VEH-001843,GW5TDLTA691PPGE7B,Nissan,Rogue,2024,Olive,Hybrid,82945,CUST-67749,Eric Henderson,andrew69@example.org,+1-266-343-3555x0830,SVC-00001843,2024-02-08,Brake Service,David Martin,1816.34,1743.06,73.28,Active,2025-10-12,Active,2024-01-30
VEH-001844,00000000000000000,Toyota,RAV4,2014,FloralWhite,Hybrid,3438,CUST-91548,Samantha Pearson,eric97@example.net,948.818.0293x19786,SVC-00001844,2024-03-07,Other,David Martin,2062.34,1123.74,938.6,Expired,2024-08-30,Active,2024-07-11
VEH-001845,DEPX4XG7CXX4DSKW9,Toyota,Corolla,2018,MediumSpringGreen,Hybrid,-94582,CUST-63829,Jonathan Nolan,angela51@example.net,(616)456-3608,SVC-00001845,2026-04-10,Other,,3217.12,1978.22,1238.9,Expired,2025-11-28,Scrapped,2025-09-22
VEH-001846,58C3DP84RCUWW3YDF,Mercedes,C-Class,2010,Bisque,Diesel,151471,CUST-92195,Frank Perry,davisjason@example.org,+1-895-535-0914x4226,SVC-00001846,2025-06-08,Engine Repair,Wanda Gutierrez,1884.55,1142.22,742.33,Not Applicable,2025-01-19,Scrapped,2025-09-12
VEH-001847,2125PMNE5KY6XSBP9,Kia,Sportage,2021,DeepSkyBlue,Plug-in Hybrid,230109,CUST-68939,Casey Ware,carrollrobin@example.com,973-850-9703x047,SVC-00001847,2023-06-25,Inspection,Robert Sanford,2019.95,805.21,1214.74,Active,2024-10-29,Active,2024-05-28
VEH-001848,0M6DT3PTZDAT759BF,BMW,M4,1995,Thistle,Diesel,92166,CUST-55083,Jordan Johnson,dbrennan@example.net,588.268.0987,SVC-00001848,2022-08-04,Engine Repair,,1938.77,1290.63,648.14,Expired,2026-01-03,Inactive,2024-10-10
VEH-001849,WXCM42YUBSTNZHXHJ,Honda,Civic,2003,OldLace,Diesel,40410,CUST-38049,Tyler Jones,dustin57@example.net,+1-597-835-6387,SVC-00001849,2026-03-04,Body Work,Jessica Thomas,1443.14,131.02,1312.12,Expired,2025-06-10,Active,2023-10-19
VEH-001850,INVALIDVIN123,Nissan,Pathfinder,2001,RoyalBlue,Plug-in Hybrid,248617,CUST-24243,Stephen Warren,oscarjackson@example.org,+1-489-671-9174x543,SVC-00001850,2025-05-08,Other,Shelley Wilson,1933.66,1042.14,891.52,Expired,2024-04-19,Inactive,2025-12-01
VEH-001851,FHG4ZH7AUKTWAZEJE,Honda,Pilot,2021,Navy,Gasoline,113328,CUST-55924,Jonathan Baker,hillgary@example.net,+1-976-283-4854,SVC-00001851,2024-09-10,Oil Change,Debbie West,2921.09,1474.68,1446.41,Active,2025-10-30,Inactive,2025-02-10
VEH-001852,H8VHFE54AK3ECYZHG,Mercedes,C-Class,2023,Silver,Hybrid,124466,CUST-59788,Victoria Wright,zreyes@example.net,+1-963-569-3823x5924,SVC-00001852,2026-09-03,Battery Replacement,Paul Valencia,1118.03,998.02,120.01,Active,2025-08-24,Inactive,2026-03-12
VEH-001853,RUGLMZ72J2SAFVDW0,Chevrolet,Traverse,1998,SpringGreen,Plug-in Hybrid,167764,CUST-53977,Lucas Brown,vcollins@example.com,727.952.4538x398,SVC-00001853,2022-05-22,Other,Kathryn Patel,2895.35,1892.72,1002.63,Not Applicable,2025-01-04,Scrapped,2025-03-20
VEH-001854,4ASB7P0G7BAW07828,Kia,Forte,2011,DarkViolet,Plug-in Hybrid,107154,CUST-73552,Yolanda Williams,kmccall@example.org,+1-762-653-9091x5827,SVC-00001854,2022-06-25,Engine Repair,Wanda Gutierrez,1833.62,1266.26,567.36,Not Applicable,2025-05-24,Active,2023-12-18
VEH-001855,D2Y7AJKYPU85STMZF,BMW,X3,2003,GreenYellow,Electric,111123,CUST-90414,Kelly Mayer,kellyturner@example.org,420.485.6092x78509,SVC-00001855,2024-04-16,Brake Service,Sarah Murray,1151.76,246.24,500.79,Expired,2025-01-18,Active,2026-03-14
VEH-001856,BMNZA09N6NLL869B8,HYUNDAI,Santa Fe,2018,BlanchedAlmond,Diesel,169276,CUST-74865,Elizabeth Boyer,jacksonstephen@example.com,563-456-4948x729,SVC-00001856,2022-07-03,Other,,876.78,699.21,177.57,Not Applicable,2024-06-17,Scrapped,2026-03-06
VEH-001857,WGV1RKAYE94BWC87G,Tesla,Model X,2020,OrangeRed,Diesel,10208,CUST-62753,George Smith,amandaharris@example.org,375.659.6025x3492,SVC-00001857,2025-07-16,Battery Replacement,Wanda Gutierrez,2778.56,1687.86,1090.7,Active,2024-10-13,Active,2025-12-04
VEH-001858,ZTMJ3VTAX7HAA7Z9F,Hyundai,Elantra,2003,DarkTurquoise,Plug-in Hybrid,176267,CUST-28659,Tonya Harris,sgrant@example.net,001-680-550-2104x24406,SVC-00001858,2025-02-16,Engine Repair,,931.88,547.85,384.03,Not Applicable,2024-08-05,Scrapped,2025-08-26
VEH-001859,P5ESVZD36GPAUJK7L,Hyundai,Santa Fe,1999,MediumSeaGreen,Gasoline,189342,CUST-19950,Nancy Sanchez,rangelcatherine@example.net,9013867129,SVC-00001859,2022-05-14,Tire Rotation,Kathryn Patel,2477.0,1191.13,1285.87,Not Applicable,2024-10-28,Inactive,2024-06-13
VEH-001860,ZKT333CPZXHVMJR0V,Mercedes,S-Class,2002,MediumBlue,Plug-in Hybrid,62624,CUST-94677,Nicholas Cortez,julie03@example.net,709-377-0314,SVC-00001860,2025-06-01,Engine Repair,Susan Davis,1938.64,1638.07,300.57,Expired,2026-01-17,Active,2023-10-22
VEH-001861,9USZU71LG7F6KN8YG,BMW,X5,1995,LightSeaGreen,Electric,111134,CUST-64478,Christopher Rhodes,valerie98@example.com,001-826-756-3793x5365,SVC-00001861,2024-10-01,Brake Service,Maria Rubio,682.29,3.54,678.75,Expired,2026-03-01,Active,2024-09-11
VEH-001862,NG4F4DK7TBZM980TK,Kia,Telluride,2016,Silver,Electric,-43540,CUST-66792,Matthew Johnson,anita24@example.com,(540)908-6371,SVC-00001862,2024-03-20,Body Work,Shelley Wilson,3919.07,1445.94,516.24,Not Applicable,2024-04-19,Inactive,2025-03-12
VEH-001863,MHYYP3HB661AXTZ59,Ford,Explorer,2013,FireBrick,Gasoline,240724,CUST-32314,Elizabeth Hernandez,reginaldhatfield@example.net,001-880-692-1488x738,SVC-00001863,2022-06-01,Brake Service,Brittany Kidd,942.16,36.78,519.74,Expired,2025-07-04,Inactive,2025-04-25
VEH-001864,MPGYNAZVZ3NJF3DE8,Ford,Mustang,2020,AliceBlue,Diesel,156311,CUST-95240,Mitchell Adams,kennedyamber@example.net,(932)666-6843,SVC-00001864,2022-05-25,Tire Rotation,Katherine Bridges,2673.13,1444.84,1228.29,Active,2024-07-19,Active,2025-08-14
VEH-001865,BV35BX92P740BU2X4,kia,Sorento,2001,Coral,Gasoline,118564,CUST-79979,Patricia Davis,sandy35@example.com,740.384.7192x9620,SVC-00001865,2023-01-07,Engine Repair,Shelley Wilson,846.69,793.89,52.8,Not Applicable,2025-08-27,Scrapped,2024-09-06
VEH-001866,4DN3714ADTPBW92WH,toyota,Camry,2006,DarkOrange,Gasoline,30157,CUST-51333,Joseph Medina,jonesmelissa@example.net,6982752539,SVC-00001866,2023-05-10,Body Work,Maria Rubio,2011.01,1843.22,167.79,Expired,2026-02-13,Scrapped,2025-02-14
VEH-001867,C347CYFFEM8CLAT9U,Chevrolet,Malibu,2002,LightCyan,Gasoline,63606,CUST-28507,Daniel Ramirez,stonesteven@example.com,(811)995-4931,SVC-00001867,2024-01-24,Other,,2000.65,644.96,1355.69,Expired,2024-09-22,Scrapped,2023-05-05
VEH-001868,MX2ADLLZPEMBS73LE,Chevrolet,Traverse,2004,LightGoldenRodYellow,Gasoline,222353,CUST-58711,Cynthia Ramirez,wesley87@example.org,206-290-2749x15865,SVC-00001868,2022-11-22,Battery Replacement,Colton Armstrong,1565.27,1284.34,280.93,Expired,2025-04-23,Active,2024-07-01
VEH-001869,D6LCBVNAPY19RVDLY,chevrolet,Tahoe,1995,MediumSpringGreen,Diesel,194402,CUST-55327,Mitchell Gonzalez,joannaward@example.org,001-561-462-5514x4060,SVC-00001869,2023-01-10,Tire Rotation,Edward Allison,2399.73,1338.14,1061.59,Not Applicable,2025-12-27,Inactive,2023-08-03
VEH-001870,HVLNEGFPU3P8F02KH,BMW,5 Series,1998,LightGoldenRodYellow,Gasoline,191967,CUST-24522,John Young,carol20@example.org,001-389-905-7555x487,SVC-00001870,2023-10-07,Brake Service,Caitlin Marshall,988.77,161.84,826.93,Not Applicable,2024-05-12,Active,2024-01-25
VEH-001871,TRGYVB4X8EXSJK5GE,Honda,Odyssey,2022,Chocolate,Gasoline,168936,CUST-18562,Thomas Villa,danielle82@example.net,2253475367,SVC-00001871,2026-01-05,Tire Rotation,Joshua Cooper,1044.18,509.6,534.58,Active,2025-06-18,Inactive,2023-06-26
VEH-001872,RN3DVGBCUEX3KUEB1,Tesla,Model Y,2010,Maroon,Gasoline,80692,CUST-66356,Albert Wright,brownjoshua@example.net,360.655.6127,SVC-00001872,2024-10-22,Oil Change,Robert Sanford,1897.72,1524.88,372.84,Not Applicable,2026-04-09,Active,2025-04-30
VEH-001873,BE2TFJ9HSHT37HC9S,Kia,Soul,2003,DeepSkyBlue,Hybrid,134251,CUST-31085,Erik Stephens,lfernandez@example.com,(270)816-6430x8338,SVC-00001873,2026-01-21,Tire Rotation,Laura Gray,1319.48,68.37,1251.11,Expired,2024-06-28,Scrapped,2025-10-17
VEH-001874,2BED0R7JF31TKS0R0,Chevrolet,Tahoe,1998,White,Diesel,105947,CUST-50111,Joseph Petersen,katelyn66@example.org,9312953991,SVC-00001874,2025-12-11,Oil Change,Brittany Kidd,2056.24,1370.79,685.45,Not Applicable,2024-12-29,Active,2025-05-05
VEH-001875,E34F6WLZGP1425KAW,Hyundai,Palisade,2016,DeepPink,Gasoline,176982,CUST-26444,Austin Jenkins,mstrickland@example.com,+1-305-571-1922x554,SVC-00001875,2025-07-30,Other,Jessica Thomas,2382.34,1505.51,876.83,Expired,2025-04-30,Active,2024-04-01
VEH-001876,NMFDLB3ARRTV50V0H,Hyundai,Tucson,2022,PaleGoldenRod,Gasoline,14871,CUST-66793,Joanna Gonzalez,ryanrebekah@example.com,(608)591-0345x9962,SVC-00001876,2022-06-29,Tire Rotation,Kathryn Patel,3162.41,1884.62,1277.79,Active,2025-09-19,Active,2024-10-05
VEH-001877,HHA0NYKFU7XD73C71,Toyota,Camry,2000,MediumAquaMarine,Gasoline,236263,CUST-44468,Ann Oliver,kellerangela@example.org,+1-321-386-1816x015,SVC-00001877,2025-09-15,Other,David Martin,1072.3,577.78,494.52,Not Applicable,2025-01-07,Inactive,2023-10-30
VEH-001878,1JUTLEYJEPD10R8LB,BMW,X3,-1,Fuchsia,Plug-in Hybrid,244130,CUST-38299,Carrie Ramirez,mdavis@example.net,305.822.2073x2949,SVC-00001878,2022-07-08,Body Work,Charles Nelson,340.25,37.5,302.75,Expired,2025-07-17,Inactive,2025-05-18
VEH-001879,CAJWZBHZRH8D4N7EE,Chevrolet,Silverado,2020,Blue,Plug-in Hybrid,78901,CUST-58897,Taylor Mendoza,lserrano@example.com,221-269-9176,SVC-00001879,2025-05-03,Oil Change,Kathryn Patel,572.64,484.93,87.71,Active,2024-11-24,Scrapped,2025-11-10
VEH-001880,DASKKT4R0PCLUZDGE,Mercedes,GLC,2000,IndianRed,Hybrid,98747,CUST-45204,Tara Jackson,matthew29@example.org,572.326.0372,SVC-00001880,2022-09-06,Body Work,,2757.33,1267.87,1489.46,Not Applicable,2025-02-20,Inactive,2025-12-09
VEH-001881,F5HWFW6EJ1CU4ZE75,Kia,Soul,2009,LightYellow,Electric,138655,CUST-95432,Jeffrey Garcia,,259.242.0350x7312,SVC-00001881,2024-11-26,Oil Change,Sara Marquez,1630.18,366.42,1263.76,Expired,2025-04-09,Inactive,2024-02-10
VEH-001882,KR0S9WTX6EBEN83D1,Toyota,Camry,2018,MediumVioletRed,Hybrid,138573,CUST-29019,Erica Sanders,,001-383-768-3178x177,SVC-00001882,2023-12-14,Other,Shelley Wilson,1534.45,1089.9,444.55,Expired,2024-09-06,Scrapped,2025-08-01
VEH-001883,CS14V3WPS3HJHXPWC,Kia,Sportage,2004,GoldenRod,Diesel,78658,CUST-91502,Andre Burgess,thomas35@example.net,3904449622,SVC-00001883,2025-02-22,Other,Colton Armstrong,1170.99,576.66,594.33,Not Applicable,2024-05-29,Inactive,2024-03-25
VEH-001884,7PV3UVRVZZ6DSEP8E,Honda,Civic,2009,Magenta,Hybrid,94306,CUST-62377,Belinda Lester,aholland@example.net,+1-983-493-1335x7746,SVC-00001884,2022-12-31,Battery Replacement,Melissa Mendez,2207.54,1529.83,677.71,Not Applicable,2024-11-04,Active,2023-06-04
VEH-001885,U7B344AWHXHSUM21K,Ford,F-150,2006,Aqua,Plug-in Hybrid,141952,CUST-43178,Stephanie Anderson,mmarks@example.net,584-602-9160,SVC-00001885,2024-01-28,Inspection,Maria Rubio,1375.37,728.15,647.22,Expired,2025-11-20,Scrapped,2026-01-12
VEH-001886,K5JDVBWGYGPGGJUE7,Hyundai,Tucson,2021,IndianRed,Plug-in Hybrid,13590,CUST-10440,Ryan Buchanan,rsanders@example.net,479.699.9901x8366,SVC-00001886,2022-04-28,Oil Change,Brittany Kidd,1555.92,1058.21,497.71,Active,2024-08-03,Inactive,2025-04-29
VEH-001887,URS1Z2EK0AEKADE07,NISSAN,Frontier,2006,SteelBlue,Plug-in Hybrid,27093,CUST-32721,Mark White,alexis21@example.com,+1-857-778-7943x5469,SVC-00001887,2023-04-04,Inspection,Maria Rubio,754.51,627.78,126.73,Expired,2025-10-24,Inactive,2023-04-22
VEH-001888,3PSN7KFD2TM5E0TA9,Honda,CR-V,2001,Orchid,Electric,166677,CUST-90688,Mary King,josephmadden@example.org,831-309-9945x0127,SVC-00001888,2024-06-20,Battery Replacement,Colton Armstrong,5469.4,1826.43,1203.87,Expired,2025-06-13,Inactive,2023-05-13
VEH-001889,6FDB6YEZ4VJWGSYR7,Toyota,Highlander,-1,DeepSkyBlue,Hybrid,13349,CUST-86391,David Melendez,kennethpierce@example.net,+1-725-847-8671,SVC-00001889,2023-06-25,Battery Replacement,Paul Valencia,2970.45,1947.11,1023.34,Not Applicable,2024-04-17,Active,2024-01-26
VEH-001890,9U3K0741MRHTY97HM,Tesla,Cybertruck,2014,Magenta,Diesel,239617,CUST-50786,Andrew Brown,perezsharon@example.net,7805349190,SVC-00001890,2023-06-23,Oil Change,Katherine Bridges,2609.33,1974.34,634.99,Not Applicable,2025-03-02,Inactive,2025-06-05
VEH-001891,Y8PFNLTAMKH073WLV,Ford,F-150,2010,Lime,Gasoline,196933,CUST-55013,Timothy Lee,,(587)819-1809,SVC-00001891,2025-07-14,Inspection,Laura Gray,2060.59,1602.2,458.39,Expired,2024-11-24,Active,2026-03-10
VEH-001892,WHLLW33BZ41GJJY89,Toyota,Camry,2001,MediumVioletRed,Diesel,201117,CUST-91213,Danielle Nguyen,faith51@example.org,001-253-424-2300,SVC-00001892,2022-06-30,Other,Colton Armstrong,1561.54,1257.14,459.21,Expired,2026-03-23,Inactive,2025-03-06
VEH-001893,1HGCM82633AO04747,Chevrolet,Malibu,1999,Azure,Diesel,128467,CUST-80917,Ronald Roberts,,001-608-648-3683x158,SVC-00001893,2025-07-19,Brake Service,David Martin,3232.93,1867.64,1365.29,Not Applicable,2024-10-26,Scrapped,2023-05-28
VEH-001894,P9ZUNDYN3U2SA8P5B,Toyota,Tacoma,1997,Silver,Hybrid,157156,CUST-21167,Roberto Gibbs,matadavid@example.com,001-492-307-6074x198,SVC-00001894,2024-11-16,Body Work,Charles Nelson,2580.95,1418.28,1162.67,Expired,2024-07-19,Active,2025-06-28
VEH-001895,P15PZMYH360A0VNCR,Toyota,RAV4,2019,Khaki,Plug-in Hybrid,159374,CUST-37686,Sherry Walsh,waynelopez@example.org,898-887-5275x3134,SVC-00001895,2024-09-29,Engine Repair,Melissa Mendez,2414.85,965.9,1448.95,Expired,2025-04-03,Scrapped,2024-05-28
VEH-001896,MYNXZ5V626NS47CZK,Hyundai,Palisade,2003,PaleGoldenRod,Plug-in Hybrid,198140,CUST-25707,Julie Avila,josephmccoy@example.com,478.526.6085x5633,SVC-00001896,2023-02-24,Oil Change,Katherine Bridges,1114.49,485.02,629.47,Not Applicable,2025-02-11,Scrapped,2026-04-01
VEH-001897,5B96JYJ18FXGWXVLT,Kia,Sorento,1995,LightGreen,Plug-in Hybrid,229532,CUST-45748,Rebecca Williams,pettykaren@example.net,+1-449-594-0844x86444,SVC-00001897,2024-12-11,Brake Service,Maria Rubio,2274.58,1825.19,449.39,Not Applicable,2024-10-19,Scrapped,2025-01-19
VEH-001898,F6HS3C1NBG71SZH98,bmw,M4,1996,Gainsboro,Diesel,53822,CUST-40353,Brian Smith,hillkaren@example.com,740.232.3168,SVC-00001898,2023-03-21,Other,Melissa Mendez,1683.72,497.31,1186.41,Not Applicable,2025-10-10,Scrapped,2024-11-08
VEH-001899,BR2CSEUY1FFN01HHE,Chevrolet,Traverse,2014,HotPink,Hybrid,144525,CUST-10652,Robert Smith,montoyasteven@example.net,491.774.0814x6517,SVC-00001899,2023-12-20,Other,Sara Marquez,2036.09,811.9,1224.19,Expired,2025-02-22,Scrapped,2025-11-12
VEH-001900,BVHWTNGPZ8E3JNCL8,Ford,Explorer,2024,SkyBlue,Diesel,137032,CUST-92267,Alexis Herrera,,887.277.4299x9551,SVC-00001900,2025-03-02,Engine Repair,Joshua Cooper,734.85,421.19,313.66,Active,2024-05-04,Inactive,2025-09-09
VEH-001901,7EMBMJUVJN5UEZTAL,Mercedes,GLC,2012,Orange,Plug-in Hybrid,32124,CUST-87023,Victoria Wallace,joyce01@example.com,350.822.6796,SVC-00001901,2022-05-06,Other,Charles Nelson,1408.46,1118.78,289.68,Not Applicable,2024-04-20,Inactive,2023-10-20
VEH-001902,DAW9EZYWL5PTPRAXL,BMW,3 Series,2011,LightSalmon,Plug-in Hybrid,35908,CUST-83666,Dana Hammond,keithbrown@example.net,264.874.7552,SVC-00001902,2024-01-29,Inspection,Joshua Cooper,2167.16,1648.0,519.16,Expired,2024-08-24,Active,2023-08-06
VEH-001903,NA92MMCADUP2HZ7KC,Honda,Pilot,2018,IndianRed,Gasoline,137979,CUST-86823,Roy Warren Jr.,,001-855-692-3496x8187,SVC-00001903,2023-12-19,Other,Michelle Torres,3138.32,1356.85,717.7,Not Applicable,2024-08-13,Inactive,2024-04-16
VEH-001904,FSTWJNC98A2ZXFD64,Ford,Bronco,1998,DodgerBlue,Plug-in Hybrid,86932,CUST-59123,Spencer Carpenter,wesleybowers@example.net,001-768-757-9864,SVC-00001904,2023-04-17,Engine Repair,Debbie West,1836.59,1518.75,574.81,Expired,2024-07-03,Inactive,2024-08-15
VEH-001905,UMJMW25NG2BMDDSTE,Honda,Odyssey,2020,LightPink,Plug-in Hybrid,7979,CUST-60078,Krystal Walker,,+1-661-427-9371x36475,SVC-00001905,2023-10-05,Battery Replacement,Michelle Hays,1155.92,828.15,327.77,Active,2024-11-25,Active,2026-03-03
VEH-001906,GAGXXYBFNFCEWYF5J,Tesla,Cybertruck,1998,LightSteelBlue,Hybrid,24688,CUST-44211,Kyle Key,brandon17@example.net,,SVC-00001906,2025-04-24,Body Work,Sarah Murray,2252.07,1026.75,1225.32,Not Applicable,2025-03-24,Inactive,2023-05-16
VEH-001907,DYS27HTW600SKUM97,Mercedes,E-Class,1998,MediumBlue,Gasoline,175670,CUST-40671,Stephanie Becker,,3137078645,SVC-00001907,2024-03-24,Brake Service,Laura Gray,769.66,249.75,519.91,Expired,2026-01-08,Active,2023-08-06
VEH-001908,GUY123EWFWC5VZVP4,Tesla,Model S,2020,LightSlateGray,Electric,205279,CUST-82751,Henry Walker,amyguzman@example.org,001-647-845-0486x1645,SVC-00001908,2024-05-01,Tire Rotation,Katherine Bridges,2865.87,1607.5,1258.37,Active,2026-01-22,Active,2023-10-25
VEH-001909,KSX8KEUJKBNPZ7N46,Nissan,Pathfinder,2006,SandyBrown,Hybrid,14070,CUST-92274,Antonio Molina,ddavila@example.org,756-981-4068x7328,SVC-00001909,2024-07-19,Brake Service,Sara Marquez,805.15,444.22,360.93,Not Applicable,2025-12-04,Inactive,2024-06-11
VEH-001910,EEW1313JTCG337C3V,Honda,Civic,2007,YellowGreen,Plug-in Hybrid,240129,CUST-26984,William Hughes,mackenzie48@example.org,(495)380-9295,SVC-00001910,2024-02-01,Other,Michelle Hays,1921.66,1686.36,235.3,Expired,2024-09-01,Inactive,2023-04-30
VEH-001911,7WX4PD761V93SARES,nissan,Sentra,2024,Snow,Gasoline,136684,CUST-42709,Garrett Smith,bobby32@example.com,(422)295-9677,SVC-00001911,2026-07-29,Oil Change,Michelle Hays,2515.92,449.61,1199.85,Active,2026-01-13,Inactive,2023-10-12
VEH-001912,131AYEXVP5M33F1TB,Honda,Accord,1997,Chocolate,Electric,70725,CUST-75829,Karen Grant,joseph30@example.net,(528)448-6395x06297,SVC-00001912,2022-12-25,Tire Rotation,Edward Allison,857.1,688.17,168.93,Expired,2024-09-28,Active,2023-07-17
VEH-001913,YCWJTYRGY6CBCYXEZ,Kia,Soul,1997,Crimson,Diesel,205047,CUST-60637,Penny Kennedy MD,john40@example.com,960.931.5989,SVC-00001913,2023-12-06,Oil Change,Robert Sanford,1233.8,505.15,728.65,Expired,2026-02-12,Active,2024-10-27
VEH-001914,C3TV8019D5V5X49HD,FORD,Escape,2024,DarkMagenta,Diesel,130693,CUST-83599,Margaret Khan,cody10@example.com,001-400-417-9546x956,SVC-00001914,2022-08-21,Body Work,Sara Marquez,1972.51,1502.95,351.79,Active,2024-10-11,Inactive,2024-06-01
VEH-001915,807CWNM521BWSS4Y5,Chevrolet,Silverado,2012,BurlyWood,Electric,216381,CUST-42524,Kevin Bridges,hicksemily@example.org,+1-594-911-6662,SVC-00001915,2024-08-05,Inspection,Jessica Thomas,1787.76,1492.82,294.94,Not Applicable,2024-12-07,Active,2025-01-04
VEH-001916,HNRX067MSLFM1U7AC,Honda,Pilot,2006,CornflowerBlue,Plug-in Hybrid,87960,CUST-39508,Darin Garcia,andrewyoung@example.net,9328719591,SVC-00001916,2024-04-06,Body Work,Jessica Thomas,907.28,835.81,71.47,Expired,2024-11-01,Scrapped,2024-03-29
VEH-001917,2JY4BTM9YCWTDNE8W,Toyota,Corolla,2024,Green,Electric,160555,CUST-60253,Katie Adams,wheelerbrent@example.net,997.788.2326x1706,SVC-00001917,2022-09-24,Battery Replacement,Melissa Mendez,2007.93,1280.13,727.8,Active,2025-03-12,Scrapped,2024-11-03
VEH-001918,7VAV04L5NJ6E7NE09,Kia,Soul,2002,LightSkyBlue,Electric,34632,CUST-95200,Derek Martinez,gabrielleyoung@example.com,(411)876-8092,SVC-00001918,2025-10-20,Battery Replacement,Charles Nelson,2577.31,1081.73,1495.58,Expired,2025-10-19,Scrapped,2024-01-07
VEH-001919,PBL1ZJEN0YXUSE78M,Kia,Telluride,2009,DarkOrchid,Electric,163138,CUST-32049,Rebecca Hunter,eric12@example.net,+1-293-330-1775,SVC-00001919,2022-11-13,Other,Kathryn Patel,663.55,459.05,204.5,Expired,2026-02-01,Inactive,2025-10-08
VEH-001920,GPVTJVMM1Z8CLWRPR,Ford,Escape,2005,PaleGoldenRod,Gasoline,23810,CUST-10610,Dillon Myers,millertricia@example.org,+1-557-661-2820x19950,SVC-00001920,2025-11-13,Oil Change,Laura Gray,2152.52,1326.45,826.07,Not Applicable,2025-02-10,Scrapped,2025-11-29
VEH-001921,BU4HLT0CVGKEJ9XTL,Honda,Odyssey,2008,LightSalmon,Hybrid,241124,CUST-16930,Timothy Cherry DDS,spetersen@example.net,(412)765-4340,SVC-00001921,2026-01-16,Oil Change,David Martin,1868.13,1560.63,307.5,Not Applicable,2025-04-21,Active,2025-03-10
VEH-001922,MS9TNPR0PXEFYYVX8,Ford,F-150,2012,Moccasin,Electric,54039,CUST-10928,Robert Stewart,wfoley@example.com,(567)484-5232x3681,SVC-00001922,2023-04-15,Brake Service,Sarah Murray,1039.49,129.63,909.86,Expired,2025-05-28,Scrapped,2026-01-16
VEH-001923,JKRDG21YY1KBTLVZ0,BMW,5 Series,-1,LightGreen,Electric,99160,CUST-11173,Matthew Fields,colecurtis@example.org,(668)624-8008x9506,SVC-00001923,2026-01-22,Tire Rotation,Susan Davis,2123.43,657.81,1465.62,Not Applicable,2024-05-17,Inactive,2023-09-22
VEH-001924,DF1U2XHSM8HX3D93N,BMW,M4,2013,Green,Diesel,196553,CUST-31545,Arthur Carlson,alanmaldonado@example.net,5623012526,SVC-00001924,2024-11-25,Brake Service,Shelley Wilson,2055.78,834.38,1221.4,Expired,2024-12-28,Scrapped,2024-06-04
VEH-001925,7PNYY0YSS0B99VEK9,Chevrolet,Traverse,2002,MistyRose,Electric,3229,CUST-26453,Thomas Robertson,christopherstanley@example.net,(495)446-7231x103,SVC-00001925,2022-07-07,Other,Michelle Torres,1838.15,1056.17,781.98,Expired,2025-11-30,Inactive,2024-03-04
VEH-001926,1HGBH41JXMN10916,Ford,Mustang,2012,Purple,Diesel,230464,CUST-20426,John French,nicholas20@example.net,+1-596-782-8700x460,SVC-00001926,2024-06-01,Oil Change,Paul Valencia,540.49,290.96,249.53,Expired,2024-07-10,Inactive,2025-12-29
VEH-001927,XM0MMKNX16Z1HVWBD,Mercedes,GLE,2020,ForestGreen,Diesel,199475,CUST-55470,Richard Case,mathewjames@example.com,(595)358-2167x453,SVC-00001927,2023-04-30,Oil Change,Charles Nelson,841.28,541.44,299.84,Active,2026-01-22,Scrapped,2023-05-06
VEH-001928,20TWTJ0W056V8NYD6,Kia,Soul,1999,BurlyWood,Plug-in Hybrid,239621,CUST-35178,James Gaines,forbesanne@example.net,384.298.6280x2406,SVC-00001928,2023-03-14,Tire Rotation,Shelley Wilson,2097.15,823.63,1273.52,Expired,2025-09-01,Scrapped,2023-11-21
VEH-001929,E06ACFBAUNGMH79RH,BMW,M4,1995,CornflowerBlue,Plug-in Hybrid,210825,CUST-52193,Stephanie Odonnell,imay@example.net,342.881.5032x0442,SVC-00001929,2024-03-16,Other,Caitlin Marshall,1379.67,1166.81,212.86,Not Applicable,2024-11-10,Active,2025-05-28
VEH-001930,9LUTEU0AL8G472MTC,Tesla,Model X,2023,LavenderBlush,Electric,70448,CUST-61717,Edward Baker,ryanrivera@example.org,001-693-566-8750x41808,SVC-00001930,2024-12-04,Oil Change,Katherine Bridges,2666.46,1972.81,693.65,Active,2024-11-16,Active,2023-08-07
VEH-001931,ST1DSZHCU2Z9JDPU5,Hyundai,Tucson,2017,DarkCyan,Plug-in Hybrid,236189,CUST-26212,Ashley Meyers,davidvega@example.org,+1-755-777-9378x7214,SVC-00001931,2025-06-02,Body Work,Michelle Torres,1647.24,1196.76,450.48,Expired,2024-08-04,Scrapped,2025-04-03
VEH-001932,ABC123,Chevrolet,Tahoe,2023,DarkRed,Plug-in Hybrid,67149,CUST-57748,Bradley Jones,paulrodriguez@example.org,(582)364-2400x022,SVC-00001932,2026-01-24,Tire Rotation,Melissa Mendez,3235.4,1997.18,1238.22,Active,2025-07-09,Scrapped,2025-05-20
VEH-001933,4S5D3PPAN099JKRX4,bmw,M4,2017,AntiqueWhite,Plug-in Hybrid,160236,CUST-15400,Jill Davidson,melissaalvarez@example.com,410-947-7396x4304,SVC-00001933,2023-06-21,Tire Rotation,Laura Gray,2124.28,1071.97,1052.31,Not Applicable,2024-10-10,Scrapped,2023-07-03
VEH-001934,YV51GBLF55241YVJ0,Nissan,Sentra,1999,Magenta,Hybrid,155362,CUST-42079,Tammy Miller,williamsjames@example.com,242.784.0037,SVC-00001934,2024-10-17,Other,Jessica Thomas,2262.09,1769.79,492.3,Not Applicable,2025-04-01,Active,2025-04-17
VEH-001935,NE63R24PSJ0466D41,TESLA,Model 3,2000,DarkGoldenRod,Diesel,15338,CUST-49497,Corey Hawkins,murphylori@example.com,345-205-8854,SVC-00001935,2026-07-10,Brake Service,,2531.34,1933.77,597.57,Not Applicable,2024-10-22,Scrapped,2023-09-20
VEH-001936,GB790T52FBKL9KZSL,Ford,Explorer,2001,FireBrick,Diesel,72367,CUST-67380,Karen Garcia,kevinallen@example.net,633-666-0677,SVC-00001936,2026-03-09,Oil Change,Edward Allison,1742.67,675.8,1066.87,Not Applicable,2024-11-25,Scrapped,2026-01-25
VEH-001937,ABC123,Toyota,RAV4,2009,MediumBlue,Gasoline,178879,CUST-33153,Marcus Powell,,(552)614-6391x02998,SVC-00001937,2022-12-23,Tire Rotation,Katherine Bridges,429.1,139.88,289.22,Not Applicable,2024-05-08,Active,2024-07-25
VEH-001938,H769CG8LA7NGM3F4S,Toyota,Tacoma,2019,Blue,Electric,236516,CUST-92809,Deborah Berry,malonewilliam@example.org,(813)528-5917x19238,SVC-00001938,2023-12-29,Engine Repair,Charles Nelson,1859.93,1165.36,694.57,Not Applicable,2024-04-13,Active,2024-06-26
VEH-001939,P7FMFGW6RHZRBMRL7,Honda,Pilot,1999,PeachPuff,Hybrid,137600,CUST-73021,Joseph Perry,jeffery43@example.org,001-390-745-6102x819,SVC-00001939,2025-08-22,Engine Repair,Robert Sanford,2325.44,1021.9,1303.54,Not Applicable,2024-06-08,Active,2025-02-10
VEH-001940,THF30PNT9E69UKJXR,Tesla,Cybertruck,2021,LightSkyBlue,Electric,216379,CUST-57394,Mary Smith,,(357)635-3852,SVC-00001940,2024-12-03,Other,Jessica Thomas,353.43,148.07,205.36,Active,2025-05-06,Inactive,2025-06-08
VEH-001941,K7D5FJP68U5A4JTR6,Kia,Telluride,1995,AntiqueWhite,Hybrid,206532,CUST-77351,Jose Monroe,oscarsmith@example.com,001-637-347-5190x45032,SVC-00001941,2025-11-13,Tire Rotation,Joshua Cooper,1515.0,1178.99,336.01,Expired,2024-09-18,Inactive,2025-09-22
VEH-001942,ZYGTBMR0KNZWRY4HC,Toyota,Tacoma,2022,Khaki,Gasoline,150017,CUST-92743,Melissa Carter,barrettbruce@example.com,852.565.2221x873,SVC-00001942,2023-04-23,Body Work,Caitlin Marshall,1966.03,766.76,1199.27,Active,2025-04-19,Inactive,2023-07-18
VEH-001943,A49PZ93WHFCN1JB74,toyota,RAV4,2011,GreenYellow,Diesel,64367,CUST-89838,Gregg Sanchez,fgriffin@example.org,+1-436-267-7739x545,SVC-00001943,2025-09-30,Inspection,Shelley Wilson,1650.97,854.6,796.37,Not Applicable,2026-02-12,Inactive,2024-09-06
VEH-001944,3S9CFAXTM559GZ016,Toyota,Highlander,2018,DarkSalmon,Plug-in Hybrid,184432,CUST-67611,Danielle Williams,cgarza@example.org,739-561-6998,SVC-00001944,2024-12-01,Brake Service,Melissa Mendez,3194.64,1800.23,1394.41,Expired,2024-07-03,Active,2025-04-16
VEH-001945,C475F0N2SY79Z9NST,Kia,Sorento,1995,Peru,Plug-in Hybrid,40806,CUST-33136,Daniel Butler,,+1-993-784-7480x795,SVC-00001945,2023-07-26,Tire Rotation,Kathryn Patel,2500.5,1311.79,1188.71,Expired,2025-02-21,Active,2025-07-23
VEH-001946,6LY0N2GV0A0BYP1VZ,Honda,Accord,2008,DarkSlateGray,Gasoline,166956,CUST-99633,Robert Williams,uweaver@example.net,486-405-6828,SVC-00001946,2024-09-20,Battery Replacement,Kathryn Patel,1866.13,624.41,973.74,Not Applicable,2024-07-05,Inactive,2025-05-20
VEH-001947,W8LTCJBL7Z5SKHNAR,Hyundai,Palisade,2018,Lavender,Gasoline,18783,CUST-67987,Jean Anderson,scottmichael@example.net,001-535-742-1771x941,SVC-00001947,2023-04-03,Tire Rotation,Kathryn Patel,2455.38,367.19,867.87,Expired,2024-07-10,Active,2025-01-16
VEH-001948,6KMTF8C8P5LDW68DW,CHEVROLET,Tahoe,2011,LightYellow,Plug-in Hybrid,183194,CUST-74419,Travis Atkinson,,+1-830-954-3437x5247,SVC-00001948,2025-06-01,Other,Brittany Kidd,2940.31,1649.9,1290.41,Expired,2025-05-05,Active,2023-05-12
VEH-001949,C0J12JS1MALNV6BY1,Toyota,Tacoma,2021,MediumAquaMarine,Electric,92539,CUST-90484,Amanda Snow,xrice@example.com,226.686.3207x088,SVC-00001949,2024-12-30,Brake Service,Brittany Kidd,620.82,396.79,224.03,Active,2024-12-01,Inactive,2023-06-06
VEH-001950,RSN4PP2SBM6B75XG0,Mercedes,S-Class,1999,SteelBlue,Hybrid,167199,CUST-77197,Monica Chambers,timothy61@example.org,698.600.2286x15254,SVC-00001950,2025-01-23,Brake Service,Paul Valencia,1653.55,844.85,808.7,Expired,2024-09-29,Active,2026-02-02
VEH-001951,L2LJ3L12F6YYJJ4EW,Ford,Mustang,2017,HoneyDew,Plug-in Hybrid,178782,CUST-97916,Kelsey Miller,daniel65@example.com,256.603.2374x2098,SVC-00001951,2026-04-09,Tire Rotation,,2827.03,1638.11,1188.92,Not Applicable,2024-10-26,Inactive,2024-10-09
VEH-001952,6HTZ2JXUVJPLZ4DKN,BMW,X3,1998,LemonChiffon,Plug-in Hybrid,208301,CUST-76097,Edward Adams,yhunt@example.org,957-534-2722x106,SVC-00001952,2022-07-04,Body Work,Sarah Murray,1578.68,292.06,1286.62,Expired,2024-06-09,Inactive,2023-08-08
VEH-001953,ABC123,Chevrolet,Tahoe,1995,Violet,Gasoline,219292,CUST-76755,Michael Robinson,danielle65@example.net,225.544.9905x2195,SVC-00001953,2022-10-18,Other,Debbie West,2589.1,1874.38,714.72,Expired,2025-12-30,Scrapped,2023-10-04
VEH-001954,XTKGXLJVFCJTVBH4W,Hyundai,Elantra,2021,Linen,Hybrid,155044,CUST-86719,Brian Petty,brenda64@example.org,6807051330,SVC-00001954,2023-11-17,Engine Repair,Paul Valencia,789.29,935.44,724.2,Active,2024-07-11,Active,2025-02-19
VEH-001955,3T5U457KB9R4WB8J5,Chevrolet,Traverse,2022,Indigo,Diesel,99269,CUST-78379,Anna Obrien,etorres@example.org,001-930-533-9986x6935,SVC-00001955,2024-02-03,Inspection,Debbie West,2394.48,1542.23,852.25,Active,2025-01-02,Active,2025-09-16
VEH-001956,E8DSRK4H8HC1NB7DF,Ford,Explorer,2006,AntiqueWhite,Diesel,127394,CUST-19727,Blake Parks,jonathanrodriguez@example.org,571-824-2378x4523,SVC-00001956,2026-02-11,Brake Service,Edward Allison,2876.45,1479.36,1397.09,Expired,2026-02-11,Scrapped,2023-07-18
VEH-001957,JZCTCWNVAW6W2N7ZH,Ford,F-150,2003,Khaki,Diesel,123703,CUST-64310,Tina Richardson,vernon21@example.com,(618)590-3045x0280,SVC-00001957,2024-04-18,Engine Repair,,1885.78,1685.25,200.53,Not Applicable,2024-08-30,Active,2025-07-05
VEH-001958,M26PU1E0ZHYWKC38M,Toyota,Highlander,2024,Yellow,Plug-in Hybrid,162687,CUST-75849,Jonathan Cooper,rmoran@example.net,001-952-385-7045x1539,SVC-00001958,2026-02-13,Battery Replacement,Robert Sanford,1686.23,1052.1,634.13,Active,2024-10-05,Scrapped,2025-06-05
VEH-001959,06LH1JJ0V2DFTFDD4,hyundai,Palisade,1997,WhiteSmoke,Diesel,25844,CUST-10628,Austin Hale,cervantesmaria@example.org,+1-715-851-0001x8656,SVC-00001959,2022-10-26,Body Work,Michelle Torres,2222.59,752.85,1469.74,Expired,2025-02-13,Active,2024-05-20
VEH-001960,WBHE5JV69U4AV8GCY,Kia,Soul,2014,Wheat,Diesel,47322,CUST-40281,Vickie Brown,ronald00@example.net,001-917-361-2149x024,SVC-00001960,2022-12-09,Brake Service,Shelley Wilson,1596.81,217.53,1379.28,Expired,2024-10-25,Active,2025-04-17
VEH-001961,1HGCM82633AO04747,Ford,F-150,2014,LightYellow,Plug-in Hybrid,176027,CUST-71814,Alexander Waters,russellharper@example.com,896.561.0414x10434,SVC-00001961,2023-02-08,Battery Replacement,,2376.81,1084.15,1292.66,Expired,2025-08-31,Scrapped,2024-01-02
VEH-001962,N38EPYZ2EWDVP7K4M,Honda,Accord,2009,DarkOrchid,Gasoline,243844,CUST-55622,Jeffrey Irwin,erik92@example.org,3785642202,SVC-00001962,2024-08-22,Battery Replacement,Paul Valencia,2206.63,1158.86,1047.77,Expired,2025-12-26,Scrapped,2023-06-22
VEH-001963,UWZ9FRSMRX82Z477V,Ford,F-150,1998,DarkSalmon,Plug-in Hybrid,123050,CUST-22128,Nicole Phillips,denise09@example.org,962.948.6912x614,SVC-00001963,2024-01-23,Battery Replacement,,4406.48,1991.37,684.76,Not Applicable,2025-10-02,Scrapped,2023-07-29
VEH-001964,BLRRKWB3VFALHCLTM,Ford,Escape,1995,DodgerBlue,Diesel,17894,CUST-35368,Angela Campos,matthew58@example.org,(982)950-1639,SVC-00001964,2025-04-03,Inspection,Michelle Hays,1188.87,375.37,813.5,Not Applicable,2024-10-09,Inactive,2026-01-27
VEH-001965,U3LX5PXD1BVFUVDSM,Ford,Explorer,2002,Ivory,Plug-in Hybrid,73228,CUST-63156,Joseph Clayton,garyhuang@example.net,4619460172,SVC-00001965,2024-08-14,Other,Colton Armstrong,2233.45,920.38,1313.07,Expired,2025-09-30,Active,2024-11-18
VEH-001966,2V2L43R2JG9PEE1W4,Chevrolet,Traverse,2005,Olive,Electric,-155326,CUST-27995,Rebecca Curtis,cruzbrandy@example.net,800.433.7183x838,SVC-00001966,2024-02-07,Battery Replacement,,2514.51,1644.14,870.37,Expired,2026-03-25,Active,2025-03-01
VEH-001967,8CGYCNC1NJCMTDKEG,Honda,Accord,2016,Olive,Electric,141820,CUST-63121,Kenneth Roy,dakota59@example.com,+1-681-639-4000x75648,SVC-00001967,2022-06-16,Inspection,Michelle Hays,1780.78,1439.94,340.84,Expired,2024-12-16,Inactive,2026-03-13
VEH-001968,19FWP0SJWU4V45325,Nissan,Pathfinder,1999,Cornsilk,Diesel,129900,CUST-70200,Thomas Knapp,hrussell@example.org,(244)393-0125,SVC-00001968,2023-06-27,Battery Replacement,Brian Rivera,305.12,218.59,86.53,Not Applicable,2025-01-21,Inactive,2025-12-12
VEH-001969,DB0R1XD65B6F46GF7,Ford,Explorer,2012,Chocolate,Gasoline,210453,CUST-25549,Jeffrey Powell,cindylara@example.org,(445)209-7091x414,SVC-00001969,2022-12-24,Body Work,Charles Nelson,1169.73,389.93,779.8,Expired,2025-01-26,Inactive,2023-09-11
VEH-001970,15TRMRS5RZLM559XF,Chevrolet,Malibu,2007,Cornsilk,Gasoline,42474,CUST-44515,Nathaniel Boyd,jacksonstephen@example.org,,SVC-00001970,2022-04-18,Body Work,Jessica Thomas,1808.74,475.75,1332.99,Expired,2024-12-05,Inactive,2025-07-25
VEH-001971,B7KLZUTKNCYMKEPDX,BMW,X5,2019,SteelBlue,Electric,205625,CUST-17693,Sandy Morrison,allisonjimmy@example.org,001-961-964-0206x14146,SVC-00001971,2025-05-29,Battery Replacement,Michelle Hays,3000.07,1549.13,1450.94,Expired,2024-06-21,Active,2024-02-04
VEH-001972,CEXNJGDT7WN0ATNMG,Ford,Bronco,1996,Azure,Diesel,193248,CUST-71527,Heather Brown,crystalshannon@example.com,,SVC-00001972,2023-08-05,Inspection,Sara Marquez,2946.82,1487.48,1459.34,Expired,2024-12-21,Active,2023-04-30
VEH-001973,K3KZ68C6BRNX5H7X1,Mercedes,E-Class,2008,AntiqueWhite,Gasoline,197037,CUST-79307,Melissa Lucas,lewisalexandra@example.org,(836)350-3997x02675,SVC-00001973,2023-02-12,Brake Service,Sarah Murray,888.21,391.17,497.04,Expired,2024-08-26,Active,2025-10-19
VEH-001974,LUENYMH4SH9R052M6,Chevrolet,Malibu,2007,Lavender,Gasoline,172385,CUST-34133,Sabrina Meyer,nicholas89@example.net,001-858-303-6258x80012,SVC-00001974,2022-12-08,Inspection,Michelle Torres,2081.49,1166.04,915.45,Not Applicable,2025-01-10,Active,2025-07-21
VEH-001975,VIN-MISSING,Kia,Sorento,2011,Tan,Plug-in Hybrid,237083,CUST-31896,Craig Acosta DDS,davidvelazquez@example.com,001-695-860-7730,SVC-00001975,2025-03-25,Oil Change,Wanda Gutierrez,1944.04,1052.7,891.34,Expired,2024-07-15,Inactive,2025-01-09
VEH-001976,YUV9V8L9XZLSNGCKX,Toyota,Highlander,2018,Red,Hybrid,177271,CUST-60759,Ashley Collins,nancycollins@example.com,+1-280-640-2940x1167,SVC-00001976,2025-10-01,Battery Replacement,Michelle Torres,2770.24,1561.54,1208.7,Expired,2025-10-06,Inactive,2025-11-19
VEH-001977,D3BAKEPKY9YDWREUF,BMW,3 Series,2016,DimGray,Electric,159723,CUST-45750,Robert Bean,amberalexander@example.net,(738)630-9591x791,SVC-00001977,2026-03-11,Inspection,Edward Allison,1096.91,790.36,306.55,Not Applicable,2026-03-31,Scrapped,2024-01-21
VEH-001978,H7J851LC7R4UY29EW,BMW,X3,2023,Purple,Plug-in Hybrid,192501,CUST-49405,Renee Hernandez,wmills@example.org,372.439.6524x884,SVC-00001978,2023-02-20,Body Work,Sara Marquez,3090.25,1721.87,1368.38,Active,2026-04-04,Inactive,2024-10-25
VEH-001979,4X3MA6UMKZBKMLT3S,Toyota,RAV4,2022,Cyan,Plug-in Hybrid,175172,CUST-49366,Laura Sharp,whitecasey@example.org,(674)853-8768,SVC-00001979,2026-01-09,Inspection,Kathryn Patel,668.57,535.52,133.05,Active,2025-02-13,Scrapped,2026-03-10
VEH-001980,B0W87STX3G1W5DYXH,Mercedes,C-Class,1998,OliveDrab,Electric,41521,CUST-18380,Bradley Rosario,brandi15@example.com,6332914898,SVC-00001980,2023-06-23,Battery Replacement,Brittany Kidd,1510.49,747.61,762.88,Expired,2025-03-12,Active,2024-06-25
VEH-001981,ABC123,Nissan,Pathfinder,2001,DarkOliveGreen,Diesel,67232,CUST-67842,Ashley Guerra,charlesbaker@example.net,600.579.9134,SVC-00001981,2024-07-01,Engine Repair,Travis Contreras,891.42,20.92,870.5,Not Applicable,2025-11-28,Active,2024-09-28
VEH-001982,43PBFWGFLW1BW0M5G,Hyundai,Elantra,2002,Orchid,Plug-in Hybrid,114532,CUST-39801,Brandy Weiss,robertbrown@example.org,+1-359-338-4716x15980,SVC-00001982,2024-10-10,Oil Change,Katherine Bridges,2195.6,768.73,1426.87,Expired,2024-08-18,Active,2026-04-10
VEH-001983,CDKSK0SJF2X501CEN,Nissan,Rogue,2012,Yellow,Gasoline,213088,CUST-11106,Alexander Cole,omcconnell@example.org,709-751-7168x446,SVC-00001983,2025-01-02,Engine Repair,Travis Contreras,1694.53,364.75,1329.78,Not Applicable,2025-03-26,Inactive,2024-03-10
VEH-001984,RV13H79WXK51ZVK3Z,Nissan,Sentra,2009,AliceBlue,Plug-in Hybrid,111329,CUST-22792,Ryan Mitchell,,(350)903-9927,SVC-00001984,2025-03-15,Other,Paul Valencia,877.04,408.74,468.3,Not Applicable,2024-11-18,Scrapped,2023-08-04
VEH-001985,63CU5S2PCYHMJC475,Toyota,Corolla,1997,Gold,Electric,194880,CUST-55584,Maria Rasmussen,,930-483-2074x8309,SVC-00001985,2022-11-13,Engine Repair,Michelle Torres,1158.55,230.57,927.98,Expired,2024-12-21,Scrapped,2025-06-28
VEH-001986,C7LVBV8ZB2BV5R2EF,Toyota,Tacoma,2020,Silver,Hybrid,151139,CUST-67573,Jesse Robertson,richard71@example.org,831.239.3928x63068,SVC-00001986,2025-04-04,Body Work,Sarah Murray,2093.76,855.49,1238.27,Active,2025-08-24,Active,2025-07-09
VEH-001987,RBGG1DV07PGYN7PJF,FORD,Escape,2017,Aqua,Plug-in Hybrid,59877,CUST-57831,David Singh,smartin@example.com,565-860-2505x971,SVC-00001987,2023-07-18,Tire Rotation,Paul Valencia,2363.51,1035.88,1327.63,Expired,2024-10-03,Inactive,2025-05-19
VEH-001988,H3NK37XMGTSGGYYGE,nissan,Altima,2024,Crimson,Gasoline,133405,CUST-47085,Judy Glover,wroberts@example.net,+1-783-259-8583,SVC-00001988,2022-07-01,Oil Change,Sarah Murray,1675.12,202.05,1473.07,Active,2026-03-20,Scrapped,2024-03-17
VEH-001989,836NG3H0MYHYZSA6D,BMW,3 Series,2017,DarkRed,Plug-in Hybrid,213440,CUST-97414,Terry Fitzgerald,clarklisa@example.org,494-582-2057x0948,SVC-00001989,2022-12-29,Engine Repair,Susan Davis,2025.83,810.3,1215.53,Expired,2025-11-15,Active,2023-05-15
VEH-001990,WDK4B05MV2AHNG7AV,Tesla,Cybertruck,2013,Yellow,Hybrid,248855,CUST-34280,Lisa Stephenson,wesleymatthews@example.net,555.277.7715,SVC-00001990,2023-03-26,Oil Change,Michelle Torres,2389.61,1680.65,708.96,Expired,2024-09-06,Inactive,2024-01-27
VEH-001991,INVALIDVIN123,BMW,3 Series,2015,BlueViolet,Electric,206298,CUST-87700,Melissa Kemp,,212-855-8916,SVC-00001991,2024-06-23,Other,Paul Valencia,1979.22,876.02,1103.2,Expired,2025-01-05,Active,2025-12-31
VEH-001992,BT8JYZYN6PKPVAH50,Mercedes,E-Class,2000,WhiteSmoke,Diesel,248577,CUST-96380,Andrew Love,ivanfinley@example.com,001-965-825-7032x762,SVC-00001992,2022-07-02,Engine Repair,Travis Contreras,1271.31,558.95,712.36,Not Applicable,2024-08-31,Inactive,2023-08-09
VEH-001993,J4U0UP5NFCJUR8FTH,Mercedes,S-Class,1996,DarkMagenta,Electric,208797,CUST-92600,Melissa Roberts DVM,johnsonmichael@example.net,559-642-5791x4877,SVC-00001993,2023-10-26,Inspection,Wanda Gutierrez,2298.58,1632.09,666.49,Not Applicable,2026-03-16,Active,2024-10-23
VEH-001994,5F0LCKMXNCRF55MMC,BMW,5 Series,2001,GoldenRod,Gasoline,29007,CUST-42194,Tonya Byrd,cruzanthony@example.com,+1-950-869-3926,SVC-00001994,2023-10-29,Other,Maria Rubio,1888.5,1105.14,412.11,Expired,2026-03-08,Scrapped,2026-02-17
VEH-001995,S8FEUE1WDJZ9NUGE5,Toyota,Corolla,2009,FloralWhite,Hybrid,176736,CUST-29491,Andrea Morales,dwaynechristensen@example.org,+1-692-864-3524x1776,SVC-00001995,2025-10-15,Engine Repair,Brian Rivera,2118.52,1207.08,911.44,Expired,2026-02-04,Inactive,2025-09-05
VEH-001996,13UZZ5DS949HZBD06,BMW,X3,2009,HoneyDew,Hybrid,199574,CUST-74438,Morgan Rice,xjohnson@example.org,414.850.8375x36493,SVC-00001996,2022-12-17,Body Work,Michelle Hays,1031.8,639.28,433.92,Not Applicable,2025-09-16,Active,2025-06-07
VEH-001997,Y4S0CMGM5CS8RJ1D9,Hyundai,Tucson,2024,Teal,Electric,202179,CUST-46055,Aaron Miller,ugraham@example.com,(451)902-5859,SVC-00001997,2022-07-10,Other,Maria Rubio,2239.15,1942.58,296.57,Active,2025-12-15,Active,2025-09-28
VEH-001998,U108HZMZ3GYUVW6XF,Toyota,Tacoma,2001,DarkGoldenRod,Diesel,136934,CUST-80388,Brooke Tucker,anthonysmith@example.com,+1-354-767-5693x38483,SVC-00001998,2025-06-04,Body Work,,2546.08,1796.91,749.17,Not Applicable,2024-04-30,Active,2026-03-25
VEH-001999,TUK2E4690RWXLSR6G,Honda,Pilot,2004,Crimson,Electric,176825,CUST-22667,Jesus Porter,david82@example.org,(824)790-6475x08803,SVC-00001999,2025-07-20,Oil Change,Paul Valencia,2265.14,1935.24,329.9,Not Applicable,2025-11-19,Inactive,2025-02-14
VEH-002000,54TN8USB15P2DLWMZ,Chevrolet,Malibu,2000,Maroon,Diesel,218337,CUST-59291,Richard Deleon,jessicahicks@example.net,001-913-493-6930x618,SVC-00002000,2025-05-17,Body Work,Robert Sanford,2199.98,884.98,1294.25,Expired,2024-07-20,Scrapped,2025-04-08
VEH-001086,D4GKZJTKKBUL3F44C,Nissan,Rogue,2016,DarkGreen,Electric,115706,CUST-90207,Kaitlyn Glenn,jsteele@example.org,+1-649-549-7779x1946,SVC-00002001,2025-10-23,Other,Sara Marquez,3098.91,1721.21,1377.7,Expired,2025-11-18,Active,2024-10-10
VEH-000191,DV1GFHCSMY7HVT70Y,Honda,Civic,2008,MediumOrchid,Hybrid,87527,CUST-85502,Nicole Chen,buchananerica@example.com,001-514-978-7479,SVC-00002002,2022-09-19,Body Work,Charles Nelson,1695.41,1258.12,97.32,Expired,2024-05-31,Inactive,2024-03-25
VEH-000597,U8PB81ZPHFPLM2W7N,Mercedes,C-Class,1995,LightGray,Diesel,125452,CUST-72993,Christopher Brown DDS,harrisjonathan@example.com,(765)915-4787,SVC-00002003,2023-05-24,Inspection,Brian Rivera,1638.14,786.73,851.41,Expired,2024-07-01,Scrapped,2023-06-29
VEH-000487,LZHHD9AFE4344X35C,Nissan,Pathfinder,1999,DarkSlateGray,Plug-in Hybrid,205167,CUST-88642,Gabriel Blevins,christopher36@example.com,473.413.5133x607,SVC-00002004,2023-01-01,Inspection,Jessica Thomas,1993.59,1557.28,436.31,Not Applicable,2024-12-28,Inactive,2024-01-11
VEH-001365,4J3ZGM9ZA47RU3NK9,Nissan,Sentra,2023,Beige,Electric,179903,CUST-14800,Michelle Jones,suzanne12@example.org,998.727.8541x15691,SVC-00002005,2022-12-21,Tire Rotation,Jessica Thomas,639.01,42.68,596.33,Active,2024-10-25,Inactive,2026-04-02
VEH-001406,60LEDHTEV92FFESNE,Mercedes,C-Class,2022,LightCoral,Electric,140955,CUST-49809,Mrs. Erica Clark,awilson@example.com,(932)543-6500x529,SVC-00002006,2023-06-30,Brake Service,Maria Rubio,2269.05,876.86,1392.19,Active,2024-08-22,Inactive,2023-11-17
VEH-001042,J5WV7M7ELT4J6FTCY,Toyota,Highlander,2000,Aqua,Plug-in Hybrid,86146,CUST-29593,Joel Cruz,brianasandoval@example.org,(380)701-4253,SVC-00002007,2024-04-19,Brake Service,David Martin,1695.31,1192.99,502.32,Not Applicable,2024-06-08,Active,2024-05-19
VEH-000684,BL3W185K487CFK5WS,Kia,Telluride,2024,OliveDrab,Gasoline,235845,CUST-23215,Anthony Hudson,joelsmith@example.com,(765)731-3824x61160,SVC-00002008,2024-01-24,Other,Jessica Thomas,1006.69,209.11,797.58,Active,2025-06-14,Inactive,2024-12-23
VEH-000952,99V8114F5RTEB4PKU,Kia,Sportage,2011,Aquamarine,Plug-in Hybrid,139107,CUST-10526,Jennifer Cannon,rzimmerman@example.org,479.521.6136,SVC-00002009,2023-04-05,Battery Replacement,Brittany Kidd,3171.91,1834.82,1337.09,Expired,2025-03-07,Active,2024-06-10
VEH-000464,1LN6VFKNUG735X7Y7,Chevrolet,Traverse,2018,DarkMagenta,Plug-in Hybrid,188105,CUST-40699,Courtney Garcia,johnsonpaul@example.com,472-339-7096x856,SVC-00002010,2023-03-02,Tire Rotation,Michelle Hays,827.43,1.59,1301.5,Expired,2026-01-26,Scrapped,2023-09-24
VEH-001159,XLUZUARN9E6DS4L03,Honda,CR-V,2016,Chocolate,Diesel,147284,CUST-15183,Lisa Griffith,douglas94@example.org,(249)514-3689x07844,SVC-00002011,2026-03-15,Engine Repair,Sarah Murray,1602.3,676.3,926.0,Not Applicable,2025-02-06,Active,2025-08-11
VEH-000397,FMYS1XKEM5M0J99LZ,Chevrolet,Equinox,2017,SkyBlue,Plug-in Hybrid,31570,CUST-81539,David Nash,snydernicole@example.com,3148926167,SVC-00002012,2023-02-20,Battery Replacement,Jessica Thomas,1301.73,498.84,802.89,Expired,2024-05-25,Scrapped,2024-06-26
VEH-001952,6HTZ2JXUVJPLZ4DKN,BMW,X3,1998,LemonChiffon,Plug-in Hybrid,208301,CUST-76097,Edward Adams,yhunt@example.org,957-534-2722x106,SVC-00002013,2022-07-04,Body Work,Sarah Murray,1578.68,292.06,1286.62,Expired,2024-06-09,Inactive,2023-08-08
VEH-000036,SLE5KU6TS1VVM1MPS,Tesla,Model X,2024,Bisque,Plug-in Hybrid,70031,CUST-18861,Virginia Garcia,kimberlyhines@example.net,(381)526-0896,SVC-00002014,2026-04-29,Body Work,Melissa Mendez,1401.2,472.78,928.42,Active,2025-08-10,Inactive,2024-02-12
VEH-001388,SADULJJ1Z7D2CEZ5Y,Chevrolet,Traverse,2014,Chartreuse,Plug-in Hybrid,152438,CUST-95706,Maurice Roberts,gary01@example.com,(991)934-5774,SVC-00002015,2022-11-21,Other,Susan Davis,1481.64,396.01,1085.63,Expired,2025-01-08,Inactive,2023-05-31
VEH-000582,TVA68J5L4R5VE6RAF,Chevrolet,Traverse,2015,LightCoral,Gasoline,144437,CUST-16692,Aaron Howell,wdixon@example.net,856.786.9358,SVC-00002016,2022-09-07,Other,Melissa Mendez,2261.91,1603.9,658.01,Expired,2024-10-12,Scrapped,2025-07-21
VEH-001147,UTGV0CUD543G3ZL86,Toyota,Highlander,2020,DarkGoldenRod,Electric,109935,CUST-11848,Laura Calderon,heather41@example.net,(284)209-5319,SVC-00002017,2024-02-07,Engine Repair,,312.75,155.73,157.02,Active,2025-05-17,Active,2025-05-26
VEH-001044,A099C73SXDVBPLDAE,Toyota,Camry,2002,IndianRed,Gasoline,248582,CUST-58106,Catherine Wolf,,648.772.5845x32769,SVC-00002018,2025-10-15,Inspection,Caitlin Marshall,3616.88,1532.73,1354.47,Not Applicable,2024-07-04,Inactive,2025-09-23
VEH-000052,RGGWVJA5DHDRBH8RW,Honda,Odyssey,2001,SteelBlue,Gasoline,20568,CUST-50961,Nancy Keller,juliewagner@example.net,001-414-781-6497x4475,SVC-00002019,2024-05-11,Battery Replacement,Charles Nelson,1063.98,1160.01,1057.82,Expired,2024-06-21,Inactive,2025-05-25
VEH-000504,S5W8F5X3CRYBSNU4M,Kia,Forte,2015,Blue,Electric,31165,CUST-76170,Leslie Bradley,pbarnes@example.com,648.450.3576x15216,SVC-00002020,2024-07-03,Battery Replacement,Sara Marquez,1508.84,346.17,1162.67,Not Applicable,2024-04-19,Active,2024-09-03
VEH-001619,PHG43ZH1ZXJJZB1BL,BMW,X3,2010,Tomato,Diesel,158899,CUST-17244,Tyler Pennington,torresashley@example.org,314-469-4092x929,SVC-00002021,2025-03-29,Body Work,Brian Rivera,1626.82,870.44,756.38,Expired,2024-06-04,Active,2025-09-01
VEH-000489,ADSCZS7U27SGWEL4F,Nissan,Rogue,2001,Maroon,Diesel,246951,CUST-71132,Benjamin Henry,sandraaustin@example.com,,SVC-00002022,2023-10-31,Oil Change,Edward Allison,1262.54,319.78,942.76,Expired,2024-09-10,Scrapped,2024-11-11
VEH-002000,54TN8USB15P2DLWMZ,Chevrolet,Malibu,2000,Maroon,Diesel,218337,CUST-59291,Richard Deleon,jessicahicks@example.net,001-913-493-6930x618,SVC-00002023,2025-05-17,Body Work,Robert Sanford,2179.23,884.98,1294.25,Expired,2024-07-20,Scrapped,2025-04-08
VEH-000631,210K2ED0VHLS8L13J,Honda,Accord,2009,DarkSeaGreen,Gasoline,21316,CUST-38177,Anna Kennedy,brent15@example.net,218.563.5442,SVC-00002024,2026-05-03,Engine Repair,Michelle Hays,2296.66,1399.58,897.08,Expired,2026-02-10,Scrapped,2024-12-11
VEH-001582,HCHRK8X9C2M9F3TS0,Mercedes,E-Class,2016,Lime,Hybrid,111605,CUST-30068,Noah Vasquez,bdougherty@example.net,+1-375-414-0840x0507,SVC-00002025,2025-01-27,Battery Replacement,Sara Marquez,3021.6,1695.98,1325.62,Not Applicable,2024-06-28,Active,2024-05-24
VEH-000192,WRKTEVWH6SCYB4B5P,Ford,Escape,2021,DarkViolet,Gasoline,13327,CUST-80905,Daniel Thomas,ktravis@example.org,+1-631-474-4187x875,SVC-00002026,2024-03-20,Other,Wanda Gutierrez,2610.15,1198.65,1411.5,Active,2026-01-28,Active,2025-03-31
VEH-000601,A14465KZXLUMTF6PK,BMW,5 Series,2000,SlateBlue,Plug-in Hybrid,218878,CUST-98201,Heather Mathis,nelsonsteven@example.net,+1-727-626-4306x847,SVC-00002027,2025-08-09,Engine Repair,David Martin,3003.75,1663.59,1340.16,Not Applicable,2026-02-02,Active,2023-07-09
VEH-000089,73KJYR4X87ARRLZKT,Nissan,Sentra,2012,Violet,Plug-in Hybrid,146208,CUST-48213,Amanda Collins,,8404583774,SVC-00002028,2022-07-15,Inspection,Brittany Kidd,2854.49,1854.76,999.73,Not Applicable,2024-07-15,Active,2023-12-10
VEH-000878,B25AWHLJXJ7KY3N5H,Tesla,Cybertruck,1997,MediumAquaMarine,Hybrid,128552,CUST-25121,Jennifer Daniels MD,jonescaleb@example.net,812.271.5849x980,SVC-00002029,2024-09-12,Body Work,Caitlin Marshall,285.02,203.51,81.51,Expired,2024-04-21,Active,2025-12-20
VEH-000643,5B8YSK5CBK1AKTZCW,Kia,Telluride,2000,Thistle,Electric,19710,CUST-46632,Donna Davis,joyceroberts@example.org,3148346783,SVC-00002030,2025-07-23,Brake Service,Kathryn Patel,711.87,200.74,511.13,Expired,2024-08-19,Scrapped,2024-01-12
VEH-001506,B2GAAYNP3PG24RRXN,Honda,Pilot,2024,RoyalBlue,Hybrid,106548,CUST-40538,Brian Martin,kristina96@example.net,,SVC-00002031,2025-05-12,Oil Change,Katherine Bridges,1639.55,1515.1,124.45,Active,2026-03-11,Scrapped,2025-10-31
VEH-000523,NSTTS0FWB083A6UN1,BMW,M4,2021,Chocolate,Hybrid,240516,CUST-58212,Jason Johnson,alejandrowatson@example.net,(850)855-1678x85282,SVC-00002032,2025-05-19,Body Work,Katherine Bridges,1708.02,959.11,748.91,Active,2024-12-16,Inactive,2025-07-09
VEH-000061,F6PA880D9AD5N1GXC,Tesla,Model 3,2003,PowderBlue,Hybrid,99347,CUST-28977,James Reynolds,robert67@example.org,262.603.1343x863,SVC-00002033,2022-05-21,Brake Service,Joshua Cooper,2130.1,932.79,1197.31,Expired,2025-12-17,Inactive,2024-07-24
VEH-000609,9RXSFDG8VA2M8Z0M0,BMW,X5,2012,SeaGreen,Hybrid,38395,CUST-66813,Christine Daniels,padillanicole@example.org,5243486335,SVC-00002034,2026-03-23,Other,Katherine Bridges,1319.37,1400.16,280.77,Expired,2025-02-22,Inactive,2023-06-13
VEH-001826,13WD6JZB2TMSGB5NG,Kia,Sportage,2004,Brown,Electric,119358,CUST-44672,Donald White,oanderson@example.com,938.554.2285,SVC-00002035,2023-07-13,Brake Service,Brittany Kidd,3437.54,1954.9,1482.64,Not Applicable,2026-01-10,Scrapped,2025-10-30
VEH-000460,PS3R9628CJ2NU8Y9M,CHEVROLET,Traverse,2010,DarkKhaki,Electric,145314,CUST-51004,Cory Rodgers,randall20@example.com,,SVC-00002036,2025-02-22,Brake Service,Melissa Mendez,1475.45,1161.82,313.63,Not Applicable,2024-12-07,Active,2024-06-02
VEH-001062,70K1CJZZFCFNBASXA,Tesla,Model S,2010,IndianRed,Gasoline,31637,CUST-88048,Thomas Thompson,billyhancock@example.net,539-236-3557,SVC-00002037,2025-10-26,Tire Rotation,Colton Armstrong,1198.4,393.77,804.63,Expired,2025-08-27,Active,2025-11-04
VEH-000585,TZR3WRUNHJ479J1VL,Ford,Escape,2012,Lime,Plug-in Hybrid,81055,CUST-54591,Bradley Harvey,angelicacole@example.com,285-681-6686,SVC-00002038,2025-01-01,Oil Change,Edward Allison,1412.45,373.12,1039.33,Not Applicable,2025-08-24,Inactive,2025-04-14
VEH-000923,YL7KN6V602NX5HLXG,Hyundai,Santa Fe,1997,PowderBlue,Hybrid,90800,CUST-41314,Kristin Taylor,millermichelle@example.net,545.794.3068,SVC-00002039,2025-02-25,Tire Rotation,,1041.61,132.51,909.1,Expired,2025-05-08,Active,2024-08-13
VEH-001142,ZWF8SWWPJV7AJS7WJ,Tesla,Model Y,2013,DarkTurquoise,Plug-in Hybrid,218354,CUST-52187,Adam Solis,christinelopez@example.org,(586)209-1658x589,SVC-00002040,2025-02-13,Tire Rotation,,258.25,68.15,190.1,Expired,2024-12-24,Active,2025-03-21
VEH-001829,M3M45JJFYXWAA9GE1,toyota,Highlander,2002,DarkBlue,Plug-in Hybrid,168889,CUST-81389,Peter Moore,sarah43@example.net,001-658-410-9420x9241,SVC-00002041,2023-12-07,Tire Rotation,Debbie West,2016.89,714.99,1301.9,Expired,2024-11-16,Active,2024-01-10
VEH-000025,ZCFS0AR3K17EMUKRL,Toyota,Highlander,-1,FireBrick,Diesel,138240,CUST-17433,Maria Bennett,eli@example.com,001-397-750-3092x2493,SVC-00002042,2025-01-13,Body Work,Jessica Thomas,433.24,362.96,70.28,Active,2025-05-06,Active,2024-10-23
VEH-000402,1R61ZKL9T4RL4LPSP,Tesla,Model 3,2013,Lime,Electric,184208,CUST-24137,Wayne Williams,kevin56@example.net,239.466.1632x60905,SVC-00002043,2026-03-18,Tire Rotation,Maria Rubio,2163.91,1773.5,390.41,Not Applicable,2024-09-08,Active,2026-03-12
VEH-001630,Y57MU2YBH73RA0XMW,Toyota,Camry,2024,BlueViolet,Hybrid,141281,CUST-69929,Brittney Jensen,gonzaleztodd@example.com,(378)860-1835x5075,SVC-00002044,2025-01-28,Brake Service,Edward Allison,1157.04,366.27,790.77,Active,2026-01-24,Active,2024-01-27
VEH-000912,3G29MC9ELJA7VWCJJ,Mercedes,C-Class,2022,Snow,Hybrid,107011,CUST-60542,Catherine King,miaarmstrong@example.net,(732)634-1411,SVC-00002045,2023-09-20,Body Work,Debbie West,2106.66,1866.91,239.75,Active,2024-12-04,Active,2023-06-16
VEH-001164,YTFCB8HMXDLC3V03S,Toyota,Corolla,2014,LightSalmon,Hybrid,50704,CUST-62015,Shannon Larson,garrettatkins@example.net,(616)472-7819,SVC-00002046,2024-02-24,Brake Service,Melissa Mendez,2640.14,1708.58,931.56,Not Applicable,2024-07-21,Scrapped,2026-03-06
VEH-000107,TXPW2VGB3W44VV235,Honda,Odyssey,2004,Lavender,Diesel,8266,CUST-78376,Michael Reyes,davidmeyer@example.org,999.696.2431x5937,SVC-00002047,2024-06-23,Tire Rotation,Jessica Thomas,2215.71,1059.01,710.16,Not Applicable,2024-07-17,Active,2024-08-06
VEH-000439,4PR6G98CH58TRBB4G,BMW,X5,2018,LightBlue,Hybrid,36933,CUST-32747,Mackenzie Tate,christophermoreno@example.com,280.932.2209x52090,SVC-00002048,2023-05-23,Engine Repair,Michelle Torres,2546.11,1306.94,1239.17,Expired,2024-10-05,Inactive,2024-08-31
VEH-000948,BD0MG0MM20575A747,Ford,Escape,2022,Bisque,Hybrid,176080,CUST-88993,Allison Walls,nelsonkristin@example.net,574-794-4971x81039,SVC-00002049,2025-08-26,Other,Shelley Wilson,2327.57,1058.93,253.28,Active,2024-10-21,Inactive,2023-06-15
VEH-000289,1J5WU5CL3HUESG4RX,Tesla,Cybertruck,2013,MediumOrchid,Plug-in Hybrid,206716,CUST-98129,Mary Avila,spencerashley@example.com,(988)359-4896,SVC-00002050,2024-05-26,Battery Replacement,Susan Davis,1008.93,137.08,871.85,Not Applicable,2026-02-12,Active,2025-07-15
VEH-000800,XY5G9LY74GWPWYP8X,Mercedes,GLE,2024,HotPink,Electric,41345,CUST-87040,Joseph Weaver,,5812945405,SVC-00002051,2026-04-04,Oil Change,Joshua Cooper,1953.54,613.34,1340.2,Active,2025-06-13,Active,2025-04-17
VEH-000658,5VB3S2EAHTP2UAHNP,BMW,X3,2001,RoyalBlue,Diesel,141790,CUST-79807,Tony Lowe,karenbradford@example.org,461.898.3886,SVC-00002052,2024-11-29,Body Work,Michelle Hays,1705.25,698.27,1006.98,Expired,2025-10-27,Active,2025-01-13
VEH-001193,1GXJ9WLSW5VD688X4,honda,Odyssey,2009,SeaShell,Diesel,130310,CUST-78505,Jeffrey Hudson,ymontgomery@example.net,2547487011,SVC-00002053,2025-04-18,Oil Change,Sarah Murray,2214.44,1991.54,222.9,Expired,2025-12-19,Scrapped,2024-11-13
VEH-001121,EPJVV90DR6CHCW8XW,Honda,Pilot,2006,DarkGray,Hybrid,53490,CUST-80102,Gregory Nelson,kpayne@example.net,9338971553,SVC-00002054,2026-04-06,Tire Rotation,Edward Allison,1552.53,507.43,1045.1,Not Applicable,2026-02-09,Scrapped,2026-01-23
VEH-001257,AXCDX1YKE9JWCY101,Ford,Mustang,2009,Brown,Electric,249995,CUST-59098,Christine Larson,christophermelendez@example.com,(604)770-1495,SVC-00002055,2025-04-09,Battery Replacement,,2997.34,1851.95,1145.39,Not Applicable,2026-01-25,Active,2025-04-17
VEH-001776,1HGBH41JXMN10916,Nissan,Pathfinder,2007,DeepPink,Gasoline,246690,CUST-38708,Rhonda Mendez,johnsonmary@example.net,307-640-3835,SVC-00002056,2025-11-24,Brake Service,Edward Allison,3887.57,1055.5,1271.57,Not Applicable,2024-07-05,Inactive,2026-03-28
VEH-000544,LZ6X3TR6CF4WMF5WT,Mercedes,C-Class,2015,Chartreuse,Diesel,216819,CUST-70905,Ashley Lopez,richchad@example.com,+1-557-748-1574x30231,SVC-00002057,2022-12-17,Other,Paul Valencia,2565.44,1373.95,1191.49,Not Applicable,2025-03-01,Scrapped,2025-05-07
VEH-000092,45U4W2ZRG3WCX1HKR,Tesla,Model S,2017,PeachPuff,Gasoline,95144,CUST-16730,Stephen Gates,reneenguyen@example.org,768.696.6494x7538,SVC-00002058,2025-03-11,Engine Repair,,1684.93,1401.69,283.24,Not Applicable,2026-04-12,Scrapped,2023-06-27
VEH-000535,ZC88GVXYGGU2X86DJ,Nissan,Altima,2005,PowderBlue,Electric,184191,CUST-50182,Clinton Miller,jonathanfrench@example.org,001-936-650-3966x81151,SVC-00002059,2025-01-25,Other,Laura Gray,153.64,101.12,52.52,Expired,2025-05-03,Scrapped,2024-05-05
VEH-000261,LY5GZPY1E6U3Z67PL,Kia,Soul,2019,DarkTurquoise,Plug-in Hybrid,21850,CUST-80997,Timothy Salazar,sethstevens@example.com,001-814-739-5460,SVC-00002060,2023-02-26,Engine Repair,Maria Rubio,1324.05,348.35,975.7,Not Applicable,2025-11-27,Scrapped,2025-07-23
VEH-001080,FC8L9M0JZ7X363CVP,Ford,Escape,2012,MidnightBlue,Electric,62231,CUST-64979,Nathaniel Vargas,ngarcia@example.com,6549035291,SVC-00002061,2023-10-23,Inspection,Melissa Mendez,1819.77,865.9,953.87,Expired,2025-05-30,Active,2024-06-09
VEH-001517,KYJNHKJXWUKGL3HEA,Nissan,Frontier,2013,Snow,Electric,134854,CUST-35110,Donna King,mwilliams@example.org,001-814-975-2413,SVC-00002062,2024-11-06,Tire Rotation,,1894.83,1808.19,86.64,Not Applicable,2025-06-05,Scrapped,2024-05-02
VEH-000488,S6J0XJS4SD66FUS26,BMW,X3,2002,LightCoral,Plug-in Hybrid,58312,CUST-32778,Jared Thomas,xbowen@example.net,,SVC-00002063,2025-05-30,Body Work,Paul Valencia,1886.28,1384.89,501.39,Not Applicable,2025-11-16,Inactive,2025-07-28
VEH-000511,Z6UTS5G4JMKT3HZW9,Honda,Odyssey,2023,Indigo,Electric,195080,CUST-26005,Jacob Newman,crystalcollins@example.com,(465)803-6565x8689,SVC-00002064,2022-07-17,Tire Rotation,,1477.15,954.3,522.85,Active,2025-04-18,Inactive,2023-06-19
VEH-001025,NBSWRZRYSGM6JYMEC,Chevrolet,Silverado,2017,Thistle,Plug-in Hybrid,63485,CUST-89617,Alyssa Daniels,jessicaknapp@example.net,367-249-7724x45935,SVC-00002065,2022-10-04,Tire Rotation,Edward Allison,1670.69,1290.25,380.44,Not Applicable,2024-10-20,Scrapped,2025-11-23
VEH-000604,LNXBSWKD2F4XVW76P,Toyota,Highlander,2021,Lavender,Electric,70581,CUST-86160,John Price,stewartduane@example.com,4335079598,SVC-00002066,2025-11-05,Tire Rotation,,1840.08,970.77,869.31,Active,2025-01-01,Active,2024-08-09
VEH-000005,12FK1BD4J4JV2B2BX,Ford,Mustang,2003,CornflowerBlue,Electric,105739,CUST-26144,Matthew Hudson,andre32@example.net,+1-679-977-0199x425,SVC-00002067,2025-07-22,Brake Service,Edward Allison,1187.0,672.42,514.58,Not Applicable,2024-10-08,Scrapped,2024-06-05
VEH-000851,999KPBR50M2D06DY6,Mercedes,E-Class,1995,Plum,Plug-in Hybrid,169342,CUST-21107,Christina Cortez,thoffman@example.com,613-797-8720x09319,SVC-00002068,2022-09-07,Other,Sarah Murray,834.67,679.8,154.87,Expired,2024-12-25,Inactive,2024-03-05
VEH-001792,00000000000000000,Kia,Sorento,2001,Violet,Hybrid,43364,CUST-32437,Steve Smith,johnmann@example.net,+1-344-921-3183x434,SVC-00002069,2023-07-29,Inspection,Laura Gray,2185.3,1827.27,1080.62,Not Applicable,2024-06-24,Active,2024-12-14
VEH-001499,DZ37V39VC24X35E2E,Toyota,Highlander,2017,SlateGray,Hybrid,221462,CUST-45641,Nancy Ramsey,masonjuan@example.org,519-363-4870,SVC-00002070,2025-01-06,Inspection,Brittany Kidd,1434.88,1208.47,226.41,Not Applicable,2025-07-18,Active,2024-12-19
VEH-001065,FPERSCNYS1VJARHTP,Nissan,Pathfinder,2002,PaleGoldenRod,Gasoline,74749,CUST-94717,Amber Pruitt,rowecynthia@example.com,(533)286-1773x64378,SVC-00002071,2026-08-13,Other,Michelle Hays,1720.17,889.71,830.46,Expired,2024-10-16,Scrapped,2024-07-04
VEH-001859,P5ESVZD36GPAUJK7L,Hyundai,Santa Fe,1999,MediumSeaGreen,Gasoline,189342,CUST-19950,Nancy Sanchez,rangelcatherine@example.net,9013867129,SVC-00002072,2022-05-14,Tire Rotation,Kathryn Patel,2477.0,1191.13,1285.87,Not Applicable,2024-10-28,Inactive,2024-06-13
VEH-000571,1HGCM82633AO04747,Kia,Sportage,1999,LightSlateGray,Gasoline,204451,CUST-89148,Bryan Nielsen,mfernandez@example.org,,SVC-00002073,2024-09-07,Body Work,Charles Nelson,1516.93,734.11,782.82,Expired,2024-08-30,Scrapped,2025-02-04
VEH-001673,39D7TVGWUPN15UB2L,Tesla,Model X,2006,DarkSlateBlue,Electric,81924,CUST-96250,Tamara Flores,karlawatson@example.net,572-751-8323x4659,SVC-00002074,2025-11-07,Brake Service,Brian Rivera,947.07,576.04,371.03,Not Applicable,2026-02-22,Scrapped,2026-01-07
VEH-000396,5DY9RRK11SYN4N06F,Tesla,Model X,2001,SeaShell,Hybrid,62268,CUST-18817,Diane Levine MD,jill71@example.com,(252)727-7477x377,SVC-00002075,2023-12-15,Body Work,Paul Valencia,1950.85,1575.91,374.94,Expired,2024-09-19,Active,2024-05-21
VEH-001281,2JDJAK273ADAGYTXZ,Honda,Accord,2024,DarkRed,Hybrid,138338,CUST-74936,Brian Haney,jessica78@example.org,(482)943-3268x46871,SVC-00002076,2022-08-18,Brake Service,Charles Nelson,2388.09,1157.71,1230.38,Active,2026-03-25,Scrapped,2023-06-28
VEH-000759,ZY31SN03EE55H2SFR,Toyota,Camry,2014,GhostWhite,Gasoline,247231,CUST-74628,Emily Morgan,paigerobinson@example.net,001-965-240-9157,SVC-00002077,2023-05-04,Inspection,Robert Sanford,2648.06,1987.23,660.83,Not Applicable,2025-02-16,Inactive,2025-04-15
VEH-000703,H997ML5GX28JLVZM4,Hyundai,Palisade,2024,Salmon,Hybrid,53214,CUST-31199,Carlos Klein,,468-653-0483x3983,SVC-00002078,2026-01-25,Inspection,Melissa Mendez,1246.97,860.05,386.92,Active,2024-07-16,Scrapped,2023-07-20
VEH-000615,V6U465MNJNGP56RFJ,Chevrolet,Malibu,2008,LavenderBlush,Hybrid,135078,CUST-48853,Benjamin Johnson,kimberly62@example.com,886.284.5618x6803,SVC-00002079,2026-09-13,Tire Rotation,David Martin,1490.57,573.58,1084.48,Expired,2025-12-04,Scrapped,2023-06-16
VEH-000743,WFAK4H4JT68EMUU2B,Mercedes,C-Class,2011,Bisque,Gasoline,93965,CUST-31325,Marcus Franklin,william91@example.com,+1-643-585-8452,SVC-00002080,2025-11-19,Tire Rotation,Travis Contreras,1663.13,899.75,763.38,Expired,2024-05-12,Inactive,2024-11-23
VEH-000810,LK2YT7WNK21ADXAJ1,Honda,Civic,2024,DarkViolet,Electric,170826,CUST-18425,Gregory Walker,mriddle@example.org,446-584-3837x018,SVC-00002081,2023-03-09,Tire Rotation,Shelley Wilson,2302.73,891.42,1411.31,Active,2024-09-08,Scrapped,2025-02-04
VEH-001096,GXSPBJAXJWCDCDBGE,Chevrolet,Malibu,2009,LightCoral,Plug-in Hybrid,135356,CUST-19267,Jeremy Hunt,luisferguson@example.com,,SVC-00002082,2023-07-13,Body Work,Colton Armstrong,834.36,48.49,785.87,Not Applicable,2024-10-01,Inactive,2025-04-21
VEH-000991,VF6EU7SAZ5HYPSJMS,Ford,F-150,2020,OldLace,Plug-in Hybrid,147788,CUST-38371,Trevor Stephens,evanstyler@example.org,001-394-911-5114x16559,SVC-00002083,2022-07-27,Oil Change,Sara Marquez,1015.64,806.46,209.18,Active,2024-11-13,Inactive,2023-05-18
VEH-001170,CFJTRN2UXKW3T711Y,honda,Odyssey,2000,Chartreuse,Gasoline,210449,CUST-56412,Maxwell Dixon,amyfernandez@example.org,001-465-363-1753x47986,SVC-00002084,2023-04-25,Tire Rotation,Caitlin Marshall,2643.23,1463.45,1179.78,Expired,2025-09-13,Inactive,2023-11-30
VEH-001803,BUX6F6SY6FYNHNJJ8,Mercedes,C-Class,2005,AliceBlue,Gasoline,88592,CUST-19092,Elizabeth Diaz,brooke53@example.org,902.234.6422x9617,SVC-00002085,2023-07-13,Tire Rotation,Debbie West,1568.52,539.99,1028.53,Expired,2024-09-24,Inactive,2023-04-21
VEH-001272,85JXT5UHWTVR6V0PY,Nissan,Frontier,2009,DarkBlue,Diesel,17124,CUST-10855,Becky Turner,mmorgan@example.org,458-653-7018,SVC-00002086,2023-01-20,Battery Replacement,Brittany Kidd,2692.47,1573.27,1119.2,Not Applicable,2024-05-07,Inactive,2023-11-11
VEH-000868,VH960C7F56VNMH999,Honda,CR-V,2002,SpringGreen,Gasoline,179114,CUST-87646,Joshua Ramirez,janetperez@example.net,(666)393-2554,SVC-00002087,2022-10-09,Tire Rotation,Susan Davis,678.0,597.74,80.26,Not Applicable,2025-04-18,Scrapped,2023-06-25
VEH-001223,EDAVARR1SVFD08D29,HONDA,Pilot,1998,HoneyDew,Hybrid,87013,CUST-87020,Lori Osborne,marcusbowen@example.org,507.993.1467,SVC-00002088,2023-11-13,Tire Rotation,Robert Sanford,808.28,106.85,701.43,Expired,2024-07-25,Scrapped,2025-12-14
VEH-000196,5BZFTM8XBYP0379P3,Tesla,Model X,2013,DeepPink,Electric,31842,CUST-93734,Shelley Vaughn,,+1-918-475-9342x828,SVC-00002089,2025-03-17,Engine Repair,Edward Allison,1599.46,456.24,1143.22,Not Applicable,2025-02-07,Active,2025-10-01
VEH-001830,D1YP4D6PF2J96LZHP,Mercedes,GLC,2001,MistyRose,Hybrid,7876,CUST-89864,Tanya Harris,jamesbyrd@example.net,(668)337-1550x653,SVC-00002090,2026-09-17,Body Work,Debbie West,1944.65,869.15,1075.5,Not Applicable,2024-10-07,Inactive,2025-08-08
VEH-000819,XDFHRGSZJR5GRTSFM,Chevrolet,Traverse,2019,MistyRose,Hybrid,160518,CUST-67212,Kevin Johnson,randy04@example.net,(203)669-3031x164,SVC-00002091,2025-08-22,Oil Change,Sara Marquez,1698.92,499.15,1199.77,Not Applicable,2025-04-14,Inactive,2023-11-18
VEH-000642,1F78A03X6EP7N2HKJ,Hyundai,Santa Fe,1997,DarkMagenta,Gasoline,34200,CUST-58647,Lori Ponce,zbennett@example.org,4875408673,SVC-00002092,2024-10-26,Engine Repair,Sara Marquez,478.42,403.83,74.59,Expired,2025-03-26,Scrapped,2023-05-03
VEH-000899,D8H85NXNVZJJEX18P,Mercedes,E-Class,2020,Brown,Diesel,127571,CUST-74962,Paula Walker,elizabeth60@example.org,(958)859-2645x5754,SVC-00002093,2025-12-08,Oil Change,Maria Rubio,1971.1,1115.88,892.59,Active,2025-03-13,Scrapped,2025-05-26
VEH-001539,6Y2U1EU0RLLNDSXTT,Mercedes,C-Class,2003,DarkSlateGray,Hybrid,231192,CUST-30771,Nichole Morrison,kaufmanjamie@example.com,2795859541,SVC-00002094,2023-10-15,Battery Replacement,Maria Rubio,1957.4,1852.62,104.78,Expired,2026-02-17,Active,2025-10-10
VEH-000375,3NCCXDC3WH5BDXA6S,Kia,Sorento,2021,Cyan,Plug-in Hybrid,55982,CUST-36337,Gregory Lamb,bobbymoses@example.com,001-504-777-0736x0522,SVC-00002095,2024-05-20,Inspection,Travis Contreras,1705.07,1064.58,640.49,Active,2026-01-14,Inactive,2023-11-08
VEH-000755,D33BC3VLPUN0UFXT9,BMW,5 Series,2002,PapayaWhip,Gasoline,249532,CUST-94007,Dorothy Cooper,martinbeverly@example.com,772.983.0879x16027,SVC-00002096,2022-07-09,Battery Replacement,Debbie West,2733.27,1702.7,1030.57,Expired,2025-12-07,Active,2024-07-08
VEH-001217,G0ALP7NV0VMWG5H1S,Chevrolet,Tahoe,1995,PaleGreen,Gasoline,40038,CUST-63206,Jason Palmer,frazierkaren@example.org,8774602966,SVC-00002097,2024-08-23,Body Work,Katherine Bridges,2574.37,436.63,962.34,Expired,2026-02-26,Scrapped,2024-09-03
VEH-000695,KX7R43LYSS6G0NKY0,Toyota,Corolla,2000,RosyBrown,Electric,166901,CUST-49408,Allison Ayala,lorichen@example.net,(257)448-6605x239,SVC-00002098,2025-02-13,Battery Replacement,,1761.61,1532.45,229.16,Not Applicable,2024-10-06,Active,2023-11-30
VEH-000103,P9T4FNNLC30F1553M,MERCEDES,GLC,2004,Bisque,Gasoline,213793,CUST-76391,Patricia Miller,dnash@example.org,234.796.2618,SVC-00002099,2026-04-05,Battery Replacement,David Martin,1508.84,380.28,1128.56,Expired,2024-11-09,Active,2024-09-04
VEH-000387,35JXUDVS9WVBZTYX9,Nissan,Altima,2015,LightCoral,Hybrid,42576,CUST-93211,Meghan Kelly,jamesford@example.com,+1-285-429-1011x57801,SVC-00002100,2025-02-25,Battery Replacement,Shelley Wilson,2211.26,994.02,1217.24,Not Applicable,2025-06-16,Inactive,2024-07-07
VEH-000853,07GY4Y7ZFHAS6EVC1,BMW,X5,2006,LightSlateGray,Electric,229892,CUST-35906,Diana Brown,jenniferriggs@example.net,,SVC-00002101,2023-04-23,Oil Change,Brittany Kidd,2534.04,1448.28,1085.76,Not Applicable,2025-06-18,Inactive,2024-10-12
VEH-001889,6FDB6YEZ4VJWGSYR7,Toyota,Highlander,1996,DeepSkyBlue,Hybrid,13349,CUST-86391,David Melendez,kennethpierce@example.net,+1-725-847-8671,SVC-00002102,2023-06-25,Battery Replacement,Paul Valencia,2970.45,1947.11,1023.34,Not Applicable,2024-04-17,Active,2024-01-26
VEH-001400,ENFP04PR1PEBSL31Y,Honda,CR-V,1996,MintCream,Hybrid,242462,CUST-83057,Tracy Harrell,,+1-424-672-2277x1347,SVC-00002103,2025-04-29,Battery Replacement,Susan Davis,2501.94,1230.29,1271.65,Not Applicable,2025-05-25,Inactive,2023-09-09
VEH-001389,JSGAXRZ6J1CMC8VMU,BMW,X5,2015,Chartreuse,Gasoline,42799,CUST-92527,Kim Wolfe,kristina44@example.com,9595184767,SVC-00002104,2025-12-11,Battery Replacement,,3287.93,1903.74,1384.19,Expired,2024-09-18,Scrapped,2024-08-30
VEH-001032,E7ARMXMFEKUDNEAMN,Hyundai,Palisade,2003,LightPink,Hybrid,235637,CUST-94832,Steven Thomas,lisacoleman@example.com,(368)638-5486,SVC-00002105,2023-07-25,Other,Travis Contreras,1915.76,984.85,930.91,Expired,2025-12-07,Scrapped,2024-11-24
VEH-001981,ABC123,Nissan,Pathfinder,2001,DarkOliveGreen,Diesel,67232,CUST-67842,Ashley Guerra,charlesbaker@example.net,600.579.9134,SVC-00002106,2024-07-01,Engine Repair,Travis Contreras,891.42,20.92,870.5,Not Applicable,2025-11-28,Active,2024-09-28
VEH-000499,DTWV7TJJFBVL5D1LP,Mercedes,GLE,1995,SeaGreen,Hybrid,79152,CUST-18940,Albert Owens,joshuapetty@example.net,881-260-1446x0455,SVC-00002107,2025-12-13,Engine Repair,,1802.51,1202.61,599.9,Not Applicable,2024-12-29,Scrapped,2024-04-20
VEH-001982,43PBFWGFLW1BW0M5G,Hyundai,Elantra,2002,Orchid,Plug-in Hybrid,114532,CUST-39801,Brandy Weiss,robertbrown@example.org,+1-359-338-4716x15980,SVC-00002108,2024-10-10,Oil Change,Katherine Bridges,2195.6,768.73,1426.87,Expired,2024-08-18,Active,2026-04-10
VEH-001333,8JBR6M4UV1TFEWD8X,Ford,Explorer,2010,Aquamarine,Gasoline,22212,CUST-40145,Vanessa Guerrero,terri03@example.net,670.285.7771,SVC-00002109,2024-04-25,Inspection,Sarah Murray,1102.51,967.99,134.52,Expired,2024-09-21,Inactive,2023-12-09
VEH-000659,HLTTTDY0F1X5ZCMS6,Tesla,Model S,2016,Chartreuse,Diesel,20887,CUST-11063,Kimberly Patrick,wagnerryan@example.com,+1-834-852-9278x427,SVC-00002110,2024-02-01,Other,Melissa Mendez,1129.09,677.72,451.37,Not Applicable,2025-08-28,Active,2024-04-19
VEH-001401,NPJYWGYXPU03DGNWT,BMW,5 Series,2008,Green,Diesel,83405,CUST-47062,Sarah Moore,pmoses@example.net,236-906-1545x82081,SVC-00002111,2024-10-29,Brake Service,,2217.52,785.37,1432.15,Not Applicable,2025-07-02,Scrapped,2025-02-20
VEH-001674,8W0WSTPGLZBBTHML1,Honda,Accord,1997,DarkRed,Plug-in Hybrid,130769,CUST-41343,Christina Ramos,lowerymichael@example.org,841.599.2493x19731,SVC-00002112,2024-08-09,Battery Replacement,Michelle Hays,1402.36,263.25,1139.11,Expired,2024-04-24,Scrapped,2024-06-29
VEH-001752,SRP27F9VHBRAC78GC,Ford,Bronco,2009,LightYellow,Electric,91898,CUST-23175,Dawn Booth,angelapierce@example.com,(237)742-4999,SVC-00002113,2023-02-09,Brake Service,Laura Gray,1362.04,1296.22,65.82,Expired,2025-11-16,Inactive,2023-08-28
VEH-001226,HTWJ2C9GRA9Z29ETU,Hyundai,Elantra,2019,Yellow,Electric,102515,CUST-98234,Chris White,amyvazquez@example.com,,SVC-00002114,2022-09-04,Oil Change,Michelle Hays,1873.01,1601.54,271.47,Expired,2026-02-20,Scrapped,2023-11-28
VEH-001487,ANC91AUXAHZSTZF8A,BMW,5 Series,2022,Magenta,Gasoline,26872,CUST-94247,Clayton Miller,williamspaul@example.org,(333)696-6513x59192,SVC-00002115,2022-11-14,Oil Change,Brittany Kidd,2136.84,1387.1,749.74,Active,2025-07-16,Inactive,2025-07-22
VEH-001472,LFXDN8D0XTJ43229E,Ford,Escape,2014,PaleGreen,Plug-in Hybrid,211173,CUST-20157,Robert Park,iallen@example.com,001-587-608-7369x9595,SVC-00002116,2023-11-25,Engine Repair,Michelle Hays,1304.64,473.89,830.75,Expired,2026-03-16,Inactive,2023-08-09
VEH-001201,Y30FE6NHM8048JMK2,Nissan,Pathfinder,2003,LightSlateGray,Gasoline,150592,CUST-35425,Scott Wright,alexanderroger@example.com,(569)725-2226,SVC-00002117,2022-09-25,Tire Rotation,Caitlin Marshall,2174.52,982.92,1191.6,Expired,2024-09-14,Scrapped,2023-05-10
VEH-000153,69D53F6CX42MWY1YH,Chevrolet,Traverse,2017,DarkViolet,Electric,21598,CUST-29219,Michelle Reyes,murphymonica@example.net,+1-918-555-7461,SVC-00002118,2024-11-09,Engine Repair,Michelle Torres,1699.96,984.48,715.48,Not Applicable,2026-02-01,Active,2025-07-03
VEH-001686,2J5T5TW88147AWUL5,Mercedes,GLC,2015,PaleVioletRed,Hybrid,132035,CUST-89092,Jason Stewart,kochshannon@example.org,645-810-1821x6711,SVC-00002119,2026-06-25,Inspection,Brittany Kidd,1930.74,1852.83,77.91,Not Applicable,2025-07-25,Scrapped,2024-06-29
VEH-001430,JHST2W6X7RN2CC44J,Nissan,Pathfinder,2010,Orchid,Electric,132467,CUST-71392,James James,saralopez@example.net,(562)786-9624x975,SVC-00002120,2022-11-25,Oil Change,Shelley Wilson,2432.31,957.5,1474.81,Expired,2024-08-02,Active,2023-10-30
