transaction_id,account_id,customer_id,customer_name,email,phone,transaction_date,amount,transaction_type,currency,merchant,merchant_category,balance,credit_limit,fraud_flag,status,card_number,routing_number,last_updated
TXN-00000001,ACC-6237492,CUST-30128,Joel Hall,jamie79@example.org,323.931.6716x29968,2020-03-24,9158.06,Debit,USD,,Online,43485.72,47395.74,0,Reversed,5680972581568541,489311064,2023-06-02
TXN-00000002,ACC-2118934,CUST-77303,Elizabeth Maddox,kenneth23@example.org,(821)956-0232x474,2022-05-21,5479.81,Transfer,CAD,,Entertainment,47405.26,65974.3,0,Completed,9206955231156242,944721129,2023-08-06
TXN-00000003,ACC-5638123,CUST-23896,Brandi Snyder,michael13@example.com,9356979780,2023-03-14,7800.24,Refund,EUR,Donovan-Davis,Travel,19519.81,51915.99,0,Reversed,1510690799887172,869262479,2023-06-29
TXN-00000004,ACC-9062552,CUST-48343,Jose Butler,ywilliamson@example.org,+1-236-493-9499x572,2022-11-23,11351.28,Debit,USD,,Travel,7870.19,42579.01,0,Reversed,7600397845002416,498927805,2020-07-07
TXN-00000005,ACC-2515453,CUST-71438,Steven Martin,turnersuzanne@example.org,546-381-3893,2023-01-12,14725.9,Fee,EUR,Morgan and Sons,Entertainment,26246.37,89458.73,0,Failed,6568611877889990,737501776,2024-09-08
TXN-00000006,ACC-3240052,CUST-70315,Jeffrey Jennings,bailey35@example.net,+1-724-393-7104x17628,2024-01-24,351.54,Debit,EUR,"Parker, Crosby and Thomas",Online,20730.63,16123.49,0,Reversed,9234144134823805,344812050,2022-08-23
TXN-00000007,ACC-8187582,CUST-51465,Danielle Smith,jenkinsmary@example.net,803-297-6211x880,2024-08-14,$10189.81,Transfer,CAD,"Watts, Fuller and Morris",Online,28447.05,4555.24,0,Failed,8635831762915251,175807584,2023-07-08
TXN-00000008,ACC-4397806,CUST-87771,Ryan Gordon,rodriguezdeborah@example.org,699-312-0624,2022-12-10,$11866.03,Credit,CAD,"Hampton, Morgan and Hayes",Grocery,20746.32,32082.06,0,Pending,8582942420866779,726190692,2020-05-12
TXN-00000009,ACC-6075106,CUST-58443,Nicole Jones,udeleon@example.com,+1-615-509-9575x68113,2022-11-10,4806.42,Fee,JPY,Hunt-Woods,Dining,29927.67,56224.81,0,PENDING,9282531893848262,541334646,2021-02-24
TXN-00000010,ACC-9036062,CUST-62244,Daniel White,megangreen@example.org,+1-428-822-3596x347,2020-06-11,7877.09,Debit,EUR,Martin Inc,Dining,42992.85,95989.0,0,Pending,2876145664672445,687532232,2024-12-04
TXN-00000011,ACC-9774395,CUST-94354,Devin Wallace,ashleyfisher@example.org,273.208.7240x364,2022-03-03,12109.3,Credit,CAD,Oneal Inc,Entertainment,4538.3,92911.43,0,Reversed,1115758273571600,227154328,2020-04-06
TXN-00000012,ACC-3461797,CUST-87264,Carmen Moses,albert46@example.net,365.417.2775x329,2023-02-10,6820.5,Debit,JPY,Mccarthy-Hawkins,Travel,6163.74,48623.72,0,Failed,9378815459778440,149628534,2021-05-11
TXN-00000013,ACC-8721573,CUST-76982,James Fitzgerald,gcarter@example.com,001-430-601-5903,2023-06-11,10707.86,Refund,CAD,Barnes Inc,Travel,1734.06,49592.15,0,Failed,6805830812178976,574872187,2021-04-28
TXN-00000014,ACC-4657775,CUST-23126,Cynthia Silva,susanhunter@example.com,264.845.6630,2021-10-23,11096.16,Transfer,GBP,"Watts, Fuller and Morris",Grocery,38180.08,84146.57,0,Reversed,1536685630802533,663497143,2022-09-06
TXN-00000015,ACC-9666745,CUST-45893,Erik Brown,kerri40@example.com,(244)465-1571x79230,2023-12-26,9268.2,Transfer,GBP,Roach-Brooks,Healthcare,33612.84,74175.92,0,Pending,2714225061012046,431323196,2024-12-23
TXN-00000016,ACC-2718032,CUST-29973,Christina Gibbs,rhondaadams@example.com,650-674-2982x80379,2021-04-09,7251.22,Transfer,USD,Day-Garcia,Dining,2096.02,92054.88,0,Reversed,2865631374479746,746113933,2020-06-01
TXN-00000017,ACC-8555354,CUST-90990,Anthony Brown,ryan97@example.com,+1-803-864-9644x221,2022-07-03,11154.95,Fee,USD,Long PLC,Travel,28930.36,44353.15,0,Failed,6851798593945782,382828526,2022-04-23
TXN-00000018,ACC-4890678,CUST-65477,Kelly Flynn,,001-934-485-9635,2024-01-26,14644.91,Refund,GBP,Jones Ltd,Retail,28512.5,30051.0,0,Pending,3207623188604582,914307019,2022-10-18
TXN-00000019,ACC-9358735,CUST-57979,Steven Gonzalez,stewartkiara@example.net,(205)279-4815x7581,2022-07-16,7590.73,Debit,CAD,Rice-Robbins,Entertainment,10019.79,12783.5,0,PENDING,2711934074474414,863076502,2020-03-18
TXN-00000020,ACC-7178860,CUST-96755,Jacob Parker,bryan45@example.com,279.584.8002,2026-10-26,$2051.01,Debit,EUR,Anderson Group,Entertainment,41408.25,33811.25,0,Completed,7158710821306684,773052297,2024-02-22
TXN-00000021,ACC-7527363,CUST-13141,William Snyder,ramosalexandra@example.net,(917)583-2250x9155,2022-08-13,3814.72,Debit,GBP,Morgan and Sons,Dining,11995.67,43853.18,0,Failed,7369389430046658,897801414,2023-07-18
TXN-00000022,ACC-9171446,CUST-45092,Todd Lopez,richardjohnson@example.com,(342)469-8832x099,2024-02-26,8584.74,Fee,USD,Brown Group,Retail,27010.85,65379.87,0,Completed,6516121536473712,182594982,2022-11-17
TXN-00000023,ACC-5809679,CUST-22960,Daniel Tran,ballchristian@example.net,556-672-7857x302,2021-04-11,9966.23,Transfer,GBP,"Russell, Wright and Graves",Online,19926.72,55629.33,0,Completed,5180433289768368,409024558,2020-02-22
TXN-00000024,ACC-3103442,CUST-80256,Karen Ramos,phillip33@example.net,001-509-421-3701,2022-04-09,11039.29,Transfer,EUR,Day-Garcia,Grocery,5987.3,81226.13,0,Reversed,6699148472994066,225171515,2023-02-16
TXN-00000025,ACC-3065514,CUST-88614,Mr. Timothy Lee,kimkeith@example.net,743.241.8815x7651,2024-03-08,13360.43,Refund,JPY,"Wright, Marsh and Huffman",Dining,20488.61,45789.57,0,Completed,3286613574574940,398376580,2020-12-22
TXN-00000026,,CUST-27516,Jorge Dougherty,cathy21@example.net,715-617-6386x1890,2026-06-02,12169.71,Debit,GBP,Hansen LLC,Grocery,46046.83,14308.3,0,Pending,8171793646167897,624224538,2022-01-03
TXN-00000027,ACC-8588997,CUST-90513,Lydia Walker,leetiffany@example.org,(855)299-5397x205,2020-05-27,9258.15,Transfer,EUR,"Watts, Fuller and Morris",Healthcare,315.34,47960.95,0,Reversed,2970549458131440,762263984,2020-12-02
TXN-00000028,ACC-8682643,CUST-49851,Jason Goodwin,,(959)373-9670,2024-10-09,3169.73,Refund,GBP,Brown Group,Healthcare,38731.64,35695.72,0,Reversed,1860280272875035,625721452,2024-03-19
TXN-00000029,ACC-6984503,CUST-94259,Michael Johnson,paulchristopher@example.org,+1-603-722-3235x4337,2022-02-20,1924.05,Fee,GBP,Jacobs Inc,Entertainment,10518.36,57193.55,0,Reversed,8187715453042518,420652120,2023-05-29
TXN-00000030,ACC-6425355,CUST-10325,Jeffrey Mathis,ijohnson@example.com,441.421.6382x4596,2021-01-01,675.2,Transfer,GBP,"Wells, Anderson and Robinson",Travel,10424.76,85973.18,0,Failed,5191754288823304,293883347,2022-12-28
TXN-00000031,ACC-8865527,CUST-41614,Cristina Oliver,sthomas@example.net,339-260-9960x793,2021-04-23,13659.12,Credit,GBP,"Warren, Rose and Bell",Healthcare,11049.04,1078.57,0,Completed,7124890057904243,259790935,2022-01-02
TXN-00000032,ACC-8683770,CUST-78941,Brendan Soto,djones@example.net,765-535-9851,2022-11-24,1392.38,Refund,CAD,Logan-White,Travel,12666.08,78385.1,0,Pending,1132574312286279,406461916,2021-05-14
TXN-00000033,ACC-9620683,CUST-35469,Brittney Espinoza,angelavaldez@example.org,824-695-0152x800,2020-04-16,6612.46,Fee,GBP,Johnson LLC,Grocery,32356.89,43067.66,0,Completed,9780887149842405,435028764,2021-02-26
TXN-00000034,ACC-5197166,CUST-39994,Tammy Martinez,sean79@example.net,824.569.6492,2022-06-06,8734.67,Refund,CAD,"Wright, Marsh and Huffman",Entertainment,15890.91,93893.55,0,Completed,8960998622719991,589741809,2020-07-18
TXN-00000035,ACC-6370110,CUST-65475,Lisa Hart,ghicks@example.org,001-666-499-3005x476,2021-09-08,680.54,Debit,GBP,Williams-Spence,Online,33405.09,63455.32,0,Reversed,9977103733398009,982581569,2023-03-30
TXN-00000036,ACC-2209670,CUST-58796,Lisa Parker,marydavis@example.net,325.951.2669,2021-06-23,$0.0,Debit,EUR,"Salazar, Henderson and Price",Dining,11841.75,81054.92,0,Completed,4025419818884031,639235838,2022-06-03
TXN-00000037,ACC-6622669,CUST-12472,Catherine Gonzales,hhuffman@example.org,(790)286-6022x96316,2023-10-14,13114.24,Transfer,EUR,Hunt-Woods,Healthcare,48828.74,69446.86,0,Completed,5739351314477614,539007575,2022-09-10
TXN-00000038,ACC-3376786,CUST-12502,Christopher Poole,tiffany03@example.com,976-909-7137,2020-07-14,550.5,Refund,JPY,Donovan-Davis,Travel,15409.37,26353.36,0,Pending,3109322332385552,140113126,2020-03-05
TXN-00000039,ACC-3189287,CUST-34142,Claire Gray,greenlori@example.com,(508)766-4786,2023-09-23,14868.21,Debit,USD,"Warren, Rose and Bell",Dining,11221.41,97754.19,0,Completed,2566175922372865,914073126,2021-03-01
TXN-00000040,ACC-2694981,CUST-35223,Melissa Wright,flynndavid@example.net,415-435-4318x7050,2021-04-11,3840.76,Debit,GBP,Case Inc,Dining,14990.74,23139.09,0,Pending,3593498551646497,993786805,2024-10-27
TXN-00000041,ACC-6104959,CUST-34336,Jason Taylor,,308-840-7493x834,2022-10-22,6176.1,Refund,GBP,Oneal Inc,Healthcare,13807.07,13497.8,1,Reversed,8015108138385320,726689236,2022-11-14
TXN-00000042,ACC-1914505,CUST-86459,David Todd,deborah28@example.com,240-529-1332x276,2021-12-31,6451.01,Debit,JPY,Williams-Spence,Online,9263.0,18212.9,0,Pending,5533690639058731,991611042,2021-04-20
TXN-00000043,ACC-3979023,CUST-60285,Catherine Martinez,hatfieldsara@example.com,806.543.8551x29986,2022-04-07,5343.49,Transfer,GBP,,Retail,41659.38,10119.4,0,Reversed,7391358370575035,786744780,2022-11-12
TXN-00000044,ACC-2765405,CUST-44943,Kelly Johnson,lauriesmith@example.com,(790)546-3507x7318,2022-08-26,909.15,Transfer,EUR,Donovan-Davis,Dining,45764.18,42232.42,1,Failed,3609572782345436,921073156,2022-03-17
TXN-00000045,ACC-4496008,CUST-83556,Julia Allen,brooke40@example.net,533-524-3350x69844,2023-04-03,6514.82,Refund,Euro,Williams-Spence,Utilities,15547.93,24099.2,0,Pending,5745431873619091,736074159,2020-11-04
TXN-00000046,ACC-8678370,CUST-94523,Lisa Martin,victor12@example.com,+1-906-864-4856,2023-11-30,4467.5,Refund,EUR,Wolfe-Holden,Travel,16607.12,9097.83,0,Failed,4481569577309987,452749546,2022-10-21
TXN-00000047,ACC-7928298,CUST-23273,Carolyn Curry,jennifer12@example.com,001-601-718-3606x37055,2026-07-12,$11236.37,Fee,EUR,Morgan and Sons,Online,11940.73,58197.36,1,Pending,9951226478032575,480624969,2024-10-28
TXN-00000048,ACC-7604374,CUST-77537,George Cook,hoodgregory@example.org,001-486-414-5094x138,2023-09-05,3369.44,Debit,JPY,David-Martinez,Grocery,47290.2,9246.94,0,Completed,9144441187653143,507527532,2020-04-30
TXN-00000049,ACC-1068231,CUST-22506,Patricia Brown,milleralbert@example.org,+1-219-305-0442x81645,2021-07-14,7073.22,Fee,CAD,Brown Group,Online,7885.33,83179.67,0,Completed,3292733455074407,226513239,2020-09-26
TXN-00000050,ACC-4296040,CUST-87614,Nicholas Graves,,(434)745-5658x2476,2024-04-22,14688.19,Transfer,JPY,Bishop PLC,Entertainment,48941.81,40424.96,0,Failed,3361369473665858,469874714,2024-03-17
TXN-00000051,ACC-2826783,CUST-70294,Shannon Kelly,danderson@example.com,6118600268,2020-10-11,6082.19,Fee,CAD,"Watts, Fuller and Morris",Healthcare,45816.64,19934.24,0,Pending,7478529692842309,817012115,2020-08-12
TXN-00000052,ACC-5901155,CUST-84338,Shawn Hamilton,silvabrandon@example.net,363.577.5557x943,2022-07-31,2723.24,Credit,CAD,"Wright, Marsh and Huffman",Online,20387.38,91193.28,0,Reversed,4673457963844615,744333516,2020-08-15
TXN-00000053,ACC-6870420,CUST-84870,Veronica Wallace,davisfrank@example.com,352.929.3862,2020-02-26,493.41,Credit,JPY,Oneal Inc,Travel,47774.59,11636.18,1,Failed,1555233241894709,348704170,2021-07-11
TXN-00000054,ACC-8034050,CUST-73180,Christina Barrett,xmorgan@example.org,+1-972-375-1315x8620,2023-09-07,14580.96,Debit,GBP,"Hampton, Morgan and Hayes",Retail,10379.93,91846.55,0,Completed,9937534624512017,176406146,2024-11-06
TXN-00000055,ACC-5211842,CUST-81356,Sarah Armstrong,thomas78@example.com,507-894-5393x4112,2020-07-05,6512.69,Credit,JPY,"Salazar, Henderson and Price",Healthcare,29825.02,4732.03,1,Completed,1408177961043646,141502816,2020-11-04
TXN-00000056,ACC-7995994,CUST-25606,Jason White,brandon96@example.com,001-920-764-7405x503,2022-04-07,7944.79,Fee,USD,Wolfe-Holden,Retail,41455.08,42305.68,1,Completed,5037578333652998,926468012,2021-02-14
TXN-00000057,ACC-6072816,CUST-82550,Steven Fitzgerald,morristracy@example.org,778-971-2372x873,2026-11-09,$3867.63,Debit,USD,"Baker, Pierce and Lynch",Utilities,44713.59,93518.96,0,Completed,7970200588322575,621477174,2024-09-10
TXN-00000058,ACC-7411540,CUST-17701,Sean Howard,edward65@example.org,001-899-890-9547x17741,2020-06-12,14088.2,Transfer,JPY,Gardner and Sons,Retail,29379.75,21335.48,0,Completed,4330321526016069,977154054,2020-02-03
TXN-00000059,ACC-1072278,CUST-31177,Michael Fox DDS,norrissarah@example.org,+1-260-208-0443x58351,2022-12-02,14945.38,Fee,USD,Morgan and Sons,Retail,14824.48,46929.11,0,Pending,9742852659006195,246799231,2022-09-19
TXN-00000060,ACC-4575673,CUST-67165,Ryan Johnson,bburton@example.org,001-945-630-0734x152,2022-09-02,14008.33,Fee,GBP,,Dining,3291.69,93014.18,0,Reversed,4072217549132305,140275218,2023-07-28
TXN-00000061,ACC-7357739,CUST-26005,Brittany Miller,amandasanchez@example.org,+1-943-680-1808x753,2024-05-21,7490.01,Fee,GBP,Hunt-Woods,Travel,30540.64,12008.68,0,Completed,6707565217842247,862342195,2021-05-01
TXN-00000062,ACC-7894842,CUST-88225,Wesley Hardy,johnsonevan@example.com,+1-474-658-6189x4206,2023-09-20,1236.48,Refund,EUR,Johnson Group,Retail,16443.53,33818.13,0,Failed,6642652337396294,288442075,2024-03-31
TXN-00000063,ACC-1033832,CUST-28209,Joyce Anderson,francokaren@example.org,(236)555-2205x384,2023-07-20,9839.99,Transfer,GBP,Case PLC,Retail,36849.48,89448.7,0,Failed,9529961368807978,519217514,2023-05-23
TXN-00000064,ACC-4706182,CUST-17648,Troy Garcia,zfrank@example.org,+1-754-267-2390x441,2020-03-03,4235.26,Transfer,USD,Martin Inc,Utilities,28295.76,95014.18,0,Reversed,6699758444116990,490908237,2024-05-12
TXN-00000065,ACC-4090890,CUST-68753,Ronald Jones,marysantiago@example.org,763-654-7658x488,2023-07-30,7573.23,Credit,JPY,Long PLC,Dining,44268.89,85322.04,0,Pending,6924763770121424,378088986,2022-02-22
TXN-00000066,ACC-2392561,CUST-48543,Monica Ortiz,colemanashley@example.org,001-848-367-3702x197,2024-10-25,13109.53,Transfer,USD,Anderson Group,Grocery,23558.75,66670.35,0,Reversed,3949527016639387,577900702,2024-05-12
TXN-00000067,ACC-7909697,CUST-63631,David Taylor,fturner@example.com,(725)251-4588,2023-01-13,$12120.5,Fee,USD,"Roberts, Joyce and Sanchez",Healthcare,43785.91,1339.61,0,Reversed,3221978633051126,606497318,2022-04-14
TXN-00000068,ACC-6891727,CUST-96455,Christopher Richards,carralejandro@example.org,2269390019,2020-11-26,2527.92,Debit,EUR,Long PLC,Entertainment,24825.86,12020.75,0,Pending,3539565112159782,398197430,2022-08-22
TXN-00000069,ACC-5985521,CUST-14187,Latoya Nelson,kevinatkins@example.net,9602771872,2020-01-03,4901.47,Transfer,USD,Roach-Brooks,Healthcare,7355.01,20067.87,0,Completed,4738711126672891,364435446,2021-12-11
TXN-00000070,ACC-6275068,CUST-35459,Ernest Lowe,elizabethjackson@example.com,(594)239-7422x5779,2021-10-14,10005.37,Refund,EUR,Hunt-Woods,Entertainment,41215.16,94623.58,0,Reversed,5739292768889017,697563674,2020-03-24
TXN-00000071,ACC-3141204,CUST-80837,Mathew Garcia,jamie23@example.org,(413)401-9386,2020-02-05,8982.12,Credit,USD,Castillo-Holmes,Retail,22950.24,24786.14,1,Failed,6397497459362264,758487666,2021-11-12
TXN-00000072,ACC-2604018,CUST-95955,Vincent Wright,mgarcia@example.com,961.447.5629,2021-06-21,13073.87,Transfer,JPY,Mccarthy-Hawkins,Dining,5875.51,76449.13,0,Failed,3111159638712392,788869169,2022-11-10
TXN-00000073,ACC-7468051,CUST-39099,Gerald Costa,frostsarah@example.net,001-844-546-9048x835,2024-03-28,10112.18,Transfer,JPY,Mccarthy-Hawkins,Grocery,46280.09,23103.99,0,Reversed,2890339025944635,984663831,2023-09-15
TXN-00000074,ACC-5018995,CUST-62756,Katherine Cervantes,htran@example.org,777-610-8696,2023-05-06,$9308.67,Fee,USD,Logan-White,Utilities,45197.5,45018.65,0,Failed,6643907770966014,849335149,2024-04-22
TXN-00000075,ACC-1011118,CUST-64932,Jack Johnson,jamespowell@example.com,001-714-307-7142x10543,2023-05-19,313.33,Refund,CAD,"Watts, Fuller and Morris",Grocery,37857.8,19470.67,0,Failed,3510951699008031,115862045,2022-02-11
TXN-00000076,ACC-8712448,CUST-41534,Brett Hall,patricia97@example.net,001-992-929-1080,2021-04-23,1000.63,Refund,GBP,"Warren, Rose and Bell",Online,1947.78,33824.39,0,Completed,7538621533578277,544931228,2020-07-09
TXN-00000077,ACC-6013718,CUST-87037,Jacqueline Lambert,chelsea91@example.net,+1-528-692-1769x603,2023-02-04,13896.69,Credit,EUR,Jacobs Inc,Travel,20621.86,56453.74,0,Failed,4185884675283633,787353394,2023-06-09
TXN-00000078,ACC-9370105,CUST-33638,Ronald Jordan MD,uhartman@example.com,550-718-6050,2021-10-23,12733.27,Credit,CAD,Morgan and Sons,Entertainment,14435.93,30828.1,0,Pending,5104385244835939,650060512,2020-01-10
TXN-00000079,,CUST-50345,Dr. Sherri Sherman,hubervictor@example.com,614-907-6703,2020-08-14,11502.0,Transfer,GBP,Donovan-Davis,Dining,13332.29,45982.55,1,Completed,6367975865386166,592349166,2021-07-31
TXN-00000080,ACC-3921201,CUST-75403,Jonathan Foster,timothyevans@example.com,562-525-0747x6219,2023-02-27,12687.75,Refund,USD,Hunt-Woods,Healthcare,29040.43,3850.63,0,Failed,8408200649184488,337966137,2023-09-07
TXN-00000081,ACC-5884127,CUST-57033,Emma Perez,longkrista@example.net,907.319.9257x511,2021-01-06,2166.41,Debit,USD,Logan-White,Entertainment,39638.82,67890.0,0,Reversed,4708175555791331,989207834,2020-10-13
TXN-00000082,ACC-2520785,CUST-68015,Scott Johnson,justinherrera@example.com,367-431-1017x66027,2020-11-19,9076.71,Credit,JPY,Morgan and Sons,Entertainment,19311.65,90577.28,1,Pending,3146143359482425,537303805,2022-08-08
TXN-00000083,,CUST-99718,Angela Hill DVM,richard10@example.org,001-634-781-0033,2021-05-08,8123.84,Fee,EUR,Bishop PLC,Dining,38339.48,90612.08,1,Pending,8779108174914625,235508256,2024-08-05
TXN-00000084,ACC-4869297,CUST-86856,Kenneth Rodriguez,icollins@example.org,365-598-1157,2020-11-17,$5324.59,Fee,USD,Castillo-Holmes,Utilities,1167.36,22329.43,0,Pending,3477173878482560,820936490,2023-04-13
TXN-00000085,ACC-4550837,CUST-58977,Michael Wade,john79@example.org,+1-306-939-6824,2023-06-21,731.71,Debit,JPY,Tucker Ltd,Online,28610.94,64655.71,0,Completed,1033195213554011,860996453,2023-04-06
TXN-00000086,ACC-4090461,CUST-54631,Mallory Lynn,egarcia@example.org,+1-358-425-0843x42112,2022-02-10,$9720.64,Transfer,JPY,"Wells, Anderson and Robinson",Utilities,21229.49,38301.5,0,Failed,1040836433364717,100505160,2021-08-08
TXN-00000087,ACC-4643930,CUST-27919,Nicole Jackson,greenlance@example.com,7546332125,2024-03-01,$11908.93,Debit,USD,Johnson Group,Online,16878.5,80576.34,0,Completed,5667643171745745,573619085,2024-02-12
TXN-00000088,ACC-2984236,CUST-90601,Thomas Hill,jodiwhite@example.org,381.805.0898x940,2021-08-28,4319.45,Transfer,EUR,"Roberts, Joyce and Sanchez",Retail,11875.67,2272.01,0,Reversed,9174801078938012,465052178,2020-04-29
TXN-00000089,ACC-8014394,CUST-18768,Julia Sanchez,,001-907-638-5153x4356,2020-09-13,5169.34,Credit,CAD,Hunt-Woods,Retail,32771.09,65162.16,0,Reversed,9969190076642215,955937129,2024-01-17
TXN-00000090,ACC-2910542,CUST-61221,Dwayne Lambert,robert74@example.com,263-878-0187x15130,2022-09-06,9374.4,Fee,JPY,Jones Ltd,Dining,7371.92,25344.74,0,Reversed,4350649350313219,262316070,2021-02-10
TXN-00000091,ACC-3605709,CUST-19386,Andrew Barnes,thompsondebbie@example.net,001-726-923-6181,2024-11-14,10259.49,Debit,JPY,"Watts, Fuller and Morris",Healthcare,5716.76,36217.84,0,Failed,7784461591582372,189256310,2021-08-08
TXN-00000092,ACC-1671799,CUST-13790,Jessica Dunlap,jamesmoreno@example.net,707-290-4755x23033,2024-03-08,12687.12,Debit,JPY,Walters-Walsh,Travel,30116.84,20063.95,1,Pending,4986219843943346,378800387,2022-06-14
TXN-00000093,ACC-7376999,CUST-59805,Darren Carroll,cobbkaren@example.net,(449)334-1582,2023-06-08,5169.02,Debit,EUR,Garcia-Freeman,Healthcare,32764.63,50718.28,0,Reversed,4304914177626611,712166727,2020-05-26
TXN-00000094,ACC-9787786,CUST-28279,Sharon Mullins,charles08@example.net,5987950665,2020-03-25,13235.83,Credit,usd,Oneal Inc,Healthcare,16711.77,21820.62,0,Reversed,6785368180117437,414431459,2021-01-11
TXN-00000095,ACC-7187441,CUST-18337,Brandon Nelson,johnsonjennifer@example.com,+1-952-286-0689x21744,2024-07-07,6466.52,Debit,JPY,Case Inc,Healthcare,43222.83,87805.61,0,Failed,4614507890116987,822243014,2022-03-14
TXN-00000096,ACC-7890951,CUST-44102,Darlene Barnett,gilbert49@example.net,998-897-6391x600,2022-12-19,4710.57,Refund,CAD,Morgan and Sons,Dining,37444.23,61745.91,0,Pending,5565571870222971,123278962,2021-09-20
TXN-00000097,ACC-7933616,CUST-85837,Angela Barnes,ejohnson@example.com,(895)906-3541,2020-09-22,6102.24,Fee,JPY,Logan-White,Dining,6473.53,1575.54,0,Failed,2799334218887909,922395677,2020-09-15
TXN-00000098,ACC-4008542,CUST-88286,Lynn Walker,kevin67@example.com,+1-798-318-6324x3350,2021-04-18,11260.53,Transfer,US Dollar,Hansen LLC,Online,43728.71,71385.23,1,Pending,5217541232682195,240649883,2023-03-24
TXN-00000099,ACC-7228508,CUST-10572,Beth Marshall,reyesrobert@example.net,352.905.6605x99932,2021-01-16,1654.15,Debit,EUR,Morgan and Sons,Online,21572.85,78475.48,0,Completed,5700665090738596,247038561,2022-02-04
TXN-00000100,ACC-1871401,CUST-70156,Jennifer Rowland,teresaschmidt@example.com,(390)228-7619x76813,2020-02-19,1743.7,Debit,EUR,"Parker, Crosby and Thomas",Entertainment,25747.5,70113.33,0,Failed,8418335949814163,577500910,2023-08-14
TXN-00000101,ACC-5525254,CUST-51504,Andrew Porter,antonio89@example.net,765.900.3190,2020-05-11,10967.18,Refund,JPY,Bishop PLC,Online,7381.03,6553.93,0,Reversed,4229766845993303,941623880,2024-07-12
TXN-00000102,ACC-3320595,CUST-29863,Shannon Moore,michelle20@example.net,+1-865-520-7748x6025,2027-01-24,7803.54,Credit,CAD,Morgan and Sons,Healthcare,9623.29,12169.55,0,Reversed,5147989843344352,908246350,2021-03-11
TXN-00000103,ACC-1384885,CUST-76782,Jordan Davis,dosborn@example.net,+1-972-673-2855x779,2020-12-06,0.0,Fee,CAD,Bishop PLC,Online,22293.62,58049.46,0,Pending,7245114264975148,751320617,2021-08-08
TXN-00000104,ACC-1403103,CUST-83700,Dawn Chase,frederick28@example.com,798-927-2606,2022-01-28,13359.84,Refund,GBP,,Grocery,43773.76,60340.0,0,Pending,3385528570552533,705510298,2021-03-16
TXN-00000105,ACC-1015341,CUST-20150,Christopher Mccarthy,hruiz@example.org,419-778-6804x2887,2020-08-09,$5613.32,Transfer,GBP,Bishop PLC,Retail,41155.94,96943.22,0,Failed,9693198398611799,332719721,2022-12-08
TXN-00000106,ACC-1599321,CUST-47465,Kelly Barron,heathermartinez@example.net,(941)457-1762x696,2021-06-06,11006.36,Credit,USD,Morgan and Sons,Grocery,28642.39,75975.88,0,Pending,2046671076467307,646503654,2021-11-27
TXN-00000107,ACC-9765100,CUST-93139,Wendy Taylor,wpatterson@example.com,751-546-5998x31430,2023-09-02,1138.18,Credit,GBP,Johnson LLC,Travel,10285.63,33687.1,0,Failed,8505623867719285,153621249,2021-02-07
TXN-00000108,ACC-7766517,CUST-77675,Joshua Sawyer,daniellucas@example.com,+1-830-958-6548x33880,2021-10-12,631.42,Refund,GBP,"Armstrong, Scott and Saunders",Retail,31777.67,11207.82,0,Reversed,9993529615912494,753048081,2020-03-17
TXN-00000109,ACC-2723145,CUST-63057,Brian Mitchell,sierra86@example.net,956.767.1752x409,2023-05-26,2321.94,Fee,CAD,"Parker, Crosby and Thomas",Travel,22860.78,91277.82,0,Completed,8142253027486993,654004494,2022-03-08
TXN-00000110,ACC-2892851,CUST-21165,Ashley Bauer,joshuaruiz@example.net,+1-595-200-4418x50060,2023-03-10,6364.69,Fee,JPY,Johnson Group,Online,39841.07,97798.83,0,Pending,4263361877802075,611627667,2024-11-16
TXN-00000111,ACC-9997784,CUST-37181,Terri Douglas,john63@example.com,861.556.5887x93404,2022-02-06,625.75,Debit,GBP,Jacobs Inc,Retail,15702.8,3780.3,1,Failed,7913636082043456,685653505,2022-01-26
TXN-00000112,ACC-9542620,CUST-31377,Deborah Gonzalez,hsmith@example.com,4338014118,2021-08-01,3704.08,Debit,JPY,Bishop PLC,Entertainment,47568.69,98751.5,0,Reversed,8896649117092090,831561186,2021-11-07
TXN-00000113,ACC-9134892,CUST-89266,Jessica Williams,trose@example.net,779-976-4670,2024-11-14,8091.62,Debit,USD,Oneal Inc,Travel,13018.07,43106.92,0,Pending,9444658643503581,986622781,2022-08-04
TXN-00000114,ACC-4724182,CUST-43429,Stephanie Smith,hollandamanda@example.org,3183260620,2021-10-10,2681.95,Credit,GBP,Wolfe-Holden,Grocery,37574.46,43569.75,0,Failed,3060948470725912,557917712,2020-08-06
TXN-00000115,ACC-4195110,CUST-11003,Aimee Reyes,vandrade@example.net,+1-709-804-2326x634,2023-01-01,14524.23,Fee,JPY,Johnson-Murray,Grocery,-276.88,54892.48,0,PENDING,3734892687848686,589498004,2024-03-09
TXN-00000116,ACC-9409792,CUST-48337,Andrew Garrett,warnerbrittany@example.com,(759)422-0213,2020-10-14,14251.92,Transfer,EUR,"Garcia, Mitchell and Wilson",Online,5355.66,88003.15,0,Reversed,4250101720071141,575222427,2020-06-18
TXN-00000117,ACC-5675106,CUST-28456,Robert Valenzuela,matthewrobinson@example.com,(818)437-0157x74416,2021-01-31,2196.83,Transfer,GBP,Case PLC,Travel,1926.52,15014.05,0,Failed,8920832486942539,913242686,2023-06-21
TXN-00000118,ACC-3018458,CUST-98847,Michael Acosta,erin84@example.com,+1-316-693-6175x6826,2023-04-02,12513.36,Fee,JPY,Gardner and Sons,Dining,39077.01,90425.81,0,Reversed,6732753375968458,536711889,2021-08-29
TXN-00000119,ACC-9791515,CUST-40740,Teresa Murphy,hullcynthia@example.com,300.340.1733x759,2021-02-02,610.86,Transfer,GBP,Jones Ltd,Grocery,30274.7,68444.88,1,Failed,3495364556123267,824200423,2022-02-16
TXN-00000120,ACC-4360321,CUST-33894,Kelsey Fisher,,739.655.7016x01619,2020-09-17,10232.42,Credit,CAD,"Wells, Anderson and Robinson",Healthcare,17908.73,78252.8,0,Completed,8514134869285661,613507099,2023-10-07
TXN-00000121,ACC-9268512,CUST-93956,Hannah Wright,monicayoung@example.org,+1-242-206-5999x544,2023-04-16,3649.08,Credit,USD,Walters-Walsh,Grocery,2028.48,12287.75,0,Completed,2134750334807865,109570651,2020-03-03
TXN-00000122,ACC-4505346,CUST-97742,Lauren Castro,diamondstone@example.org,+1-754-396-3083x9772,2021-06-19,7559.04,Refund,GBP,Tucker Ltd,Online,6294.79,35516.26,0,Pending,4615622057359316,637293625,2024-01-01
TXN-00000123,ACC-4135511,CUST-24129,Dr. Crystal Castro DDS,john91@example.org,(763)698-6493,2021-08-03,3105.64,Fee,JPY,Garcia-Freeman,Retail,24345.83,9836.62,0,Reversed,4972927977697346,404546652,2023-10-22
TXN-00000124,ACC-4484098,CUST-22008,Manuel Washington,umorgan@example.com,(238)782-2340x917,2022-10-10,12476.4,Debit,JPY,Brown Group,Utilities,40521.81,3271.63,0,Pending,6085743698266457,383327863,2024-10-23
TXN-00000125,ACC-9356059,CUST-97793,Karina Vincent,vanessathomas@example.com,328.227.5987x68079,2020-09-20,13334.63,Transfer,USD,Roach-Brooks,Grocery,45032.91,98861.63,0,Completed,9947740818132414,426626045,2023-09-27
TXN-00000126,ACC-1404125,CUST-83331,Barbara Hall,samuel29@example.net,438.563.4587,2024-04-17,11194.37,Transfer,GBP,"Baker, Pierce and Lynch",Entertainment,39390.49,32643.32,0,Completed,7564432419344246,351762154,2021-10-17
TXN-00000127,ACC-7398652,CUST-88416,David Brooks,kara84@example.net,001-981-514-5758,2023-12-30,13479.06,Debit,USD,David-Martinez,Grocery,42173.3,91048.05,0,Completed,1858962348462080,693826850,2022-06-27
TXN-00000128,ACC-6196282,CUST-79690,Stacey Crosby,richardsonheather@example.com,511-252-4718x71000,2020-04-01,7815.86,Debit,CAD,"Parker, Crosby and Thomas",Travel,36219.48,81144.68,0,Failed,2056649099083944,771081440,2023-10-30
TXN-00000129,ACC-5404222,CUST-38917,Danielle Keller,gnguyen@example.com,+1-828-263-2494x8783,2023-07-21,759.06,Refund,JPY,Brown Group,Retail,36849.55,5887.53,0,Reversed,7453379197451405,649589315,2024-06-03
TXN-00000130,ACC-8198924,CUST-78146,Amanda Hernandez,jennifer55@example.net,+1-928-214-6172,2020-05-16,12161.71,Transfer,CAD,Castillo-Holmes,Online,6586.69,14573.43,0,Reversed,1061669346092206,989282376,2024-11-02
TXN-00000131,ACC-4558295,CUST-98387,Kelly Clark,,628.936.0696x6884,2024-05-15,14967.98,Debit,USD,Hansen LLC,Dining,1334.96,35536.3,0,PENDING,8337925457543285,201645222,2023-02-16
TXN-00000132,ACC-8083185,CUST-89482,Lisa Miller,jamesanderson@example.org,(524)480-7274x35856,2021-04-21,8768.15,Refund,JPY,Barnes Inc,Utilities,5802.0,31534.05,0,Completed,7644895979988846,840966807,2024-11-10
TXN-00000133,ACC-3101602,CUST-96271,Katherine Stark,stephanie34@example.org,2505240905,2022-12-23,1474.86,Fee,EUR,"Wright, Marsh and Huffman",Travel,24509.6,40414.72,0,Failed,1402243874963645,593803381,2022-04-02
TXN-00000134,ACC-8297775,CUST-68176,Tiffany Mitchell,gonzalezmartha@example.org,(709)326-9252x617,2022-11-20,2578.88,Fee,USD,Sanchez Inc,Travel,7525.22,43086.31,0,Reversed,2402747463223769,301070301,2023-02-01
TXN-00000135,ACC-1011337,CUST-70791,David Mills,nicolethompson@example.net,570.402.1361x39992,2021-08-19,13751.69,Fee,CAD,Donovan-Davis,Utilities,29912.43,89307.08,1,Completed,3221629965938808,615688401,2022-08-10
TXN-00000136,ACC-9321592,CUST-59831,Laurie Wagner,rguerra@example.net,+1-245-912-2760x7866,2021-08-29,2284.83,Credit,CAD,Day-Garcia,Utilities,15797.16,60722.9,0,Completed,6195148021865766,234001312,2024-05-02
TXN-00000137,ACC-6530801,CUST-73287,Jennifer Roberts,kathleendurham@example.org,771.335.9923x3128,2023-02-03,6612.53,Fee,EUR,Sanchez Inc,Retail,44543.05,78290.14,0,Failed,7495674925209755,672172146,2022-06-22
TXN-00000138,ACC-9817804,CUST-66168,Patrick Moss,reeddavid@example.org,626-825-7489,2020-03-21,1204.64,Credit,GBP,Oneal Inc,Grocery,5264.61,97722.57,0,Pending,5290541939649566,580183488,2023-02-23
TXN-00000139,ACC-1835328,CUST-92111,Johnny Hughes,matthew57@example.com,+1-719-343-4254x82508,2026-09-16,12529.14,Credit,EUR,Martin Inc,Travel,24309.4,64305.75,0,Completed,2665345665681216,168513167,2023-08-11
TXN-00000140,ACC-5617711,CUST-32402,Eric Duncan,shannon50@example.net,565-434-2542x2880,2023-03-16,7607.88,Credit,JPY,"Russell, Wright and Graves",Utilities,41698.46,4576.76,0,Pending,3655472040977685,749321858,2021-03-07
TXN-00000141,ACC-3821058,CUST-15485,Christopher Castillo,kim05@example.com,+1-968-873-3520x188,2020-01-28,12312.69,Refund,EUR,Jones Ltd,Entertainment,31516.39,2552.05,0,Pending,7306793832755252,853497266,2024-07-06
TXN-00000142,ACC-5836541,CUST-13261,Angela Cohen,mhuff@example.org,(786)965-3581,2023-11-29,8613.48,Transfer,JPY,"Garcia, Mitchell and Wilson",Retail,17855.74,47487.78,0,Failed,7406702076849127,374568855,2020-04-11
TXN-00000143,ACC-4494335,CUST-57433,Ashley Ramos,bakerricardo@example.net,(538)655-1510,2023-08-15,10805.56,Transfer,GBP,"Warren, Rose and Bell",Travel,26908.88,49801.74,0,Failed,2074559872398030,689455353,2023-01-03
TXN-00000144,ACC-9625390,CUST-36034,Jeffrey Williams,greenelizabeth@example.net,327-327-4600,2023-09-26,9940.07,Transfer,CAD,Day-Garcia,Healthcare,20651.07,92820.37,0,Pending,6786996280283621,547203716,2024-08-31
TXN-00000145,ACC-6028358,CUST-77840,Jeffrey Herman,oyoung@example.org,001-310-484-8557x9393,2021-10-03,7418.1,Debit,EUR,Jones Ltd,Online,21425.92,39772.07,0,Failed,9593871610749321,753852734,2021-08-18
TXN-00000146,ACC-4664866,CUST-96099,Brian Mitchell,zhughes@example.com,+1-646-715-9101,2024-08-25,3655.93,Transfer,GBP,Donovan-Davis,Dining,38543.55,65393.99,1,Failed,9774151868331389,919435702,2024-01-22
TXN-00000147,,CUST-88103,Kenneth Ramos,bryantjames@example.org,231-813-8750x931,2020-12-24,11856.79,Fee,GBP,Bishop PLC,Online,15615.93,6897.77,0,Completed,1837850142285593,284914801,2024-04-01
TXN-00000148,,CUST-68567,Stephanie Branch,matthewreed@example.net,+1-371-877-7216x640,2021-04-10,9052.82,Refund,EUR,Martin Inc,Utilities,9405.63,5522.16,0,Failed,1078495914682039,552807806,2020-10-09
TXN-00000149,ACC-1645109,CUST-98681,Erica Peterson,michael79@example.com,(780)889-3725,2020-09-28,5026.57,Credit,GBP,Walters-Walsh,Grocery,49636.74,11883.93,0,Completed,6106443666264718,169503511,2020-10-12
TXN-00000150,ACC-4901379,CUST-39333,Nathan George,melissasantiago@example.org,848-610-2703,2024-03-17,13632.88,Refund,CAD,Williams-Spence,Utilities,29629.56,77406.09,0,Completed,2647282933304915,805255491,2021-12-23
TXN-00000151,ACC-7729425,CUST-56919,Heather Miles,ojones@example.org,(927)223-7543x547,2021-01-13,8641.78,Refund,GBP,Long PLC,Dining,13375.95,87024.79,0,Pending,6635281818379578,490280860,2022-10-12
TXN-00000152,ACC-6873658,CUST-55686,Christopher Roth,henryamanda@example.net,001-393-858-8397x847,2021-08-22,3352.06,Transfer,USD,Dean LLC,Dining,9218.16,71776.33,0,Completed,4803631125362284,611784511,2023-09-25
TXN-00000153,ACC-6245639,CUST-99687,Tina Duncan,campbelljonathan@example.org,623.412.4891,2021-03-26,13528.21,Refund,USD,Williams-Spence,Dining,14874.04,83050.94,0,Reversed,4055990927637811,589226316,2021-02-13
TXN-00000154,ACC-3355474,CUST-21386,Carl Frazier MD,wardcarolyn@example.com,558-627-3720x4168,2023-09-29,3712.14,Transfer,JPY,"Warren, Rose and Bell",Dining,12134.08,10451.37,0,Reversed,5216266338477951,130867236,2022-11-18
TXN-00000155,ACC-8416795,CUST-61413,Bryan Sawyer,robertsbrenda@example.org,4606670876,2020-11-23,3863.45,Credit,CAD,Hansen LLC,Grocery,5485.68,97594.98,0,Pending,2373806949401330,948362993,2024-09-24
TXN-00000156,ACC-2237380,CUST-67124,Zachary Hansen,cynthiawilliams@example.net,001-427-733-8528,2024-03-05,3523.45,Refund,USD,Castillo-Holmes,Utilities,30732.56,34266.69,0,Failed,9844334030487861,573212205,2021-04-11
TXN-00000157,,CUST-46752,Roger Reeves MD,imoore@example.org,(571)957-7317x536,2024-05-19,10150.64,Debit,CAD,Mccarthy-Hawkins,Grocery,4547.89,18151.1,0,Failed,2481578034941936,255960650,2022-01-26
TXN-00000158,ACC-1775072,CUST-99066,Janet Wheeler,philiphess@example.net,339-768-2298x336,2020-10-23,9117.3,Fee,EUR,Barnes Inc,Travel,11735.73,30480.21,0,Pending,5183317187236927,923676655,2022-01-29
TXN-00000159,ACC-2072456,CUST-24444,John Vaughan,alexschwartz@example.org,+1-656-444-1589x6897,2024-01-11,6623.73,Transfer,GBP,Martin Inc,Grocery,23061.19,61031.47,0,Failed,4179239395414327,794600096,2021-09-04
TXN-00000160,ACC-2418621,CUST-14998,Kimberly Stewart,,+1-439-202-1573,2023-11-05,3731.35,Debit,CAD,Garcia-Freeman,Online,44088.09,37878.7,0,Completed,6254125876843409,833709195,2023-04-12
TXN-00000161,ACC-3122436,CUST-61095,Christine Jenkins,dickersonnicholas@example.org,(287)494-7311,2024-05-21,1720.83,Transfer,USD,"Armstrong, Scott and Saunders",Travel,33493.9,47302.25,0,Completed,8001331423661877,885070927,2022-10-28
TXN-00000162,ACC-2643332,CUST-87817,Edward Greer,mdavis@example.org,(828)785-7015x89671,2023-01-31,7337.83,Debit,JPY,Sanchez Inc,Retail,40914.9,16406.36,0,Reversed,4568854481298930,222308152,2024-05-01
TXN-00000163,ACC-8570230,CUST-73874,Jeffrey Allen,martinmary@example.com,+1-480-232-7399x666,2020-01-03,404.06,Refund,GBP,Jacobs Inc,Retail,6413.9,51870.63,0,Pending,1925516654916206,154888010,2020-01-22
TXN-00000164,ACC-7329770,CUST-78254,Christina Pineda,hoodamy@example.org,001-291-675-6735x0822,2021-05-14,12133.06,Fee,JPY,Mccarthy-Hawkins,Grocery,8467.87,13962.28,0,Failed,6672190537866180,640090978,2022-03-29
TXN-00000165,ACC-1797321,CUST-45677,Michael Hampton Jr.,josechambers@example.com,488-224-1833x567,2020-01-18,6789.11,Fee,EUR,"Garcia, Martinez and Hernandez",Dining,19528.34,24536.23,0,Failed,5875212797893395,357798550,2024-06-03
TXN-00000166,ACC-5086710,CUST-82018,Scott Brown,rodriguezjenna@example.org,001-242-372-2089x5809,2023-09-23,6359.75,Debit,JPY,Case Inc,Retail,25001.93,5420.7,0,Failed,2640499250065600,502972038,2020-05-03
TXN-00000167,ACC-2653227,CUST-40804,Terry Ford,eileen98@example.com,(620)568-6736,2023-01-01,1508.7,Fee,EUR,"Warren, Rose and Bell",Travel,15180.47,15740.83,0,Completed,4227225873369568,230522429,2024-01-22
TXN-00000168,ACC-1151625,CUST-41137,Linda Brown,frank59@example.net,001-620-929-0166x51517,2023-01-05,11696.14,Fee,USD,"Parker, Crosby and Thomas",Online,20259.27,42118.26,0,Reversed,1206863293606017,795801932,2022-09-22
TXN-00000169,ACC-6932225,CUST-26960,William Avila,emilyclark@example.net,(266)647-9846x50335,2020-06-14,6426.45,Transfer,USD,Oneal Inc,Grocery,8801.46,5231.43,0,Completed,8483287081054955,388830383,2023-02-22
TXN-00000170,ACC-9944486,CUST-89515,Richard Williams,floresdennis@example.com,(509)860-3075x856,2021-10-18,5478.08,Credit,EUR,"Baker, Pierce and Lynch",Online,39610.99,79651.13,0,Failed,2325280423185338,957433884,2023-08-09
TXN-00000171,ACC-8929095,CUST-28581,Stacy Anderson,briannamccarty@example.net,457-563-4339x971,2023-06-17,4559.33,Refund,GBP,Walters-Walsh,Dining,12606.86,36973.49,0,Pending,8430800891672282,353754591,2022-06-18
TXN-00000172,ACC-9405818,CUST-75598,Zachary Graham,,001-370-861-9878x0187,2022-04-30,6692.49,Debit,JPY,Donovan-Davis,Utilities,34059.94,12516.57,0,Completed,3203758172538219,684011182,2021-03-24
TXN-00000173,,CUST-22903,Mary Hendrix,josephmiller@example.com,967-324-2742x07842,2021-02-04,14099.36,Fee,CAD,Garcia-Freeman,Healthcare,18298.89,49947.47,0,Pending,3290456257297238,173924480,2021-09-10
TXN-00000174,ACC-9291955,CUST-65608,Tara Brown,zanthony@example.com,+1-567-814-3648,2021-02-23,4457.14,Debit,USD,Morgan and Sons,Retail,19244.61,38745.06,0,Reversed,7817258558853852,772387292,2023-10-06
TXN-00000175,ACC-2890702,CUST-88769,Joel Mosley,andradewilliam@example.com,001-200-425-1882x816,2022-03-23,1534.44,Fee,JPY,"Baker, Pierce and Lynch",Dining,8871.23,51624.51,0,Reversed,1445510073616131,504916285,2023-01-08
TXN-00000176,ACC-9104003,CUST-12863,Susan Young,cesar10@example.org,(401)439-2160,2021-03-19,14654.37,Refund,CAD,Mccarthy-Hawkins,Travel,19068.71,51540.87,0,Completed,5559986846028969,833270549,2023-05-20
TXN-00000177,,CUST-55156,Shelly Carr,stephenfigueroa@example.net,001-497-526-3329x3300,2023-03-26,0.0,Debit,EUR,Oneal Inc,Retail,11005.79,73164.71,0,Reversed,1944728064034654,400819028,2020-05-11
TXN-00000178,ACC-3435279,CUST-85891,Michael Martin,josephwilliams@example.org,(841)674-8600,2020-07-11,655.69,Credit,CAD,"Armstrong, Scott and Saunders",Entertainment,12843.23,38334.92,0,Pending,5600886130329496,306780716,2020-02-11
TXN-00000179,ACC-7718915,CUST-95459,Leslie Hunt,johnvazquez@example.net,2296027699,2020-04-19,1313.03,Refund,GBP,"Roberts, Joyce and Sanchez",Online,5267.74,69955.81,0,Failed,8816566783531931,439005882,2020-11-26
TXN-00000180,ACC-2851849,CUST-46589,Amber Booker,allenfields@example.org,001-569-927-8297x25398,2023-01-23,13947.91,Refund,GBP,"Wright, Marsh and Huffman",Utilities,6308.5,49542.92,0,COMPLETED,9757267111548088,182645358,2022-10-05
TXN-00000181,ACC-6257695,CUST-63265,Darius Adams,burgesspatrick@example.com,001-390-485-6432x06593,2026-09-13,3169.28,Debit,USD,"Wright, Marsh and Huffman",Travel,39939.83,85561.44,0,Pending,8552700567738350,978295149,2020-12-30
TXN-00000182,ACC-6118532,CUST-89796,Kelly Hodges DDS,teresafranklin@example.com,+1-554-857-3485x4132,2022-04-20,11172.82,Debit,JPY,Mccarthy-Hawkins,Retail,37541.37,11232.22,0,Pending,9610187774219690,278981663,2023-11-29
TXN-00000183,ACC-1217567,CUST-75482,Thomas Butler,ian08@example.org,+1-473-634-9452x045,2020-06-06,710.89,Refund,JPY,Jacobs Inc,Travel,38062.3,64657.19,0,Completed,7373463441867907,229422754,2024-07-01
TXN-00000184,ACC-9839636,CUST-53178,William Gomez,mfleming@example.net,+1-789-607-6131x8763,2021-07-02,12563.76,Fee,USD,Williams-Spence,Grocery,3382.53,61778.1,0,Completed,4975880236766853,905021918,2021-08-28
TXN-00000185,ACC-6733552,CUST-65194,Allison Terrell,lisasmith@example.org,001-767-988-6951x270,2024-08-07,5573.89,Debit,CAD,Martin Inc,Retail,38714.51,50848.69,0,Reversed,5562456835253383,445913056,2024-05-10
TXN-00000186,ACC-5568923,CUST-19140,Christopher Lee,townsendveronica@example.net,(300)200-3901,2024-09-03,14416.13,Fee,EUR,Logan-White,Retail,16772.3,44356.59,0,Reversed,7897394027413985,858779439,2021-01-19
TXN-00000187,ACC-7629768,CUST-40575,Amber Clements,danielbenjamin@example.org,388.978.1514,2023-03-16,0.0,Fee,GBP,Jacobs Inc,Healthcare,1384.79,69925.14,0,Pending,5123621548292537,437102611,2022-03-08
TXN-00000188,ACC-8890213,CUST-88356,Sarah Coleman,theresa16@example.org,001-342-795-5538x7097,2022-03-30,3264.81,Fee,GBP,Oneal Inc,Grocery,2162.42,24993.78,1,Reversed,6011693698208615,245611587,2023-07-13
TXN-00000189,ACC-3950139,CUST-24104,Caitlin Blackburn,wardebony@example.org,001-883-571-5875x449,2022-08-01,$4163.84,Refund,EUR,Walters-Walsh,Retail,36333.68,56677.93,0,Reversed,9326205420904378,331705571,2023-06-27
TXN-00000190,ACC-9023184,CUST-27836,Ryan Bright,tsullivan@example.com,(294)284-2209,2020-09-04,7057.29,Refund,EUR,Rice-Robbins,Healthcare,46682.43,45829.3,0,Pending,6007317238123797,889173702,2024-10-08
TXN-00000191,ACC-4850943,CUST-18038,Edgar Casey,bestsylvia@example.com,+1-309-570-6704x3024,2022-04-23,14176.47,Debit,EUR,Barnes Inc,Travel,4249.91,62056.21,0,Failed,6055123625429917,207243224,2023-08-21
TXN-00000192,ACC-5542450,CUST-30355,Amanda Thornton,watsonmary@example.org,557.641.5181,2023-10-02,$11863.64,Credit,EUR,"Garcia, Mitchell and Wilson",Healthcare,14154.56,17651.39,0,Failed,1119604081967739,476923412,2023-12-07
TXN-00000193,ACC-9636136,CUST-65810,Melinda Fowler,coxdominique@example.com,001-739-990-5379x9915,2023-09-08,13416.74,Credit,GBP,"Wright, Marsh and Huffman",Healthcare,4088.5,67162.46,0,Failed,2688606191096759,306593840,2023-06-25
TXN-00000194,ACC-8842645,CUST-15102,Mike Hughes,deborah18@example.org,(328)926-1362x43419,2026-08-16,8087.51,Transfer,EUR,Castillo-Holmes,Utilities,35187.4,89828.23,0,Completed,9332393473162246,816612328,2024-08-10
TXN-00000195,ACC-7431224,CUST-51880,Miss Christina Hubbard MD,edwinward@example.com,205-254-6321x827,2023-06-16,11698.63,Transfer,EUR,Wolfe-Holden,Entertainment,871.65,20763.77,0,Pending,4962886872627252,564696381,2023-04-09
TXN-00000196,ACC-3816575,CUST-84691,Shannon Myers,rubenroberson@example.org,8844476077,2021-12-11,9959.64,Debit,EUR,"Hampton, Morgan and Hayes",Dining,49948.39,60394.89,0,Failed,2521207198764143,753726009,2023-10-18
TXN-00000197,ACC-6126173,CUST-26622,Kathleen Carter,jamesklein@example.net,+1-698-852-5880,2021-07-28,244.13,Debit,GBP,"Salazar, Henderson and Price",Dining,30866.13,23819.04,0,Pending,9394407754267719,305423405,2021-02-16
TXN-00000198,ACC-4859970,CUST-41212,Heather Gomez,nicole03@example.net,553-795-3131,2021-06-11,12089.4,Debit,JPY,"Warren, Rose and Bell",Retail,33564.56,54341.0,0,Reversed,8146516816109318,566710198,2024-05-08
TXN-00000199,ACC-5179026,CUST-83665,Andrea Cummings,dorothy51@example.com,631-792-6219x731,2020-12-27,12125.69,Refund,CAD,Johnson-Murray,Utilities,40502.74,18397.06,0,Completed,8368540743456570,981748727,2024-09-01
TXN-00000200,ACC-9775520,CUST-91456,Jeffrey Richardson,marcuspalmer@example.com,001-260-919-4611x6081,2022-02-03,326.12,Fee,GBP,Garcia-Freeman,Grocery,43029.43,17145.83,0,Reversed,7913564263534432,446513598,2023-05-15
TXN-00000201,ACC-1751645,CUST-43897,George Moore,danielle86@example.org,+1-850-385-5110x8030,2022-07-26,1442.34,Credit,CAD,Wilson LLC,Travel,43025.3,41080.9,0,Completed,6574548832349333,588906086,2021-03-10
TXN-00000202,ACC-7743856,CUST-97420,John Brown,steven70@example.org,+1-571-831-1942x7100,2022-02-11,14018.45,Fee,JPY,Brown Group,Online,49290.73,74217.62,1,Failed,8487126876942744,591318575,2023-12-05
TXN-00000203,ACC-8268397,CUST-86577,Veronica Lowery,hamiltonedwin@example.net,001-779-788-1594x5606,2020-04-15,12800.36,Credit,GBP,Hansen LLC,Online,31945.13,87346.08,0,Completed,1431452095785271,954824896,2024-01-06
TXN-00000204,ACC-9060352,CUST-56988,Michelle Carroll,riverakaren@example.com,(775)509-0161,2022-05-07,13985.17,Refund,GBP,"Salazar, Henderson and Price",Utilities,22125.56,34335.51,0,Reversed,1327257172979051,811017206,2021-08-22
TXN-00000205,,CUST-47235,Melanie Conway,joshua31@example.com,(430)203-0045,2023-11-22,3911.76,Debit,GBP,Hansen LLC,Dining,44284.33,68625.97,1,Failed,1305555863111272,793329066,2021-11-17
TXN-00000206,,CUST-73500,Caitlin Edwards,vhunt@example.net,+1-683-611-4963x86768,2021-12-03,11723.21,Transfer,USD,Johnson-Murray,Healthcare,20130.69,71033.54,0,Reversed,2181872797993749,455551454,2024-06-29
TXN-00000207,ACC-3181928,CUST-53311,Matthew Mcintosh,brennanlaura@example.com,001-406-222-1789x42603,2020-04-24,6685.82,Debit,CAD,Logan-White,Online,14683.47,4295.96,0,pending,7166592994242168,775582258,2022-04-22
TXN-00000208,ACC-5101925,CUST-63373,Nathan Lewis,mooremonique@example.com,325-294-2839x8112,2024-10-26,11408.99,Fee,USD,"Russell, Wright and Graves",Dining,12093.09,65035.68,0,Failed,9391674746161310,873191198,2024-09-16
TXN-00000209,ACC-3370656,CUST-67576,Johnathan Smith,lopezjose@example.com,(436)402-5673,2023-01-29,1269.16,Fee,JPY,Tucker Ltd,Utilities,38373.91,85165.23,0,Pending,1025581692527043,258301477,2024-11-13
TXN-00000210,ACC-7309035,CUST-72239,Jocelyn Martin,,654-209-3436x88691,2020-04-09,13555.58,Debit,JPY,Logan-White,Dining,24231.14,35677.54,0,Completed,4183792145325157,426465386,2023-10-24
TXN-00000211,ACC-9534067,CUST-88348,James Ortiz,mmcdaniel@example.org,001-509-603-8755x6761,2022-02-12,4219.24,Debit,EUR,Gardner and Sons,Retail,31257.84,26558.33,0,pending,4642707482047908,195323866,2022-09-03
TXN-00000212,ACC-4688317,CUST-26257,Carlos Lee,megan43@example.org,001-747-614-2720x513,2024-12-19,10711.11,Refund,GBP,"Garcia, Martinez and Hernandez",Utilities,37010.62,5733.9,0,Reversed,8012383577743226,516745164,2021-05-16
TXN-00000213,ACC-1690217,CUST-76773,Donna Salas,pbarajas@example.net,812-484-2561,2023-06-11,14148.04,Fee,CAD,Case PLC,Online,21947.06,32003.01,0,Reversed,7133546656994922,406295291,2024-09-14
TXN-00000214,ACC-4192003,CUST-68474,Pamela Reid,fthomas@example.org,672.576.9055x590,2024-03-15,7536.78,Refund,GBP,Jones Ltd,Travel,16381.26,59155.88,0,Reversed,8630787987875610,126867368,2021-06-27
TXN-00000215,ACC-8067409,CUST-71242,Daniel Adams,nlarson@example.org,949.282.0976x812,2021-12-27,13081.85,Credit,GBP,Tucker Ltd,Online,637.63,86791.06,0,Pending,5883244622456195,910010550,2022-08-22
TXN-00000216,ACC-1976246,CUST-14236,Andrea White,kkeith@example.com,290-762-9442,2023-08-10,11498.08,Credit,CAD,"Garcia, Martinez and Hernandez",Grocery,32412.91,21588.13,0,Failed,7527685092943457,360026075,2024-03-05
TXN-00000217,ACC-6595741,CUST-95812,Alex Harris,ffitzgerald@example.org,(287)353-3480,2023-09-07,4357.93,Refund,GBP,Donovan-Davis,Utilities,12801.27,25172.45,0,Pending,3132774380421522,777850879,2023-10-31
TXN-00000218,ACC-1617723,CUST-44108,Jeffrey Brown,lisa47@example.com,001-221-642-5482x718,2022-08-13,13731.37,Credit,CAD,Wolfe-Holden,Retail,33390.9,2334.4,0,Completed,5022604069257904,183533496,2020-06-10
TXN-00000219,ACC-7695824,CUST-51203,Richard Silva,annettemoore@example.net,001-747-207-2176x999,2020-06-13,0.0,Credit,CAD,Gardner and Sons,Utilities,38151.85,50684.56,0,Pending,8337553375827985,182142091,2021-09-30
TXN-00000220,ACC-2560438,CUST-76941,Angel Adams,kaylamiller@example.net,940.663.9590x700,2023-08-09,10952.63,Refund,CAD,Case PLC,Grocery,23254.38,43079.97,0,Reversed,7743755172819971,258120538,2023-12-21
TXN-00000221,ACC-7188445,CUST-62968,Shawn Allen,hrobinson@example.org,001-390-693-3186x83985,2021-12-03,9211.84,Fee,CAD,"Warren, Rose and Bell",Grocery,36888.89,71489.46,0,Completed,5525368848124793,103875020,2024-02-04
TXN-00000222,ACC-5794469,CUST-12273,Lisa Grimes,twoodward@example.com,291.989.0091,2021-10-08,2707.62,Transfer,JPY,"Roberts, Joyce and Sanchez",Travel,35070.77,50141.58,1,Reversed,3862354820995151,158835840,2021-12-27
TXN-00000223,ACC-7309851,CUST-14224,Christopher Davis,david19@example.com,001-734-286-0717x754,2021-09-23,1008.96,Refund,GBP,"Armstrong, Scott and Saunders",Travel,43721.37,53661.48,0,Completed,5150843491976563,280023141,2021-06-18
TXN-00000224,ACC-1044673,CUST-34638,Dr. Jack Page,sdunn@example.com,390.301.3885x9787,2021-11-01,6828.38,Fee,GBP,Morgan and Sons,Retail,43169.57,82933.77,0,Pending,4701926688784697,483700328,2020-06-17
TXN-00000225,ACC-7816369,CUST-64213,Cody Wilson,ubrown@example.net,466-896-1479x7938,2021-09-27,8059.29,Refund,JPY,Castillo-Holmes,Retail,37259.8,70268.45,0,Completed,4335700422509281,824041303,2021-01-19
TXN-00000226,ACC-5488504,CUST-64841,Kelly Perez,jessicabest@example.net,+1-554-300-5453x04214,2024-04-30,130.44,Transfer,CAD,David-Martinez,Utilities,17444.75,38014.92,0,Failed,3749294890116371,469074264,2024-11-30
TXN-00000227,ACC-9766338,CUST-49791,Jennifer Ortiz,grantbrittney@example.net,001-994-503-6402x98168,2023-12-16,$9339.46,Credit,EUR,Mccarthy-Hawkins,Dining,30803.77,81075.75,0,Failed,9500281271738548,470614696,2024-04-01
TXN-00000228,ACC-2629082,CUST-87017,James Martinez,,594.872.9155x15219,2021-03-27,9312.69,Transfer,CAD,Williams-Spence,Retail,10364.18,21347.87,0,Completed,1909421297302065,979527959,2021-06-12
TXN-00000229,ACC-3903287,CUST-50862,Cindy Warner,,(807)461-2420x4415,2020-11-17,12992.3,Credit,CAD,"Warren, Rose and Bell",Online,9048.47,13586.39,0,Completed,2664384020379437,437578851,2020-11-12
TXN-00000230,ACC-2462235,CUST-48760,Mariah Brown,rmoore@example.net,001-499-849-9401,2024-01-22,7082.99,Refund,US Dollar,Day-Garcia,Travel,9256.19,9977.11,0,Failed,6838693842071884,167400710,2021-10-18
TXN-00000231,ACC-5980024,CUST-11345,Steven Saunders,karlathornton@example.net,(774)908-6560x0229,2022-07-10,3352.24,Refund,CAD,David-Martinez,Retail,9085.37,81038.27,0,Reversed,6907999559656125,443346851,2022-07-24
TXN-00000232,ACC-6124211,CUST-52668,Edwin Shannon,michaelbrooks@example.com,976-507-9876,2024-12-20,0.0,Transfer,USD,,Entertainment,41890.22,43783.73,1,Completed,3316766153726590,263961350,2020-04-22
TXN-00000233,ACC-2727697,CUST-13002,Monica Wang,housemichael@example.org,001-684-363-4777,2022-05-08,6254.93,Credit,JPY,"Parker, Crosby and Thomas",Dining,34064.01,93558.63,1,Completed,1282196496253169,271838739,2023-09-22
TXN-00000234,ACC-9984991,CUST-28532,Elijah Pope,connierobinson@example.net,619-401-2802x9143,2022-05-04,3751.26,Fee,EUR,Long PLC,Retail,39903.12,13226.29,0,Failed,7588379372427249,256777689,2020-03-03
TXN-00000235,ACC-2448717,CUST-10508,Stephanie Green,jonesmichael@example.com,(405)865-2271,2020-01-23,7936.41,Transfer,CAD,Anderson Group,Entertainment,31387.07,50160.37,0,Reversed,3121317384681805,855333554,2021-02-16
TXN-00000236,ACC-8772927,CUST-45039,Alicia Watson,valdezashley@example.com,508.533.8880x697,2023-02-18,2368.93,Transfer,CAD,Case PLC,Entertainment,1040.53,96056.15,0,Pending,8587300033716728,194889047,2021-08-27
TXN-00000237,ACC-6556323,CUST-98721,Wanda Webb,jenningswendy@example.org,852.488.1513,2022-11-14,5020.49,Credit,EUR,"Watts, Fuller and Morris",Dining,44998.86,81328.8,0,Reversed,1719571914693842,949646442,2024-08-30
TXN-00000238,ACC-6040478,CUST-72535,Annette Bush,whitemegan@example.net,570.443.1345x5163,2021-06-23,2729.34,Refund,JPY,"Garcia, Mitchell and Wilson",Utilities,146.08,78534.39,0,COMPLETED,5213236692359274,454852364,2022-06-11
TXN-00000239,ACC-2573171,CUST-60977,Vanessa Ramos,williamssteven@example.com,001-898-211-1809x816,2021-11-05,5882.44,Transfer,JPY,Johnson-Murray,Travel,34234.44,21219.53,0,Reversed,9697933393638254,881689672,2024-12-07
TXN-00000240,ACC-4987189,CUST-19708,Kimberly Pierce,baldwineric@example.org,571-543-8401x1540,2021-02-25,5714.06,Refund,USD,"Wright, Marsh and Huffman",Entertainment,20991.18,98271.08,0,Completed,2444260041707261,109794149,2021-07-26
TXN-00000241,ACC-8503048,CUST-20438,Lisa Coleman,brownmorgan@example.org,853-509-6277x18698,2024-03-23,7230.18,Fee,CAD,"Salazar, Henderson and Price",Travel,29250.65,66875.51,0,Completed,4396639429865200,659478974,2023-04-16
TXN-00000242,,CUST-84650,Jeremy Henderson,rbrown@example.com,001-492-874-5379x5696,2021-08-16,11964.69,Transfer,USD,Martin Inc,Retail,38147.48,73255.41,0,Reversed,1782692548236040,572983019,2020-09-19
TXN-00000243,ACC-7859186,CUST-72158,Melissa Fletcher,anningram@example.com,579-758-8303,2021-03-16,8412.13,Credit,CAD,Walters-Walsh,Travel,29220.46,88387.79,0,Reversed,9084112851919364,915119497,2022-11-24
TXN-00000244,ACC-7943611,CUST-53480,Tyler Wallace,lwilliams@example.net,350-938-4710x68973,2022-02-17,6060.48,Debit,CAD,Hunt-Woods,Utilities,31152.87,75073.25,0,Pending,3602961036999790,101729162,2024-04-05
TXN-00000245,ACC-7266568,CUST-37481,Jerome Mays,johnmiller@example.net,509-245-9751,2020-03-26,11459.24,Refund,CAD,Johnson LLC,Utilities,26110.59,16271.98,0,Failed,7920894577099113,639428383,2020-02-07
TXN-00000246,ACC-4671037,CUST-72866,Adam Porter,masseychristian@example.org,481-810-5027x2577,2021-07-04,9162.37,Transfer,CAD,Logan-White,Online,19660.8,33070.83,0,Pending,2300478568554287,187145898,2022-09-05
TXN-00000247,,CUST-88603,Larry Schmidt,,(573)658-5824,2023-07-11,4836.0,Debit,CAD,"Garcia, Mitchell and Wilson",Online,16902.95,78941.87,0,Reversed,5529242520545769,665393090,2022-03-01
TXN-00000248,ACC-8445104,CUST-52366,Brittany Warren,mathewswilliam@example.com,(423)662-3916x1350,2024-04-06,10258.72,Credit,us dollar,Hansen LLC,Online,49129.39,16492.54,0,Failed,6482467053947656,481814763,2024-05-31
TXN-00000249,ACC-8312018,CUST-50721,Mary Raymond,sherri52@example.com,(487)208-8063x5729,2024-12-21,$4774.74,Credit,CAD,Bishop PLC,Online,38258.91,78086.32,0,Reversed,4892113018164384,476843019,2024-02-17
TXN-00000250,ACC-7643820,CUST-35122,Elizabeth Allen,victoriathompson@example.org,(771)264-3169,2024-09-10,7565.0,Credit,USD,Williams-Spence,Utilities,8776.12,83671.95,1,Reversed,3543382756003368,235562803,2022-12-09
TXN-00000251,ACC-6122245,CUST-96876,Jason Baker,ballardronald@example.org,+1-901-622-1258x4723,2023-05-14,4211.82,Debit,JPY,Johnson Group,Dining,26843.23,74765.65,0,Completed,9518516281411807,188919422,2024-07-05
TXN-00000252,ACC-1136007,CUST-36736,Stacy Hunter,kathleenortiz@example.net,9223509135,2021-02-06,9506.71,Transfer,CAD,"Salazar, Henderson and Price",Retail,25060.61,4325.02,0,Pending,8186496571399634,528564635,2022-03-30
TXN-00000253,ACC-6474338,CUST-44237,Michael White,torreschristian@example.com,2997521046,2021-07-12,14801.47,Refund,US Dollar,Jacobs Inc,Travel,24041.5,92925.84,1,Pending,7438167081668938,387036404,2024-03-11
TXN-00000254,ACC-9317684,CUST-27830,Leslie Martin,rodriguezemily@example.com,001-576-814-9434x0501,2020-04-08,12370.52,Transfer,EUR,Bishop PLC,Healthcare,19846.48,70351.0,1,Completed,2754350996956718,538911327,2022-06-29
TXN-00000255,ACC-9410611,CUST-57766,Ashlee Morrison,shawn54@example.net,001-752-235-5897x295,2024-02-20,11083.42,Credit,EUR,David-Martinez,Utilities,46237.08,16202.82,0,Pending,5028132191448438,465269903,2024-11-26
TXN-00000256,ACC-7480658,CUST-33906,Jacob Thomas,garciaapril@example.net,554-609-9229,2022-05-03,4800.72,Transfer,EUR,Tucker Ltd,Utilities,6507.37,91504.4,0,Reversed,9388537457277478,102714084,2022-07-02
TXN-00000257,ACC-9061412,CUST-55009,Christopher Hayes,jennifer48@example.org,(745)799-5726x348,2020-06-17,8417.9,Fee,CAD,Gardner and Sons,Retail,38726.46,3215.21,0,Reversed,7138706721223509,714810201,2023-10-19
TXN-00000258,ACC-3771786,CUST-54440,Amber Wright,franklindenise@example.org,+1-767-282-8661x982,2021-02-25,10320.04,Credit,JPY,"Garcia, Martinez and Hernandez",Entertainment,14596.23,79553.08,0,Pending,9476651087965458,572419336,2022-06-30
TXN-00000259,ACC-1615730,CUST-73099,Jason Brown,wendy34@example.org,5234013011,2026-12-22,6515.88,Transfer,GBP,,Healthcare,18651.39,32604.69,0,Failed,4647807697988712,805708989,2022-10-05
TXN-00000260,ACC-3931337,CUST-28463,David Harper,lrobertson@example.com,(468)367-3481x53912,2024-01-26,1528.18,Credit,CAD,"Garcia, Martinez and Hernandez",Grocery,42921.08,80269.61,0,Reversed,4948588928446665,326032381,2022-01-07
TXN-00000261,ACC-1800922,CUST-24390,Dawn Hale,ujohnson@example.com,001-604-636-4446,2020-09-09,8906.34,Transfer,GBP,Morgan Inc,Online,23064.37,99416.83,0,Failed,5306493821755299,845428502,2023-01-03
TXN-00000262,ACC-8856743,CUST-75599,Austin Jones,nramos@example.net,+1-305-230-3261x5187,2021-11-20,7256.61,Refund,GBP,Gardner and Sons,Travel,8233.91,94315.84,0,Failed,8992606225607447,673342956,2021-11-04
TXN-00000263,ACC-6269284,CUST-29876,Michael Torres,wgreen@example.com,289.389.2284,2021-05-01,13133.11,Debit,CAD,"Warren, Rose and Bell",Utilities,18391.67,22185.67,0,Completed,6636896259388992,488829155,2022-10-24
TXN-00000264,ACC-9907075,CUST-44405,Monica Rojas,sduncan@example.net,+1-457-935-8054x16318,2023-07-10,-1466.27,Credit,EUR,"Wright, Marsh and Huffman",Entertainment,20143.6,5386.82,0,Pending,5947827510305924,119588153,2022-08-10
TXN-00000265,ACC-8458954,CUST-93047,Amanda Smith,curtislopez@example.net,9052067481,2024-01-07,1526.88,Credit,GBP,Barnes Inc,Online,19722.58,59697.4,1,Reversed,5023576530396722,866269878,2021-10-16
TXN-00000266,ACC-4636496,CUST-75446,Mark Randolph,nicoleyoung@example.com,001-781-930-1217x09944,2021-08-03,8578.8,Transfer,JPY,Roach-Brooks,Retail,49732.05,52301.95,0,Completed,4128736126511316,183572632,2022-07-31
TXN-00000267,,CUST-23744,Austin Scott,lopezcaitlin@example.com,269-818-5361,2022-06-16,5219.35,Credit,JPY,Morgan Inc,Healthcare,33729.13,66246.3,1,Completed,9009989680853917,668011655,2021-10-02
TXN-00000268,ACC-3618852,CUST-24397,Mr. James Chapman MD,lopezjasmine@example.net,727-917-7326,2024-03-14,4707.58,Transfer,CAD,Oneal Inc,Travel,4442.27,90482.67,0,Reversed,8293758350956782,312538392,2024-06-07
TXN-00000269,ACC-6973457,CUST-79099,Sharon Brown,jill89@example.com,468-763-1855,2023-05-02,6426.83,Refund,USD,Case PLC,Grocery,49992.79,37433.43,0,Pending,3176974898204512,390007607,2024-05-14
TXN-00000270,ACC-2786278,CUST-35408,James Washington,abishop@example.com,001-741-416-6911x5340,2023-06-07,1281.08,Credit,USD,"Garcia, Martinez and Hernandez",Travel,10288.38,80283.7,0,Reversed,6077370290696075,759799861,2021-04-09
TXN-00000271,ACC-6262144,CUST-72886,Brenda Ali,lstanley@example.com,001-976-486-9900,2023-12-29,6483.48,Fee,JPY,"Armstrong, Scott and Saunders",Retail,42478.82,92365.52,0,Completed,4211118018448475,823212802,2024-01-16
TXN-00000272,ACC-7119614,CUST-83494,Tanya Ross,greenkathryn@example.com,001-564-604-9703,2024-07-24,3425.3,Debit,JPY,Jones Ltd,Entertainment,17892.37,63260.14,0,Pending,7800488787145332,859717424,2024-05-13
TXN-00000273,ACC-9775993,CUST-61162,David Hutchinson,woodtodd@example.net,601.783.0784x9082,2022-05-28,11998.89,Fee,USD,David-Martinez,Entertainment,6645.27,51151.41,0,Pending,3723223753223726,446036207,2024-11-10
TXN-00000274,ACC-9207948,CUST-94136,Michael Thornton,samantha20@example.org,202.523.9354,2023-01-24,2386.42,Fee,EUR,Walters-Walsh,Healthcare,18569.34,92404.02,0,Failed,8397532754707185,499755720,2023-12-04
TXN-00000275,ACC-5700372,CUST-47540,Brad Foley,tami47@example.org,+1-778-612-1965x7351,2020-06-05,3221.94,Credit,CAD,Gardner and Sons,Utilities,18426.63,82078.23,0,Pending,7259837540739375,119639059,2023-11-08
TXN-00000276,ACC-2682205,CUST-87740,Mrs. Megan Hamilton,bpadilla@example.com,771-624-3468x348,2021-03-19,5072.24,Refund,JPY,Johnson LLC,Healthcare,2425.9,55709.07,0,Failed,9137231552627258,820223816,2020-10-02
TXN-00000277,ACC-9761524,CUST-41959,Glenda Parks,ccarlson@example.org,983-426-9736x06301,2021-02-10,0.0,Debit,GBP,"Garcia, Martinez and Hernandez",Grocery,47278.99,26842.51,0,Completed,4024825637689875,322327712,2022-03-08
TXN-00000278,ACC-7625199,CUST-48152,Ann Williams,claire78@example.org,001-332-885-9683x451,2022-08-17,0.0,Refund,USD,Barnes Inc,Grocery,-418.22,48686.65,0,Reversed,8135277699044886,932664891,2022-08-10
TXN-00000279,ACC-9106463,CUST-65190,Angela Brown,ureed@example.net,538-822-2629,2023-09-01,5658.56,Refund,USD,"Watts, Fuller and Morris",Dining,36893.36,37944.48,0,Completed,9175341316845619,685833703,2022-12-08
TXN-00000280,ACC-6029882,CUST-23497,Kayla Perez,jennifer99@example.com,4528048825,2022-10-23,12683.41,Refund,CAD,Anderson Group,Grocery,19434.97,5883.25,0,Pending,7342587263827563,375632325,2023-06-13
TXN-00000281,ACC-2397786,CUST-62596,Julie Guzman,lauriemason@example.org,(486)394-0948x718,2020-03-16,6441.28,Transfer,EUR,Tucker Ltd,Grocery,14574.79,59293.41,0,Failed,1543897112534759,420369985,2020-09-24
TXN-00000282,ACC-8560292,CUST-99479,Kimberly Roach,awu@example.org,(545)880-6187x001,2020-04-18,5044.73,Credit,CAD,"Wells, Anderson and Robinson",Utilities,32931.19,12334.77,0,Completed,4077750699263329,722316254,2022-03-12
TXN-00000283,ACC-2977458,CUST-53530,Charles Smith,charris@example.com,+1-613-464-7259x856,2021-05-20,6968.47,Credit,CAD,Donovan-Davis,Dining,44.12,28449.93,0,Failed,3815757810563303,287080422,2020-08-19
TXN-00000284,ACC-9557119,CUST-69702,Michelle Anderson,jared54@example.org,430-719-4267x363,2022-01-21,6351.94,Transfer,CAD,"Salazar, Henderson and Price",Entertainment,36616.01,75916.39,1,Pending,4260703099334781,911754549,2022-10-28
TXN-00000285,ACC-2387188,CUST-10558,Rebekah Gomez,williamsjennifer@example.net,208.404.5310,2022-04-16,12413.43,Transfer,JPY,Donovan-Davis,Utilities,9202.27,84080.41,0,Reversed,6103653851567183,716231329,2021-03-21
TXN-00000286,ACC-3733417,CUST-20680,Andrew West,isabella76@example.net,671-835-9518,2021-09-15,11572.44,Credit,Usd,Long PLC,Travel,35153.93,13089.66,0,Completed,6413702394088900,708018512,2023-03-30
TXN-00000287,ACC-8613430,CUST-23102,Melissa Kennedy,thomas12@example.com,999-527-2419,2022-10-06,179.51,Refund,USD,Case PLC,Grocery,10637.63,80994.59,0,Completed,6659773091978403,161186030,2023-03-19
TXN-00000288,ACC-7408675,CUST-10630,Cynthia Brown,michael97@example.com,935-852-2022,2021-11-06,4552.32,Credit,JPY,Dean LLC,Travel,6043.26,91097.54,0,Failed,4421491683437310,699808902,2021-06-14
TXN-00000289,ACC-7773160,CUST-69966,John Tapia,johnsonlisa@example.net,5855517294,2022-08-09,1729.99,Refund,USD,,Dining,27646.3,76632.44,0,Pending,6081631884554820,185930369,2023-08-01
TXN-00000290,,CUST-33205,Ashley Elliott,xpierce@example.com,7528564060,2021-06-25,11438.5,Fee,JPY,,Online,37895.36,5416.11,0,Reversed,5325657529051005,424479056,2023-01-16
TXN-00000291,ACC-6091391,CUST-67512,Daniel Taylor,williamsandrea@example.com,8915572750,2024-01-25,4213.95,Debit,USD,"Hampton, Morgan and Hayes",Retail,26433.13,5275.73,0,Reversed,1320658557433657,619313893,2020-04-15
TXN-00000292,ACC-7037761,CUST-85985,Jennifer Hernandez,,(638)465-3123x584,2024-01-10,6825.48,Transfer,JPY,"Wright, Marsh and Huffman",Retail,38862.25,58783.94,0,Completed,1839893187447425,429288079,2024-12-09
TXN-00000293,ACC-8018372,CUST-54750,Laura Davis MD,tiffany20@example.com,(345)579-7273,2022-08-02,6743.9,Debit,CAD,Sanchez Inc,Online,14141.47,74574.79,0,pending,7347444258509305,462767277,2021-07-03
TXN-00000294,ACC-1174760,CUST-89803,Sarah Vaughan,rodriguezwilliam@example.net,001-229-538-0743x85729,2022-11-05,14149.13,Transfer,JPY,Wilson LLC,Utilities,33855.16,76062.97,0,Completed,8108720839817680,172670133,2021-03-23
TXN-00000295,ACC-8991958,CUST-14426,Wendy Hopkins,natalie15@example.com,(873)737-6107x27787,2023-07-03,7791.28,Refund,JPY,Morgan Inc,Online,46540.14,78396.99,1,Failed,8674166943607656,254957147,2022-02-09
TXN-00000296,ACC-8449742,CUST-19143,Nancy Spence,edwardbarnes@example.com,+1-570-850-2119x25058,2023-10-04,3342.71,Credit,USD,"Armstrong, Scott and Saunders",Travel,23156.01,19190.03,0,Completed,3130787238244070,809409274,2024-06-12
TXN-00000297,ACC-3817316,CUST-47672,Sharon Murphy,ellisbrandon@example.org,555-426-7469x344,2021-02-17,487.71,Debit,EUR,Day-Garcia,Travel,26751.78,90199.61,0,Pending,4533476451325586,507039662,2020-02-16
TXN-00000298,ACC-7339201,CUST-84186,Wendy Pierce,,6272322044,2021-06-13,11812.58,Debit,USD,Bishop PLC,Utilities,40626.96,89070.1,0,Pending,6587817098097419,446946056,2024-05-13
TXN-00000299,ACC-6765230,CUST-41777,Alexandria Kelly,keith62@example.org,992.981.7272x4334,2022-09-14,2109.05,Credit,USD,Johnson Group,Healthcare,14928.79,14517.48,0,Failed,5706971188456581,363505836,2020-08-06
TXN-00000300,ACC-9728885,CUST-11285,Alex Boyer,justin76@example.org,+1-782-855-9948x4827,2021-06-08,1747.16,Debit,GBP,Jacobs Inc,Healthcare,28722.19,75590.9,0,Completed,6308505682757720,916186193,2021-09-11
TXN-00000301,ACC-9047548,CUST-83024,Kurt Vasquez,stephanie30@example.org,471.606.2359x16931,2024-10-26,14559.36,Refund,CAD,Wilson LLC,Online,17940.76,80270.72,0,Reversed,1449395616884746,875356177,2023-04-23
TXN-00000302,ACC-2260988,CUST-72984,Rebekah Hill,lnunez@example.com,(365)566-0207x6245,2020-03-11,14264.36,Credit,CAD,Rice-Robbins,Utilities,8023.58,25661.54,0,Reversed,7794442131589846,970922713,2022-08-24
TXN-00000303,ACC-9713995,CUST-75151,Lauren Rodriguez,stevenperez@example.net,657.794.9418x44265,2021-02-19,8488.12,Credit,GBP,Hunt-Woods,Healthcare,38725.18,16788.48,1,Failed,7696384528538764,815684382,2023-03-28
TXN-00000304,ACC-4933498,CUST-35519,Timothy Richardson,joseph41@example.com,774.949.1502x22951,2024-04-05,5884.83,Debit,CAD,Mccarthy-Hawkins,Grocery,14671.06,43283.92,0,Completed,1317631122871677,291982290,2022-12-15
TXN-00000305,ACC-1355714,CUST-29285,Kayla Jones,michael89@example.org,290-287-6991x5748,2023-10-26,7315.28,Debit,USD,David-Martinez,Online,16593.01,8849.51,0,Failed,7005544920947526,395737248,2022-12-21
TXN-00000306,ACC-2143380,CUST-17281,Jonathan Cherry,warrenalexander@example.net,(567)682-2490,2024-11-13,7474.59,Transfer,JPY,"Wright, Marsh and Huffman",Entertainment,6443.2,86623.95,0,Failed,1293260068243803,535674804,2023-10-26
TXN-00000307,ACC-1852295,CUST-40121,Ryan Adams,sspence@example.com,522-981-5515x62499,2024-11-12,10208.35,Refund,USD,Garcia-Freeman,Utilities,22089.48,28301.72,0,Pending,4304121971029317,629796318,2020-10-17
TXN-00000308,ACC-9974278,CUST-94444,Kyle Pratt,austinclark@example.org,(604)826-3759x9729,2020-01-22,13531.35,Refund,USD,David-Martinez,Healthcare,34284.12,22400.57,0,Reversed,3515475332047575,621222806,2020-06-03
TXN-00000309,ACC-2673074,CUST-91390,Susan Hicks,stephen05@example.org,+1-357-659-9753x92918,2023-07-22,4018.73,Refund,USD,Gardner and Sons,Utilities,33014.82,34881.83,0,Completed,8082913289193166,129752081,2023-06-18
TXN-00000310,ACC-2999140,CUST-83708,Douglas Hinton,robert52@example.net,589-235-8058,2020-11-12,1937.33,Fee,GBP,Johnson-Murray,Travel,3217.5,13938.89,0,Pending,8372106154014239,909548558,2022-09-03
TXN-00000311,ACC-2730412,CUST-55045,Robert Taylor,strongjohn@example.org,(802)444-2117x3849,2023-01-01,8782.57,Transfer,GBP,Underwood-Allen,Retail,25028.8,59745.59,0,Pending,8268236456273701,120827652,2024-05-31
TXN-00000312,ACC-2857227,CUST-50602,Deborah Reeves,ucastro@example.com,+1-450-570-1342,2021-01-10,6999.95,Transfer,CAD,Morgan Inc,Travel,41439.74,46489.55,1,Reversed,3596731531346666,745630361,2020-06-12
TXN-00000313,ACC-3983278,CUST-49371,Evan Johnson,veronica05@example.com,001-610-362-0802x0110,2023-08-30,7757.21,Fee,JPY,,Online,27043.39,69616.96,0,Reversed,8554886438155225,418973243,2021-01-26
TXN-00000314,ACC-6105317,CUST-91610,Isaiah Bender,sbarker@example.net,+1-760-722-5092x0119,2022-08-05,0.0,Fee,JPY,Hunt-Woods,Dining,9476.42,88450.83,0,Reversed,2807653076536036,339230170,2022-11-27
TXN-00000315,ACC-1786436,CUST-39673,Bradley Taylor,tracyanderson@example.com,225-692-7976,2021-07-07,12998.3,Fee,USD,"Parker, Crosby and Thomas",Healthcare,32203.27,83656.87,0,Failed,8715786018281500,874162472,2020-04-12
TXN-00000316,ACC-6944782,CUST-73298,Jerry Patel,kimberlysparks@example.org,2845952540,2021-04-12,8514.58,Refund,JPY,Johnson-Murray,Healthcare,-21.07,7515.74,0,Reversed,7257326730626996,380997218,2023-05-01
TXN-00000317,ACC-4874343,CUST-16953,Steven Blevins,wisejessica@example.net,+1-993-445-7649x4789,2023-05-04,2307.27,Credit,GBP,"Watts, Fuller and Morris",Grocery,1169.17,41846.55,0,Failed,3429864749602781,863156035,2020-08-20
TXN-00000318,ACC-6213337,CUST-18628,Paul Chandler,,001-416-946-6632x6631,2026-06-24,11282.26,Refund,GBP,"Wright, Marsh and Huffman",Grocery,8809.51,19045.63,0,Completed,9547535630624649,333461156,2021-11-06
TXN-00000319,,CUST-31441,Margaret Hampton,jdaniels@example.com,(984)785-1662x635,2020-11-19,9162.49,Fee,CAD,"Watts, Fuller and Morris",Travel,49245.15,28016.84,0,Reversed,7806888588092350,478936041,2021-05-25
TXN-00000320,ACC-8235614,CUST-31433,Jordan Carter,kevinserrano@example.com,668-933-1421,2024-02-28,12945.74,Transfer,JPY,Barnes Inc,Travel,503.89,17712.26,0,Failed,1173169943223347,749736094,2023-02-26
TXN-00000321,ACC-1932848,CUST-66665,David Holmes,ericwilliams@example.com,444-202-7412x43205,2021-09-07,238.98,Refund,JPY,"Wells, Anderson and Robinson",Healthcare,1415.75,97167.59,0,Pending,8399924590095086,891933630,2023-12-16
TXN-00000322,ACC-5767081,CUST-33073,Karen Larsen,,+1-736-276-3485x28529,2023-08-06,4873.63,Debit,USD,Bishop PLC,Online,12620.28,93895.7,1,Pending,2002809282566958,971260733,2024-11-02
TXN-00000323,ACC-6130087,CUST-40303,Michael Spears,rodriguezjudy@example.org,001-979-968-5596x5211,2023-11-01,4014.96,Fee,JPY,Martin Inc,Grocery,28330.67,62575.31,0,Failed,4473400166813859,651242041,2022-08-18
TXN-00000324,ACC-5162762,CUST-76970,Kristen Smith,vincentgrimes@example.com,001-839-903-0641,2020-07-20,8369.26,Debit,Euro,Jones Ltd,Online,10732.82,46210.69,0,Failed,6576507244111826,294120184,2021-04-16
TXN-00000325,ACC-5917741,CUST-72344,Alison Burgess,ariana90@example.com,734.501.0772x50210,2021-06-03,6346.8,Credit,CAD,"Hampton, Morgan and Hayes",Utilities,4624.28,18692.62,0,Reversed,3576190049604770,472417418,2020-04-01
TXN-00000326,ACC-5169777,CUST-27310,Jeffrey Smith,james29@example.org,453.994.1187,2021-10-30,4863.29,Credit,USD,Case PLC,Retail,3167.46,5771.58,0,Failed,6312975491691887,963258164,2023-04-18
TXN-00000327,ACC-1877905,CUST-45832,Zachary Obrien,lauramarshall@example.com,736-731-1596,2020-11-07,14340.35,Debit,GBP,Walters-Walsh,Dining,12972.04,99769.02,0,Completed,2289356070837099,194061273,2020-09-26
TXN-00000328,ACC-9158996,CUST-77747,Susan Vega,ipierce@example.net,257-463-4162x53164,2020-06-03,4811.47,Fee,USD,,Utilities,25289.93,81453.49,0,Failed,4657608051602120,761930045,2023-12-31
TXN-00000329,ACC-6269035,CUST-56916,Joanne Berry,cortezmicheal@example.net,241.729.8603x779,2022-10-13,13117.36,Credit,JPY,Brown Group,Travel,5058.8,69508.65,0,Pending,5549771050301285,941635335,2022-05-31
TXN-00000330,ACC-2248786,CUST-97995,Francis Robinson,alvarezandrew@example.org,477.821.7887x2878,2023-10-03,1805.31,Fee,GBP,Rice-Robbins,Dining,20231.13,84692.21,0,Failed,3153115110128507,567956460,2020-05-29
TXN-00000331,ACC-7466145,CUST-75663,Anthony Garrett,newtonsarah@example.com,583-466-2539x6718,2024-07-14,4690.26,Transfer,JPY,Tucker Ltd,Online,14102.67,6418.76,0,complete,6014411045357921,125746915,2022-10-31
TXN-00000332,ACC-1740400,CUST-20308,Leah Gonzalez,chadrogers@example.com,(223)793-1591,2021-08-05,630.97,Refund,USD,"Morgan, Barnes and Parks",Travel,38155.83,4756.26,1,Pending,8955941295929205,698362098,2020-07-20
TXN-00000333,ACC-7555515,CUST-96041,Kimberly Pollard,penasylvia@example.net,722.281.0891x8870,2020-08-22,8069.44,Refund,EUR,Mccarthy-Hawkins,Retail,9959.76,28823.71,0,Reversed,9776677224519641,977569419,2023-11-03
TXN-00000334,ACC-6880705,CUST-92275,Anthony Rose,garciavictoria@example.org,9366096033,2020-03-13,5298.64,Fee,JPY,Walters-Walsh,Dining,20733.44,59992.57,0,PENDING,7229884138859585,136802334,2020-01-25
TXN-00000335,ACC-1029823,CUST-93665,Jennifer Jones,richardmorrow@example.com,(880)279-3446,2023-02-08,0.0,Credit,GBP,"Armstrong, Scott and Saunders",Entertainment,7382.16,49339.24,0,Reversed,4453676278805632,119050984,2022-08-12
TXN-00000336,ACC-1482819,CUST-79922,Ashley Moore,lanejohn@example.net,001-480-544-6007x9194,2021-03-30,$7736.72,Credit,JPY,Tucker Ltd,Online,36221.16,71480.16,0,Failed,2691518266795653,752367808,2023-01-28
TXN-00000337,ACC-7501644,CUST-73020,Michael Guerrero,thompsonmonica@example.net,2493978055,2021-06-23,3066.69,Fee,USD,Brown Group,Dining,22803.26,8863.65,0,Reversed,8363710421206531,919116279,2022-10-03
TXN-00000338,ACC-8232780,CUST-15955,Stuart Robinson,garciacarl@example.com,605.412.1075x3535,2021-12-20,13398.28,Fee,GBP,Bishop PLC,Travel,3742.05,31127.88,0,Pending,2464925317998190,324958653,2023-04-20
TXN-00000339,ACC-6863468,CUST-79370,Jessica Caldwell,ibailey@example.com,+1-712-882-6424x914,2024-09-05,13980.0,Transfer,JPY,Walters-Walsh,Travel,321.0,4204.87,0,Reversed,8812889849641301,826930601,2021-02-13
TXN-00000340,ACC-2816391,CUST-87581,Luis Decker,destiny85@example.com,001-473-698-9301x6127,2024-05-22,1491.78,Debit,JPY,Gardner and Sons,Utilities,24504.02,56163.74,0,Reversed,3518120626953352,381987344,2023-09-23
TXN-00000341,ACC-5866606,CUST-54173,Carl Robertson,jonesluke@example.org,616.889.2321x711,2021-10-19,864.13,Credit,USD,,Healthcare,47673.79,95575.19,1,Completed,9311159744209126,531066098,2023-07-16
TXN-00000342,ACC-6198527,CUST-59480,Vanessa Clark,davisleonard@example.com,4559701430,2026-10-04,6873.99,Refund,eur,"Salazar, Henderson and Price",Travel,25781.63,48352.73,0,Pending,9620460019731450,132114179,2023-04-03
TXN-00000343,ACC-6154185,CUST-91062,Jeanne Valdez,lambertdavid@example.com,2427832420,2021-04-07,1192.48,Credit,JPY,"Garcia, Mitchell and Wilson",Healthcare,10781.78,16581.46,0,Reversed,7762614654477771,910240036,2022-03-04
TXN-00000344,ACC-7026817,CUST-23077,Andrew Romero,david97@example.net,001-467-764-2633x313,2022-12-04,2289.48,Fee,JPY,Hunt-Woods,Entertainment,30769.46,69625.52,0,Pending,8411636276221912,104485637,2020-12-05
TXN-00000345,ACC-5814557,CUST-15105,Christopher Gilmore,uhill@example.net,805-351-6297x7291,2022-02-01,1911.36,Refund,JPY,"Armstrong, Scott and Saunders",Retail,1386.43,23221.02,0,Failed,2291704594971712,986981360,2021-06-21
TXN-00000346,ACC-9503380,CUST-11569,Tara Fisher,,274-964-8782,2021-11-20,1534.78,Credit,JPY,Bishop PLC,Dining,25587.43,63274.31,0,Completed,3944456330828992,666081410,2023-02-07
TXN-00000347,ACC-1564477,CUST-86507,Laurie Rivera,tiffanyjimenez@example.com,5462483715,2023-02-14,4409.05,Refund,EUR,"Wright, Marsh and Huffman",Retail,13408.25,63853.68,0,Pending,8760740462915617,425071171,2021-09-12
TXN-00000348,ACC-5354050,CUST-82787,Jason Shelton,rdudley@example.net,467-943-1218,2020-11-01,0.0,Transfer,CAD,,Dining,6809.75,80125.23,0,Completed,5002856148458569,182473484,2021-09-06
TXN-00000349,,CUST-79863,Justin Barnes,teresaortega@example.com,717.884.1647,2020-03-05,5505.19,Debit,JPY,"Roberts, Joyce and Sanchez",Dining,10931.37,8293.67,1,Completed,5318299150727697,106873145,2022-02-23
TXN-00000350,ACC-2552142,CUST-75714,Victor House,taylor54@example.org,(479)261-4282x342,2023-03-08,-1279.5,Credit,USD,Martin Inc,Entertainment,12816.56,93137.26,0,Reversed,3343597789657704,701508999,2023-02-04
TXN-00000351,ACC-1759445,CUST-38894,Kelsey Henderson,victoriawright@example.com,942.921.3286,2021-06-20,10036.38,Credit,GBP,David-Martinez,Travel,10176.63,7275.66,0,Completed,2816269661121159,467011417,2020-06-24
TXN-00000352,ACC-2943542,CUST-68318,Garrett Gillespie,kwilliams@example.net,594.675.8598,2024-11-24,10461.26,Fee,USD,Castillo-Holmes,Healthcare,11188.52,32171.42,0,Completed,9230691777841022,714743641,2024-03-05
TXN-00000353,ACC-7482581,CUST-69406,Christian Robertson,carlsonemily@example.net,651-777-9017x1548,2020-07-23,4123.72,Transfer,CAD,,Travel,1912.2,99933.06,0,Completed,4242271353036794,919187126,2022-03-09
TXN-00000354,ACC-3557958,CUST-69994,David Spears,pmartinez@example.com,+1-807-668-2637x40685,2021-11-02,4076.86,Refund,CAD,"Garcia, Martinez and Hernandez",Grocery,23426.96,94690.23,0,Failed,1447464545198368,385104918,2021-06-12
TXN-00000355,ACC-9812447,CUST-68953,Robert Burnett,murphytimothy@example.org,989-556-6546x4398,2020-01-08,9273.74,Fee,EURO,Donovan-Davis,Retail,28821.53,92189.61,0,Reversed,5733245740447627,422615928,2020-05-25
TXN-00000356,ACC-8157618,CUST-69103,Jeremy Smith,campbellrobert@example.org,001-452-226-1247x1305,2021-12-19,65.1,Debit,USD,"Garcia, Mitchell and Wilson",Grocery,18958.07,23190.59,0,Reversed,7497495524351593,187203073,2020-02-24
TXN-00000357,ACC-5954692,CUST-63346,Michael Blevins,harveychristian@example.com,001-306-369-3548x9102,2024-05-30,14946.76,Credit,EUR,Logan-White,Travel,29929.32,64756.7,0,Completed,7365572813492006,401612810,2022-06-21
TXN-00000358,ACC-6038426,CUST-83587,Allen Lawrence,lawrence81@example.com,738.833.9970x4983,2022-02-14,4359.25,Fee,CAD,Martin Inc,Healthcare,25813.21,46924.04,0,Failed,9466213686561198,797536421,2021-05-19
TXN-00000359,ACC-8650324,CUST-71411,Cynthia Alvarez,lewischad@example.net,828.987.5257,2020-01-09,6079.61,Credit,JPY,Case PLC,Travel,4879.45,98834.55,0,Failed,6078423243091605,576903733,2022-12-16
TXN-00000360,ACC-2788737,CUST-85200,Matthew Sullivan,samuelcarlson@example.com,001-397-852-5421x719,2023-12-11,1549.4,Refund,USD,Roach-Brooks,Healthcare,46544.66,8314.55,1,Completed,3788252053915695,415384448,2020-06-25
TXN-00000361,ACC-8094649,CUST-68686,Michelle Glenn,ashley26@example.org,001-249-645-9053x75499,2021-07-26,14172.23,Debit,EUR,Anderson Group,Healthcare,40412.76,34084.57,1,Reversed,6610712836504748,709398852,2020-08-11
TXN-00000362,ACC-4928188,CUST-57211,Gabrielle Wilson,pagedaniel@example.org,208-798-7269,2021-05-14,7200.93,Credit,USD,Castillo-Holmes,Entertainment,33825.15,82035.81,0,Reversed,6701451373222829,894245956,2023-06-10
TXN-00000363,ACC-8624069,CUST-38371,Rachel Cole,trevorvargas@example.com,001-566-695-9818x370,2023-03-09,7164.6,Transfer,JPY,"Garcia, Mitchell and Wilson",Entertainment,41489.32,24300.45,0,Reversed,3494421267179618,503851259,2024-10-22
TXN-00000364,,CUST-72804,Daniel Rodriguez DVM,margaret97@example.org,851.949.7674x0028,2023-09-11,4943.88,Refund,CAD,Morgan Inc,Retail,32893.33,83723.76,0,Completed,4955548042893037,921526464,2022-09-13
TXN-00000365,ACC-8221267,CUST-10768,Brandon Mcguire,fallen@example.net,450.647.8825x56612,2022-01-18,13761.21,Transfer,CAD,,Retail,19221.1,93785.33,0,Pending,6233857730522940,869978768,2020-09-05
TXN-00000366,ACC-4153748,CUST-58626,Joseph Peters,wdennis@example.org,640.364.7088x704,2024-03-16,5829.02,Transfer,JPY,Castillo-Holmes,Dining,16619.56,39926.95,0,Reversed,1255266558496368,487211937,2022-09-22
TXN-00000367,ACC-4981854,CUST-42838,Mary Olson,stephaniepatrick@example.com,001-258-679-4320x500,2023-09-16,74.04,Debit,JPY,"Garcia, Mitchell and Wilson",Retail,43633.52,60330.68,0,Reversed,7513347269326278,235445214,2023-05-22
TXN-00000368,ACC-3913104,CUST-61043,Jean Harper,cervantestracy@example.com,001-954-422-3360x69434,2020-04-19,0.0,Credit,USD,"Russell, Wright and Graves",Retail,32246.58,33597.44,0,Completed,2362635279482209,545901527,2020-05-24
TXN-00000369,ACC-5234208,CUST-91721,Jessica Watts,ericgarcia@example.com,(799)659-6170,2023-07-07,12691.4,Fee,USD,Johnson-Murray,Retail,22713.49,56622.96,0,Completed,1768938832924165,670002069,2024-10-14
TXN-00000370,ACC-1859563,CUST-99181,Michelle Castro,ryanmunoz@example.net,001-509-241-2547x2463,2023-11-07,4544.68,Fee,JPY,Garcia-Freeman,Entertainment,48561.43,83388.6,0,Pending,2205200553205299,668251350,2020-09-12
TXN-00000371,,CUST-92330,Elizabeth Ryan,marie94@example.org,9892436664,2022-04-25,7407.11,Transfer,GBP,Barnes Inc,Dining,44392.88,97923.22,0,Pending,3071217696889961,246257268,2024-12-04
TXN-00000372,ACC-9829333,CUST-62118,Michael Davis,wwilson@example.net,+1-906-795-7071x30802,2024-08-10,2096.07,Transfer,us dollar,Garcia-Freeman,Dining,20238.37,75314.64,0,Pending,1476354841067774,381103932,2024-04-14
TXN-00000373,ACC-8106167,CUST-76419,Michael Ramsey,susan69@example.com,451.471.7118,2021-01-22,1745.97,Transfer,CAD,Martin Inc,Retail,31203.46,61147.52,0,Reversed,8119548712444994,258207194,2021-04-06
TXN-00000374,ACC-4827150,CUST-96322,David Costa,ythomas@example.net,732-680-0019,2021-01-02,11723.39,Transfer,EUR,"Hampton, Morgan and Hayes",Entertainment,33154.47,71588.69,0,Reversed,2666386472344938,595097385,2023-04-09
TXN-00000375,ACC-3775217,CUST-34444,Kelly Vazquez,wking@example.org,534.867.0577,2021-10-03,3900.92,Debit,CAD,"Wright, Marsh and Huffman",Healthcare,42208.58,57199.38,0,Failed,9523556150688032,923285016,2023-12-11
TXN-00000376,ACC-2948619,CUST-19749,Ashley Campbell,isaacmunoz@example.com,(209)448-4618,2021-09-25,10944.83,Debit,EUR,Roach-Brooks,Dining,21467.82,12183.6,0,Completed,9515140162509186,614217966,2020-06-23
TXN-00000377,,CUST-93926,Brittany Robinson,james72@example.org,583-218-5175,2022-03-06,12613.75,Debit,JPY,Wilson LLC,Online,15521.83,35424.28,1,Completed,3813683826053489,116977346,2023-12-31
TXN-00000378,ACC-8851100,CUST-32059,Lisa Mendoza,greenjasmine@example.com,+1-418-720-4129,2020-08-26,10946.17,Refund,EUR,Barnes Inc,Dining,47703.75,95417.89,0,Completed,4544338841176308,646233873,2021-08-31
TXN-00000379,ACC-6359899,CUST-55180,Jason Zamora,gregorymclean@example.com,001-245-668-6314x687,2023-09-09,1087.37,Fee,CAD,Sanchez Inc,Online,39713.35,18345.7,0,Pending,8460420468819009,721555886,2021-10-08
TXN-00000380,ACC-3450291,CUST-43404,Tracy Morton,,239-921-8112x46488,2024-01-14,11454.73,Refund,GBP,"Roberts, Joyce and Sanchez",Retail,2906.13,96205.38,0,Completed,8855454874148471,112723256,2021-03-23
TXN-00000381,ACC-7592520,CUST-95581,Sheila Greene MD,bauertravis@example.org,001-383-292-2282,2022-08-06,10657.4,Refund,USD,Gardner and Sons,Entertainment,20997.67,96168.77,0,Failed,3627436344071501,955216773,2020-01-30
TXN-00000382,ACC-1538101,CUST-76606,Scott Bell,jamesparks@example.net,317-719-3225x7177,2023-12-03,0.0,Debit,CAD,Hunt-Woods,Healthcare,17755.43,95667.83,0,Pending,9376864046563806,958318096,2020-08-14
TXN-00000383,ACC-9804078,CUST-36571,Eric Wheeler,odominguez@example.org,9362071498,2020-06-19,590.21,Debit,JPY,Anderson Group,Dining,23321.01,71895.56,0,Failed,9925671634464012,102866218,2022-08-24
TXN-00000384,ACC-1377584,CUST-82143,Jodi Bass,kimberly57@example.net,001-567-463-1413x1929,2021-08-27,2006.45,Debit,CAD,Garcia-Freeman,Healthcare,2734.7,45469.72,0,Reversed,3624902980434429,775631259,2022-03-21
TXN-00000385,ACC-6490139,CUST-56331,Darren Evans,imaxwell@example.org,8055067156,2021-11-10,4894.04,Credit,us dollar,Jones Ltd,Utilities,7429.01,73405.52,0,complete,9409288159739810,925260253,2021-06-08
TXN-00000386,ACC-4489513,CUST-16246,Michael Jordan,mcguireaustin@example.net,+1-797-934-8290x450,2020-01-27,10650.22,Debit,JPY,"Salazar, Henderson and Price",Online,6005.48,87834.23,0,Pending,4942627916273515,900820524,2023-09-01
TXN-00000387,ACC-5558647,CUST-99496,Oscar Schultz,brianperry@example.net,(497)622-3709x144,2020-10-18,7934.44,Transfer,EUR,Morgan Inc,Utilities,-357.56,90537.05,0,Completed,8122331914932832,546185735,2023-12-23
TXN-00000388,ACC-8151665,CUST-90244,Samantha Jacobson,blanchardkathryn@example.org,496-409-1330x7726,2022-02-28,5946.23,Fee,JPY,Barnes Inc,Healthcare,5760.38,84183.15,0,Pending,4380102351657124,398981443,2021-06-01
TXN-00000389,ACC-7559282,CUST-44590,Hannah Howe,jesse28@example.org,585-980-2576x9985,2023-04-03,964.63,Refund,USD,Jones Ltd,Healthcare,452.42,10859.43,0,Failed,1450263563932556,625920288,2022-04-13
TXN-00000390,ACC-3851395,CUST-77597,Brian Johnson,fkim@example.com,(788)555-1895,2020-01-08,4490.21,Fee,EUR,,Retail,28795.39,41874.54,0,Failed,1099620712977683,760645270,2023-03-19
TXN-00000391,ACC-4273939,CUST-26012,Sarah Reed,,(921)646-1110x559,2021-11-06,14673.38,Debit,GBP,"Warren, Rose and Bell",Entertainment,20492.97,73349.98,0,Pending,3181178663149244,999208616,2023-01-27
TXN-00000392,ACC-6102969,CUST-40803,Thomas Brady,damon24@example.org,(628)798-9365x19565,2021-12-17,2897.0,Transfer,USD,"Garcia, Mitchell and Wilson",Healthcare,22529.47,45060.31,0,Reversed,3856656842516965,150168282,2024-04-29
TXN-00000393,ACC-3670217,CUST-52549,Jennifer Smith,richard19@example.com,999.264.1765,2021-10-16,1598.05,Fee,JPY,Case Inc,Online,5348.48,33631.59,0,Pending,7584166146212350,577967803,2021-07-19
TXN-00000394,ACC-5273611,CUST-57021,Dr. Kristopher Perkins,aaronlee@example.com,366.437.0216x98709,2024-07-01,7973.1,Fee,CAD,"Salazar, Henderson and Price",Online,443.39,24558.02,0,Reversed,2104607031503917,754072194,2021-03-26
TXN-00000395,ACC-5949557,CUST-96605,Michele Butler DDS,irobinson@example.org,379.771.3027,2024-02-05,5519.96,Transfer,CAD,Case Inc,Grocery,34977.17,96002.81,0,Failed,7664825762628289,632495830,2023-05-12
TXN-00000396,ACC-4160272,CUST-68879,Shannon Kerr,ryanwilliams@example.net,236.237.6274x2086,2023-04-28,0.0,Fee,EUR,Jones Ltd,Healthcare,42555.78,11590.5,0,Reversed,7744333982445097,449114796,2024-04-19
TXN-00000397,ACC-1009434,CUST-82023,Marcus Rangel,makayla16@example.net,547-396-8824x8932,2023-03-13,13019.8,Transfer,CAD,Sanchez Inc,Online,4756.04,99734.71,0,Completed,6711375039742905,933854634,2021-02-24
TXN-00000398,ACC-7307579,CUST-17967,Mark Copeland,,(820)331-4754x880,2020-01-16,3021.66,Fee,EUR,"Garcia, Martinez and Hernandez",Online,35320.66,59916.16,0,Completed,3128931694574723,107551049,2023-11-07
TXN-00000399,ACC-2775488,CUST-25313,Teresa Torres MD,jillianbowers@example.net,971-483-4499x8564,2024-03-11,14825.85,Debit,CAD,Tucker Ltd,Online,24540.02,39651.17,1,Pending,8643272263797454,152225319,2024-05-22
TXN-00000400,ACC-9149532,CUST-80910,David Montoya,tstewart@example.net,(756)305-9233x892,2024-12-11,12844.58,Fee,GBP,Long PLC,Utilities,10626.5,52566.19,0,Reversed,9397271899475230,933161731,2021-04-25
TXN-00000401,ACC-1858147,CUST-84510,Phillip Martinez,,(783)212-9285x03413,2020-01-18,14537.33,Credit,JPY,Donovan-Davis,Online,23104.29,69970.98,1,Failed,5869553361228578,834429782,2023-08-08
TXN-00000402,ACC-2850851,CUST-15664,Mr. James Miller Jr.,michelleleon@example.net,001-586-421-7008x781,2022-07-14,9891.88,Refund,CAD,Hunt-Woods,Dining,43412.19,31660.98,0,Reversed,6625566648055877,925269638,2022-07-14
TXN-00000403,ACC-7559878,CUST-14062,Stephanie Davis,collierkimberly@example.net,(979)584-0582,2024-06-27,12455.25,Transfer,EUR,Walters-Walsh,Travel,49672.48,11803.39,1,Failed,1887857080316961,643615681,2024-10-17
TXN-00000404,ACC-9336250,CUST-53236,Jacob Bishop,ngomez@example.net,001-689-720-8582,2022-05-03,4713.73,Fee,USD,Johnson Group,Online,25122.85,23073.86,0,Failed,4573602316389008,844557987,2021-03-07
TXN-00000405,ACC-8817694,CUST-71039,Susan Smith,conniereynolds@example.org,9737359985,2022-03-05,852.31,Credit,EUR,Logan-White,Grocery,21864.27,67322.47,0,Reversed,9320975845707355,726923721,2020-11-16
TXN-00000406,ACC-6394660,CUST-47030,Sergio Higgins,,469.284.8282x4104,2020-01-28,2229.61,Debit,EUR,"Wright, Marsh and Huffman",Utilities,9467.25,71448.34,0,Failed,1708406846732425,921390264,2020-10-10
TXN-00000407,,CUST-30790,Anna Lucas,,839.618.0757,2022-07-28,13945.48,Debit,GBP,"Garcia, Mitchell and Wilson",Utilities,34010.52,39866.21,0,Failed,8380355353001878,302265648,2020-10-13
TXN-00000408,ACC-2255549,CUST-48275,Dan Thompson,jacobwade@example.com,223-828-9310x4988,2022-05-18,14528.7,Fee,GBP,Roach-Brooks,Travel,11906.19,48725.07,0,Failed,7031664783971686,259769048,2020-03-16
TXN-00000409,ACC-4264201,CUST-64800,Debra Russell,natalietaylor@example.net,466.615.9282,2021-09-25,614.8,Transfer,GBP,Sanchez Inc,Healthcare,5234.08,25896.17,0,Reversed,2821362327655084,811538592,2023-05-07
TXN-00000410,ACC-1239396,CUST-64850,Danielle Martin,ggreene@example.com,+1-391-775-5413x308,2026-04-20,1399.11,Credit,JPY,Wolfe-Holden,Dining,31560.82,48283.3,0,Pending,3766344898644880,804605755,2023-12-25
TXN-00000411,ACC-8033786,CUST-83067,Andrea Perez,millersara@example.com,+1-499-611-4434,2026-10-24,9484.99,Transfer,EURO,"Russell, Wright and Graves",Grocery,17916.23,30307.92,0,Failed,7057630565726455,154819997,2020-09-15
TXN-00000412,ACC-1111014,CUST-75499,Denise Crosby,xmartinez@example.com,(363)390-7387x5656,2022-10-17,14542.89,Refund,CAD,Tucker Ltd,Healthcare,10218.42,33950.2,0,Pending,3242899777164140,719074820,2024-01-21
TXN-00000413,ACC-1593337,CUST-13831,Rachael Travis,deborah90@example.com,001-901-527-2419x7502,2022-11-30,9009.29,Debit,eur,Bishop PLC,Dining,12774.07,82524.58,0,Reversed,1284401040103452,166645941,2023-03-01
TXN-00000414,ACC-7717783,CUST-23655,Austin Green,christina56@example.org,957.577.7832x186,2022-07-26,6662.12,Fee,USD,Brown Group,Online,47419.33,67976.92,0,Completed,6583276638281633,159932982,2021-02-28
TXN-00000415,ACC-1556409,CUST-69912,Jeremy James,msutton@example.com,(300)745-1655,2022-06-12,8760.49,Fee,JPY,Hunt-Woods,Retail,10043.65,31624.53,0,Pending,2210417248934788,731538641,2024-02-13
TXN-00000416,ACC-3643272,CUST-85758,Travis Weaver,scottrobinson@example.com,4215421721,2022-02-12,9528.08,Fee,EUR,Underwood-Allen,Grocery,41873.52,74322.63,0,Pending,1407887023933615,286118456,2022-05-05
TXN-00000417,ACC-3438025,CUST-76965,Jessica Hernandez,williamgonzalez@example.com,529-207-1223x025,2021-04-22,632.33,Refund,JPY,Wolfe-Holden,Healthcare,2310.49,56363.33,0,Reversed,1887617056876310,627202460,2024-02-14
TXN-00000418,ACC-3437617,CUST-18144,Rebecca Harrison,jeffreythomas@example.net,+1-944-244-0513x7488,2022-03-30,8122.33,Debit,EUR,Hunt-Woods,Grocery,44401.49,79139.31,0,Pending,7904186857695238,546630719,2023-12-12
TXN-00000419,ACC-5542460,CUST-74365,David Sloan,williamstaylor@example.org,429-344-9309x98233,2022-04-16,6286.58,Credit,CAD,"Wright, Marsh and Huffman",Grocery,24915.11,33080.35,0,Failed,8208354952116613,289927791,2022-01-10
TXN-00000420,ACC-5204511,CUST-71508,Terry Jackson,kimberlylewis@example.org,7188616264,2026-05-26,6915.75,Fee,CAD,Dean LLC,Grocery,22378.95,47111.86,0,Completed,5466782562118840,602621465,2022-07-27
TXN-00000421,ACC-3387048,CUST-90585,Jose Ellis,fmartinez@example.org,984.670.4022,2022-11-18,11631.65,Fee,CAD,Morgan Inc,Entertainment,2169.32,43963.66,0,Failed,3540753595592004,954231871,2023-05-11
TXN-00000422,ACC-7728564,CUST-19332,Christina Sutton,conleyhaley@example.net,+1-529-755-3631x57370,2023-12-19,2045.39,Refund,GBP,Underwood-Allen,Online,39730.77,15516.14,0,Completed,6596420990722221,793072184,2022-11-22
TXN-00000423,ACC-7674214,CUST-81139,Carl Kaufman,hammondjason@example.com,001-506-335-9999x06702,2022-11-21,14122.62,Credit,EUR,"Wells, Anderson and Robinson",Dining,1180.41,39332.06,0,Failed,8732702420503364,600591432,2023-04-08
TXN-00000424,ACC-5404163,CUST-27502,Patricia Williams,smithjohn@example.org,362-329-6522,2023-02-14,$7855.69,Transfer,EUR,"Warren, Rose and Bell",Healthcare,44827.13,88131.61,0,Reversed,1295238824025287,697177049,2020-02-10
TXN-00000425,ACC-8906784,CUST-10153,Kelsey Butler,thomas33@example.com,281-829-1686,2023-11-18,7834.73,Fee,JPY,Case PLC,Retail,-360.46,70542.68,0,Pending,1645885686562695,877959387,2020-04-22
TXN-00000426,ACC-4773789,CUST-65659,Ryan Vang,richardelizabeth@example.org,548.578.6777x11090,2023-01-27,7069.7,Fee,GBP,Barnes Inc,Online,13904.21,29213.14,1,Reversed,8422348458117754,189375576,2023-10-03
TXN-00000427,ACC-1008452,CUST-16716,Nicole Smith,lburton@example.com,331.769.5628x5916,2023-10-17,806.1,Refund,USD,Gardner and Sons,Online,48709.5,10067.49,0,Failed,1460389311937098,151609659,2020-10-31
TXN-00000428,ACC-4852779,CUST-99479,Brittany Johnson,,(975)580-8273x37799,2027-04-11,5220.56,Debit,USD,David-Martinez,Grocery,14097.52,47881.98,0,Reversed,6971875554078548,824173248,2023-11-19
TXN-00000429,ACC-4859903,CUST-88531,Gregory Meyer,richardkennedy@example.net,558.568.5873x25744,2022-05-14,9809.47,Transfer,CAD,Wolfe-Holden,Online,42934.83,34042.51,0,Failed,3736667734797284,812005303,2023-10-20
TXN-00000430,ACC-3781050,CUST-17360,Julie Oneill,johnathangarcia@example.com,(893)499-1196,2026-11-04,10207.01,Credit,JPY,Morgan and Sons,Retail,38059.36,26533.6,0,pending,8222577916447002,199767426,2021-01-19
TXN-00000431,ACC-4854891,CUST-68214,Anne Mckee,bdiaz@example.com,387.420.6797x23842,2024-06-04,3575.71,Refund,JPY,Wolfe-Holden,Online,46840.31,98346.6,0,Completed,7172107896866246,468835729,2022-10-13
TXN-00000432,,CUST-57601,Michael Lucas,beverly00@example.org,001-503-580-1219x2446,2022-12-02,11502.44,Transfer,CAD,Barnes Inc,Dining,40320.89,46322.7,0,Completed,5506547015719446,162612110,2021-03-09
TXN-00000433,ACC-3867485,CUST-47125,Kenneth Perez,,803-639-2132x8390,2024-02-13,14340.06,Credit,GBP,"Armstrong, Scott and Saunders",Healthcare,39746.67,50828.26,0,Failed,1439815544253992,377494675,2022-02-04
TXN-00000434,ACC-2833419,CUST-22736,Veronica Brady,murphyjamie@example.org,(513)503-9949x201,2020-08-26,11472.91,Credit,USD,"Garcia, Mitchell and Wilson",Utilities,15525.57,97427.41,0,Failed,7723795193836267,740437920,2021-03-31
TXN-00000435,ACC-7913049,CUST-25438,Christine Landry,geoffreyberry@example.com,001-618-624-3256x509,2022-10-21,12277.69,Debit,USD,"Russell, Wright and Graves",Online,3356.9,36339.62,0,Failed,9714113616533559,258695504,2023-09-06
TXN-00000436,ACC-9310427,CUST-96861,Michael Bauer,michael99@example.net,7339654531,2020-10-01,12876.46,Credit,GBP,Walters-Walsh,Healthcare,12867.21,35270.37,0,Pending,9471893499792670,871227566,2023-06-02
TXN-00000437,ACC-5729761,CUST-71666,Eric Vargas,robert32@example.com,532.499.9604,2023-10-30,2114.02,Transfer,CAD,Barnes Inc,Healthcare,2744.0,76110.92,0,Failed,7333108058283859,726930586,2021-05-22
TXN-00000438,ACC-5229032,CUST-99416,Jeff Norton,davidcasey@example.net,6435796508,2022-08-29,14032.16,Debit,USD,Dean LLC,Dining,47899.74,48696.12,0,Reversed,4000917665049770,150916077,2024-07-14
TXN-00000439,ACC-4035488,CUST-65551,Joel Anderson,banksshannon@example.net,3979827698,2022-07-02,4071.72,Refund,CAD,Johnson LLC,Online,39930.79,62527.98,1,Reversed,8710641758035567,453679193,2022-11-16
TXN-00000440,ACC-2162178,CUST-40880,Ashley Barnes,briansharp@example.com,337-251-7778x425,2021-07-22,3870.11,Credit,USD,Hansen LLC,Entertainment,22321.91,30196.19,1,Pending,7814105363788126,295415704,2023-11-25
TXN-00000441,ACC-4502996,CUST-42921,Ann Morgan,ehansen@example.org,001-867-447-7531,2022-02-10,6805.45,Debit,CAD,Tucker Ltd,Grocery,33006.16,7336.25,0,Pending,5567965056915826,613803731,2023-05-22
TXN-00000442,ACC-7830399,CUST-25575,Rachael Austin,jordannoah@example.net,+1-495-851-5403x289,2024-12-21,3636.4,Credit,GBP,"Wright, Marsh and Huffman",Dining,35797.73,67238.9,0,Pending,4932201786241462,805696273,2022-05-07
TXN-00000443,ACC-6302821,CUST-40417,Jesse Allen,zacevedo@example.com,+1-702-789-4614,2020-07-28,$5029.65,Refund,USD,Johnson-Murray,Entertainment,12242.32,3995.34,0,Failed,4953506418664492,998718354,2022-06-20
TXN-00000444,ACC-9255362,CUST-18835,Scott Huffman,usaunders@example.net,(883)698-2157x095,2023-01-04,14403.35,Refund,EUR,Morgan and Sons,Healthcare,8401.17,88610.24,0,Failed,7854408120262722,239649243,2023-07-05
TXN-00000445,ACC-4120697,CUST-83085,Charles Obrien,ngonzales@example.org,255.944.3644x93747,2022-09-26,1147.93,Fee,USD,Bishop PLC,Dining,26952.12,2419.29,0,Failed,5895668093666428,651473196,2022-04-01
TXN-00000446,,CUST-20473,Tara Lucero,xweaver@example.org,649.216.9715x76289,2022-12-06,$5650.95,Credit,EUR,"Watts, Fuller and Morris",Entertainment,17358.79,33284.24,0,Pending,2245380795739852,509338013,2022-06-05
TXN-00000447,ACC-5571940,CUST-61132,David Robinson,prattkimberly@example.com,(564)877-8809,2023-04-21,8760.2,Fee,CAD,Williams-Spence,Healthcare,45522.28,32293.78,0,Pending,9726569483561589,452550852,2020-11-11
TXN-00000448,ACC-3811220,CUST-90857,Janet Garcia,othompson@example.net,2232193902,2023-01-11,667.32,Fee,JPY,David-Martinez,Entertainment,3501.74,22801.71,0,Pending,1274440780877252,661517890,2022-06-12
TXN-00000449,ACC-9061958,CUST-81452,Rebecca Boyer,anthony62@example.com,640-409-0372x2472,2022-03-08,14702.45,Debit,JPY,"Hampton, Morgan and Hayes",Utilities,5902.19,44808.88,0,Reversed,3359967085817204,131203203,2024-01-19
TXN-00000450,ACC-9105360,CUST-68829,Courtney Bell,qblackburn@example.org,680-882-3006x79928,2023-02-23,3648.39,Debit,GBP,"Armstrong, Scott and Saunders",Retail,-182.25,99400.2,0,Reversed,3981979747284635,385572146,2023-07-30
TXN-00000451,ACC-7178762,CUST-72958,Steven Hickman,patrick22@example.com,3812759701,2021-05-12,9499.61,Transfer,JPY,Case Inc,Travel,40569.92,75684.84,0,Reversed,9187159819165172,454970090,2021-03-12
TXN-00000452,ACC-4662869,CUST-17981,Sara Stout,tgreene@example.net,001-405-215-8488x82581,2020-09-14,5095.18,Refund,EUR,Wolfe-Holden,Entertainment,17500.87,58817.11,0,Failed,8342137161143674,946816526,2021-06-05
TXN-00000453,,CUST-54269,Mary Lopez,zmartin@example.net,814-716-8950,2021-08-17,626.86,Refund,CAD,,Travel,36204.45,16086.91,1,Reversed,8506163358032708,211668024,2022-05-01
TXN-00000454,ACC-2160153,CUST-57144,Victoria Harrell,glennmorgan@example.com,(229)474-2866x771,2024-06-03,7150.4,Fee,JPY,"Watts, Fuller and Morris",Healthcare,27674.84,85527.08,0,Reversed,4814964474056624,508143904,2023-05-31
TXN-00000455,ACC-5438524,CUST-97966,Cole Stephenson,jcastro@example.net,280.789.7079x472,2022-06-02,152.88,Refund,EUR,"Baker, Pierce and Lynch",Entertainment,48177.44,28575.21,0,COMPLETED,3671564399186411,478224779,2022-12-30
TXN-00000456,ACC-8100799,CUST-31191,Brandi Davis,pford@example.org,+1-663-592-7769,2021-05-04,6978.94,Fee,GBP,Logan-White,Healthcare,34318.33,3871.73,0,Reversed,5498152089987759,125801420,2023-07-26
TXN-00000457,ACC-3160461,CUST-16186,Christopher Chen,qpatrick@example.org,+1-343-766-8995x7041,2021-04-06,8327.6,Debit,CAD,Johnson LLC,Grocery,15813.06,6856.53,0,Pending,9266917224927159,254383400,2023-01-19
TXN-00000458,ACC-1894914,CUST-52004,Jeff Martinez,kaiserphillip@example.com,(919)763-4610,2024-12-29,3358.07,Fee,USD,Roach-Brooks,Grocery,17470.61,55422.65,0,Failed,4579438684885590,999479098,2024-07-13
TXN-00000459,ACC-8547260,CUST-74356,Kelly Johnson,idonovan@example.org,(440)657-9268,2020-12-05,2966.31,Fee,JPY,"Wells, Anderson and Robinson",Utilities,19886.86,3096.41,0,Failed,8069703085805846,479517511,2022-10-10
TXN-00000460,ACC-7171407,CUST-13331,Kaitlyn Cook,twilliams@example.org,+1-940-635-1957x3009,2024-12-29,5109.73,Transfer,GBP,"Parker, Crosby and Thomas",Travel,16834.62,57434.19,0,Pending,2359825928795921,651845399,2022-01-16
TXN-00000461,ACC-2246659,CUST-83289,William Anderson,kevinlee@example.net,514-650-6453,2021-04-04,13130.04,Fee,GBP,Hunt-Woods,Utilities,47832.0,29336.27,0,Failed,3349201084249676,792818734,2022-10-22
TXN-00000462,ACC-6256890,CUST-22619,Shannon Wheeler,rickey24@example.org,638-259-8646,2024-11-24,2460.8,Credit,CAD,"Watts, Fuller and Morris",Entertainment,37845.03,40041.4,0,Failed,7131905158395847,443242455,2020-11-01
TXN-00000463,ACC-3273417,CUST-72073,Nancy Howard,sarahmoore@example.org,787-743-2362x9825,2023-07-15,901.1,Refund,CAD,Dean LLC,Online,9827.73,79159.71,0,Completed,9403996033185918,160863444,2021-01-21
TXN-00000464,ACC-3890762,CUST-22001,Troy Hill,,001-200-306-7947x19912,2024-05-28,12338.1,Debit,GBP,Morgan and Sons,Grocery,17799.99,85966.06,0,Pending,8151482657441361,718340557,2021-05-28
TXN-00000465,ACC-1650707,CUST-57408,Brian Graham,marialopez@example.net,5559641990,2024-01-11,1354.27,Debit,GBP,Garcia-Freeman,Utilities,39759.45,9766.16,1,Completed,1440562588385143,195069781,2020-10-06
TXN-00000466,ACC-6451210,CUST-49647,Patrick Mendez,bernardcheryl@example.org,905-761-2199,2022-04-12,12007.26,Credit,USD,Mccarthy-Hawkins,Retail,32598.09,90519.52,0,Pending,5957482152929230,862412903,2022-01-21
TXN-00000467,ACC-8254557,CUST-33055,Heidi King,alexanderamber@example.com,+1-894-747-2512x120,2022-08-03,7095.14,Refund,CAD,"Wright, Marsh and Huffman",Retail,9707.49,60481.83,0,Reversed,4919575731042900,924637244,2020-08-26
TXN-00000468,ACC-4419470,CUST-75863,Erica Perkins,mendozadamon@example.com,605.684.7163,2020-06-20,2261.48,Debit,USD,David-Martinez,Healthcare,38550.24,62305.34,1,Failed,1563366696121831,697062730,2023-01-21
TXN-00000469,ACC-7915041,CUST-49586,Brian Hall,zmcbride@example.net,(440)936-0127,2024-07-15,9671.05,Transfer,EUR,Day-Garcia,Retail,35425.94,58261.17,1,Completed,1591940735242148,820159873,2021-03-20
TXN-00000470,ACC-4471157,CUST-22333,Timothy Henry,martinsarah@example.com,7267356887,2026-11-21,2883.3,Debit,EUR,Williams-Spence,Dining,19324.03,56597.2,0,Reversed,1882592121338934,191349810,2020-01-24
TXN-00000471,ACC-2547559,CUST-91052,Kevin Johnson,mtaylor@example.org,(296)570-8323x87825,2020-08-23,12873.93,Fee,JPY,Morgan and Sons,Grocery,10491.58,55237.73,0,Completed,2835491843743603,124616875,2024-04-12
TXN-00000472,ACC-5420739,CUST-87651,Amanda Lindsey,allisonbrandon@example.com,(840)303-8160x6032,2022-01-23,13310.37,Refund,USD,Case PLC,Retail,12075.28,95315.85,0,Reversed,7403665119509125,587244650,2021-12-11
TXN-00000473,ACC-8704605,CUST-29926,Dawn Lee,klevy@example.com,(688)896-8273x47072,2021-04-08,-11267.06,Credit,JPY,Williams-Spence,Travel,7251.55,71041.14,0,Reversed,1427420891509254,881779940,2020-06-06
TXN-00000474,ACC-1920570,CUST-51347,Gary Guzman,krichards@example.com,262.505.5067x28236,2024-04-27,1392.78,Refund,USD,Day-Garcia,Dining,48607.2,67511.95,0,Completed,7955753685631372,114671898,2021-12-08
TXN-00000475,ACC-7658917,CUST-62063,Tina Lee MD,wheelercassandra@example.net,(527)370-2874x89282,2023-11-06,8907.32,Fee,EUR,Rice-Robbins,Entertainment,13687.24,91485.74,0,Pending,8556197114799079,216066066,2024-02-29
TXN-00000476,ACC-1443388,CUST-86021,Angela Leonard,nliu@example.net,723-306-5533,2022-10-11,$10217.97,Credit,GBP,"Parker, Crosby and Thomas",Grocery,25907.21,1881.35,0,Reversed,4242509039914542,420237587,2021-03-17
TXN-00000477,ACC-9967702,CUST-74345,Sean Silva,mariah84@example.net,(971)494-7143x95161,2021-08-23,12665.78,Transfer,CAD,"Garcia, Mitchell and Wilson",Travel,39853.61,41215.86,1,Pending,4987866964891085,720375619,2022-10-06
TXN-00000478,ACC-3371849,CUST-99901,Aaron Sanchez,stephen23@example.org,833.661.4345,2022-02-04,2797.97,Fee,GBP,Wolfe-Holden,Healthcare,25992.25,89044.87,0,Failed,2844446628737894,939368680,2020-02-19
TXN-00000479,ACC-3769803,CUST-40829,Susan Simpson,petersonbrittany@example.net,230.933.4160x4629,2022-05-27,14457.85,Refund,CAD,Mccarthy-Hawkins,Travel,45926.56,52418.64,0,Reversed,4202749441543381,358257050,2022-12-25
TXN-00000480,ACC-5283829,CUST-67537,Glen Johnson,donald55@example.net,001-526-435-4057x0136,2022-01-15,255.4,Fee,GBP,"Wright, Marsh and Huffman",Dining,12533.93,24303.18,0,Reversed,8857535426097437,347914405,2022-10-02
TXN-00000481,ACC-2772498,CUST-69948,Lindsay Pruitt DDS,jacqueline57@example.org,(296)669-9149x825,2021-11-12,0.0,Transfer,EUR,Sanchez Inc,Online,6078.61,40632.15,0,Reversed,1611299652626871,651243580,2021-09-10
TXN-00000482,ACC-5519022,CUST-43169,Zachary Rodriguez,lewistravis@example.org,871-818-5630x690,2024-06-24,73.56,Credit,GBP,"Armstrong, Scott and Saunders",Entertainment,4723.65,75180.38,0,Completed,6105450972132121,178052074,2022-04-28
TXN-00000483,ACC-1520893,CUST-35984,Chloe White,,646.868.3516x123,2024-12-02,8085.45,Refund,USD,,Entertainment,5472.27,31384.66,0,Completed,6453659865675417,507038168,2021-12-19
TXN-00000484,,CUST-59777,Angela Taylor,jamieblake@example.org,001-206-258-2283,2022-11-03,13646.55,Transfer,EUR,Case PLC,Online,8360.22,40425.42,0,Failed,1447425057525467,778479569,2023-11-05
TXN-00000485,ACC-6942025,CUST-98416,Debra Walker,transherry@example.com,496-316-8914x90889,2022-04-20,4721.76,Refund,us dollar,"Salazar, Henderson and Price",Travel,49589.94,84912.36,0,Completed,2519777732553493,633159020,2024-05-07
TXN-00000486,ACC-8911742,CUST-45003,Alexander Paul,spencergreg@example.com,863.765.6756,2023-11-07,2247.96,Debit,USD,"Parker, Crosby and Thomas",Online,10637.6,52743.27,0,Reversed,9689479797667023,806651177,2024-05-28
TXN-00000487,ACC-8566213,CUST-12814,Catherine Vargas,,+1-750-644-6567x0162,2024-06-05,13121.37,Fee,EUR,Dean LLC,Grocery,47086.2,33159.57,1,Completed,7658690915439906,221871813,2020-05-22
TXN-00000488,,CUST-41529,Mary Sullivan,alexandra49@example.org,641-768-6052x573,2021-07-17,2835.04,Fee,GBP,Mccarthy-Hawkins,Healthcare,40078.17,79281.35,0,Reversed,8592155512557880,285457263,2024-07-17
TXN-00000489,ACC-6626809,CUST-26267,Andrew Clark,jorgeochoa@example.net,001-400-591-5422x1843,2021-09-16,7305.47,Debit,CAD,Jacobs Inc,Healthcare,28305.83,71540.29,0,Reversed,8008639558113264,996903910,2020-06-22
TXN-00000490,ACC-6934577,CUST-67032,Tiffany Ruiz,troberts@example.com,440.710.7490,2020-09-24,14714.58,Refund,GBP,Hunt-Woods,Grocery,37454.44,48121.93,0,COMPLETED,7797209583204353,390878933,2021-09-18
TXN-00000491,ACC-6350660,CUST-86687,Cheryl Keller,isims@example.org,666-974-6493x2516,2021-01-12,6914.63,Debit,GBP,,Retail,32944.33,29172.05,0,PENDING,4734365979235562,886282787,2022-11-19
TXN-00000492,ACC-1774820,CUST-16949,Johnny Mcintosh,graveschristina@example.net,(239)885-8798,2020-07-04,9090.79,Refund,USD,Morgan Inc,Retail,35780.81,68998.3,0,Failed,6535834776362227,892063849,2024-02-21
TXN-00000493,ACC-6062282,CUST-83326,Howard Thomas,tiffany03@example.com,(786)873-0400x09536,2021-07-31,3591.49,Credit,GBP,Case Inc,Travel,42749.96,87521.72,0,Failed,3453987743094494,619039546,2020-12-12
TXN-00000494,ACC-7801205,CUST-96302,Jonathan Munoz,robertbarton@example.com,(812)288-4414x2533,2022-10-04,10117.71,Fee,CAD,Underwood-Allen,Travel,40388.73,71581.24,0,Pending,7792633671995487,784202990,2022-07-23
TXN-00000495,ACC-6731958,CUST-77849,Susan Farrell,higginswilliam@example.com,778-573-5944x63428,2023-02-21,14258.81,Debit,USD,Wilson LLC,Online,23353.83,82965.93,0,Failed,2195103389892979,224547116,2022-05-03
TXN-00000496,ACC-5271120,CUST-60046,Eric Miranda,sheiladonaldson@example.com,227-335-9655x28980,2023-12-30,$1789.34,Credit,USD,Martin Inc,Travel,14685.19,40731.55,0,Reversed,6951597138255947,625567351,2021-03-11
TXN-00000497,ACC-6645229,CUST-34212,Michelle Perkins,zpotts@example.com,+1-971-956-3075x9257,2021-05-08,14394.31,Refund,JPY,Morgan and Sons,Online,40573.32,67380.84,0,Completed,1925868029823408,465756137,2021-05-11
TXN-00000498,ACC-1516641,CUST-82168,Janet Singleton,ayalalaura@example.org,(373)413-7265,2020-11-30,2589.14,Debit,JPY,Garcia-Freeman,Grocery,46536.78,16525.59,1,Reversed,7649774913193431,681047454,2022-05-31
TXN-00000499,ACC-4607231,CUST-84854,Emily Peterson,nataliemelendez@example.org,902-911-9906x436,2023-08-17,5409.11,Transfer,JPY,"Wells, Anderson and Robinson",Dining,35805.69,21123.58,0,Reversed,9677318827761019,990248550,2020-01-29
TXN-00000500,ACC-1355257,CUST-68591,Dominique Cameron,mmitchell@example.org,+1-305-803-1827x36921,2020-04-05,2834.08,Debit,JPY,Wilson LLC,Grocery,49647.72,47766.27,0,Reversed,8121468336901599,635486306,2024-06-27
TXN-00000501,ACC-9637743,CUST-40746,Karen Singh,bmiller@example.net,(469)947-9380x2839,2021-07-13,12609.87,Fee,GBP,Tucker Ltd,Entertainment,37499.27,4477.17,0,Reversed,5988986082137707,834562578,2020-12-26
TXN-00000502,,CUST-98237,Kimberly Marquez,emily78@example.com,001-903-300-4512,2024-11-03,9235.55,Transfer,GBP,Bishop PLC,Utilities,17054.47,85389.79,0,Pending,7997871574746905,826903603,2021-07-19
TXN-00000503,ACC-2727430,CUST-68556,Nancy Rodgers,,601.781.1073x5527,2023-04-15,1347.64,Transfer,JPY,Garcia-Freeman,Utilities,29703.18,16855.81,0,Completed,4175603564693168,910456080,2020-11-01
TXN-00000504,ACC-4787760,CUST-17647,Briana Dennis,smithpatricia@example.net,688.334.9877,2021-03-19,915.62,Debit,JPY,"Russell, Wright and Graves",Healthcare,21591.9,18775.57,0,Pending,7082826346484957,110854561,2023-06-06
TXN-00000505,ACC-8741787,CUST-43804,Paul Alvarez,,8869847625,2024-05-07,13657.85,Credit,JPY,Anderson Group,Utilities,37826.29,99910.38,0,Reversed,9436661634023432,391803243,2022-08-10
TXN-00000506,ACC-6747840,CUST-83135,Ricardo Gonzalez,evalencia@example.net,889.617.7102x037,2021-02-13,5995.98,Refund,CAD,Martin Inc,Grocery,23671.1,13094.99,0,Failed,4439754476874422,308437490,2020-10-05
TXN-00000507,ACC-3172959,CUST-29588,Caleb Gilbert,shawn71@example.com,001-993-888-6848,2022-12-27,7388.76,Transfer,JPY,Hunt-Woods,Travel,11142.68,99298.03,0,Pending,4589914738954051,461870954,2024-03-17
TXN-00000508,ACC-4849159,CUST-71805,Kristin Nelson,adavis@example.net,(351)731-2773x152,2024-08-15,8696.16,Credit,USD,"Hampton, Morgan and Hayes",Healthcare,4651.36,24074.68,0,Pending,5112155743498303,111962073,2021-07-01
TXN-00000509,ACC-3076843,CUST-92871,April Hood,vbowman@example.org,001-315-416-3945,2023-07-07,2963.11,Fee,CAD,"Baker, Pierce and Lynch",Healthcare,11277.69,76404.66,0,Reversed,2351309568998976,687793318,2023-07-05
TXN-00000510,ACC-2694962,CUST-87652,Gina Holmes,leeadam@example.net,617.591.1598x72483,2022-12-08,13828.85,Transfer,USD,Garcia-Freeman,Dining,13103.8,22692.93,1,Reversed,9853127173265846,496778833,2024-09-24
TXN-00000511,ACC-3417252,CUST-22564,Amy Baldwin,sruiz@example.org,(971)823-9889x1399,2022-01-22,10590.45,Refund,CAD,Anderson Group,Online,15011.74,73062.74,1,Pending,8128574014936295,321468507,2023-12-31
TXN-00000512,ACC-8191998,CUST-78471,Karen Williamson,ypatton@example.com,572.743.6752,2022-12-20,2182.47,Transfer,CAD,"Baker, Pierce and Lynch",Healthcare,41107.34,20623.68,0,Pending,1622462084848679,826857206,2023-10-08
TXN-00000513,ACC-7246064,CUST-12995,Jennifer Shea,smithcynthia@example.net,+1-997-333-5613x08524,2021-05-02,7768.47,Debit,usd,Tucker Ltd,Utilities,10493.49,21911.46,1,Reversed,6659694423221489,237188533,2021-11-10
TXN-00000514,ACC-9791397,CUST-63056,Sarah Bell,bradleymcgee@example.com,621.587.1634x578,2023-07-30,175.74,Credit,JPY,"Parker, Crosby and Thomas",Online,21513.55,87818.14,0,Failed,9097784187172533,419806433,2024-08-24
TXN-00000515,ACC-3387832,CUST-83336,Rebecca Christensen,david53@example.org,001-223-346-9297x837,2023-04-10,8523.84,Transfer,CAD,David-Martinez,Grocery,33766.26,43427.65,0,Failed,4034608534028695,509239149,2020-12-11
TXN-00000516,ACC-7718285,CUST-41721,William Duarte,masseymary@example.org,983.933.1129,2023-10-18,2290.98,Refund,GBP,"Baker, Pierce and Lynch",Dining,15925.35,57031.97,0,Failed,6518573511184294,697356349,2023-02-26
TXN-00000517,ACC-7078282,CUST-67079,Sandra Morgan,ohoover@example.com,+1-996-562-4282x37663,2024-05-13,5218.32,Transfer,EUR,"Wells, Anderson and Robinson",Online,39287.7,29313.67,0,Reversed,4558151318773451,892776694,2024-10-11
TXN-00000518,ACC-8847422,CUST-36741,Andrew Zhang,jwebb@example.net,578.868.9433,2022-02-17,1366.05,Refund,EUR,"Roberts, Joyce and Sanchez",Entertainment,32940.42,73893.83,0,Reversed,8556435640453785,883524281,2021-02-22
TXN-00000519,ACC-4587423,CUST-88432,Peggy Green,ebony82@example.com,695.948.1661,2020-05-13,4276.57,Refund,JPY,"Salazar, Henderson and Price",Retail,25002.1,27522.27,1,Completed,1546117059539990,657698593,2022-06-01
TXN-00000520,ACC-8421655,CUST-37246,Anne Robertson,jessicahamilton@example.net,(992)445-9094,2024-10-24,5945.26,Debit,JPY,Castillo-Holmes,Healthcare,48494.41,3267.63,0,PENDING,8684942268556948,776565719,2021-07-26
TXN-00000521,,CUST-88573,Grant Jacobson,nicholas25@example.org,(588)385-8212x402,2021-02-09,1370.94,Refund,USD,"Wright, Marsh and Huffman",Healthcare,49581.84,79700.98,0,Completed,1237567867359041,974680458,2021-05-20
TXN-00000522,ACC-6035632,CUST-43415,Richard Owen,christine09@example.net,831.533.1256x809,2022-10-08,10736.73,Debit,EUR,"Hampton, Morgan and Hayes",Online,20632.58,96175.24,0,Completed,6334314292111491,807790100,2021-11-10
TXN-00000523,ACC-4210865,CUST-67999,Dawn Jacobs,kfrey@example.com,(957)601-7278x539,2023-01-15,5835.17,Transfer,JPY,"Armstrong, Scott and Saunders",Retail,16910.91,98749.24,1,Pending,8291548050225325,480920851,2020-03-29
TXN-00000524,ACC-4595723,CUST-75976,Gail Stokes,virginiajordan@example.org,492-286-4018x101,2020-03-24,$9093.65,Refund,EUR,Wolfe-Holden,Utilities,19865.47,32572.23,0,Pending,4927173893807388,401097380,2022-03-16
TXN-00000525,,CUST-49081,Cathy Leonard,johnsonashley@example.net,266.590.2051,2024-05-05,12033.33,Debit,GBP,Dean LLC,Dining,47591.24,17374.56,1,Failed,3896283640582673,836618296,2021-12-29
TXN-00000526,ACC-2065314,CUST-10669,Joseph Martin,janiceanderson@example.com,(520)429-8135x283,2022-12-03,5833.44,Fee,USD,"Baker, Pierce and Lynch",Utilities,41038.5,50935.99,0,Reversed,5763725479981011,421752044,2023-04-18
TXN-00000527,,CUST-46202,Gabrielle Leonard,ahoffman@example.com,+1-263-202-3598x860,2022-07-30,12035.81,Refund,CAD,Underwood-Allen,Retail,10202.85,40833.76,0,Completed,4051390628976538,147544994,2024-03-25
TXN-00000528,,CUST-56025,Douglas Long,michaelthomas@example.com,750-976-5233,2023-02-02,3566.48,Refund,CAD,Rice-Robbins,Retail,28514.92,68377.37,1,Completed,1694595930096142,659563145,2023-05-18
TXN-00000529,ACC-7979051,CUST-96705,Brian Garcia,brandon29@example.net,+1-306-451-5270x12740,2022-04-01,3324.55,Credit,USD,Anderson Group,Utilities,10442.09,13971.19,0,Completed,1424374165498895,307256730,2024-06-05
TXN-00000530,ACC-1522888,CUST-18988,Tammy Coleman,achaney@example.com,(449)454-7671,2021-01-12,$0.0,Transfer,GBP,Morgan Inc,Retail,4849.36,87721.15,0,Completed,7140189773042484,741815664,2021-08-27
TXN-00000531,ACC-7730547,CUST-91981,Jordan Hammond,gabrielsimon@example.org,+1-825-788-0761x29270,2024-05-25,0.0,Transfer,USD,Jacobs Inc,Utilities,38421.63,12477.64,0,Completed,4647774697208176,187492688,2022-10-24
TXN-00000532,ACC-1130641,CUST-80289,Suzanne Brewer,wgarcia@example.net,612-237-9281,2020-01-24,6496.78,Transfer,CAD,Long PLC,Travel,32843.35,8603.49,0,Failed,1282903426617923,189903713,2020-11-10
TXN-00000533,,CUST-35521,Philip Hanson,jenniferrogers@example.net,647.444.1240x438,2021-07-26,14442.6,Fee,GBP,Hunt-Woods,Entertainment,10610.16,81465.26,0,Failed,1677185444938831,826088358,2020-05-29
TXN-00000534,ACC-6851164,CUST-60509,Kelsey Stevenson,johnbailey@example.net,+1-411-558-2702x45285,2020-11-12,14034.54,Refund,GBP,"Hampton, Morgan and Hayes",Grocery,23294.82,36958.33,0,Reversed,2740211839707791,947175016,2024-02-25
TXN-00000535,ACC-1999008,CUST-60899,Jason Perez,georgejones@example.net,001-247-301-1723x96319,2023-04-27,1970.06,Transfer,USD,Brown Group,Utilities,1157.66,23725.71,0,Completed,3752280429318071,151610783,2024-08-29
TXN-00000536,ACC-3210560,CUST-97578,Melissa Williams,fhernandez@example.net,(556)271-2301x674,2023-12-26,9648.48,Debit,CAD,Tucker Ltd,Travel,26873.14,90022.52,0,Completed,3983631768519322,925692627,2022-10-11
TXN-00000537,ACC-3527377,CUST-38988,Brian Anderson,wallrichard@example.org,001-867-639-5894x8328,2020-08-23,8712.35,Transfer,GBP,Tucker Ltd,Dining,45721.4,6897.19,0,Completed,1330733927657628,687951964,2020-04-09
TXN-00000538,ACC-2494073,CUST-18533,Jennifer Martinez,bfisher@example.com,001-368-932-8233,2020-10-15,14503.31,Credit,EUR,Brown Group,Grocery,17645.17,35034.21,0,COMPLETED,7634549026911218,371842001,2021-06-06
TXN-00000539,ACC-2264611,CUST-90109,Sean Reynolds,karen33@example.com,001-946-281-7557x958,2022-10-20,$11207.4,Credit,GBP,Roach-Brooks,Travel,40267.29,84143.65,0,Reversed,6335531955956773,132037354,2024-08-06
TXN-00000540,ACC-6577035,CUST-75732,Jonathan Gray,wheelerpedro@example.net,001-650-375-6638x6233,2020-03-12,$6059.4,Refund,EUR,"Garcia, Mitchell and Wilson",Online,29326.44,81343.95,0,Failed,7526808146119951,994524052,2021-12-14
TXN-00000541,ACC-5599970,CUST-20246,Veronica Alvarado,sheaashley@example.com,+1-704-895-6603,2021-09-16,$8572.69,Debit,CAD,,Grocery,1551.39,26531.27,0,Failed,8443825980623935,439512928,2024-10-02
TXN-00000542,ACC-8619194,CUST-63246,Stacy Frazier,moorekimberly@example.com,881.979.4632x9514,2024-03-21,2858.42,Refund,CAD,David-Martinez,Utilities,37935.33,53831.75,0,Completed,2568740156809116,249232874,2022-12-10
TXN-00000543,ACC-5923997,CUST-98119,Thomas Pearson,stevenavery@example.com,+1-619-904-2446x24167,2023-12-29,14706.16,Refund,CAD,Logan-White,Grocery,19743.14,47471.91,0,Reversed,3121830773582389,229879483,2024-04-02
TXN-00000544,ACC-7694402,CUST-67066,Robert Oliver,annewilliams@example.com,331.982.1181x48506,2020-01-17,5853.75,Debit,GBP,Tucker Ltd,Entertainment,6423.83,72196.88,0,Reversed,9984776789151753,234148985,2022-03-21
TXN-00000545,ACC-9238811,CUST-99629,Jessica King,andrew08@example.net,(547)292-2297,2021-08-27,5543.98,Credit,EUR,"Wells, Anderson and Robinson",Utilities,7448.77,50266.03,0,Pending,4379242134166280,258869891,2021-07-14
TXN-00000546,ACC-7547783,CUST-14436,Tamara Riley,griffinashley@example.net,(793)598-9085,2020-01-02,2690.08,Fee,GBP,Wolfe-Holden,Healthcare,9755.49,15985.78,1,Reversed,2024841539452769,488657528,2024-10-05
TXN-00000547,ACC-7039471,CUST-39840,Jon Owens,kellydoris@example.org,971.881.9624,2021-11-07,848.95,Debit,USD,Day-Garcia,Retail,38522.09,1817.21,0,Failed,7086777812726396,757795233,2024-08-25
TXN-00000548,ACC-3506902,CUST-26629,Eugene Lawrence,monica34@example.net,+1-675-774-4510x1598,2024-01-26,9355.33,Credit,USD,Tucker Ltd,Retail,14051.83,15791.95,0,Failed,5229470627855541,849846818,2023-08-05
TXN-00000549,ACC-9144961,CUST-77108,David Huynh,ltaylor@example.org,391.840.1864x357,2026-06-14,11981.85,Transfer,EUR,"Roberts, Joyce and Sanchez",Online,13692.39,4065.92,0,Pending,5976173934342583,223219662,2022-05-24
TXN-00000550,ACC-9255836,CUST-91619,Adrian Thomas,fhammond@example.org,9294455469,2023-03-04,13958.44,Fee,USD,Johnson LLC,Retail,6937.26,10180.22,0,Completed,7272346760913664,538516057,2021-12-05
TXN-00000551,ACC-8301766,CUST-38448,Dennis Adams,sarahscott@example.net,657.623.0896x126,2023-10-23,14900.7,Transfer,GBP,Johnson LLC,Online,25725.57,62038.65,0,Failed,6682308878324493,923822609,2023-12-09
TXN-00000552,ACC-4278631,CUST-74748,Hannah Carrillo MD,thomaswright@example.org,+1-838-523-8925x65846,2024-08-14,4507.96,Debit,GBP,Castillo-Holmes,Healthcare,25895.26,53785.46,0,Pending,6274431963562912,172594006,2022-08-12
TXN-00000553,ACC-1423495,CUST-53400,Mr. Jonathan Moore,phill@example.org,+1-259-643-7359x1815,2020-04-04,14549.97,Debit,GBP,Walters-Walsh,Utilities,33817.95,75965.48,0,Pending,9368872836021116,381315835,2022-06-22
TXN-00000554,ACC-1742572,CUST-79766,Megan Schultz,travis62@example.com,787.424.8863,2020-09-20,5950.95,Fee,CAD,Case PLC,Healthcare,21474.98,91593.09,0,Reversed,2294311919118743,436517071,2021-03-01
TXN-00000555,ACC-7543549,CUST-82803,Russell Ortiz,jeffreyhoward@example.net,761.543.2699,2022-01-07,1084.29,Fee,EUR,Gardner and Sons,Utilities,42021.2,22299.67,0,Reversed,3103256115648876,417327495,2023-12-28
TXN-00000556,ACC-5417911,CUST-38818,Jay Fernandez,kellybishop@example.net,994-212-2954,2020-01-08,13477.22,Credit,USD,Johnson Group,Retail,3651.08,79244.87,0,Failed,6824333272576011,478523220,2023-12-20
TXN-00000557,ACC-2159767,CUST-88008,Mark Travis,yvonneshields@example.net,(464)399-2898,2024-06-17,6920.68,Fee,JPY,Gardner and Sons,Retail,13196.66,21269.43,0,Pending,4720498155328387,276767600,2023-06-28
TXN-00000558,ACC-1421956,CUST-15991,Richard Harvey,cheryl86@example.com,392.911.2196,2024-03-08,6482.32,Debit,GBP,Anderson Group,Healthcare,30570.84,3820.55,0,Reversed,6968989268317772,773127566,2020-05-20
TXN-00000559,ACC-8988683,CUST-77074,Shawn Calderon,jonesderrick@example.org,718.222.9094x467,2022-04-06,11005.06,Credit,EUR,Underwood-Allen,Utilities,25936.39,10139.71,1,Pending,9177518045618476,569337854,2021-03-25
TXN-00000560,ACC-1755582,CUST-37611,Holly Vang,,(547)814-1167,2021-03-15,7724.78,Credit,EUR,Hunt-Woods,Entertainment,24297.73,29558.14,0,Failed,5326167181921225,411210889,2022-07-11
TXN-00000561,ACC-9814085,CUST-38618,Gina Foster,tmiller@example.com,001-511-977-6969x39110,2024-06-21,3101.49,Refund,CAD,,Healthcare,5441.8,31907.48,0,Reversed,9132519111048520,119326060,2021-03-28
TXN-00000562,ACC-6926589,CUST-62719,Cheryl Rogers,arobinson@example.com,513-504-5047x4424,2020-01-26,6040.64,Credit,JPY,Johnson Group,Entertainment,20262.07,99803.69,0,Pending,2968396598273081,229839271,2023-04-04
TXN-00000563,ACC-7968217,CUST-80409,Rebecca Allen,prattjennifer@example.com,536-759-1061,2020-12-03,12434.99,Refund,CAD,Dean LLC,Online,10232.6,85783.43,0,Reversed,5283453043744236,111911463,2021-09-05
TXN-00000564,ACC-8229112,CUST-84700,Debbie Levine,joshua10@example.com,+1-692-735-9551x0725,2020-12-06,10828.98,Credit,JPY,Bishop PLC,Dining,17687.74,59036.72,0,Failed,9897677247942548,295102944,2021-02-18
TXN-00000565,ACC-6705121,CUST-78295,Adam Snyder,gracegarza@example.org,276-522-8989x9242,2024-07-19,3785.99,Transfer,CAD,Mccarthy-Hawkins,Retail,45664.37,21352.81,0,Failed,8094675826063523,380663530,2021-01-06
TXN-00000566,ACC-8846411,CUST-83050,Maria Williams,laura17@example.com,001-726-459-9387,2023-10-29,1775.72,Credit,JPY,Williams-Spence,Grocery,43582.37,75186.79,0,Pending,7164513596672553,189296072,2023-11-12
TXN-00000567,ACC-7063783,CUST-82415,Kelly Matthews,ygibson@example.org,218.250.8146x358,2024-07-09,$6161.84,Transfer,CAD,Dean LLC,Entertainment,16571.55,35611.67,0,pending,9186423327104417,919331987,2024-10-13
TXN-00000568,,CUST-33234,John Jones,johngarza@example.org,+1-282-398-1186x2438,2027-01-07,6151.99,Refund,JPY,Brown Group,Online,45434.29,39993.83,0,Reversed,6998443469127965,177204835,2021-03-03
TXN-00000569,ACC-2224296,CUST-86654,Jonathan Dawson,jenniferalvarado@example.com,7303666557,2021-12-09,12501.82,Debit,CAD,Jones Ltd,Healthcare,15084.22,49067.1,0,Reversed,9050313441454284,752626308,2023-05-27
TXN-00000570,ACC-2929069,CUST-57621,Deanna Lamb,alicialittle@example.org,890-206-6632x2581,2024-11-08,$195.28,Credit,USD,Gardner and Sons,Retail,40476.27,85102.96,0,Pending,2741647760459612,100239019,2021-09-22
TXN-00000571,ACC-5212998,CUST-75456,Betty Hernandez,lpage@example.net,001-445-405-4952,2023-06-20,4246.24,Debit,USD,Dean LLC,Grocery,37343.88,41857.12,0,Completed,9594745125937299,934659666,2024-08-04
TXN-00000572,ACC-1311186,CUST-50876,Thomas Tyler,nhanna@example.net,522-205-8592x7751,2024-09-14,13611.51,Fee,CAD,David-Martinez,Utilities,12129.51,46566.66,0,Pending,9688143872498441,758307758,2023-03-18
TXN-00000573,ACC-4045186,CUST-14793,Mary Leonard,edwinmeyers@example.com,(291)340-2268,2023-04-11,5713.66,Refund,usd,Roach-Brooks,Entertainment,33148.49,39323.34,0,Reversed,3968808360064665,824374964,2020-12-21
TXN-00000574,ACC-8362374,CUST-30739,James Acosta,stephaniemorris@example.org,(966)354-0791x3705,2021-06-30,857.49,Transfer,CAD,Garcia-Freeman,Retail,25200.32,39308.44,0,Failed,8273420235719010,601335540,2020-01-15
TXN-00000575,ACC-2608514,CUST-71150,Zachary Hall,michellecurtis@example.net,(535)466-2578,2023-10-16,1778.62,Refund,EUR,"Watts, Fuller and Morris",Entertainment,33905.17,31517.19,0,Completed,7946932265757656,645875443,2023-02-04
TXN-00000576,ACC-8048125,CUST-18236,Olivia Navarro,juan65@example.com,(501)933-2057,2020-03-12,10318.06,Fee,GBP,"Roberts, Joyce and Sanchez",Online,43307.93,68980.05,0,Failed,9207720188455806,990429711,2021-03-11
TXN-00000577,,CUST-45888,Michael Ray,billy07@example.org,(877)671-9101,2021-07-10,14233.42,Refund,USD,Hunt-Woods,Dining,45748.19,99293.08,0,Pending,9028748190737951,961057930,2024-04-16
TXN-00000578,ACC-5426463,CUST-53880,Amanda Thomas,stephanierodriguez@example.net,(572)465-7552,2022-11-27,13117.63,Refund,JPY,Johnson Group,Healthcare,29523.66,81039.05,1,Failed,8251228267156793,774693339,2024-07-15
TXN-00000579,ACC-5240300,CUST-51905,Johnny Harris DDS,susanbradley@example.org,+1-848-451-1160,2023-08-19,11074.28,Credit,eur,Dean LLC,Grocery,13391.35,44891.89,0,Pending,8252911237791091,700391540,2024-01-24
TXN-00000580,ACC-7683435,CUST-51264,Ashley Roberts,katie02@example.com,418.832.5244x85317,2024-12-04,4093.77,Debit,CAD,Dean LLC,Utilities,41503.36,52897.61,0,Pending,8224672455811533,929843781,2022-09-14
TXN-00000581,ACC-4333996,CUST-79950,Tiffany Floyd,deanna56@example.com,+1-319-720-1248x4417,2022-01-31,7874.89,Refund,CAD,Day-Garcia,Entertainment,18417.17,53677.48,1,Completed,5057766972225963,894926418,2022-12-10
TXN-00000582,ACC-1489484,CUST-72222,Thomas Chang,,001-607-583-1523,2021-03-29,643.97,Refund,EUR,"Morgan, Barnes and Parks",Healthcare,45899.57,81330.82,0,Failed,1021732945783894,970587580,2023-12-17
TXN-00000583,ACC-3368143,CUST-63426,Marie Grimes,robertburke@example.org,001-913-620-5853,2022-01-09,3863.89,Fee,eur,"Hampton, Morgan and Hayes",Online,980.36,11232.62,1,Reversed,4374431157737464,601737118,2021-07-29
TXN-00000584,ACC-7611828,CUST-66607,Stacey Cox,bakerharold@example.net,364.623.3693x909,2024-03-06,9715.96,Credit,EUR,"Baker, Pierce and Lynch",Entertainment,12957.13,98361.52,0,Pending,8774533228266499,738484768,2020-10-27
TXN-00000585,ACC-5759312,CUST-19150,Cassidy Smith,harveyderrick@example.com,578.521.0567,2020-04-19,11738.5,Credit,USD,Case Inc,Online,35289.97,76032.68,0,Completed,8912973728056372,223463865,2022-03-13
TXN-00000586,ACC-8742414,CUST-72360,Wendy Johnson,wrivera@example.com,001-270-455-3435x3565,2023-03-04,4485.8,Refund,EUR,Wilson LLC,Travel,25646.29,59598.01,0,Completed,7997242853185122,330814617,2024-12-26
TXN-00000587,ACC-8936603,CUST-79219,Karen Flores,jessica57@example.net,504-949-9271x108,2023-04-23,4821.82,Debit,GBP,Jones Ltd,Utilities,43041.66,37749.27,0,Reversed,1519404286561475,879750421,2022-04-06
TXN-00000588,ACC-8892762,CUST-17924,Kerri Rollins,bakercarl@example.net,(456)773-8564x88001,2022-09-11,12910.83,Credit,CAD,"Roberts, Joyce and Sanchez",Retail,23253.75,43838.6,0,Pending,4918753925544578,712017106,2020-08-12
TXN-00000589,ACC-9739541,CUST-49006,Lisa Finley,natalie32@example.org,(996)336-0402x451,2023-10-08,1911.08,Credit,EUR,Donovan-Davis,Online,24345.21,26101.81,0,Reversed,1147647992741191,625359128,2023-03-31
TXN-00000590,ACC-7785754,CUST-94040,Elizabeth Hill,david31@example.com,438.496.0105,2022-01-14,992.54,Credit,USD,Brown Group,Healthcare,1765.94,80461.81,0,Reversed,1586845596464358,917495309,2023-01-06
TXN-00000591,ACC-5511470,CUST-77146,Maurice Gonzalez,madison75@example.com,644.836.3225x032,2021-02-05,10211.11,Credit,EUR,Dean LLC,Utilities,14720.23,53559.9,0,Pending,8091638356651118,412516853,2024-12-02
TXN-00000592,ACC-1968980,CUST-90522,Jose Dawson,vsoto@example.net,322.965.7114,2020-01-21,3935.17,Debit,USD,"Armstrong, Scott and Saunders",Travel,6029.46,19285.58,0,Failed,5025235580129068,899084925,2022-11-29
TXN-00000593,ACC-5380404,CUST-45016,Edward Atkinson,dodom@example.net,326-959-7984x3620,2024-12-25,4884.67,Credit,CAD,Mccarthy-Hawkins,Utilities,31020.83,83034.33,1,Pending,1392427540501551,595174981,2023-07-06
TXN-00000594,ACC-6742471,CUST-30252,Anne Strong,goldenjacob@example.org,001-381-983-7260x3463,2022-05-16,13312.03,Fee,CAD,Oneal Inc,Grocery,21503.55,84629.42,0,Failed,3604438616183135,751816805,2023-05-09
TXN-00000595,ACC-1357871,CUST-88695,April Wright,lsanchez@example.com,969.296.9178,2024-08-11,9876.12,Debit,EUR,Jacobs Inc,Dining,19811.38,20387.53,0,Failed,1052501114808211,741283845,2023-08-09
TXN-00000596,,CUST-33593,Stephen Simon,james83@example.org,(519)374-0282,2023-10-30,8897.73,Refund,EUR,Hunt-Woods,Grocery,40063.92,28242.67,0,Pending,6853452225306347,104702087,2020-02-15
TXN-00000597,ACC-9920446,CUST-28354,Derek Johnson,stephanie90@example.org,+1-218-410-2105,2023-12-04,4383.45,Credit,JPY,Wilson LLC,Entertainment,9624.13,66765.82,0,Failed,9656303815334891,160039064,2021-12-10
TXN-00000598,ACC-9660487,CUST-57043,David Jones,anthonyjustin@example.net,001-779-655-9366,2022-06-27,4460.18,Refund,CAD,"Armstrong, Scott and Saunders",Travel,14038.19,45380.46,1,Pending,5438639863644878,665074570,2024-08-26
TXN-00000599,ACC-9154054,CUST-29049,Erica Chan,monroegabriela@example.org,+1-659-954-4863,2024-10-26,1575.12,Debit,CAD,Johnson-Murray,Dining,42830.08,54042.63,0,Pending,6816261392646624,298283496,2024-11-18
TXN-00000600,ACC-9856130,CUST-78937,Daniel Watkins,longanthony@example.net,001-210-499-8452x761,2023-09-16,5435.37,Credit,GBP,Walters-Walsh,Grocery,32149.32,68870.55,0,Completed,9409303079346379,425699604,2021-06-20
TXN-00000601,ACC-6680499,CUST-11952,Robert Hendricks,jason18@example.com,(743)550-4814,2024-08-15,$11126.25,Transfer,CAD,Mccarthy-Hawkins,Healthcare,22400.87,11228.1,1,completed,6330149893623231,802664250,2021-06-06
TXN-00000602,ACC-6577353,CUST-13507,Jennifer Hicks,dunnbrittany@example.com,+1-834-573-7257x730,2022-06-27,4321.96,Refund,CAD,"Warren, Rose and Bell",Utilities,35448.19,5066.04,0,Pending,7033644993289368,183540336,2024-10-24
TXN-00000603,ACC-3559253,CUST-68541,Heidi Klein,powersmichelle@example.net,9639425879,2022-06-17,930.51,Transfer,GBP,"Armstrong, Scott and Saunders",Online,37709.93,14276.33,0,Reversed,5448709639477061,404805067,2024-12-05
TXN-00000604,ACC-3489483,CUST-47808,Christopher May,iperry@example.net,982.448.9182x4553,2024-02-17,$10620.74,Fee,EUR,Garcia-Freeman,Online,5872.65,51917.13,1,Completed,1278908420175669,455337604,2022-01-15
TXN-00000605,ACC-7980239,CUST-70534,Christian Duffy,susanmarquez@example.net,(795)728-0707x71881,2021-06-27,8997.88,Credit,JPY,Brown Group,Entertainment,13852.53,83380.65,0,Failed,7910900429233523,454218960,2022-01-15
TXN-00000606,ACC-3831255,CUST-69035,Melissa Martin,nmatthews@example.com,(925)259-1654x3496,2022-06-01,8792.06,Refund,GBP,Hansen LLC,Grocery,16847.06,3957.35,0,Failed,3030353735079041,258404085,2023-10-23
TXN-00000607,ACC-5748401,CUST-58210,Mary Perez,crystaldavis@example.org,001-428-211-0180x13805,2020-08-19,7240.39,Debit,GBP,Gardner and Sons,Online,17702.57,80721.66,0,Completed,6553563569726511,696661555,2021-05-07
TXN-00000608,ACC-6640699,CUST-57648,Gerald Taylor,john40@example.com,001-689-902-1772x074,2022-06-10,11854.69,Debit,USD,Brown Group,Travel,17336.21,62626.22,0,Failed,8924779377959339,157948254,2023-02-21
TXN-00000609,ACC-6058703,CUST-86091,Matthew Horne,qgraham@example.org,001-711-372-2837,2020-07-06,12305.67,Credit,CAD,"Wright, Marsh and Huffman",Grocery,30444.45,76104.13,0,Pending,2301876024547071,453936413,2023-10-25
TXN-00000610,ACC-8663691,CUST-86424,Kimberly Bush,margaretmarsh@example.net,+1-987-904-8595x9389,2021-04-19,7073.5,Debit,JPY,Mccarthy-Hawkins,Dining,15713.53,16708.88,0,Pending,2123788515909577,718210853,2024-12-14
TXN-00000611,ACC-1410098,CUST-21533,Todd Lloyd,franklinkristina@example.net,816.487.7541x1847,2020-03-09,$7765.04,Transfer,GBP,Williams-Spence,Travel,25062.16,35675.8,1,Completed,2521276970524352,285984485,2020-03-30
TXN-00000612,,CUST-99911,Mary Berry,colleen91@example.com,001-717-910-2763x0901,2023-10-20,$2426.87,Debit,EUR,Sanchez Inc,Dining,13894.29,4264.85,0,Reversed,1697403010394869,683410319,2023-02-21
TXN-00000613,ACC-2053339,CUST-83347,Adam Howard,rebeccachapman@example.org,437-257-4676x654,2022-12-26,9544.4,Fee,EUR,Wilson LLC,Healthcare,25697.38,94420.06,0,Reversed,9515262777538418,564153807,2022-04-07
TXN-00000614,ACC-3266846,CUST-11035,Kimberly Gray,maurice07@example.org,231.381.4421x0209,2023-01-18,3727.36,Debit,GBP,Johnson LLC,Retail,44039.49,88187.13,0,Failed,4053763181265785,616184902,2021-07-23
TXN-00000615,ACC-1503082,CUST-43771,Dwayne Dalton,oscardavis@example.org,538-358-2406x85889,2022-08-06,2233.92,Fee,EUR,Oneal Inc,Entertainment,40716.69,31388.45,0,Reversed,7659492582476361,656502319,2020-07-09
TXN-00000616,ACC-6072636,CUST-45733,Felicia Rowe,richard47@example.org,(517)870-2538,2023-06-02,10246.65,Fee,EUR,Castillo-Holmes,Dining,27258.14,44919.05,0,Reversed,2446601252147291,975580042,2023-06-02
TXN-00000617,ACC-6619686,CUST-42679,Misty Mcpherson,lschroeder@example.org,7994220896,2020-07-07,3258.79,Transfer,GBP,Brown Group,Dining,39555.06,62043.85,0,Pending,4211557311673500,772812286,2022-02-14
TXN-00000618,ACC-7291982,CUST-45162,Heidi Ruiz,christy45@example.com,001-325-334-6058,2024-04-17,11883.69,Fee,JPY,Johnson Group,Dining,28958.47,2099.81,0,Completed,2994981039823279,719053502,2024-05-19
TXN-00000619,ACC-3288452,CUST-44903,Emily Walker,frodriguez@example.com,834-624-5912x53685,2022-02-24,11860.17,Fee,JPY,Johnson-Murray,Entertainment,11771.16,77438.99,0,Pending,8662440447748962,859138222,2023-02-16
TXN-00000620,ACC-2079141,CUST-36706,Christina Wilson,lisa93@example.net,001-820-577-0839x540,2022-11-20,11603.18,Refund,JPY,Castillo-Holmes,Utilities,2188.3,39293.81,0,Pending,1843534964016371,727195855,2022-02-27
TXN-00000621,ACC-8538936,CUST-96847,James Dean,julie45@example.net,483-303-8606x551,2022-03-28,10297.45,Transfer,JPY,Johnson LLC,Dining,45624.86,33229.63,0,Completed,1886677665262099,888943264,2020-09-26
TXN-00000622,ACC-8119396,CUST-44227,Troy Rose,tuckerrichard@example.org,001-890-349-0782x433,2023-08-01,13748.5,Transfer,CAD,Dean LLC,Travel,31678.67,48418.77,0,Pending,3713864915967023,541401151,2020-08-07
TXN-00000623,ACC-5216288,CUST-43186,April Coleman,bryanmeza@example.com,+1-536-568-2406,2020-12-29,3830.77,Credit,Usd,Morgan and Sons,Entertainment,21436.85,20095.41,0,Reversed,8259509684692634,495844223,2020-10-08
TXN-00000624,ACC-2555051,CUST-84927,Molly Oconnell,rodriguezjustin@example.net,(638)576-7989x764,2022-12-16,761.11,Transfer,USD,Walters-Walsh,Dining,15952.75,63525.65,0,Completed,4857466661879967,443065359,2020-04-11
TXN-00000625,ACC-4114349,CUST-34353,Michael Edwards,ycraig@example.org,+1-400-679-3762,2023-12-24,8151.57,Fee,CAD,Garcia-Freeman,Dining,31108.35,98900.2,0,Pending,4050902717805573,238358840,2021-02-28
TXN-00000626,ACC-9479318,CUST-90688,Thomas Jones,simonkimberly@example.org,907-485-3733x50206,2020-06-07,3067.23,Refund,USD,Roach-Brooks,Utilities,4337.32,40818.96,0,Pending,2335966253786727,592985002,2024-09-13
TXN-00000627,ACC-7818750,CUST-57428,Meagan Harrington,qrice@example.com,+1-667-967-1498x386,2023-06-19,9814.88,Fee,USD,Walters-Walsh,Entertainment,41589.66,30251.74,0,Completed,3952675680322567,221401805,2024-06-30
TXN-00000628,ACC-4250427,CUST-15865,Samantha Finley,xmccarthy@example.org,412.694.6576x02491,2021-10-01,4349.33,Credit,JPY,Garcia-Freeman,Utilities,15484.77,98031.09,0,Pending,1657801422581177,739239872,2024-03-18
TXN-00000629,ACC-7735271,CUST-82058,Vincent Martin,fwang@example.com,(440)917-4890x90130,2023-04-18,2297.56,Refund,GBP,Walters-Walsh,Travel,44416.96,14853.43,0,completed,5628832349193539,146951676,2021-08-03
TXN-00000630,ACC-5176029,CUST-21401,Katrina Perez,eugenebrown@example.com,+1-371-546-7031x2869,2021-01-02,$3687.81,Refund,JPY,"Wright, Marsh and Huffman",Utilities,30284.25,44903.5,0,Completed,3875463142977581,192822736,2022-04-27
TXN-00000631,ACC-3441853,CUST-42839,Barbara Reilly,melissa52@example.net,943.786.3222x17050,2022-07-18,14520.34,Transfer,GBP,Walters-Walsh,Entertainment,16657.51,3194.9,0,Reversed,3274188749647638,775444458,2024-12-31
TXN-00000632,,CUST-24776,Juan Adams,caleb64@example.org,+1-887-897-0532,2020-01-16,0.0,Credit,GBP,Wolfe-Holden,Dining,2400.87,46014.77,0,Reversed,1682798310446229,596455674,2020-06-04
TXN-00000633,,CUST-21968,Kyle Rodriguez,ivazquez@example.org,001-747-462-2214x711,2024-10-05,11589.13,Refund,JPY,"Garcia, Mitchell and Wilson",Travel,48559.3,9239.68,0,PENDING,6979407447624790,117929351,2023-07-13
TXN-00000634,ACC-6363202,CUST-20734,James Lopez,longscott@example.com,001-439-954-4755x68254,2024-11-18,12975.65,Refund,GBP,Garcia-Freeman,Grocery,13268.49,28905.73,0,Failed,4085338027739650,343956433,2020-03-06
TXN-00000635,ACC-7916656,CUST-79248,Kari Gillespie,debra16@example.net,+1-277-500-1848x45648,2024-05-24,2219.01,Transfer,GBP,Wolfe-Holden,Retail,8420.2,68657.01,1,Completed,3337156559902127,931951286,2023-08-29
TXN-00000636,ACC-9462834,CUST-14296,Jeffrey Coleman,reedjustin@example.org,387-934-2225x38618,2024-05-14,13588.83,Transfer,USD,"Morgan, Barnes and Parks",Travel,15811.19,31173.37,0,Failed,7411698050604674,547371963,2021-02-19
TXN-00000637,ACC-7179124,CUST-49669,Barbara Mckee,harveykimberly@example.org,001-920-368-1836x9124,2021-01-31,11459.41,Refund,USD,"Salazar, Henderson and Price",Healthcare,-171.08,48717.4,0,Reversed,5317482283868355,135438678,2023-08-03
TXN-00000638,ACC-5522374,CUST-67781,Pamela Lewis,qvazquez@example.net,2026432405,2020-05-05,9701.57,Credit,EUR,Walters-Walsh,Entertainment,4342.55,46779.79,0,Pending,4476871125168357,789281905,2024-09-17
TXN-00000639,ACC-8617079,CUST-59622,Ariana Gibbs,bradyamy@example.org,+1-481-837-9724x1742,2023-05-24,12702.82,Refund,GBP,Roach-Brooks,Utilities,18392.66,53389.43,1,Completed,9086487849151500,919773587,2023-12-07
TXN-00000640,ACC-7091533,CUST-87288,Sherry King,daniel01@example.org,(311)633-4078,2020-06-20,1038.31,Refund,CAD,Oneal Inc,Travel,2388.87,35368.97,0,Completed,8997447171565710,791042149,2022-10-20
TXN-00000641,ACC-6032787,CUST-15657,Jessica Hubbard,fwright@example.com,001-734-987-5535,2022-02-28,419.43,Transfer,GBP,Jacobs Inc,Entertainment,29908.99,81845.52,0,Pending,7039865213519150,510381500,2024-11-06
TXN-00000642,ACC-1207198,CUST-71469,Jillian Steele,psanchez@example.net,(564)829-7422x44175,2023-01-06,5530.38,Transfer,JPY,Long PLC,Entertainment,28615.74,39803.8,0,Completed,3623772814273108,991414827,2023-07-17
TXN-00000643,ACC-2088084,CUST-25896,Julie Robinson,mercedeswalton@example.org,835.981.0790x2475,2023-02-23,9864.89,Refund,CAD,Jones Ltd,Retail,39275.61,82089.16,0,Pending,8143105221145560,713934809,2020-01-08
TXN-00000644,ACC-1821901,CUST-35730,Lori Smith,esawyer@example.org,(614)474-5501,2020-10-05,12218.82,Refund,JPY,"Russell, Wright and Graves",Entertainment,2895.78,47267.98,0,Completed,6647958385668617,983990834,2022-10-02
TXN-00000645,ACC-8787075,CUST-27580,Donald Griffin,davidadams@example.com,+1-875-243-1706x78367,2023-11-29,12767.13,Refund,CAD,Johnson-Murray,Retail,39137.19,9378.06,0,Failed,7992757360128110,130248804,2022-10-02
TXN-00000646,ACC-7073637,CUST-61163,Laura Meyer,uandrews@example.org,001-586-330-8253x90054,2023-11-25,6744.25,Fee,USD,Martin Inc,Entertainment,31604.87,96213.75,0,Completed,6801296843537035,530858461,2021-05-06
TXN-00000647,ACC-8710198,CUST-47002,Rodney Wallace,adamsjoseph@example.net,(822)640-6660,2024-02-05,12832.31,Fee,CAD,Case Inc,Utilities,36331.31,57324.44,0,Completed,9126684727347953,601411219,2024-03-09
TXN-00000648,ACC-8933671,CUST-34790,James Reyes,wrose@example.net,(263)980-0331x37587,2022-01-13,3985.62,Fee,USD,Mccarthy-Hawkins,Entertainment,40428.92,52969.18,0,Reversed,9136529493498360,402959443,2022-10-19
TXN-00000649,ACC-6588362,CUST-95800,Jeremy Ortega,tiffanyharris@example.net,+1-512-897-8552x9648,2023-01-31,6767.18,Transfer,EUR,"Hampton, Morgan and Hayes",Travel,11557.28,86468.32,0,Reversed,8695303439076745,255258045,2024-05-02
TXN-00000650,ACC-7374774,CUST-43314,Shelly Wilson MD,marcus34@example.org,941-962-5580x81786,2022-05-22,541.93,Fee,USD,Long PLC,Dining,3552.81,20814.55,0,Completed,2458788540994454,496813021,2021-05-04
TXN-00000651,ACC-9026055,CUST-82982,Brittany Kelley,bwang@example.org,(711)403-5358x399,2021-03-19,10173.82,Credit,GBP,,Dining,10250.82,8553.88,0,Pending,9447882271264803,352782162,2021-11-05
TXN-00000652,ACC-1893609,CUST-27793,Antonio Johnson,hlee@example.org,001-509-786-3316x65937,2023-05-10,12646.62,Transfer,CAD,,Healthcare,8485.77,69265.05,0,Completed,2863405235827606,734463608,2024-10-16
TXN-00000653,ACC-3050519,CUST-69252,Andrew Clark,smithcody@example.net,587-630-1924x41892,2021-04-17,9966.97,Fee,EUR,Johnson-Murray,Entertainment,9446.88,74854.85,1,Pending,2355821785389367,563321167,2021-11-18
TXN-00000654,ACC-5645661,CUST-99870,Brittany Kidd,pmiller@example.com,001-915-315-2854x895,2024-01-17,13585.03,Refund,GBP,Williams-Spence,Grocery,-92.22,25185.21,0,Failed,8902910989052292,592504051,2021-09-07
TXN-00000655,ACC-4551449,CUST-49558,Wesley Calhoun,martineztina@example.net,(386)411-8394x97527,2023-08-05,3058.0,Transfer,EUR,Jacobs Inc,Travel,45688.73,67262.42,0,Completed,2125641391096762,133992083,2024-10-21
TXN-00000656,ACC-1841609,CUST-91120,Tonya Lam,eric08@example.org,546.219.8164x4337,2021-07-10,8814.36,Fee,USD,Barnes Inc,Travel,44946.54,46483.3,0,Failed,8384677278434054,756927403,2021-06-09
TXN-00000657,ACC-7334530,CUST-70373,Amanda Johnson,christinecisneros@example.org,001-639-904-1040x6331,2020-01-10,2956.59,Fee,CAD,Logan-White,Utilities,28619.2,41286.73,0,Reversed,5460473254665358,960996510,2020-08-05
TXN-00000658,,CUST-73803,Kathleen Smith,sullivansharon@example.org,+1-815-585-3089x674,2026-12-24,907.12,Fee,JPY,,Travel,35701.12,2548.51,0,Failed,3461287910222749,663254347,2024-06-25
TXN-00000659,ACC-7973599,CUST-90123,Travis Johnston,kellie36@example.org,590-636-1654,2023-06-28,1065.52,Credit,EUR,Long PLC,Travel,27057.72,64397.09,0,Reversed,6258444296616024,955315461,2022-10-26
TXN-00000660,ACC-9379959,CUST-14926,Tyler Anderson,franciscoparsons@example.com,(437)863-4596,2024-10-17,13316.14,Debit,GBP,,Utilities,3416.98,9826.1,0,Completed,2515775056903643,512690815,2021-01-18
TXN-00000661,ACC-5761916,CUST-64555,Jacob Burton,marvinmartinez@example.net,(877)248-0766,2020-11-29,4528.67,Credit,EUR,Underwood-Allen,Travel,47010.78,90950.56,0,Failed,7379377933605095,711620460,2021-08-05
TXN-00000662,ACC-8462902,CUST-42259,Patricia Knight,triddle@example.com,001-492-654-4951x764,2023-09-26,59.99,Transfer,EUR,"Garcia, Martinez and Hernandez",Dining,41744.94,9252.64,0,Completed,6579524687371812,873891172,2023-09-17
TXN-00000663,ACC-9816250,CUST-20091,Cynthia Castillo,amanda87@example.com,200-859-4827,2020-04-15,760.02,Refund,CAD,Oneal Inc,Utilities,2061.55,79349.56,0,Reversed,4111652631862221,378913646,2023-07-19
TXN-00000664,ACC-3859793,CUST-31686,Amanda Tran,benjaminchristopher@example.net,628.858.0208x206,2021-08-19,11438.29,Credit,JPY,Walters-Walsh,Dining,3813.09,18554.8,0,Reversed,9431168165288145,371756368,2023-09-22
TXN-00000665,ACC-6633387,CUST-45364,Taylor Maynard,robertward@example.net,(801)858-0439x39881,2020-09-06,12450.1,Debit,EUR,"Roberts, Joyce and Sanchez",Travel,26203.47,95472.66,0,Reversed,6892120233019485,465656440,2023-05-08
TXN-00000666,ACC-6360227,CUST-82341,Robert Evans,omooney@example.net,407.472.0780,2020-08-26,12001.96,Refund,CAD,Gardner and Sons,Utilities,2900.52,90574.29,0,Pending,1975639339115981,736351722,2020-12-31
TXN-00000667,ACC-2722081,CUST-95250,Nancy Knight,lanecheryl@example.net,001-689-753-7747x6930,2021-08-02,2553.17,Debit,CAD,Martin Inc,Healthcare,40629.22,86415.91,0,Completed,5754280456571112,906465637,2020-06-21
TXN-00000668,ACC-7656720,CUST-85660,Amanda Cox,tommyfoley@example.net,260.705.4251x88689,2023-04-05,3246.38,Debit,CAD,Underwood-Allen,Healthcare,25418.09,36819.89,0,Reversed,6266352010932977,989969393,2020-11-28
TXN-00000669,ACC-1720723,CUST-29942,John Hicks,jeremy95@example.net,001-709-418-1498x35026,2020-04-15,12311.95,Fee,CAD,"Parker, Crosby and Thomas",Healthcare,1041.7,45572.23,0,Reversed,9244941395297406,532981637,2022-01-15
TXN-00000670,ACC-3464162,CUST-70732,Shelby Armstrong,mcdowelltina@example.com,307.577.8108,2021-01-17,9363.81,Fee,USD,Donovan-Davis,Dining,26959.84,69412.14,0,Failed,2667782161145474,845014360,2023-08-02
TXN-00000671,ACC-4210970,CUST-29599,Jeffrey Maynard,craig03@example.org,(399)662-1392x38165,2024-01-13,$8650.92,Credit,CAD,"Parker, Crosby and Thomas",Grocery,49805.27,96699.68,0,Completed,4124200994766155,247525673,2021-03-21
TXN-00000672,ACC-3865974,CUST-40909,Lynn Lewis,susan29@example.org,640.364.5338x45247,2021-08-16,1535.56,Debit,CAD,Dean LLC,Grocery,19833.43,87904.41,0,Pending,5125746438537439,611759939,2024-09-03
TXN-00000673,ACC-1168236,CUST-28276,Christina Randolph,herreramegan@example.org,953.932.3195x12154,2021-10-03,1225.56,Debit,GBP,Hunt-Woods,Travel,11756.16,78255.48,0,Reversed,8225164483438767,513245821,2020-03-01
TXN-00000674,,CUST-95434,Jeremy Osborne,qfreeman@example.org,+1-406-514-3563x108,2023-07-23,4664.4,Fee,CAD,Case PLC,Dining,6298.09,91952.8,0,Reversed,5954184898329179,622691997,2024-11-02
TXN-00000675,ACC-3994366,CUST-48287,Shane Rodriguez,alexis24@example.net,+1-686-311-4163x5557,2024-09-22,2011.84,Credit,Usd,Donovan-Davis,Travel,1505.72,65378.58,0,Failed,2196130590783369,404574697,2024-06-22
TXN-00000676,ACC-4067661,CUST-66657,Robert Tate,,(687)985-7671x634,2021-12-10,6929.55,Transfer,usd,Brown Group,Travel,48718.61,35121.87,1,Pending,8952811748326227,850884882,2021-01-14
TXN-00000677,ACC-3839702,CUST-77015,Juan Young,hammondchristopher@example.com,(975)330-4537x074,2023-03-26,3293.35,Debit,JPY,"Parker, Crosby and Thomas",Travel,32707.0,80688.85,0,Reversed,9999798794531349,613360315,2024-12-16
TXN-00000678,ACC-4896493,CUST-56174,David Davenport,sarahjenkins@example.org,(919)728-2793x07504,2022-07-24,14756.99,Debit,USD,Wilson LLC,Utilities,45890.01,28145.52,1,pending,2159232179854065,824198177,2020-06-14
TXN-00000679,ACC-8844678,CUST-17474,Anthony Cunningham,ztorres@example.org,517-345-0115x959,2021-12-09,9762.18,Credit,JPY,,Grocery,15596.8,31933.68,0,Reversed,7143110058745629,807190562,2023-03-29
TXN-00000680,ACC-6813357,CUST-69777,Jacqueline Orr,larsonscott@example.org,(844)478-5894x4397,2022-02-12,9141.52,Fee,JPY,Rice-Robbins,Dining,39514.62,40550.38,0,Completed,4894995911886330,721482834,2022-01-04
TXN-00000681,ACC-5688789,CUST-57054,Natalie Moran,robertsonmegan@example.net,748.354.2084x8139,2021-07-23,1094.85,Debit,EUR,"Warren, Rose and Bell",Utilities,38947.69,26463.27,0,Completed,4213409515666364,757488292,2020-05-17
TXN-00000682,ACC-6945631,CUST-24383,Alexandria Henry,,4856626239,2024-03-11,5265.61,Credit,USD,Tucker Ltd,Dining,4361.5,41933.58,0,Failed,6613275747748026,346293189,2022-04-03
TXN-00000683,ACC-6623297,CUST-13989,Henry Allen,emily17@example.com,+1-771-236-4125x418,2021-05-30,$11344.77,Credit,JPY,Donovan-Davis,Online,36573.8,1971.83,0,Pending,4887527332007878,853833853,2022-09-24
TXN-00000684,ACC-1663343,CUST-36046,Ashley Klein,angela73@example.net,986.651.7938x5252,2024-12-14,12649.25,Debit,EUR,"Watts, Fuller and Morris",Retail,39235.72,47146.06,0,COMPLETED,8231203496234769,479358106,2024-10-28
TXN-00000685,ACC-6371348,CUST-28222,Alexandra Raymond,fmurphy@example.net,237.871.5787x293,2024-08-08,4608.46,Credit,USD,Hunt-Woods,Online,21877.57,68517.05,0,Reversed,5000915945622152,194145177,2021-09-18
TXN-00000686,ACC-2764211,CUST-12116,Robert Flynn,austinandre@example.org,929.263.5532x58788,2022-12-31,9095.08,Fee,JPY,Hunt-Woods,Travel,47675.56,24621.95,0,Reversed,6477525014311438,352196601,2024-07-25
TXN-00000687,ACC-5084484,CUST-64720,Brenda Jones,lauren64@example.org,001-961-666-9459x4830,2021-09-01,13916.72,Fee,GBP,Rice-Robbins,Retail,4324.0,80315.48,0,Completed,3113210992053507,427009731,2020-06-04
TXN-00000688,ACC-1764054,CUST-27657,Kevin Houston,gloria42@example.org,397.543.4762x96117,2022-11-26,10596.48,Transfer,JPY,"Wells, Anderson and Robinson",Dining,698.65,9637.15,0,Reversed,9731830041384010,915494339,2020-05-11
TXN-00000689,ACC-1180271,CUST-37475,Amanda Spencer,carlospatterson@example.org,001-224-716-5673x868,2023-09-23,4223.59,Debit,USD,"Garcia, Martinez and Hernandez",Travel,30132.41,48346.48,0,Reversed,5191449043576026,427958727,2020-09-22
TXN-00000690,ACC-1754714,CUST-12727,Adam James,stevensrachel@example.com,(369)423-3833,2021-08-25,1567.55,Refund,USD,"Wells, Anderson and Robinson",Grocery,20273.6,7567.99,0,Completed,4264299848406508,493404948,2021-11-14
TXN-00000691,ACC-1793983,CUST-71912,Jason Webb,fhood@example.net,001-737-398-8900x84384,2024-04-05,14400.66,Debit,EUR,"Roberts, Joyce and Sanchez",Travel,22488.36,31042.69,1,Failed,7934860631372394,625190026,2022-02-12
TXN-00000692,ACC-9335208,CUST-82577,Lee Wheeler,clarkdavid@example.net,224-595-4329,2024-10-04,11923.77,Refund,JPY,Brown Group,Online,3376.14,52750.73,0,Failed,2041456791938870,598988532,2023-09-06
TXN-00000693,ACC-2409698,CUST-79865,Daniel Rodriguez,jeffrey80@example.com,558-695-2778,2023-03-21,1147.31,Debit,CAD,Morgan Inc,Entertainment,39386.61,61040.68,0,Failed,9301880746831636,395183165,2022-01-09
TXN-00000694,ACC-9410273,CUST-63724,Dwayne Lyons,sbell@example.com,+1-838-828-2326x6808,2022-11-10,1754.08,Credit,JPY,Barnes Inc,Travel,12272.09,34816.68,0,Completed,9823150191697598,936294113,2021-09-30
TXN-00000695,ACC-2794212,CUST-55591,Bradley Moore,cgarcia@example.com,(674)866-2035x66094,2024-11-29,10918.85,Refund,GBP,Johnson LLC,Utilities,1522.53,63011.48,1,Pending,2737983663294906,810467992,2022-03-12
TXN-00000696,ACC-6128232,CUST-88767,Kimberly Wood,brandon47@example.net,(826)325-7897x61682,2021-01-26,10804.53,Debit,CAD,Case Inc,Online,1164.89,90152.23,0,Failed,5123150977264733,654654350,2021-10-05
TXN-00000697,ACC-1915074,CUST-71375,Stephanie Taylor,smithshannon@example.org,468.421.5658x8680,2023-07-24,$12711.68,Credit,GBP,Day-Garcia,Online,44768.47,1834.88,0,Failed,4045190366746882,832766012,2023-08-21
TXN-00000698,ACC-6362174,CUST-44993,Crystal Kennedy,nielsenjoshua@example.org,001-513-763-1776x2601,2021-08-01,5223.96,Credit,JPY,Williams-Spence,Dining,16497.07,22685.5,0,Reversed,9246961198153699,791859606,2024-01-05
TXN-00000699,ACC-2775920,CUST-14100,Tracey Hoffman,bartonstephen@example.net,+1-270-614-5065,2024-02-25,13462.37,Credit,JPY,Oneal Inc,Entertainment,6338.92,97369.87,0,Failed,1354608491012114,233997886,2024-05-21
TXN-00000700,ACC-7158261,CUST-97643,Keith Gallegos,xfry@example.com,(966)266-4155,2026-07-29,2607.23,Fee,USD,"Garcia, Martinez and Hernandez",Retail,19827.89,69120.18,0,Failed,8004769889212340,660296368,2022-05-06
TXN-00000701,ACC-3115321,CUST-48318,Linda Jones,conleystephen@example.net,+1-345-217-4388,2021-09-07,3857.05,Refund,USD,"Garcia, Mitchell and Wilson",Healthcare,13307.78,96032.97,1,Reversed,8700234628831256,226132783,2022-10-25
TXN-00000702,ACC-3634529,CUST-52768,Andrew Smith,,853-822-1784x151,2022-08-06,6948.06,Credit,GBP,"Russell, Wright and Graves",Healthcare,38818.71,23862.12,0,Completed,8595500232056045,503950192,2023-09-12
TXN-00000703,ACC-9101459,CUST-96149,Anna Lindsey,ashley31@example.net,964.839.6219,2021-06-09,6347.46,Fee,USD,Williams-Spence,Travel,26270.64,99195.88,0,Failed,4728941126568602,574927264,2023-07-02
TXN-00000704,ACC-3394648,CUST-44225,Cory Levy,dustinschwartz@example.com,001-851-842-1454x781,2022-04-07,8922.22,Fee,EUR,Morgan and Sons,Online,36904.66,93416.37,0,Failed,9640298527244139,163552476,2020-07-09
TXN-00000705,ACC-3280013,CUST-42435,Hannah Williams,cwhite@example.com,(994)721-7000x18894,2020-06-20,7675.11,Transfer,GBP,"Garcia, Mitchell and Wilson",Dining,38274.09,29552.82,0,Completed,9357304337208597,494282015,2023-05-02
TXN-00000706,ACC-5122673,CUST-45550,Justin Martin,ricemargaret@example.com,860.820.9628,2021-05-10,$1210.57,Refund,GBP,Day-Garcia,Entertainment,40752.42,6630.08,0,Reversed,8684584914646416,325469608,2022-02-17
TXN-00000707,ACC-3597713,CUST-36935,David Hill,wbell@example.com,8614851688,2020-09-09,$2071.52,Credit,GBP,Dean LLC,Retail,4116.18,65290.96,0,Completed,1442325214547212,112434255,2022-09-28
TXN-00000708,ACC-4420921,CUST-16915,Daniel Fowler,lloydlaurie@example.net,441-708-8265,2024-05-24,0.0,Credit,GBP,Johnson-Murray,Entertainment,36718.77,65311.91,0,Failed,5338368679448171,802211936,2021-05-15
TXN-00000709,ACC-5454588,CUST-97788,Matthew Le,wallaceemily@example.org,001-644-280-4873,2020-10-05,11224.07,Transfer,JPY,Underwood-Allen,Retail,17959.64,20816.47,0,Completed,6122609654253321,543548894,2024-06-10
TXN-00000710,ACC-6527260,CUST-51233,Shane Bryant,marshalljeanne@example.com,253.494.6343x152,2021-03-05,10526.8,Refund,GBP,"Hampton, Morgan and Hayes",Entertainment,26463.89,85250.83,0,Pending,7041198397462744,389600534,2024-10-09
TXN-00000711,ACC-1526795,CUST-33982,Shawn Williams,teresalawrence@example.org,316-228-1672x79664,2024-06-24,9180.81,Debit,EUR,Day-Garcia,Utilities,40759.89,66033.95,0,Failed,4768669893751916,844816522,2021-02-26
TXN-00000712,ACC-3875528,CUST-76582,Amber Anderson,jeannelson@example.net,(207)231-0837,2022-11-26,14235.12,Credit,GBP,Jones Ltd,Online,36708.89,63229.54,0,Completed,9144933024428390,967900379,2021-03-09
TXN-00000713,ACC-3206368,CUST-56940,Daniel Snyder,sylvia96@example.com,(984)945-4064,2021-01-05,5411.0,Transfer,JPY,Case PLC,Online,39312.31,82421.97,0,Failed,5673548073985334,952898555,2023-04-17
TXN-00000714,ACC-1887006,CUST-16397,Lee Whitney,lewisjessica@example.net,548.719.5000x15969,2022-06-09,$3679.61,Credit,JPY,Sanchez Inc,Entertainment,14959.02,28948.86,0,Failed,9951811730628495,491007852,2024-07-09
TXN-00000715,ACC-4823023,CUST-83724,Kevin Duncan,samanthaeaton@example.net,001-593-865-9552,2021-12-21,5475.41,Transfer,JPY,Jones Ltd,Retail,9998.58,46801.07,0,completed,1362516413998664,268749269,2024-10-26
TXN-00000716,ACC-4323826,CUST-89043,Jason Green,shanelyons@example.org,378-999-3703x87262,2022-06-10,5407.24,Credit,USD,Williams-Spence,Dining,40396.22,36068.55,0,Pending,3315514386791509,572833182,2023-02-28
TXN-00000717,ACC-2747394,CUST-72511,Tara Jacobs,emilynewton@example.com,887-294-7693x2572,2021-08-30,2150.29,Debit,USD,"Roberts, Joyce and Sanchez",Dining,47586.06,36696.32,0,Pending,3157709019624786,904790296,2023-10-25
TXN-00000718,ACC-9531474,CUST-79620,Duane Bishop,webermichael@example.org,001-728-403-9098x80253,2021-06-13,14677.95,Transfer,EUR,Morgan Inc,Utilities,38737.82,30417.55,0,PENDING,8002248791815335,711934928,2022-04-28
TXN-00000719,ACC-6944909,CUST-91681,Eric Tran,scott12@example.com,297-778-7268x5655,2021-12-26,10888.77,Refund,CAD,Underwood-Allen,Entertainment,16474.23,80045.4,0,Pending,2789907757163354,571854641,2024-02-02
TXN-00000720,,CUST-13102,Kelly Young,evanskenneth@example.net,224-764-5220x3948,2020-11-26,1597.5,Debit,CAD,"Baker, Pierce and Lynch",Dining,11043.38,85150.64,0,Reversed,7348267785637695,975852578,2021-07-08
TXN-00000721,ACC-1678385,CUST-46459,Danielle Dennis,curtiskristine@example.com,737-482-6259x4583,2024-01-31,10657.53,Refund,GBP,"Russell, Wright and Graves",Utilities,38205.5,28400.52,0,Completed,3676718947919268,185314257,2020-09-08
TXN-00000722,ACC-3202126,CUST-79716,Larry Bryant,thomas67@example.com,4242401143,2024-01-11,14472.38,Fee,EUR,Roach-Brooks,Online,17185.86,93834.61,0,Failed,6841378096163209,574973335,2024-05-16
TXN-00000723,ACC-5578628,CUST-33928,Zachary Fox,blackburnpatricia@example.org,778-287-8441,2021-02-26,13968.82,Fee,EUR,Logan-White,Healthcare,20709.95,48670.4,0,pending,8484417031828216,658377550,2021-03-18
TXN-00000724,ACC-2339018,CUST-55182,Justin Malone,dpugh@example.com,485-529-8675x542,2020-09-02,9118.86,Credit,USD,Johnson-Murray,Dining,38371.7,58268.32,0,Reversed,8225370521095218,307994571,2023-07-10
TXN-00000725,ACC-7465371,CUST-84612,Carolyn Freeman,sherilittle@example.net,7815727552,2023-09-26,9399.79,Refund,GBP,"Baker, Pierce and Lynch",Online,47664.85,69993.91,0,Failed,6840880550732825,128288345,2021-12-30
TXN-00000726,ACC-2098795,CUST-82890,Emily Cooper,owhite@example.com,511-912-1395x1167,2022-07-17,2723.14,Debit,Usd,"Russell, Wright and Graves",Utilities,27795.91,56383.79,0,Reversed,4433481686528361,990777943,2021-04-11
TXN-00000727,ACC-4234144,CUST-46065,Melvin Munoz,lmarks@example.net,+1-520-621-5442x3899,2020-06-24,1582.2,Transfer,CAD,,Grocery,6074.03,48157.09,0,Reversed,7113143996093447,542354671,2023-01-19
TXN-00000728,ACC-3529053,CUST-32652,Mrs. Kimberly Petersen,iramirez@example.net,780.762.0922x7515,2020-02-26,10742.87,Fee,JPY,David-Martinez,Entertainment,-486.94,6820.42,0,Failed,6688394850196297,712284927,2022-04-26
TXN-00000729,ACC-6500452,CUST-91353,Scott Brown,emma14@example.org,369-463-7109x9964,2024-05-15,11586.5,Fee,CAD,Barnes Inc,Online,6135.95,21760.8,0,Completed,8540691082981484,312279571,2020-12-08
TXN-00000730,ACC-1951051,CUST-66878,Tom Price,carlsonbryan@example.org,001-929-419-7426x94111,2024-11-03,2949.58,Credit,CAD,Morgan and Sons,Retail,40862.09,55529.03,0,Failed,1193377355822994,337334607,2020-02-19
TXN-00000731,ACC-9281651,CUST-95147,David Henderson,halladam@example.org,231-571-8718,2021-12-16,$706.67,Fee,JPY,Logan-White,Utilities,25418.46,55079.7,0,Failed,1080655025885975,459980516,2020-03-29
TXN-00000732,ACC-5162555,CUST-61226,Daniel Jones,shane21@example.net,7328871718,2022-04-24,4450.49,Fee,GBP,"Roberts, Joyce and Sanchez",Dining,41356.68,44336.07,0,Reversed,3916921980326556,212081462,2023-01-11
TXN-00000733,ACC-1660353,CUST-50431,Timothy Ruiz,amanda98@example.org,(332)201-0735x583,2024-06-12,13669.12,Debit,CAD,"Garcia, Martinez and Hernandez",Utilities,14045.65,69290.07,0,Failed,7575339527378978,514535277,2021-06-18
TXN-00000734,ACC-4375409,CUST-85234,Stephen Martin,gutierrezbrittany@example.org,596-336-5088x290,2021-08-09,9936.15,Credit,JPY,Rice-Robbins,Dining,46417.88,60872.64,0,Failed,1549823578729368,890033294,2024-09-03
TXN-00000735,ACC-7038155,CUST-79848,Kristen Smith,carpenterdaniel@example.com,(365)208-5624x5553,2021-10-06,12973.4,Refund,GBP,Hansen LLC,Retail,34671.9,83757.02,0,Completed,7476815584993477,560411330,2021-08-16
TXN-00000736,ACC-8550026,CUST-80513,Debra Carroll,,379.672.7545,2023-06-05,14244.29,Transfer,EUR,Morgan Inc,Online,24952.19,62856.61,0,Completed,3623556644852794,562954633,2024-02-25
TXN-00000737,ACC-3469938,CUST-43905,Thomas Thomas,michael99@example.org,846.262.1678x5557,2021-05-20,3989.91,Refund,CAD,"Salazar, Henderson and Price",Healthcare,33627.32,60165.97,0,Completed,5796164389044291,517662235,2021-12-06
TXN-00000738,ACC-7608750,CUST-86009,John Mosley,chavezjason@example.net,6297640821,2020-12-31,1024.55,Refund,CAD,Johnson-Murray,Grocery,25202.52,45258.59,0,Pending,8694441366089131,226497335,2020-10-15
TXN-00000739,ACC-2214089,CUST-30224,Kimberly Mcguire,powellmary@example.com,+1-496-531-8871x879,2024-10-12,5463.41,Debit,USD,Jones Ltd,Utilities,44496.81,99032.26,0,Failed,2886701948353324,857674461,2021-09-16
TXN-00000740,ACC-1115883,CUST-86065,Ashley Kim,clarkenathan@example.com,3504558147,2023-01-10,0.0,Credit,GBP,Case PLC,Travel,38667.45,38685.09,0,Completed,4367150543125401,178570835,2024-08-08
TXN-00000741,ACC-6677037,CUST-95752,Brian Woods,williamwinters@example.org,(388)349-0289x104,2021-01-22,13653.27,Debit,CAD,Johnson LLC,Utilities,11917.44,64050.38,0,Failed,8271822814529164,960355113,2020-03-30
TXN-00000742,ACC-7330500,CUST-23017,Sarah George,brianagregory@example.org,284-404-0933x73260,2024-08-30,$6393.14,Transfer,EUR,Donovan-Davis,Online,757.15,27963.22,0,Completed,5551229989986060,404633158,2021-02-07
TXN-00000743,ACC-7401792,CUST-41242,Taylor Carrillo,richard56@example.com,(248)262-0263x695,2022-10-28,5813.1,Refund,JPY,Case Inc,Retail,21602.99,66371.44,0,Reversed,9024593211016325,373768402,2022-02-06
TXN-00000744,ACC-3503843,CUST-48072,Sean Pierce,russellmelinda@example.net,+1-941-565-1163x99319,2024-04-06,12500.18,Fee,JPY,Castillo-Holmes,Retail,21574.9,13071.97,0,Pending,9012928869234831,774060037,2020-05-10
TXN-00000745,ACC-9398169,CUST-71620,Courtney Sawyer,phicks@example.net,277.504.2519x9529,2020-12-20,3760.76,Refund,EUR,Rice-Robbins,Healthcare,36152.55,60831.84,1,Pending,2346363832344357,866390862,2021-03-24
TXN-00000746,ACC-3671185,CUST-26078,Scott Bullock,ssalazar@example.com,+1-374-714-5187x365,2021-10-05,8643.84,Fee,USD,"Salazar, Henderson and Price",Online,29054.18,80299.46,0,Pending,3271111057425474,649172043,2021-06-13
TXN-00000747,ACC-9103019,CUST-19315,Kayla Mcbride,kellysilva@example.org,(813)548-2024,2022-01-14,13844.97,Transfer,USD,Barnes Inc,Online,17230.87,45884.55,0,Reversed,1115586161717843,688470930,2023-04-21
TXN-00000748,ACC-7742249,CUST-99865,Stephen White,whitecrystal@example.net,953.394.1173,2024-08-03,12567.46,Transfer,GBP,"Armstrong, Scott and Saunders",Dining,28624.88,89302.37,0,Reversed,7545710287638094,513247671,2022-03-31
TXN-00000749,ACC-6918810,CUST-26478,Eric Boyd,andrea28@example.com,243.731.1647x8961,2020-01-18,12919.99,Fee,GBP,"Parker, Crosby and Thomas",Entertainment,23773.23,40010.84,1,Reversed,6092639962534031,175816523,2022-10-02
TXN-00000750,ACC-9714211,CUST-74894,Jeffery Smith,mcampbell@example.org,001-789-298-0907,2022-12-19,5456.67,Debit,CAD,Mccarthy-Hawkins,Online,14019.67,62697.3,0,Reversed,6907590055193322,278897501,2020-01-11
TXN-00000751,,CUST-64284,David Walker,julia99@example.net,+1-887-504-6281x5933,2024-12-28,6467.16,Fee,EUR,Tucker Ltd,Online,34190.42,55847.04,0,Reversed,5515156820107224,959429776,2022-09-07
TXN-00000752,ACC-4391837,CUST-86566,Michael Rodriguez,aharmon@example.com,566-381-3576,2020-03-17,2095.82,Debit,EURO,David-Martinez,Healthcare,20451.72,96049.17,0,Completed,4178245799124111,708457917,2024-08-07
TXN-00000753,ACC-2325063,CUST-24220,Laura Alexander,jenniferhickman@example.net,516.708.8745,2020-08-17,13466.38,Fee,GBP,"Russell, Wright and Graves",Grocery,11711.63,2962.0,0,Failed,5122922097126298,468441783,2022-12-07
TXN-00000754,,CUST-30116,William Cole,vlewis@example.net,277-726-7950x3558,2023-03-12,7472.54,Refund,USD,Walters-Walsh,Retail,18262.3,69956.43,0,Pending,7751849551446676,588362204,2023-12-19
TXN-00000755,ACC-8601198,CUST-84956,Christopher Cook,chelsea74@example.net,+1-787-269-7042x20244,2024-12-06,14305.5,Fee,EUR,"Parker, Crosby and Thomas",Online,10161.61,8212.94,0,Pending,6376671975117950,763173086,2022-06-03
TXN-00000756,ACC-6962643,CUST-80411,Daniel Harding,zimmermandavid@example.com,7244187987,2022-06-14,14600.67,Transfer,USD,Morgan Inc,Entertainment,11995.86,98713.79,0,Reversed,1752300928168080,238415075,2021-06-24
TXN-00000757,ACC-8894132,CUST-65168,Kelly Hale,bgrant@example.com,001-714-391-6968x01598,2023-12-12,12910.74,Debit,CAD,Day-Garcia,Dining,46680.71,31345.37,0,Failed,3250807196056929,998195716,2020-08-27
TXN-00000758,ACC-9076324,CUST-84001,Benjamin Garcia,veronica25@example.net,(464)305-1795,2024-01-28,7278.95,Fee,USD,David-Martinez,Grocery,29287.66,19932.69,0,Reversed,2262195261253084,998383025,2020-01-19
TXN-00000759,ACC-2692137,CUST-26856,Lynn Richardson,eddie14@example.com,(809)875-9177,2020-09-11,2818.5,Transfer,usd,Sanchez Inc,Grocery,47732.93,45965.46,0,Failed,7270381059925434,547828105,2023-11-11
TXN-00000760,ACC-8130701,CUST-63481,Michael Williams,,001-425-385-7282x85971,2021-03-20,2743.49,Debit,CAD,"Baker, Pierce and Lynch",Utilities,1300.39,39677.92,0,Pending,5717409031547279,237682411,2021-10-23
TXN-00000761,ACC-1243160,CUST-40804,Joseph Watson,allison80@example.com,001-998-975-0942x16921,2020-04-19,3609.11,Refund,GBP,Logan-White,Healthcare,26692.23,95486.54,0,Failed,3615200433125638,668245204,2021-09-01
TXN-00000762,ACC-5697953,CUST-58375,Jodi Morrison,emiller@example.com,+1-630-706-1778x944,2026-07-08,2844.8,Fee,EUR,Wolfe-Holden,Travel,47377.34,5877.76,0,Completed,8628140032895341,389727501,2020-01-09
TXN-00000763,ACC-1201739,CUST-71349,Anita Grimes,,3367873391,2022-09-18,0.0,Credit,CAD,Case Inc,Travel,39280.61,9517.86,0,Pending,3117901187774614,625616844,2022-06-12
TXN-00000764,ACC-8341224,CUST-26682,Dawn Atkins,wilsonrebecca@example.org,487-642-2749x935,2022-06-27,5319.31,Transfer,JPY,Anderson Group,Utilities,12491.38,40385.86,0,Failed,2748572086702594,292977687,2022-03-08
TXN-00000765,ACC-5145031,CUST-86034,Donna Lawrence,andrew04@example.net,+1-380-474-4880,2021-03-20,6094.6,Fee,EUR,Tucker Ltd,Healthcare,4840.52,89240.21,0,Reversed,1835327421306664,163210243,2023-08-07
TXN-00000766,ACC-4734330,CUST-93438,Jenny Cole,jthompson@example.net,(650)799-4241,2021-05-26,1473.78,Fee,USD,Brown Group,Entertainment,44177.46,83220.14,0,Failed,9261396457188314,608045532,2021-01-21
TXN-00000767,ACC-3207839,CUST-89039,Ronald Aguilar,scotttammy@example.org,001-704-306-3886x98475,2024-11-06,3228.67,Fee,USD,Anderson Group,Online,44170.56,56932.21,0,Completed,3425823566794971,709197383,2023-11-28
TXN-00000768,ACC-2468578,CUST-47725,Gina Giles,kingmarissa@example.org,001-954-640-6005x32589,2024-06-30,11812.79,Debit,USD,Wolfe-Holden,Retail,15410.44,67127.8,0,Pending,3904155074156328,742140558,2020-06-30
TXN-00000769,ACC-4180788,CUST-61625,Dr. Valerie Snyder,charlesbutler@example.net,235.577.3978x34127,2021-05-29,688.35,Debit,JPY,"Garcia, Martinez and Hernandez",Healthcare,35715.64,83581.86,0,Pending,3627785525225143,258220351,2020-11-16
TXN-00000770,ACC-1945805,CUST-70737,John Lewis,dgarcia@example.org,429-265-7387x33417,2023-07-12,10350.43,Debit,EUR,"Armstrong, Scott and Saunders",Dining,49019.26,71046.81,0,Pending,6228357585669333,150420033,2024-10-01
TXN-00000771,ACC-6362126,CUST-97641,David Mcmahon,idiaz@example.com,(466)827-1312x4013,2022-09-14,9408.18,Credit,USD,Tucker Ltd,Travel,45074.19,92088.36,0,Failed,4572164712331714,731361888,2020-03-29
TXN-00000772,ACC-3357377,CUST-54840,Jeremy Mooney,patriciamathews@example.net,(403)275-2335x549,2022-11-19,13492.74,Refund,JPY,"Armstrong, Scott and Saunders",Utilities,33112.88,21958.93,0,Reversed,7056776929758855,277917415,2023-02-06
TXN-00000773,ACC-5048832,CUST-47918,Julie Murphy,lawsonjames@example.com,736-859-1532x7639,2021-07-15,9871.22,Refund,EUR,Anderson Group,Entertainment,48178.31,65768.03,0,Reversed,6795776896565670,982952076,2024-04-28
TXN-00000774,ACC-4367120,CUST-53633,Heather Jones,sarawebb@example.org,885-351-3138x436,2020-09-04,0.0,Refund,GBP,Case PLC,Travel,14482.66,41671.04,0,Completed,9432700327739187,525076462,2023-03-11
TXN-00000775,ACC-7055412,CUST-86010,Angela Ward,michael75@example.org,(297)359-9890,2022-04-16,10119.45,Transfer,JPY,"Salazar, Henderson and Price",Grocery,17628.26,81884.27,0,Pending,8335615735143987,711355199,2024-09-22
TXN-00000776,ACC-3343303,CUST-21570,Joshua Duncan,coxamber@example.net,001-330-282-1079,2020-01-18,5927.73,Fee,EUR,Case Inc,Entertainment,13238.39,26372.42,0,Completed,5351654667858863,731224323,2023-07-22
TXN-00000777,ACC-3188785,CUST-40127,Karen Mcclain,castrovincent@example.com,(834)573-7283x00930,2022-09-19,5524.31,Refund,JPY,Roach-Brooks,Healthcare,35877.28,45862.76,0,Failed,3358803960284506,161651730,2021-01-13
TXN-00000778,ACC-4702383,CUST-73791,James Fuller,,242.317.8277x105,2020-11-13,9282.6,Debit,CAD,Mccarthy-Hawkins,Entertainment,23329.14,54967.2,0,Completed,4281692634346101,820666790,2021-01-24
TXN-00000779,ACC-1552596,CUST-21396,Kristi Hall,jasmine12@example.org,583.608.3393,2024-01-06,9091.86,Transfer,CAD,Bishop PLC,Entertainment,7892.88,64158.18,0,Failed,1419855080866380,312747491,2023-05-20
TXN-00000780,ACC-4563776,CUST-96406,Christopher Kane,johnnyli@example.net,974-525-9144,2023-09-06,817.0,Transfer,JPY,Bishop PLC,Online,27061.38,54311.2,1,Completed,1824818192863553,433615729,2021-09-13
TXN-00000781,ACC-6177577,CUST-83663,Pamela Mcclure,ricardomcclain@example.com,(628)909-9560x52440,2021-03-30,5988.88,Refund,USD,"Roberts, Joyce and Sanchez",Healthcare,49017.38,38351.29,0,Reversed,9283360168321268,668414781,2021-10-31
TXN-00000782,ACC-8166784,CUST-31648,Jessica Ayala,smithdouglas@example.com,001-678-298-6877x8116,2023-03-15,5031.19,Refund,EUR,Johnson Group,Dining,8628.76,78925.84,1,Pending,4452333863648338,888565213,2024-07-26
TXN-00000783,ACC-7926800,CUST-80817,Thomas Hogan,juliaknapp@example.com,(953)767-6307x2872,2024-08-06,2383.01,Fee,EUR,Garcia-Freeman,Grocery,11874.9,94602.44,0,Reversed,3897415249475150,785083321,2021-05-29
TXN-00000784,ACC-2767566,CUST-16025,Madison Rodriguez,emilymontgomery@example.org,933-686-0792,2021-12-24,13128.64,Credit,GBP,Tucker Ltd,Dining,48896.12,42202.57,0,Completed,7200940874853765,639183211,2024-07-24
TXN-00000785,ACC-9753974,CUST-71718,Virginia Walter,erikmata@example.org,944-863-9639x26691,2023-06-15,8233.69,Debit,GBP,Dean LLC,Healthcare,37766.44,74874.77,0,pending,6901236695217999,767419846,2023-12-19
TXN-00000786,ACC-6028059,CUST-45792,Jenna Faulkner,whitekeith@example.org,898-944-9679x48471,2020-04-06,4860.48,Fee,CAD,Anderson Group,Travel,39900.1,23725.24,0,Pending,9920145329877472,722020936,2024-02-26
TXN-00000787,,CUST-94594,James Beck,danielle48@example.org,001-609-288-9081x5506,2024-09-01,2859.61,Debit,JPY,Case PLC,Travel,23180.26,58976.08,1,Completed,2491358436201455,182440689,2022-02-28
TXN-00000788,ACC-1521425,CUST-10773,Cindy Griffith,debra26@example.com,+1-308-859-5514x95722,2023-07-08,3226.31,Debit,EUR,Martin Inc,Retail,24809.3,37339.29,0,Pending,4543219941924970,973691555,2024-08-18
TXN-00000789,ACC-2116824,CUST-48153,Dr. Erika Pittman,nguyenpatrick@example.org,(397)478-1976x73148,2024-04-21,5924.97,Credit,CAD,Mccarthy-Hawkins,Entertainment,37872.95,22468.24,0,Pending,8946174540075004,231203954,2023-01-29
TXN-00000790,ACC-2885707,CUST-33977,John Rollins,paige60@example.com,+1-202-706-5157x20241,2023-06-28,8922.27,Transfer,CAD,Jones Ltd,Travel,21035.58,19542.48,0,Reversed,8961624675341225,108377924,2023-12-02
TXN-00000791,ACC-2328461,CUST-70675,Chris Harris,uwright@example.net,(290)353-6256x65481,2022-02-09,$86.04,Transfer,EUR,Williams-Spence,Entertainment,4812.54,58601.58,0,Failed,9676490652134583,941983209,2024-11-04
TXN-00000792,ACC-2220215,CUST-50975,Ashley Williams,ischmidt@example.net,217-864-3996,2021-08-06,7654.94,Refund,GBP,Brown Group,Retail,38794.93,12259.52,0,Reversed,1959840811763185,618222915,2020-10-15
TXN-00000793,ACC-5270062,CUST-16976,Charles Marshall,andrew12@example.net,725.688.7132x287,2020-04-05,7995.81,Fee,EUR,"Russell, Wright and Graves",Grocery,8911.96,4284.7,0,Pending,5637286839284357,280100050,2020-08-19
TXN-00000794,ACC-4601983,CUST-33324,Marissa Walter MD,randall41@example.net,(594)330-5044,2021-06-27,5706.9,Credit,CAD,Anderson Group,Entertainment,33903.79,3475.71,0,Pending,8387729736246913,258436443,2023-09-04
TXN-00000795,ACC-2874068,CUST-22940,Colton Rojas,johnsonphillip@example.com,+1-678-579-7041x57429,2022-06-13,13034.24,Refund,CAD,Jacobs Inc,Healthcare,44144.82,9737.53,0,Pending,3743732890951435,208999772,2024-03-14
TXN-00000796,ACC-2894814,CUST-66755,Hunter Moran,obarnes@example.net,(592)973-0739,2022-08-17,11361.99,Fee,JPY,Wolfe-Holden,Entertainment,19745.01,51048.13,1,Completed,3941624025706457,302724647,2022-11-04
TXN-00000797,ACC-8422634,CUST-40652,Victoria Clark,kristen67@example.com,+1-549-990-0974,2024-05-15,5954.96,Credit,EUR,Hunt-Woods,Grocery,12457.77,17759.22,1,Failed,2370891865374419,787964079,2024-10-21
TXN-00000798,ACC-4311593,CUST-20171,Robert Moore,marqueznathaniel@example.org,001-816-365-0434x4846,2023-05-30,347.83,Fee,GBP,Oneal Inc,Retail,47243.9,2180.64,0,Failed,1450832962816238,102822647,2022-12-16
TXN-00000799,ACC-7926648,CUST-74145,Veronica Drake,russelljoel@example.org,782-998-1320x272,2022-07-03,3892.24,Credit,EUR,Case PLC,Healthcare,15655.46,55227.1,0,Reversed,9063181111134722,125443880,2023-08-25
TXN-00000800,ACC-1676751,CUST-54530,Christopher Mayer,levi83@example.org,622-793-0117x96851,2022-11-10,6742.87,Debit,GBP,Logan-White,Grocery,13266.39,30117.42,0,Reversed,3677823937368447,788527152,2023-05-03
TXN-00000801,ACC-4144020,CUST-84017,Nancy Kelley,cindy12@example.com,001-586-968-0015x6314,2020-02-22,14728.52,Credit,CAD,Donovan-Davis,Entertainment,11739.92,72783.35,0,Failed,2768247435822035,987358543,2021-01-30
TXN-00000802,,CUST-80013,Michael Parker,jenniferhiggins@example.com,(435)285-2110x1799,2020-03-04,3834.66,Credit,CAD,Tucker Ltd,Grocery,21072.47,20349.25,0,Completed,3928596116797573,438011889,2020-05-11
TXN-00000803,ACC-5582950,CUST-72209,Andrew Cameron,jleach@example.net,853.233.5657x3294,2024-06-30,992.62,Credit,USD,Morgan Inc,Grocery,23187.72,71612.46,0,Failed,9859676182078137,647839312,2023-02-12
TXN-00000804,,CUST-43373,Chris Holder,matthew96@example.net,001-933-289-4726,2024-08-25,6083.38,Credit,JPY,Wolfe-Holden,Grocery,9359.75,66079.02,0,Failed,9896231450379886,806140029,2022-12-03
TXN-00000805,ACC-5603244,CUST-53944,Roger White,ihanson@example.com,233.981.6975,2023-12-01,1807.49,Refund,JPY,"Garcia, Mitchell and Wilson",Dining,2653.26,13305.41,0,Reversed,7817216665433117,387735248,2023-03-02
TXN-00000806,ACC-3571587,CUST-22393,Melissa Rose,robin89@example.net,001-513-554-6652x28975,2022-07-10,5986.89,Refund,GBP,Walters-Walsh,Retail,963.87,48909.99,0,Reversed,1657311234994369,696054300,2020-01-09
TXN-00000807,ACC-6122649,CUST-69259,Mary Powell,dbrown@example.org,869-882-9976x99714,2022-10-30,3774.11,Debit,JPY,Morgan Inc,Entertainment,49251.38,95767.96,0,pending,3437197167883991,671354510,2021-07-02
TXN-00000808,ACC-7052563,CUST-75802,Valerie Gonzalez,tonyaford@example.com,6552508348,2022-10-18,7862.25,Debit,JPY,Hunt-Woods,Travel,27559.25,78600.18,0,Failed,8743126036775176,132226056,2024-07-28
TXN-00000809,ACC-8108304,CUST-35617,Robert Spencer,marcus44@example.com,001-328-497-0926,2024-01-02,9186.3,Fee,CAD,Castillo-Holmes,Dining,28553.97,40687.51,0,Failed,5367321784535070,728714663,2023-02-15
TXN-00000810,ACC-6818395,CUST-27153,Ariel Fernandez,jeffery39@example.net,001-729-857-8650x952,2023-12-25,3488.16,Debit,CAD,"Wells, Anderson and Robinson",Dining,36003.24,39896.96,0,Reversed,3720354887545078,458082495,2024-11-09
TXN-00000811,ACC-1049878,CUST-61174,Amy Rice,velezbenjamin@example.net,+1-210-374-1260,2023-07-15,3386.6,Debit,USD,Gardner and Sons,Dining,11351.05,31862.05,0,Pending,5027542619682911,381109065,2023-11-16
TXN-00000812,ACC-4292447,CUST-43479,Benjamin Fox,jcontreras@example.net,001-694-247-4622x696,2024-12-11,13162.97,Transfer,EUR,"Wright, Marsh and Huffman",Travel,4139.24,40437.4,0,Pending,9653787439814557,309334853,2022-01-16
TXN-00000813,ACC-7091300,CUST-25360,Mr. Joshua Walker Jr.,qdillon@example.com,001-655-247-0607x805,2024-02-24,6890.82,Transfer,EUR,"Garcia, Martinez and Hernandez",Healthcare,13807.27,27368.11,0,Completed,2269272486546562,384689517,2024-12-26
TXN-00000814,,CUST-94088,Todd Vargas,gknight@example.org,562.515.8873x1450,2021-08-14,8638.17,Debit,Usd,"Watts, Fuller and Morris",Healthcare,14297.9,57195.28,0,Failed,7202489392842796,494157190,2020-06-01
TXN-00000815,,CUST-45797,Chad Good,erinnguyen@example.org,(508)312-7499,2024-03-20,2421.72,Refund,CAD,Case Inc,Healthcare,5117.8,97891.55,0,Failed,3916921082443843,371856457,2022-06-22
TXN-00000816,ACC-9863607,CUST-74991,Amy Smith,duffydavid@example.com,001-801-272-3446x77952,2022-02-06,10926.74,Fee,USD,,Travel,15822.04,65529.6,0,Completed,8613617829535277,495763975,2023-08-26
TXN-00000817,ACC-9054858,CUST-84558,Sara Kaiser,gcarey@example.org,642-338-2919x69880,2020-12-29,1129.88,Debit,USD,Walters-Walsh,Online,26216.13,85806.58,0,Pending,5261631342202248,127607052,2024-01-23
TXN-00000818,ACC-6030817,CUST-41275,Marie Jones,santosdarryl@example.com,+1-419-377-0744x347,2027-01-07,7547.83,Refund,CAD,"Watts, Fuller and Morris",Dining,6585.86,41045.69,0,Failed,4368177721635401,778502132,2022-05-01
TXN-00000819,ACC-7530639,CUST-24972,Tanya Leonard,,(650)456-4202x446,2024-01-25,199.19,Credit,JPY,Tucker Ltd,Dining,20746.28,74601.15,0,Reversed,6071267834092046,657135343,2022-10-02
TXN-00000820,ACC-6673473,CUST-11173,Stephanie Carpenter,douglas52@example.net,001-724-620-9042,2022-05-19,$8966.02,Credit,GBP,"Armstrong, Scott and Saunders",Retail,34852.7,4660.43,0,Completed,2677276036986217,102389571,2020-10-11
TXN-00000821,ACC-1027644,CUST-43334,Mark Duncan,jennifercherry@example.net,8775224414,2024-04-08,10907.34,Credit,EUR,Garcia-Freeman,Entertainment,9146.05,42116.17,0,Reversed,9379471631892848,285383750,2020-05-03
TXN-00000822,ACC-5955264,CUST-28482,William Stone,,606-499-8758x52572,2022-01-31,8312.99,Credit,JPY,Hansen LLC,Dining,44372.49,27163.08,0,Reversed,9278528036851531,166200717,2023-08-18
TXN-00000823,ACC-3288663,CUST-43736,Krystal Gordon,bbaker@example.org,001-969-264-6901x64423,2022-03-14,1012.2,Credit,JPY,Anderson Group,Online,3781.25,83976.61,0,Pending,9736793221096799,721498130,2022-01-24
TXN-00000824,ACC-5584551,CUST-69894,Steven Roberts,misty51@example.net,3514775786,2021-10-24,$2545.27,Refund,JPY,"Baker, Pierce and Lynch",Online,35083.85,84462.63,1,Pending,4762147065706150,635703214,2022-09-05
TXN-00000825,ACC-9969806,CUST-37390,Jaime Kline,kgray@example.com,+1-709-511-9632x362,2022-03-09,8621.94,Refund,JPY,Jones Ltd,Online,32833.91,60481.02,0,Completed,1661704545785466,883577361,2023-10-09
TXN-00000826,ACC-4856837,CUST-84684,Jeffrey Johnson,obrown@example.net,516.588.9780,2020-04-24,8032.51,Debit,GBP,Brown Group,Grocery,15481.18,77416.19,0,Failed,7714727679711247,762929934,2022-05-08
TXN-00000827,ACC-7590020,CUST-12240,Nicole Hall,vtorres@example.net,(649)817-0580x3071,2022-09-22,3172.58,Transfer,USD,Hunt-Woods,Retail,15016.34,47332.29,0,Completed,9198576731227380,277376338,2023-09-20
TXN-00000828,,CUST-78995,Andrew Austin,sjackson@example.org,001-811-339-7303x10519,2020-02-17,2052.1,Debit,GBP,,Healthcare,15195.47,65884.63,0,Failed,4836626976407119,358130458,2021-11-19
TXN-00000829,ACC-8602709,CUST-87425,Nancy Jordan,smithsamantha@example.com,432-663-1424x382,2021-11-08,2362.58,Credit,JPY,Barnes Inc,Dining,13459.2,25173.03,0,Failed,8516466189605128,701435888,2024-07-21
TXN-00000830,ACC-3595598,CUST-53287,Sharon Andrews,daniel53@example.net,810-724-0975x2606,2020-06-04,$11242.39,Debit,EUR,Walters-Walsh,Healthcare,36200.72,73014.62,0,Reversed,1841234890576318,929850261,2020-12-13
TXN-00000831,ACC-3938627,CUST-91417,Nancy Robinson,walkerjanice@example.org,+1-763-477-4019x422,2021-07-14,12781.58,Fee,JPY,Logan-White,Entertainment,42521.86,59309.86,0,Reversed,9132517418643329,164661314,2024-08-06
TXN-00000832,ACC-8342660,CUST-10120,Eric Gonzalez,walshpaul@example.org,905.504.7827,2020-04-30,3361.45,Fee,GBP,,Retail,25608.85,27651.29,0,Completed,3111563433517796,705839363,2024-02-24
TXN-00000833,ACC-6716143,CUST-19068,Gregory Park,jessicacampbell@example.net,326-974-9988x35199,2023-12-19,4798.52,Debit,CAD,Garcia-Freeman,Dining,44391.59,22916.24,0,Failed,3638565878352152,435321969,2020-09-24
TXN-00000834,ACC-1999096,CUST-76993,David Collier,ksmith@example.com,+1-537-872-4574x415,2021-12-26,10845.38,Debit,US Dollar,Bishop PLC,Travel,37265.77,3154.79,0,Failed,7678224821299637,742976274,2022-10-17
TXN-00000835,ACC-4012485,CUST-95289,Stephanie Rose,twilliams@example.net,+1-994-501-8514x968,2022-02-22,7883.89,Transfer,CAD,Day-Garcia,Travel,9037.2,15248.38,0,Completed,5699267720808880,191299068,2024-07-05
TXN-00000836,ACC-4394574,CUST-98784,Kimberly Schmitt,leslie18@example.net,+1-213-549-3167x55031,2021-04-18,13264.72,Credit,CAD,"Warren, Rose and Bell",Healthcare,18921.89,99245.92,0,Completed,9669593750927875,800822184,2024-07-05
TXN-00000837,ACC-1266641,CUST-92635,Kimberly White,nicholas79@example.com,867.489.8801,2023-05-23,12975.35,Debit,USD,Anderson Group,Online,2238.19,18892.7,0,Completed,3594209415144936,546144219,2022-09-21
TXN-00000838,ACC-8678683,CUST-70788,Brandon Anderson,garciaeileen@example.org,434-704-4440x72111,2022-07-20,10873.14,Debit,JPY,Walters-Walsh,Online,36021.72,41906.36,0,Failed,6850671158956420,763014099,2024-12-18
TXN-00000839,ACC-2859364,CUST-90397,Stephanie Sanders,xdalton@example.net,(561)813-9353x019,2021-11-08,$873.06,Transfer,EUR,,Retail,12134.8,96311.11,0,Completed,3289725543476163,498856234,2021-02-24
TXN-00000840,ACC-3269858,CUST-35184,Claire Riley,xmcmillan@example.com,489.677.6127x6514,2023-11-16,3525.97,Debit,EUR,"Parker, Crosby and Thomas",Retail,1990.47,62208.62,0,Failed,2144610095206159,461165056,2024-03-09
TXN-00000841,ACC-5200999,CUST-12275,Robin Rodriguez,phamrobert@example.org,2418813662,2022-06-04,11782.1,Debit,JPY,"Salazar, Henderson and Price",Dining,22957.76,15182.36,0,Failed,2738624030205865,428253240,2024-07-27
TXN-00000842,ACC-8047530,CUST-47440,Jeffery Smith,katherinemiller@example.net,345.218.8934x773,2023-02-25,7605.92,Debit,GBP,"Russell, Wright and Graves",Entertainment,21567.46,11628.88,0,Reversed,5083189338555618,157638567,2022-06-13
TXN-00000843,ACC-6786069,CUST-31984,Nicholas Sullivan,hallkara@example.net,797-337-0612x45551,2023-09-27,8502.0,Credit,EUR,Anderson Group,Utilities,41165.17,91904.44,0,Pending,8437857028293634,501836552,2023-01-23
TXN-00000844,ACC-2419895,CUST-87560,Richard Harmon,debbiefisher@example.com,6982017056,2023-10-03,2711.46,Fee,GBP,Tucker Ltd,Utilities,12855.61,98650.03,0,Reversed,6469210155266137,997874606,2024-07-30
TXN-00000845,ACC-8257135,CUST-42954,Jeremy Payne,travis43@example.com,420-604-5158,2024-04-20,5904.06,Transfer,EUR,Donovan-Davis,Grocery,49988.54,99845.24,0,Failed,2188706837835966,267730290,2024-11-29
TXN-00000846,ACC-7131707,CUST-53284,James Hamilton,jennifer69@example.com,+1-744-830-2789x1174,2021-06-07,13182.92,Refund,USD,"Wells, Anderson and Robinson",Online,36739.4,38192.41,0,Failed,1738304659357156,584715944,2020-03-30
TXN-00000847,ACC-8105470,CUST-74237,Joseph Brown,brooksbenjamin@example.net,345.576.8254,2020-10-20,11229.28,Transfer,USD,Wolfe-Holden,Entertainment,30611.31,75589.0,0,Completed,1938607222568560,619216225,2023-12-27
TXN-00000848,ACC-8102763,CUST-15622,Tammy Fletcher,charlesfleming@example.org,678.918.4393x9578,2023-10-10,487.26,Debit,USD,"Wright, Marsh and Huffman",Retail,31579.91,24890.03,0,Failed,1206898430892438,513756943,2024-12-17
TXN-00000849,ACC-9183854,CUST-55260,Gregory Peterson,qbennett@example.com,+1-953-613-8678x2362,2021-08-14,4023.28,Debit,CAD,Rice-Robbins,Travel,23812.29,84460.14,0,Reversed,9026922665452479,481239410,2023-10-24
TXN-00000850,ACC-9524340,CUST-19206,Tara Schultz,cbates@example.com,+1-317-517-5732x2836,2021-12-12,783.91,Transfer,JPY,Underwood-Allen,Utilities,45317.12,39734.89,0,Reversed,7822232679037792,700949610,2023-04-07
TXN-00000851,ACC-8056124,CUST-41324,Elizabeth Smith,andersontimothy@example.org,+1-640-436-2756x29522,2022-03-05,13372.35,Transfer,JPY,"Watts, Fuller and Morris",Grocery,49007.86,57001.64,0,Failed,6137295677712909,177042383,2021-03-24
TXN-00000852,ACC-4143472,CUST-27262,Brianna Stevens,lauren08@example.org,(407)659-8173x11601,2021-06-18,3106.15,Transfer,USD,,Entertainment,16378.17,98431.4,0,Reversed,7620210331072335,256040822,2023-08-06
TXN-00000853,ACC-6232646,CUST-83143,Mindy Hodges,abrown@example.org,+1-627-981-5758,2024-09-15,$10635.49,Refund,CAD,Case PLC,Healthcare,45128.81,45653.9,0,Reversed,9314769042472397,713808290,2022-05-20
TXN-00000854,ACC-1854803,CUST-44061,Henry Kidd,alexajones@example.org,+1-593-319-9389x63552,2023-12-22,13945.75,Debit,JPY,Sanchez Inc,Entertainment,2451.98,17041.6,0,Failed,2287791351033181,352394443,2020-01-09
TXN-00000855,ACC-1167461,CUST-24496,Sean Rivera,gthompson@example.com,2383504486,2022-09-26,14119.4,Refund,EUR,Gardner and Sons,Retail,6274.23,28875.18,1,Reversed,4993864612789587,489575818,2023-09-28
TXN-00000856,ACC-3515004,CUST-32777,Jared Harris,smithlarry@example.org,999-589-3960,2021-01-29,5188.8,Credit,JPY,Day-Garcia,Utilities,40521.35,1438.67,0,Reversed,4376678090338451,501271767,2022-03-12
TXN-00000857,ACC-9738199,CUST-50552,Clayton Barnes,qjones@example.org,5626140249,2024-06-27,9305.32,Credit,USD,Castillo-Holmes,Grocery,14111.23,76868.76,0,Pending,3610868043291302,334077422,2024-03-20
TXN-00000858,ACC-8457291,CUST-49925,Ashley Simpson,sandovalluke@example.org,912.884.1527,2024-11-06,1912.35,Refund,EUR,,Utilities,38232.97,18237.36,0,Pending,6595776923242899,697848007,2022-11-20
TXN-00000859,ACC-1055463,CUST-66264,Michael Pacheco,stacyward@example.org,425-847-5957x624,2024-10-21,10357.68,Fee,GBP,Johnson LLC,Dining,7137.97,96568.83,0,Completed,6486427420492687,200810687,2023-09-05
TXN-00000860,ACC-9127330,CUST-89022,Kelly Bryant,aprilchambers@example.org,517.302.6245x85224,2020-03-02,13951.8,Debit,JPY,Brown Group,Dining,24877.09,8781.61,0,Pending,7427597688663870,644514069,2020-05-30
TXN-00000861,ACC-6475567,CUST-86220,Jerome Williams,jenniferblack@example.net,661-208-6226x5919,2022-11-21,9750.84,Transfer,GBP,"Salazar, Henderson and Price",Travel,7497.45,95214.04,0,Reversed,1806383455561505,994000632,2021-04-05
TXN-00000862,ACC-4320804,CUST-97332,Jennifer Kim,derek05@example.com,(829)475-5933x8419,2024-02-29,7358.77,Credit,EUR,Long PLC,Healthcare,10544.74,63661.24,0,Pending,8343640777928399,991707519,2020-07-19
TXN-00000863,ACC-5186332,CUST-17145,Lawrence Reed,morgancrystal@example.net,001-938-584-6975x384,2022-01-26,8730.92,Refund,CAD,Morgan Inc,Grocery,16786.33,81515.87,0,Completed,3061752164023486,404984283,2024-10-05
TXN-00000864,ACC-2212136,CUST-75601,Glen Roth,bmoss@example.org,731-276-1586,2021-12-29,12814.82,Debit,CAD,Johnson LLC,Travel,14251.55,54639.27,0,Pending,1065220963742979,396929470,2023-04-17
TXN-00000865,ACC-2497427,CUST-42255,Michelle Wagner,jbrown@example.com,(684)701-0676,2022-03-30,7002.34,Credit,JPY,Jacobs Inc,Online,24580.91,27556.43,0,Failed,3255932537283193,854988992,2024-07-06
TXN-00000866,ACC-6499395,CUST-96055,Amanda Coleman,,287-232-8565,2021-07-04,11263.23,Fee,USD,Johnson-Murray,Healthcare,4980.3,57182.19,0,Failed,5857410851946240,591793488,2022-09-10
TXN-00000867,ACC-2288896,CUST-41157,Robert Young,baileyjeffrey@example.com,703-624-0307x03088,2023-01-15,12504.92,Fee,JPY,Walters-Walsh,Utilities,49330.98,86480.68,0,Completed,2481702166797558,899738261,2022-06-27
TXN-00000868,ACC-7116865,CUST-87483,Cathy Moses,kathleen98@example.org,001-776-638-9560x89736,2024-03-29,7733.77,Debit,JPY,"Salazar, Henderson and Price",Retail,6653.18,21620.42,1,Failed,2424352685311502,545676274,2022-02-23
TXN-00000869,ACC-7874675,CUST-14500,Jessica Gutierrez,millerchristopher@example.org,+1-743-999-0163,2023-12-15,1591.58,Fee,JPY,"Hampton, Morgan and Hayes",Grocery,38637.56,67464.12,0,pending,1011329114764661,780630613,2023-12-29
TXN-00000870,ACC-2118896,CUST-30701,David Smith,duarteleslie@example.org,3957840344,2020-01-24,3220.35,Fee,CAD,Brown Group,Dining,46960.84,10919.59,0,Reversed,4601825636851285,314040853,2023-08-17
TXN-00000871,ACC-4754552,CUST-59195,Michelle Scott,kentsteven@example.net,(303)554-4925x305,2022-01-10,6657.25,Refund,JPY,"Salazar, Henderson and Price",Online,14409.52,25771.86,0,Completed,6693764563409034,964930014,2021-08-10
TXN-00000872,ACC-9206047,CUST-72693,Brian White,rbuchanan@example.org,8892387559,2020-03-10,12584.98,Transfer,GBP,Bishop PLC,Online,42248.94,59306.37,0,Pending,2243743051161092,733876590,2024-03-01
TXN-00000873,ACC-9936887,CUST-74900,Jared Carrillo,anthonycole@example.net,350.927.8736x2184,2024-03-08,14918.51,Debit,USD,,Utilities,13162.58,43145.0,0,Reversed,9745304019523635,454888699,2021-03-10
TXN-00000874,ACC-3954424,CUST-65367,Scott Cook,rachel91@example.org,(661)573-4742x21991,2024-09-14,14715.32,Refund,EUR,Logan-White,Healthcare,6398.22,59389.9,0,Completed,1535637094481847,428409358,2020-01-29
TXN-00000875,ACC-6292939,CUST-89743,Shane Smith,ewilliams@example.org,+1-302-502-3492x5096,2024-05-31,12741.32,Refund,USD,Roach-Brooks,Grocery,38868.82,39224.43,0,Completed,1572838544349504,643815776,2021-10-17
TXN-00000876,ACC-4888833,CUST-92680,Crystal Hicks,lthompson@example.net,289-299-3284,2021-09-24,3864.87,Refund,GBP,Donovan-Davis,Dining,21771.91,76069.36,1,Pending,1531552627144451,215225948,2023-03-22
TXN-00000877,ACC-2135541,CUST-78639,Kayla Taylor,,519-510-0225x916,2021-03-24,7967.17,Debit,USD,Day-Garcia,Grocery,47288.93,38418.34,0,Failed,3061987251473869,484895523,2023-07-14
TXN-00000878,ACC-1702119,CUST-35731,Tiffany Rogers,isaac10@example.com,(789)411-9831x030,2024-03-27,1016.93,Transfer,CAD,Castillo-Holmes,Grocery,3872.62,90396.12,1,Failed,3720563120333972,436632612,2023-03-02
TXN-00000879,ACC-1609875,CUST-99553,Alicia King,nicholsjoshua@example.org,001-743-880-7554x055,2021-04-12,6727.49,Debit,EUR,Mccarthy-Hawkins,Online,31055.2,82223.08,0,Reversed,7376804815947344,992699181,2020-12-04
TXN-00000880,ACC-2191747,CUST-36478,Deborah Thomas,,001-531-734-1916x28844,2024-05-18,12623.23,Transfer,USD,"Parker, Crosby and Thomas",Travel,25941.21,93853.91,1,Reversed,4569974585555698,411596208,2023-10-02
TXN-00000881,ACC-9565329,CUST-35762,Katherine Rogers,forbesangela@example.org,510.226.2333x29619,2022-04-14,10495.97,Debit,EUR,"Garcia, Mitchell and Wilson",Travel,9318.43,53276.69,1,Reversed,1139395573057256,360227614,2022-11-10
TXN-00000882,ACC-6182772,CUST-83300,Andrew Austin,cabbott@example.org,+1-958-200-8174x411,2020-06-12,2503.08,Fee,GBP,Underwood-Allen,Travel,-277.05,13118.43,0,Completed,2272869893457798,160645359,2021-11-29
TXN-00000883,ACC-9276082,CUST-19368,Brooke Allen,chaneyjennifer@example.net,+1-546-766-2981x997,2023-04-29,6565.99,Debit,CAD,Mccarthy-Hawkins,Entertainment,22178.36,84379.39,0,Pending,1967355796948273,443156880,2024-07-04
TXN-00000884,ACC-4115522,CUST-41224,Patricia Lee,ponceryan@example.com,2367029193,2023-10-23,6568.08,Credit,EUR,"Wright, Marsh and Huffman",Grocery,1191.57,50844.66,0,Reversed,9008968188992814,738482832,2024-11-20
TXN-00000885,ACC-3935465,CUST-59545,Brittany Brown,brownbrenda@example.net,001-644-565-2488x26523,2021-10-24,9651.3,Transfer,JPY,"Wells, Anderson and Robinson",Travel,12947.56,60112.78,0,Failed,7786880952396955,201731351,2023-11-23
TXN-00000886,ACC-3981279,CUST-56588,Andrew Golden,michaellowe@example.net,(669)910-3524x154,2022-06-27,11176.64,Transfer,GBP,"Roberts, Joyce and Sanchez",Entertainment,15475.93,45808.15,0,Pending,7869179528439529,492238228,2020-08-01
TXN-00000887,ACC-8260853,CUST-72432,Michele Cook,wolfelucas@example.net,3123083892,2021-05-26,11428.58,Debit,CAD,Jacobs Inc,Retail,4702.8,12109.5,0,Reversed,8009569978889100,139811352,2023-08-22
TXN-00000888,ACC-9926445,CUST-11211,Cory Simpson,bradfordkerri@example.com,918-838-4293x631,2023-05-31,5524.36,Fee,EUR,Johnson LLC,Travel,32881.45,75339.73,0,Pending,5246810963021991,290564969,2024-04-04
TXN-00000889,ACC-5171220,CUST-91999,Veronica Bradley,alextorres@example.org,210-794-9899,2021-09-04,7273.28,Transfer,JPY,Day-Garcia,Travel,25211.85,43404.28,0,Pending,5001592568913267,399462780,2024-04-24
TXN-00000890,ACC-6658004,CUST-71670,Larry Mcgee,william64@example.net,+1-307-896-1840x421,2024-10-13,4815.69,Fee,EUR,Bishop PLC,Travel,2206.63,8635.9,0,complete,4318372254123381,598202534,2020-06-30
TXN-00000891,ACC-7537807,CUST-31063,Claudia Stanley,jordanjohn@example.org,693.637.3617,2024-01-04,5663.35,Fee,JPY,Martin Inc,Online,33087.17,74996.67,0,Reversed,7847394645328690,126398432,2021-03-04
TXN-00000892,ACC-8878309,CUST-83435,Lauren Hickman,nathanconway@example.com,+1-848-653-1241x7591,2024-03-31,10268.11,Refund,EUR,"Wright, Marsh and Huffman",Retail,16899.4,99364.09,1,Pending,3012353939305596,196933548,2024-04-29
TXN-00000893,ACC-4739980,CUST-28284,Valerie Hoffman,sfowler@example.com,001-640-901-4913x370,2022-11-11,11912.89,Credit,JPY,,Utilities,48132.1,93382.76,0,Failed,2553922169065498,466925483,2022-01-23
TXN-00000894,ACC-6340147,CUST-80617,Sarah Bird,danielhughes@example.org,557-776-1574,2022-12-21,4173.43,Debit,USD,Dean LLC,Grocery,42087.28,61678.7,0,Pending,6687759146801458,317996762,2020-11-20
TXN-00000895,ACC-6079546,CUST-90264,Brian Walker,kristin30@example.org,(294)352-9672x4347,2020-01-19,7576.54,Transfer,JPY,Martin Inc,Dining,21270.17,19887.62,0,Reversed,2642798992538154,802489639,2020-10-12
TXN-00000896,ACC-7151970,CUST-17822,Christopher Berry,gloverfrancisco@example.com,+1-874-528-9066x904,2022-12-10,1386.13,Refund,EUR,"Hampton, Morgan and Hayes",Dining,6961.84,74175.33,0,Failed,7323578644455883,570571598,2022-03-02
TXN-00000897,ACC-3933311,CUST-37643,Jessica Clark,joshua97@example.net,(497)271-5760x67001,2020-02-11,758.56,Fee,EUR,"Warren, Rose and Bell",Online,33844.21,82576.55,0,Failed,7472864844977437,324774091,2020-06-08
TXN-00000898,ACC-5924337,CUST-60783,Elijah Jones,bentleyalexis@example.net,(653)934-3659,2020-03-26,5949.69,Credit,JPY,Hunt-Woods,Dining,11826.39,85341.08,0,Completed,4860439976396105,753549173,2020-04-10
TXN-00000899,ACC-9382060,CUST-46868,Justin Day,,001-656-679-9714x6857,2023-03-15,-7733.74,Credit,USD,Brown Group,Travel,40402.03,78506.06,0,Pending,1566474725562000,865931839,2023-11-13
TXN-00000900,,CUST-33451,Joseph Booker,luishahn@example.net,001-933-967-8092x27355,2024-03-19,1469.27,Debit,CAD,"Garcia, Martinez and Hernandez",Utilities,20308.46,77091.74,0,Failed,2185575310439739,782535772,2021-11-09
TXN-00000901,ACC-7347868,CUST-29957,Timothy Robertson,ahernandez@example.net,674.268.6398,2020-11-29,6806.0,Fee,GBP,"Wells, Anderson and Robinson",Retail,45646.3,85500.12,0,Failed,9635799523071596,510867032,2024-02-06
TXN-00000902,ACC-2008884,CUST-33941,Daniel White,alicia93@example.net,934-903-6073,2024-11-09,14736.44,Refund,USD,Morgan and Sons,Dining,20435.89,5332.19,1,Completed,2702824452906496,313944803,2022-11-12
TXN-00000903,,CUST-27576,Thomas Price,deborahwilliams@example.com,590-202-8807x338,2021-10-01,12439.75,Transfer,USD,Jones Ltd,Dining,31025.11,90992.41,0,Reversed,9940991857166233,605344035,2024-11-24
TXN-00000904,ACC-2277635,CUST-66436,Earl Lawson,holderstephanie@example.org,565.728.9393,2021-12-16,13948.59,Credit,EUR,"Roberts, Joyce and Sanchez",Healthcare,42342.68,15602.63,0,Pending,9598419566775359,897291721,2021-06-04
TXN-00000905,ACC-2135338,CUST-94179,Patrick Bartlett PhD,marie25@example.net,+1-674-723-7720x4393,2020-02-01,12707.14,Refund,EUR,Hansen LLC,Utilities,206.28,8550.19,0,Pending,4995141866691498,557035953,2022-06-07
TXN-00000906,ACC-4730838,CUST-96121,Danny Schultz,lanepeter@example.net,587.813.9503x8543,2021-02-11,6667.88,Credit,JPY,Williams-Spence,Retail,12255.37,34641.99,0,Reversed,6190684651852081,283292656,2023-02-26
TXN-00000907,ACC-5910805,CUST-85889,Thomas Black,bishopjohn@example.net,7968672162,2020-12-30,13786.69,Debit,US Dollar,Case Inc,Retail,43251.49,69805.03,0,Pending,1779933968033272,218823120,2024-09-26
TXN-00000908,ACC-3649503,CUST-64664,Taylor Griffin,jason75@example.net,(708)408-6105x726,2023-05-28,6607.59,Refund,EUR,Walters-Walsh,Grocery,19320.04,1354.96,0,Completed,8818473532265563,905129903,2023-05-14
TXN-00000909,ACC-1908938,CUST-42383,Melanie Gross,,(854)939-1051x0656,2024-08-02,950.8,Debit,GBP,Roach-Brooks,Entertainment,44313.76,30239.29,0,Failed,7511348949274774,643129021,2021-07-30
TXN-00000910,ACC-4891786,CUST-73154,Shawn Parsons,garycook@example.net,001-599-293-3129x93152,2023-08-08,4435.67,Refund,GBP,,Travel,37813.47,93230.16,1,Failed,3529683895941313,305167709,2021-04-05
TXN-00000911,ACC-2611096,CUST-47680,Gabrielle Miller,jschultz@example.org,831-694-6574x9981,2023-02-13,14780.1,Refund,EUR,Johnson-Murray,Grocery,25898.21,64416.0,0,Failed,1333645019375462,820556555,2022-11-12
TXN-00000912,ACC-1465261,CUST-51281,Elizabeth Decker,rhickman@example.net,314.335.6034,2020-08-29,12824.19,Fee,Euro,"Baker, Pierce and Lynch",Online,32869.94,34123.41,0,Pending,2716197218518918,371801354,2021-08-14
TXN-00000913,ACC-2798879,CUST-19400,Jessica Gomez,karen12@example.net,6942930553,2022-08-23,3857.71,Credit,JPY,Dean LLC,Grocery,28405.59,23918.95,0,Pending,5197684174639648,829716193,2024-12-27
TXN-00000914,ACC-7645925,CUST-53195,Leslie Jenkins,alicia41@example.org,257-853-3951x5746,2023-10-12,7562.12,Refund,EUR,Garcia-Freeman,Healthcare,13490.58,94859.18,0,Reversed,7633717710808249,245063079,2021-03-24
TXN-00000915,ACC-8884678,CUST-44513,Julie Shaw,christopherscott@example.net,(730)972-2995x521,2020-07-31,5906.67,Debit,USD,Mccarthy-Hawkins,Retail,36345.37,76981.23,0,Completed,4161814994664452,638020549,2023-08-02
TXN-00000916,ACC-9950282,CUST-98916,Sydney Hall,angela97@example.net,955-796-8413x89288,2023-04-14,2308.18,Transfer,USD,Castillo-Holmes,Travel,41929.8,14143.12,1,Pending,6980291675881298,246815261,2022-03-21
TXN-00000917,ACC-8401384,CUST-58951,Kevin Salazar,steinjoan@example.com,001-769-820-2835x28767,2020-09-28,9115.7,Refund,JPY,Mccarthy-Hawkins,Healthcare,35281.86,48831.97,0,Completed,4555261680014216,529907800,2022-08-20
TXN-00000918,ACC-2125011,CUST-42570,Kaitlyn Wong,crystal84@example.org,914.879.6851x990,2021-11-23,7848.83,Debit,JPY,Johnson Group,Healthcare,22726.63,15797.5,0,Pending,4607118744276863,358051711,2023-05-12
TXN-00000919,,CUST-15474,Barbara David,anthonywaters@example.com,6836686067,2022-12-04,5500.74,Fee,GBP,Day-Garcia,Entertainment,36895.11,88364.73,1,Reversed,4878575514942523,190287981,2021-06-04
TXN-00000920,ACC-6110010,CUST-69676,Jennifer Miller,michaelmcdowell@example.net,+1-292-470-0698x2192,2021-11-04,9291.21,Transfer,JPY,Day-Garcia,Online,29921.73,83740.98,0,Completed,5513165278328517,673388260,2020-05-18
TXN-00000921,ACC-6643721,CUST-85361,Dominique Johnson,iwhite@example.com,649-598-1595x177,2022-09-08,9047.52,Refund,EUR,Hansen LLC,Dining,17912.0,79393.81,0,Completed,4286510913476621,604811110,2021-02-25
TXN-00000922,ACC-2620192,CUST-16708,Charles Austin,beardandrew@example.org,483-323-4863x415,2022-11-28,13627.9,Credit,GBP,Underwood-Allen,Online,19774.02,90489.9,0,Reversed,5553451515198762,866017765,2020-11-26
TXN-00000923,ACC-9493462,CUST-69810,Nicolas Castillo,cody71@example.com,685-790-7138x4568,2023-09-17,12076.85,Refund,USD,"Roberts, Joyce and Sanchez",Dining,44841.05,50783.13,1,Completed,7343624792958579,294388246,2021-04-19
TXN-00000924,ACC-1537702,CUST-44562,Ann Li,sandraallison@example.com,001-738-389-3304x49818,2023-01-06,6153.0,Transfer,JPY,Mccarthy-Hawkins,Dining,15064.24,7944.29,0,completed,3382730863688816,845433409,2020-11-23
TXN-00000925,ACC-2974147,CUST-31790,Brenda Goodman,lgibson@example.com,+1-260-508-6078x049,2024-10-05,8238.48,Refund,CAD,Hansen LLC,Utilities,2867.13,96911.1,0,Failed,2048762414239680,413751059,2020-07-23
TXN-00000926,ACC-6615913,CUST-58222,Noah Fleming,lgonzalez@example.net,001-251-777-6983x67139,2021-01-30,10785.78,Refund,EUR,"Morgan, Barnes and Parks",Healthcare,17057.58,99939.47,0,Reversed,7821432930319677,444526081,2022-01-24
TXN-00000927,ACC-3067916,CUST-67043,Amy Nguyen,joshuawilson@example.org,001-982-273-1542x12588,2024-03-18,8482.5,Fee,GBP,Dean LLC,Retail,48532.61,3158.06,0,Failed,1037107819685452,138879378,2024-05-25
TXN-00000928,ACC-3064223,CUST-16673,Steven French,emilynoble@example.com,001-252-709-8148x1854,2024-01-28,6668.72,Refund,GBP,Oneal Inc,Grocery,20220.02,15750.72,0,Reversed,3603773595863643,289477810,2024-02-10
TXN-00000929,ACC-6125508,CUST-30167,Amber Higgins,christopher68@example.com,9525935410,2026-12-04,8427.46,Debit,GBP,Dean LLC,Online,32917.02,33688.78,1,PENDING,7141288288714193,972359176,2022-04-21
TXN-00000930,ACC-5628150,CUST-68373,Chase Rice,hunterwest@example.com,644-280-6344x68023,2024-02-09,6118.28,Transfer,CAD,Morgan Inc,Travel,41112.49,32848.58,0,Completed,1980628540723340,480755542,2023-08-19
TXN-00000931,ACC-9314204,CUST-70239,Christopher Hickman DVM,ibrandt@example.net,(901)288-0381x45909,2020-09-03,10709.35,Fee,GBP,Day-Garcia,Dining,2284.74,43586.26,0,Completed,8790574246761328,376150301,2020-05-05
TXN-00000932,ACC-1987715,CUST-16126,Joseph Carter,phillipskelly@example.org,916-249-6494,2021-08-24,14445.21,Credit,EUR,Gardner and Sons,Dining,7469.17,38325.04,0,Reversed,8616676934198869,933664970,2020-01-02
TXN-00000933,ACC-8863701,CUST-23446,Michelle Johnston,jordan90@example.org,5806735015,2022-06-18,6567.56,Refund,EUR,Wolfe-Holden,Utilities,49525.94,88253.3,0,Reversed,5843392385123576,711463590,2024-01-15
TXN-00000934,ACC-9585250,CUST-81795,Brenda Harrington,mckayanna@example.com,239.409.0907x17029,2023-07-12,9112.54,Credit,JPY,Barnes Inc,Dining,687.48,30116.83,0,Reversed,3219375181821567,254443361,2024-02-20
TXN-00000935,ACC-4894571,CUST-85307,Kayla Colon,walkerjohn@example.org,980.591.1914x8837,2020-05-16,5216.44,Transfer,CAD,Castillo-Holmes,Dining,11952.02,8114.4,0,Reversed,3066649678571887,987083769,2021-08-02
TXN-00000936,ACC-3643673,CUST-95638,Hannah Nash,sjones@example.net,+1-655-268-2106x9088,2020-04-01,5759.56,Debit,JPY,Hansen LLC,Grocery,23103.35,89241.67,0,Completed,6247674915374027,521842038,2020-05-12
TXN-00000937,ACC-8906508,CUST-39679,Johnny Flores,mary66@example.org,554.967.9538,2020-07-10,3563.75,Debit,EUR,Oneal Inc,Grocery,990.34,62759.44,0,Reversed,8193813476516291,407613081,2023-09-05
TXN-00000938,,CUST-30548,Mr. Keith Wells Jr.,seth37@example.com,2282855298,2023-07-08,64.32,Credit,JPY,Sanchez Inc,Healthcare,11332.74,63857.56,0,Failed,4664373092018116,178682334,2022-08-13
TXN-00000939,ACC-2137192,CUST-41425,Richard Scott,ebrown@example.org,(358)304-8495,2022-11-29,8252.47,Credit,GBP,"Armstrong, Scott and Saunders",Travel,107.34,55848.03,0,Completed,4663719582677305,418485256,2021-12-31
TXN-00000940,ACC-6289904,CUST-25616,Jacob Foster,zbrandt@example.org,001-887-584-1856x788,2020-03-02,4984.06,Refund,USD,Wolfe-Holden,Utilities,18300.63,41467.43,0,Reversed,1137696635637119,138781299,2023-02-25
TXN-00000941,ACC-5853544,CUST-22138,Brian Jackson,robertnewman@example.com,001-624-744-3807x74421,2020-09-16,5977.47,Debit,GBP,"Roberts, Joyce and Sanchez",Dining,24381.95,79986.5,0,Failed,7506346575395038,436770037,2022-06-01
TXN-00000942,ACC-6802206,CUST-18245,Sheila Good,tjacobs@example.net,001-476-844-1507x95853,2026-07-28,374.82,Credit,JPY,,Online,18835.22,19521.54,0,Completed,4289877695355103,731318959,2021-11-16
TXN-00000943,,CUST-45011,Jasmine Anderson,lauraandersen@example.com,001-816-594-4424x987,2024-04-16,3268.58,Transfer,GBP,Wilson LLC,Grocery,41673.1,18093.17,0,Reversed,7932361328344233,388669497,2022-05-03
TXN-00000944,ACC-2290925,CUST-51922,Jose Reyes,toddjames@example.com,213-702-9990x30372,2020-10-31,11449.53,Refund,GBP,Donovan-Davis,Entertainment,19533.91,68641.07,0,Pending,5287836716419356,201769723,2020-01-05
TXN-00000945,ACC-8427751,CUST-19476,Christopher Cochran,tyler52@example.org,897-542-1066x467,2023-06-14,$1608.61,Fee,CAD,"Garcia, Martinez and Hernandez",Grocery,26165.29,11705.91,0,Failed,5034833059482956,969191151,2020-10-05
TXN-00000946,ACC-5189926,CUST-11086,James Sellers,xprice@example.org,(694)320-2225x88523,2024-01-30,13413.68,Credit,CAD,Jones Ltd,Utilities,25523.98,49265.82,0,Completed,6401932016849953,229641690,2021-07-02
TXN-00000947,ACC-1422151,CUST-54553,Dustin Eaton,,+1-207-568-1301,2020-03-09,241.68,Fee,USD,"Garcia, Mitchell and Wilson",Grocery,10439.83,71527.44,0,Reversed,4626659194908079,970116059,2024-06-30
TXN-00000948,ACC-2772702,CUST-40921,Michael Baker,jessica92@example.org,(611)367-7477x3133,2020-05-20,8869.84,Credit,JPY,"Garcia, Mitchell and Wilson",Dining,1420.84,19253.4,1,Failed,7848136132462230,272618268,2024-12-07
TXN-00000949,ACC-8080411,CUST-43853,Ricky Williams,utaylor@example.net,955.397.3286,2020-10-22,4359.54,Fee,USD,Long PLC,Utilities,21223.31,45353.7,1,Pending,7496360018448488,978585379,2024-07-14
TXN-00000950,ACC-5420122,CUST-86649,Jonathan Juarez,lisaadams@example.org,+1-491-520-6155x989,2023-11-14,4012.51,Transfer,CAD,"Wells, Anderson and Robinson",Entertainment,25217.04,56439.95,0,Completed,3435100750094671,184863135,2024-01-22
TXN-00000951,ACC-6938321,CUST-74937,Richard Valencia,stephaniehernandez@example.org,(365)251-5192x754,2024-01-05,12651.51,Credit,JPY,Bishop PLC,Utilities,37126.9,37574.98,0,Completed,4458137156766658,161568748,2021-09-12
TXN-00000952,ACC-7645336,CUST-48102,Henry Gomez,joshuahernandez@example.com,001-280-441-9111x688,2023-08-22,3527.2,Credit,JPY,"Garcia, Martinez and Hernandez",Utilities,24816.13,67865.81,0,Reversed,3362629141133132,925560694,2020-09-17
TXN-00000953,ACC-5550247,CUST-82428,Audrey Murphy,joseph50@example.com,+1-234-242-6204x7148,2022-09-28,12705.37,Refund,GBP,Gardner and Sons,Entertainment,659.83,99621.37,0,COMPLETED,4564696469489028,369826412,2021-10-18
TXN-00000954,ACC-6417564,CUST-76060,Kevin Mcgee,james33@example.org,(466)460-4523x6923,2021-02-13,8161.55,Fee,EUR,Castillo-Holmes,Grocery,5487.79,74841.17,0,Pending,7045544455753306,825128891,2023-08-01
TXN-00000955,ACC-9555476,CUST-26381,Shawn Smith,megan80@example.org,+1-994-668-3053,2023-04-22,7107.65,Debit,USD,Brown Group,Dining,26285.23,56895.25,0,Reversed,4213391270697795,969983572,2020-10-17
TXN-00000956,ACC-5026409,CUST-64305,Leah Copeland,hhenderson@example.net,+1-564-786-4665,2023-01-08,14278.11,Debit,USD,Case Inc,Online,21497.35,17160.03,0,Pending,5166301197234372,758227323,2024-02-23
TXN-00000957,ACC-6691073,CUST-93201,David Diaz,baxterdavid@example.org,(970)511-9235,2022-08-21,9110.25,Fee,USD,Hunt-Woods,Entertainment,37505.98,35094.36,0,Completed,2440844491452321,827936734,2020-02-24
TXN-00000958,ACC-1297462,CUST-27500,Dr. Robert Carlson,nathanbecker@example.org,+1-722-571-9670x310,2024-03-13,6307.71,Refund,CAD,Morgan and Sons,Healthcare,27983.43,36922.61,0,Pending,6976449855472564,789920351,2021-07-31
TXN-00000959,ACC-4640024,CUST-34415,Autumn Rice,andrewedwards@example.org,+1-537-375-3128x47943,2021-05-03,10447.91,Credit,CAD,Brown Group,Dining,30874.89,4034.43,0,Completed,7955791489685210,605404137,2022-09-14
TXN-00000960,ACC-2637336,CUST-20416,Mario Miller,qscott@example.net,250-774-2178x7830,2023-09-17,-9688.67,Credit,GBP,"Salazar, Henderson and Price",Travel,6355.04,6122.27,0,Failed,5045867238417459,119159491,2024-06-10
TXN-00000961,,CUST-91379,Heather Ballard,rrichardson@example.net,364.292.8966,2024-03-22,$1274.45,Transfer,EUR,Day-Garcia,Healthcare,27085.99,47408.78,0,Pending,6316446947023124,243808855,2021-06-24
TXN-00000962,,CUST-33784,Mary Smith,rbrock@example.org,482-365-3538,2022-07-22,1922.67,Refund,GBP,"Warren, Rose and Bell",Online,44196.16,49761.4,0,Completed,3700274795389610,469662400,2021-01-17
TXN-00000963,ACC-6184358,CUST-66619,Ashley Stephens,sblake@example.org,+1-643-321-4749x354,2020-03-12,1398.97,Debit,JPY,Day-Garcia,Travel,46752.08,28915.43,1,Reversed,9752901498809282,419687831,2020-12-27
TXN-00000964,ACC-5787580,CUST-70571,Jon Watson,xblair@example.com,+1-569-787-9608x70999,2021-11-09,12170.12,Fee,CAD,Donovan-Davis,Utilities,298.63,75059.83,0,Failed,8324877919177280,718720404,2023-12-07
TXN-00000965,,CUST-78973,Christopher Stein,carolynmiller@example.net,807.472.3096x6941,2021-11-28,$14282.72,Debit,EUR,"Parker, Crosby and Thomas",Grocery,41384.29,68564.48,0,Failed,6087767323307876,865243174,2023-09-24
TXN-00000966,ACC-7903981,CUST-68340,Brian Wyatt,murphysteven@example.org,530-759-6160x5050,2026-09-01,10561.31,Refund,CAD,"Russell, Wright and Graves",Retail,23447.14,95075.25,0,Reversed,4526778722844683,716533177,2021-10-28
TXN-00000967,ACC-3266062,CUST-18472,Jose Short,qwilliams@example.org,5814982228,2020-08-23,9276.19,Fee,GBP,Wolfe-Holden,Online,14174.11,64084.15,0,Pending,6442184624315600,594593708,2021-03-13
TXN-00000968,ACC-4300113,CUST-76215,Kristen Welch,smithleslie@example.com,424-658-1972x3961,2024-05-20,7415.19,Fee,JPY,Jacobs Inc,Healthcare,28332.84,14626.3,1,Reversed,8614240788423518,969828345,2024-11-06
TXN-00000969,ACC-3069052,CUST-13046,Richard Brewer,samuelross@example.org,666.705.3894,2024-06-03,11914.57,Credit,USD,Wolfe-Holden,Healthcare,526.43,55463.92,0,Reversed,7819194574733985,443314785,2020-06-24
TXN-00000970,ACC-5250643,CUST-86374,Walter Mendez,fowlermichelle@example.net,001-613-723-7153x57953,2024-04-20,4827.51,Credit,CAD,"Garcia, Mitchell and Wilson",Dining,15829.83,34679.28,0,Completed,1229937611291025,865763307,2021-06-27
TXN-00000971,ACC-4076819,CUST-45769,Holly Owen,ballheather@example.net,554-573-6531,2020-11-16,9467.62,Debit,JPY,"Roberts, Joyce and Sanchez",Healthcare,17328.41,69768.72,1,Reversed,7939672731055872,976293880,2022-11-23
TXN-00000972,ACC-2928826,CUST-69852,Gerald Santiago,luisnelson@example.org,(480)454-3913,2020-09-11,2976.02,Fee,JPY,Long PLC,Utilities,1766.12,99416.69,0,Pending,4557519443694850,451700529,2021-04-20
TXN-00000973,ACC-9121206,CUST-75235,George Hodges,osborncristian@example.org,854-478-3643x7482,2022-06-28,14168.23,Debit,GBP,Barnes Inc,Entertainment,22896.44,67875.81,0,Failed,9716889862861787,322068083,2023-09-25
TXN-00000974,ACC-8341765,CUST-88546,Robert Sandoval,gmclean@example.net,001-289-618-6359x1247,2020-07-07,1044.45,Transfer,USD,Garcia-Freeman,Online,14627.6,65058.53,0,Pending,9355148877652398,809058232,2023-03-26
TXN-00000975,ACC-7615726,CUST-61516,Anne Thomas,,+1-391-349-2141x710,2024-12-22,8945.15,Refund,CAD,Williams-Spence,Online,23809.15,27155.84,0,Reversed,3483247685272961,906056548,2020-12-14
TXN-00000976,ACC-9396191,CUST-96040,Rachel Mitchell,pamelabarton@example.net,001-206-242-0488x6332,2024-07-16,4347.82,Debit,USD,"Baker, Pierce and Lynch",Entertainment,11128.3,39614.77,0,Pending,7338709033656937,449959031,2022-12-25
TXN-00000977,,CUST-51966,Jessica Robinson,bsalas@example.com,549.853.8101,2024-02-02,6682.62,Credit,JPY,Mccarthy-Hawkins,Retail,36664.31,38596.07,0,Reversed,3881956246695874,971547917,2022-08-02
TXN-00000978,,CUST-34040,William Clayton,patricia64@example.com,(666)913-9611x076,2023-10-24,12617.14,Refund,USD,Dean LLC,Travel,13035.49,72876.2,0,Pending,2758746938848231,458356830,2022-03-18
TXN-00000979,ACC-1641726,CUST-86423,Andrew Allen,mcbrideerica@example.com,2613485460,2021-10-14,10470.69,Credit,CAD,Walters-Walsh,Dining,12411.16,58429.34,0,Pending,1270201074534290,518832725,2020-10-24
TXN-00000980,ACC-7018037,CUST-98974,Tammy Wagner,awall@example.org,(607)572-6156,2020-06-07,10665.24,Refund,GBP,"Morgan, Barnes and Parks",Online,5465.07,99068.61,0,Reversed,1908592292152771,197072629,2021-02-22
TXN-00000981,ACC-4278458,CUST-72445,Ashley Campbell,tsullivan@example.com,001-663-688-3486x30188,2024-03-13,11113.56,Debit,CAD,"Wright, Marsh and Huffman",Utilities,17879.26,86491.78,0,Reversed,3673619299147431,573162324,2022-08-01
TXN-00000982,ACC-9670951,CUST-87689,Michael Holden,bensonmichael@example.org,+1-343-512-9543,2023-04-12,7032.46,Credit,JPY,David-Martinez,Entertainment,2590.05,36693.66,1,Reversed,2574633557919996,296581435,2024-08-10
TXN-00000983,ACC-5148789,CUST-38428,Morgan Bentley,harold94@example.com,(439)700-6728,2024-05-08,14111.73,Credit,EUR,Johnson-Murray,Dining,-21.99,66028.93,0,PENDING,8716528978921322,268152273,2020-05-11
TXN-00000984,ACC-5817199,CUST-19927,Dwayne Wilkinson,ian33@example.net,001-911-932-7734x21769,2022-01-06,3746.08,Refund,JPY,David-Martinez,Entertainment,37771.15,84586.33,1,Completed,9622535638307134,167779221,2024-01-19
TXN-00000985,ACC-8934301,CUST-67112,Peter Lowery,michael20@example.com,001-479-988-4554,2023-09-26,8856.74,Transfer,GBP,Mccarthy-Hawkins,Entertainment,39723.1,75535.94,0,Pending,7039692331249958,446994167,2023-02-13
TXN-00000986,ACC-8334649,CUST-35553,April Holmes,ustafford@example.net,7819832815,2020-01-12,7353.95,Debit,EUR,,Entertainment,804.52,98843.63,1,Pending,4859684633549899,571187696,2022-12-15
TXN-00000987,ACC-4252875,CUST-55973,Jeremy Patterson,kstrickland@example.net,460.659.1279x728,2024-07-02,$9187.19,Fee,JPY,Castillo-Holmes,Online,4745.44,72893.77,0,Reversed,9622607591725359,542768323,2021-07-21
TXN-00000988,,CUST-78147,Sarah Patterson,angela59@example.org,(910)898-5565,2021-05-17,-10138.48,Credit,USD,Underwood-Allen,Utilities,15708.42,46030.49,0,Completed,9844886761787604,894606068,2021-09-27
TXN-00000989,ACC-6677718,CUST-81163,Ashley Patel,robertobender@example.net,001-398-851-5519x657,2020-08-15,12282.46,Credit,GBP,Wilson LLC,Grocery,47069.15,75266.61,0,Completed,7888897090585259,372342500,2022-10-20
TXN-00000990,,CUST-59404,Ashley Mcdonald,michellelee@example.com,001-204-415-3548x137,2021-02-01,6528.91,Refund,GBP,Johnson Group,Utilities,29207.74,45207.14,0,Pending,4833592082778252,396891948,2024-03-03
TXN-00000991,ACC-9044871,CUST-85649,Richard Mack,brianguerra@example.com,+1-320-393-5744,2024-10-28,8611.35,Debit,EUR,"Garcia, Mitchell and Wilson",Dining,48690.38,20664.64,0,Completed,2216665110083970,334695235,2022-09-20
TXN-00000992,ACC-5108300,CUST-47787,Jason Vargas,erin07@example.net,941-458-0465,2021-10-03,4352.9,Credit,GBP,Hunt-Woods,Retail,27245.47,64242.89,1,Failed,1142623410635136,608135535,2020-09-24
TXN-00000993,ACC-8165002,CUST-31475,Juan Ballard,williamchristensen@example.com,759.379.0356,2023-05-03,11273.36,Credit,GBP,Jacobs Inc,Online,834.24,48341.89,0,Pending,7712718712639726,906460287,2024-02-27
TXN-00000994,ACC-2562526,CUST-67551,Ryan Guzman,zsmith@example.com,+1-284-703-1059x5325,2024-03-18,14037.09,Transfer,JPY,Barnes Inc,Travel,28820.31,61043.33,0,Reversed,6977435882289662,666026422,2021-12-17
TXN-00000995,ACC-6810876,CUST-95797,Deborah Taylor,lthomas@example.com,(982)849-4746x9259,2024-11-21,7859.83,Transfer,JPY,Underwood-Allen,Travel,40215.06,51090.55,0,Failed,5299532473942057,567228769,2021-05-12
TXN-00000996,ACC-5210651,CUST-72583,Danielle Santos,brian52@example.com,(612)504-0784,2022-09-03,12663.9,Refund,GBP,Donovan-Davis,Online,15666.71,34555.8,0,Completed,3320464193165491,653206058,2022-07-21
TXN-00000997,ACC-2365387,CUST-81864,Anthony Kirk,hartmanluke@example.net,920-840-8063,2024-03-28,6665.91,Fee,CAD,Garcia-Freeman,Utilities,18866.15,81667.2,0,Reversed,9812461930784070,973999780,2023-05-02
TXN-00000998,ACC-6430572,CUST-87226,George Perry,lutznichole@example.org,529.631.1371,2020-01-26,607.84,Transfer,GBP,Jacobs Inc,Retail,38838.08,91896.33,0,Pending,7222627769695659,134807520,2021-10-22
TXN-00000999,ACC-6082100,CUST-34235,Cynthia Dixon,enewton@example.org,326-677-0794,2021-08-17,10940.49,Refund,EUR,"Russell, Wright and Graves",Online,2891.44,23187.6,0,Pending,4087483850461906,931909998,2024-04-11
TXN-00001000,,CUST-58290,Stephanie White,christopherhill@example.com,+1-620-240-1807,2023-06-08,6096.59,Refund,GBP,Martin Inc,Grocery,11455.65,37814.07,1,Reversed,3562925340452966,738244183,2022-04-06
TXN-00001001,ACC-6456227,CUST-92954,Alexis Gutierrez,jeffrey47@example.net,(576)451-3960x131,2022-08-21,13743.45,Fee,CAD,Long PLC,Online,26030.04,56453.88,0,Reversed,7961505517768681,589257388,2021-03-25
TXN-00001002,,CUST-60439,John Smith,tammycampbell@example.org,612.824.6394x841,2022-04-23,8715.87,Credit,CAD,Case PLC,Online,40554.21,72748.77,0,Failed,6488118219055789,397900425,2022-01-15
TXN-00001003,ACC-7706354,CUST-30588,Sarah Edwards,amandachung@example.com,7145689773,2023-06-02,9926.56,Credit,USD,Jones Ltd,Online,21906.36,14909.13,1,Pending,3981341776316827,258609245,2022-07-07
TXN-00001004,ACC-1263396,CUST-53590,Sheena Fischer,bparks@example.net,+1-261-970-2775x911,2023-06-26,7752.15,Transfer,Usd,Wolfe-Holden,Utilities,16954.4,39195.3,0,Reversed,2983210885178242,443047374,2021-02-20
TXN-00001005,,CUST-31573,Paula Scott,lesliepotter@example.net,(770)610-3775x65869,2021-07-23,8761.01,Transfer,CAD,David-Martinez,Online,41928.4,95766.89,0,Failed,1117910763956167,921213025,2021-02-14
TXN-00001006,ACC-7574693,CUST-54398,Michael Clark,jacob21@example.net,666.745.8071x906,2023-06-20,10360.39,Refund,EUR,Brown Group,Travel,40223.9,37092.06,1,Failed,1544842913936721,188123314,2024-06-21
TXN-00001007,ACC-8523479,CUST-33812,Anthony Moon,randy95@example.net,001-766-680-5119x472,2020-05-12,2848.63,Debit,CAD,Gardner and Sons,Utilities,1794.82,60994.98,0,Pending,8371146040008921,659090297,2021-11-14
TXN-00001008,ACC-3610403,CUST-24632,Jill Webb,kwilson@example.com,+1-585-831-4000x23767,2021-08-14,3366.31,Fee,EUR,Castillo-Holmes,Retail,28242.7,81607.98,0,Reversed,2694885549541041,557525416,2023-11-11
TXN-00001009,ACC-7240771,CUST-79559,Bradley Jones,vcampbell@example.net,001-623-864-9979x8512,2021-03-17,2883.65,Credit,JPY,Mccarthy-Hawkins,Healthcare,1284.68,95781.83,0,Pending,7964945230257936,575716416,2020-11-27
TXN-00001010,ACC-7941798,CUST-16019,Timothy Burgess,michael56@example.net,(831)283-1425,2022-03-28,2984.67,Refund,JPY,"Warren, Rose and Bell",Utilities,19430.62,34261.24,1,Failed,8354498963595761,207893320,2024-07-18
TXN-00001011,ACC-8414162,CUST-73096,Brent Hoffman,nfrench@example.org,+1-718-648-6061x504,2023-09-11,45.58,Debit,GBP,"Salazar, Henderson and Price",Healthcare,47143.81,75964.26,0,pending,6377973592279980,169462361,2020-02-22
TXN-00001012,ACC-9868411,CUST-68661,Emily Clark,walleranthony@example.org,001-408-691-4096x4664,2020-11-05,9422.93,Debit,GBP,Case PLC,Healthcare,45553.23,80786.51,0,Reversed,3440176196241348,264192304,2021-08-13
TXN-00001013,ACC-7205029,CUST-17768,Whitney Daniels,smorris@example.net,307.714.1747,2024-06-04,14118.02,Refund,GBP,Martin Inc,Travel,329.02,29339.58,0,Reversed,7209122595682947,559692746,2024-04-18
TXN-00001014,ACC-7152608,CUST-92534,Kevin Waters,dyang@example.org,966.211.7614,2022-02-22,10208.13,Refund,USD,Anderson Group,Healthcare,5286.32,34984.36,0,Failed,8216683717371689,144486468,2024-11-20
TXN-00001015,ACC-3311547,CUST-27055,Sarah Lynch,dawn04@example.net,761.511.7247x89146,2023-07-06,12438.98,Refund,USD,Bishop PLC,Grocery,16453.62,30786.04,0,Failed,6042496464408161,796991983,2021-12-14
TXN-00001016,ACC-9492781,CUST-15337,Tabitha Miller,johnjohnson@example.org,620-329-8955,2023-10-20,11086.66,Debit,JPY,"Baker, Pierce and Lynch",Travel,42541.14,65298.18,0,Failed,8982329536995987,489574969,2021-10-28
TXN-00001017,ACC-1643934,CUST-78678,Casey Woods,chadthomas@example.net,640.747.2117,2024-02-03,11568.35,Debit,EUR,Jacobs Inc,Retail,45773.37,10630.59,0,Pending,5270545876677576,854140574,2021-05-22
TXN-00001018,ACC-1584958,CUST-44059,Mary Coleman,thomasrobert@example.com,340-962-0963,2022-01-01,10068.07,Debit,CAD,Rice-Robbins,Grocery,1278.51,5022.03,0,Reversed,9123371561802711,423831005,2020-01-21
TXN-00001019,ACC-1854458,CUST-84007,Sherry James,ydavis@example.com,996.260.0986,2023-04-01,10311.53,Fee,JPY,"Baker, Pierce and Lynch",Retail,18512.22,74135.3,0,Completed,9209289575207656,672630956,2023-02-22
TXN-00001020,ACC-5933466,CUST-59771,Alyssa Jones,jameslee@example.net,5252751081,2023-05-19,1540.16,Credit,EUR,Mccarthy-Hawkins,Retail,44612.55,23752.45,0,Completed,2657724251356333,380363703,2022-04-17
TXN-00001021,ACC-2874060,CUST-30288,Meagan Torres,stewartsusan@example.com,(769)559-5197,2024-11-08,$5776.14,Transfer,EUR,"Wright, Marsh and Huffman",Retail,7249.97,44480.05,0,Reversed,7593920184127466,284914795,2024-04-26
TXN-00001022,ACC-6950129,CUST-75296,Kimberly Knight,robin69@example.net,7942158631,2024-06-09,13004.03,Fee,GBP,Case PLC,Healthcare,39224.92,94465.3,0,Completed,1981928383942961,600629226,2021-04-19
TXN-00001023,ACC-9322101,CUST-22327,Jonathan Barker,russellelizabeth@example.com,+1-913-492-9428,2022-05-18,9780.61,Credit,GBP,Case Inc,Dining,4022.35,34348.3,0,Failed,5136833624347838,457522158,2020-03-16
TXN-00001024,ACC-4109743,CUST-66379,Jennifer Jones,stevensonaustin@example.org,9739106526,2021-06-19,12722.54,Transfer,GBP,,Entertainment,12755.86,11374.09,1,Reversed,5682704752092414,808518921,2023-10-10
TXN-00001025,ACC-4677478,CUST-70674,Jeffrey Allen,fordcharles@example.com,+1-334-910-6286x47923,2023-02-16,12589.28,Credit,GBP,Tucker Ltd,Online,39807.16,12335.85,0,Pending,1342410299714151,577003180,2021-05-19
TXN-00001026,,CUST-32756,Nichole Cruz PhD,bakerjessica@example.net,882.644.8156x42643,2024-07-30,8913.64,Refund,JPY,"Salazar, Henderson and Price",Online,46510.83,73858.33,0,Completed,6095815252845427,103652820,2024-06-19
TXN-00001027,,CUST-47016,Linda Bailey,jamesjohn@example.com,001-589-271-9551x462,2020-11-13,2555.77,Transfer,GBP,Walters-Walsh,Dining,34536.45,19843.18,0,Pending,3349804934972446,323146898,2022-12-28
TXN-00001028,ACC-6782729,CUST-19488,Ashley Chandler,trevorlozano@example.org,+1-893-727-6652,2024-09-21,3837.84,Credit,CAD,"Russell, Wright and Graves",Utilities,5705.49,69105.15,0,Pending,6931331688846558,107117010,2022-01-23
TXN-00001029,ACC-9565669,CUST-45896,Jeremy Chang,brandon43@example.com,(444)969-0246x66450,2023-08-18,6029.75,Fee,EUR,"Garcia, Mitchell and Wilson",Grocery,26828.95,64222.66,0,Pending,8713217634787410,302021694,2021-02-24
TXN-00001030,ACC-4554947,CUST-74056,Jonathan Perez,burkescott@example.net,001-323-652-4880x71963,2022-12-20,4603.14,Credit,EUR,Long PLC,Dining,34459.45,19248.75,0,Pending,8394505449953533,539618177,2020-09-13
TXN-00001031,ACC-5889223,CUST-66939,Arthur Cook,jhunt@example.org,(943)590-8159,2024-12-11,6732.66,Fee,GBP,Johnson LLC,Retail,45752.45,43524.91,1,Failed,7304980583128500,908058505,2021-08-25
TXN-00001032,ACC-5504452,CUST-89573,Thomas Wade,ginalynch@example.com,001-942-496-8945,2023-06-04,8753.76,Debit,USD,Day-Garcia,Dining,7127.95,57942.61,0,Failed,9108357276077698,641846286,2021-06-17
TXN-00001033,ACC-6542086,CUST-40134,Kayla Ramos,,909.375.2851x3290,2022-04-08,10639.9,Refund,JPY,"Parker, Crosby and Thomas",Travel,29978.69,87788.71,0,Completed,4135223975013022,865754942,2023-12-27
TXN-00001034,ACC-1248534,CUST-54766,Paul Lewis,cassandra58@example.org,+1-643-758-4972x77913,2021-05-13,11655.66,Transfer,USD,"Baker, Pierce and Lynch",Travel,43651.91,48882.68,0,Pending,2668622425709390,116883702,2020-08-03
TXN-00001035,,CUST-42706,Laura Serrano,douglasjones@example.com,(945)868-7946x8576,2022-05-17,5970.5,Debit,CAD,"Morgan, Barnes and Parks",Retail,13617.15,81962.65,1,Pending,9204965969864177,177269374,2020-08-13
TXN-00001036,ACC-5042799,CUST-83841,Danielle Johnson,karisalazar@example.org,+1-670-946-8322x735,2022-09-18,5304.49,Fee,USD,"Warren, Rose and Bell",Online,38632.12,67146.89,0,Failed,2418620223831352,823433584,2022-02-12
TXN-00001037,ACC-4076100,CUST-40891,Matthew Garner,daisytorres@example.org,209-998-6647,2024-01-05,11623.61,Refund,GBP,"Morgan, Barnes and Parks",Healthcare,121.76,42603.67,0,COMPLETED,3312772338603351,433868514,2024-11-02
TXN-00001038,ACC-3426109,CUST-54156,Julie Benson,rbrady@example.org,787-750-0298x096,2020-08-02,14278.63,Fee,EUR,Brown Group,Retail,27385.83,60907.34,0,Failed,1706781230542065,164795481,2022-12-20
TXN-00001039,ACC-9328535,CUST-95407,Donna Bowen,gwilcox@example.com,963-357-7208,2020-02-06,4336.71,Refund,EUR,Rice-Robbins,Retail,3408.02,86778.34,0,Reversed,6796401379249699,524836994,2022-05-06
TXN-00001040,ACC-8025421,CUST-82396,Katie Sanchez,reynoldsnicholas@example.com,+1-439-682-1611x995,2020-07-09,13991.71,Refund,CAD,"Roberts, Joyce and Sanchez",Entertainment,2005.69,53806.49,0,Failed,1687825047038717,310415538,2020-04-20
TXN-00001041,ACC-5707242,CUST-35910,Matthew Santos,kirkjulie@example.net,600.407.5371,2023-03-30,7882.05,Credit,EUR,Hansen LLC,Grocery,48669.93,9192.95,1,Pending,1428185265917408,290140758,2022-03-25
TXN-00001042,ACC-5773877,CUST-74544,James Collier,,433-827-8855x749,2021-08-07,11941.47,Fee,GBP,"Parker, Crosby and Thomas",Online,23859.98,63616.65,1,pending,2034478537568566,345255635,2022-12-27
TXN-00001043,ACC-4476458,CUST-32665,Brianna Mcmillan PhD,andrewanderson@example.com,7313650875,2020-10-03,1758.5,Fee,JPY,"Russell, Wright and Graves",Entertainment,16173.82,18237.04,0,Failed,1609283758615076,691274740,2023-11-01
TXN-00001044,ACC-7171130,CUST-48225,Rodney Jacobs Jr.,molinalee@example.org,+1-377-318-8874x94423,2021-04-25,14260.9,Credit,CAD,"Hampton, Morgan and Hayes",Dining,44592.36,49440.99,0,Failed,5395844699461853,161665567,2022-08-31
TXN-00001045,ACC-5523076,CUST-66164,Anthony Solomon,gdudley@example.net,997-256-8326,2021-03-19,12209.95,Refund,JPY,Tucker Ltd,Travel,41473.35,57824.93,0,Failed,6889698812795589,992901385,2021-11-19
TXN-00001046,ACC-1228354,CUST-75509,Gregory Dorsey,nwiggins@example.com,565.947.2230x30859,2024-03-11,8162.55,Refund,USD,Hansen LLC,Grocery,26752.96,36726.15,0,Completed,8271337225562274,952121487,2021-04-09
TXN-00001047,ACC-1039673,CUST-47060,Todd Washington,mooreandrew@example.com,223.931.2278x081,2021-01-30,11488.38,Debit,EUR,Underwood-Allen,Utilities,49564.53,70954.72,0,Reversed,5335130128921798,189545887,2021-10-01
TXN-00001048,ACC-4353703,CUST-37367,Amy Parker,abigail07@example.com,783.845.3653,2021-10-31,6085.88,Debit,USD,Brown Group,Entertainment,4077.07,62190.55,0,Reversed,1893439222657352,898049110,2021-07-19
TXN-00001049,ACC-4803656,CUST-40291,Emily Sanders,amyandrews@example.com,7528686676,2020-08-27,1957.23,Refund,USD,Morgan and Sons,Grocery,19009.63,83950.05,0,Pending,4117272611272045,610412557,2020-06-24
TXN-00001050,ACC-5951010,CUST-51475,James Smith,anthonymcdonald@example.org,001-306-539-2494x8403,2022-08-10,10366.62,Transfer,USD,Walters-Walsh,Retail,5614.33,79601.07,1,Failed,1472220511901093,991254933,2024-03-30
TXN-00001051,ACC-4904902,CUST-93582,Kelly Wells,jnelson@example.com,(885)717-7565,2022-01-03,12208.23,Debit,JPY,Anderson Group,Utilities,20360.0,44656.63,1,Failed,2425873080814909,488169649,2021-01-07
TXN-00001052,ACC-3517796,CUST-34342,Melody Ortiz,gardnerpaul@example.com,(236)880-5245x79517,2024-07-09,3956.36,Fee,JPY,Garcia-Freeman,Retail,11610.31,94578.04,0,Reversed,7786634979371355,280959360,2021-08-26
TXN-00001053,ACC-8478464,CUST-67711,Laura Hernandez,ygray@example.com,(932)826-6426x519,2022-06-27,8717.0,Transfer,USD,"Russell, Wright and Graves",Healthcare,48326.52,37266.91,1,Completed,7016871324009165,461991670,2021-01-27
TXN-00001054,ACC-9274547,CUST-98826,William Wyatt,sheilaperry@example.org,605-470-5917x87663,2024-04-22,2267.81,Transfer,EUR,,Retail,35524.4,86510.58,0,Reversed,9562958628897570,975820939,2024-02-01
TXN-00001055,,CUST-51582,Courtney Taylor,michaelmartin@example.net,001-637-711-9182x060,2024-11-08,0.0,Credit,USD,"Wells, Anderson and Robinson",Healthcare,12088.36,48257.74,0,Failed,2900357557969204,434743239,2022-01-16
TXN-00001056,ACC-2247604,CUST-98184,Allen Hamilton,stacypearson@example.org,313-448-2655,2021-02-21,13302.6,Refund,USD,Wolfe-Holden,Online,48290.73,44520.44,0,Completed,1008771575916262,433144907,2021-10-12
TXN-00001057,ACC-1082450,CUST-35173,Tammy Rowland,monicaromero@example.org,+1-595-771-4639x7090,2021-06-04,9819.98,Credit,USD,"Parker, Crosby and Thomas",Retail,26908.81,48083.01,0,Reversed,2463856114737339,211954661,2021-02-26
TXN-00001058,,CUST-69236,Priscilla Bailey,conniechavez@example.org,+1-565-401-7727x338,2021-03-12,0.0,Fee,EUR,David-Martinez,Retail,1356.93,11249.34,0,Pending,1485500462088702,730427453,2022-02-18
TXN-00001059,ACC-1514267,CUST-18342,Karen Barnes,beltransusan@example.org,688-433-6589,2023-03-12,5365.16,Credit,GBP,Morgan and Sons,Entertainment,41848.39,26693.29,0,Completed,8171343357662230,232040406,2022-05-12
TXN-00001060,ACC-3894538,CUST-49709,Katrina Young,fisherpatricia@example.com,376.561.4180,2023-09-15,13051.11,Credit,USD,Dean LLC,Online,9891.65,76467.87,0,Failed,7484815133675501,908413963,2022-12-17
TXN-00001061,ACC-8137510,CUST-48515,William Ward MD,,822-775-4109x5975,2020-09-15,2188.26,Credit,USD,Brown Group,Healthcare,11055.64,84452.92,0,Completed,4675949566962602,774217019,2023-12-08
TXN-00001062,ACC-8089539,CUST-61237,Elizabeth Johnson,gramos@example.org,894-243-4854x209,2021-10-14,5069.43,Debit,USD,Williams-Spence,Online,7014.8,28628.69,0,Reversed,5212632040854827,205816736,2022-06-06
TXN-00001063,ACC-1160209,CUST-66380,Katherine Scott,alicialee@example.org,001-442-981-1236x293,2020-03-10,11281.07,Transfer,GBP,Gardner and Sons,Retail,13152.0,79458.55,0,Reversed,2707466657617967,897607688,2024-12-17
TXN-00001064,ACC-1199343,CUST-75059,Joshua Summers,oharris@example.com,2355743395,2023-01-17,11846.44,Fee,Usd,,Online,31453.19,75934.51,0,Reversed,6263841971561876,219696314,2023-02-15
TXN-00001065,ACC-5601813,CUST-23956,Jessica Skinner,qperez@example.org,541.898.8886x631,2023-11-25,12011.02,Transfer,GBP,"Watts, Fuller and Morris",Healthcare,26107.84,98408.7,0,Failed,9164493949015382,853911063,2021-04-01
TXN-00001066,ACC-8865117,CUST-42585,Jason Harris,wrightmorgan@example.com,(270)527-6806x7048,2022-06-03,5567.11,Fee,JPY,Roach-Brooks,Retail,32546.78,65649.97,0,Failed,3559694449552253,814855410,2024-07-14
TXN-00001067,ACC-1818416,CUST-43307,Dorothy Moran,,255.264.1672,2026-06-12,12626.07,Fee,EURO,Garcia-Freeman,Grocery,23926.21,86397.14,0,Completed,9492636575188334,388477524,2023-08-12
TXN-00001068,ACC-1356450,CUST-52932,Bryan Jackson,castroalicia@example.org,+1-826-831-0138x80862,2024-01-23,268.23,Transfer,USD,Tucker Ltd,Utilities,30817.75,17746.05,0,Pending,9227210496935372,579868734,2024-02-03
TXN-00001069,ACC-4447545,CUST-89474,Charles Wilson,fowlergregory@example.com,955.553.8373x579,2023-05-25,2300.21,Debit,GBP,"Wells, Anderson and Robinson",Dining,19610.13,5913.1,0,Completed,6674541315777246,290591096,2024-02-23
TXN-00001070,ACC-1435029,CUST-76915,Robert Ferguson,christinaarnold@example.com,001-521-247-9599x38693,2022-12-27,7319.77,Credit,JPY,Johnson LLC,Travel,32127.08,89353.38,0,Completed,3459292985426443,747118161,2020-10-12
TXN-00001071,ACC-3687551,CUST-37481,Stephanie Pratt,joanne47@example.net,(689)759-4211,2021-05-09,13173.02,Credit,EUR,Walters-Walsh,Dining,7000.26,82773.84,0,Reversed,3244667210374509,657382882,2024-10-09
TXN-00001072,ACC-8123913,CUST-32919,Kayla Bennett,ghumphrey@example.org,381-689-0290x1818,2023-11-12,5160.84,Refund,us dollar,Dean LLC,Retail,37711.76,43462.96,0,Failed,3858913991024090,254590888,2021-02-16
TXN-00001073,ACC-5267792,CUST-33579,Matthew Brandt,angela83@example.org,910.307.0573x77339,2024-05-25,4733.57,Credit,GBP,Barnes Inc,Entertainment,24340.84,70254.23,0,Failed,4033156881974906,616629040,2021-06-18
TXN-00001074,ACC-5823255,CUST-28805,Andrew Newman,,001-422-903-2544x08137,2021-12-02,1679.44,Credit,GBP,Sanchez Inc,Entertainment,32298.89,46079.08,0,Pending,1035696668809968,627954995,2022-10-09
TXN-00001075,ACC-7633395,CUST-48716,Jessica Sanchez,vegabryan@example.org,(565)613-0679x13384,2023-10-07,9117.12,Debit,JPY,"Baker, Pierce and Lynch",Online,48371.88,61080.87,1,Failed,8435344046459529,874876760,2023-07-07
TXN-00001076,ACC-2198607,CUST-26732,Courtney Jones,scott12@example.com,6622937895,2026-11-28,0.0,Debit,USD,Donovan-Davis,Utilities,48025.17,78702.67,0,Completed,2206492143991831,214788088,2020-03-01
TXN-00001077,ACC-1744091,CUST-33346,Katelyn Melton,,928.341.8894x69584,2024-11-13,7131.62,Transfer,JPY,Sanchez Inc,Healthcare,8980.05,94608.37,0,Failed,2697379344593284,983448924,2024-02-02
TXN-00001078,ACC-1560024,CUST-83100,Robert Valdez,oscott@example.org,(781)828-1173x10521,2022-09-18,1891.97,Debit,CAD,Williams-Spence,Utilities,11021.44,17842.6,0,Completed,5987439427175072,615437142,2020-01-25
TXN-00001079,ACC-8375373,CUST-78049,Thomas Stevenson,connerjeremy@example.com,(899)726-4769,2021-02-24,14759.72,Refund,CAD,Hunt-Woods,Retail,48734.72,56623.84,0,completed,7950404433027156,797397775,2020-04-20
TXN-00001080,ACC-4508790,CUST-68507,Tonya Smith,andrew73@example.org,+1-955-397-7143x691,2020-05-18,7738.21,Transfer,USD,Hansen LLC,Travel,30672.18,81161.11,0,Reversed,9903594154229920,700341877,2024-05-30
TXN-00001081,ACC-8453494,CUST-93617,Michael Salinas,campbellnicholas@example.com,562-674-1397x4669,2021-07-23,11589.24,Refund,EUR,"Hampton, Morgan and Hayes",Retail,11940.8,1308.23,0,Pending,4422829720025099,717254336,2021-06-29
TXN-00001082,ACC-6177220,CUST-14085,Paula Carlson,grace52@example.org,324.586.3113x433,2022-06-19,$5935.63,Refund,USD,"Salazar, Henderson and Price",Utilities,14963.05,37258.29,0,Failed,6274931894993132,319541750,2021-06-24
TXN-00001083,ACC-9576075,CUST-13595,Matthew Jordan,yreyes@example.com,8649036840,2023-09-29,8276.77,Fee,EUR,Sanchez Inc,Travel,4606.44,13307.57,0,Failed,1949323297645592,628447135,2022-09-12
TXN-00001084,ACC-6714507,CUST-77560,Henry Ford,daniellemartinez@example.org,826.642.7251x609,2022-09-22,8873.59,Transfer,EUR,Morgan Inc,Retail,27443.34,17431.05,0,Reversed,5829264362614847,332319991,2024-03-02
TXN-00001085,ACC-7980877,CUST-99268,Travis Powell,jason43@example.com,(399)948-0571x81878,2024-12-31,500.29,Refund,USD,"Parker, Crosby and Thomas",Dining,38476.19,38751.23,0,Pending,2484263621318057,848357077,2020-07-10
TXN-00001086,,CUST-38864,Andrew Webb,jacobdunlap@example.org,573.723.5142,2020-02-22,14983.5,Fee,Euro,Case PLC,Travel,49455.03,59437.98,0,Pending,5188193547748989,629241488,2023-06-29
TXN-00001087,ACC-4605580,CUST-73654,Sydney Phillips,isaiahsmith@example.net,(932)283-1682x6882,2026-11-15,1158.07,Debit,USD,"Wright, Marsh and Huffman",Retail,23058.87,77621.75,0,Pending,1833123856987079,655510833,2020-09-22
TXN-00001088,ACC-4062040,CUST-45428,Ms. Susan Montoya,sandy21@example.net,001-436-908-0608x3174,2022-07-08,676.73,Transfer,EUR,Castillo-Holmes,Dining,6765.96,10553.54,0,Failed,8834499434156901,947547776,2021-10-19
TXN-00001089,ACC-3254885,CUST-85436,Joseph Tapia,jamesjanice@example.net,+1-234-684-2625,2023-09-14,909.77,Fee,USD,Walters-Walsh,Travel,20942.28,33519.04,0,Reversed,2960311913968377,270624866,2024-03-11
TXN-00001090,ACC-1380742,CUST-40691,Justin Nguyen,richard76@example.org,2822883469,2021-10-04,10924.0,Transfer,USD,"Hampton, Morgan and Hayes",Retail,30880.62,48191.91,1,Reversed,9840530955496272,567545130,2021-10-30
TXN-00001091,ACC-2332825,CUST-68623,Larry Nguyen,vicki63@example.org,725-826-1598x26810,2021-06-23,14271.95,Transfer,EUR,Roach-Brooks,Utilities,22058.26,99689.47,0,Completed,6923239170606338,550786058,2022-09-18
TXN-00001092,ACC-3924090,CUST-16357,Andrew Bennett,leepaul@example.org,(565)416-3537,2020-08-27,11963.57,Refund,JPY,Logan-White,Travel,13670.71,56833.68,0,Completed,2172467152182285,425581576,2024-11-23
TXN-00001093,ACC-7502824,CUST-92585,Edward Guerra,dunlapaaron@example.net,976-569-4592x680,2022-09-07,499.52,Credit,CAD,"Wells, Anderson and Robinson",Healthcare,36755.2,54345.58,0,Reversed,6887606895055216,105967199,2020-04-10
TXN-00001094,ACC-5913857,CUST-64046,Nathan Williams,franklin36@example.org,745-746-1522,2021-06-05,203.77,Transfer,GBP,Hansen LLC,Online,44417.73,4703.6,0,Pending,5844977382206750,282961405,2022-01-09
TXN-00001095,ACC-3381846,CUST-46965,Ashley Perkins,fcrawford@example.com,(316)448-0421x00062,2022-03-22,6094.62,Refund,EUR,Logan-White,Online,13743.73,89622.82,0,Completed,2362415296891647,848054851,2022-08-21
TXN-00001096,ACC-9508443,CUST-24693,Jacob Simmons,iallen@example.com,+1-693-714-8904,2020-12-15,9036.77,Credit,JPY,Jacobs Inc,Entertainment,36793.19,9828.51,0,Completed,2925703164051368,431008341,2021-05-07
TXN-00001097,ACC-2185112,CUST-75176,Jennifer Chung,michael02@example.net,(591)648-0405x41273,2021-06-09,1633.19,Credit,JPY,"Roberts, Joyce and Sanchez",Healthcare,46974.21,44480.05,0,Reversed,7345409126631653,841720701,2021-04-13
TXN-00001098,,CUST-62691,Amber Wise,rachel35@example.org,001-884-276-2362x28829,2022-08-24,0.0,Credit,eur,"Warren, Rose and Bell",Healthcare,7393.64,25502.98,0,COMPLETED,7771935451615792,398568605,2022-02-16
TXN-00001099,ACC-9473773,CUST-89552,David Serrano,vortiz@example.net,635-569-5139x4759,2024-04-03,$8905.92,Debit,GBP,"Roberts, Joyce and Sanchez",Healthcare,13784.25,76346.92,0,Pending,4034933121022442,957952792,2024-06-16
TXN-00001100,ACC-5681608,CUST-74633,James Hayes,,+1-352-373-3006x27727,2023-12-29,3631.56,Fee,EURO,,Online,21918.6,13572.53,0,Completed,5360590496876009,121491108,2024-12-25
TXN-00001101,ACC-5279341,CUST-63107,Erika Ross,marie71@example.org,(273)265-0733x14074,2021-04-25,74.99,Fee,EUR,"Parker, Crosby and Thomas",Healthcare,32857.75,39064.41,0,Reversed,1299880849968838,526594631,2023-09-26
TXN-00001102,ACC-5272206,CUST-84995,David Martin,bradleythompson@example.org,001-723-509-0861x2088,2022-08-20,9579.18,Debit,JPY,Wilson LLC,Grocery,40180.0,42388.14,0,PENDING,5492342567442827,704412289,2020-07-23
TXN-00001103,ACC-8488794,CUST-50188,Peter Murphy,jerryabbott@example.org,(585)830-2418x6572,2022-06-23,$12825.11,Refund,JPY,Brown Group,Dining,22456.21,42921.99,0,Completed,2337297441086976,275752032,2022-02-18
TXN-00001104,ACC-4533194,CUST-24840,Aaron Johnson,dvasquez@example.net,001-891-897-5554x9047,2022-07-07,12579.14,Refund,CAD,Case PLC,Grocery,5872.07,58109.72,0,Failed,7888833162192913,128086874,2023-07-10
TXN-00001105,ACC-4566116,CUST-87491,Andrew Howard,lbailey@example.com,(463)259-0434,2023-08-28,5621.83,Refund,JPY,Roach-Brooks,Healthcare,32456.39,73632.24,0,Reversed,8822888528185451,136560660,2021-12-28
TXN-00001106,ACC-1929543,CUST-27664,Jeremy Johns,ajones@example.org,5603195677,2022-01-17,0.0,Credit,USD,"Warren, Rose and Bell",Utilities,42216.45,47338.97,0,Failed,5623158698186254,592086159,2024-07-21
TXN-00001107,ACC-4631757,CUST-74305,Krista Thomas,josephmedina@example.org,5693290554,2021-06-13,4856.88,Transfer,CAD,"Garcia, Martinez and Hernandez",Utilities,18195.21,99342.8,0,Failed,8756739577174449,359873217,2024-08-22
TXN-00001108,ACC-6602996,CUST-13458,Nicholas Dominguez,brittanylewis@example.net,7026412603,2023-03-03,5074.29,Transfer,EUR,Oneal Inc,Grocery,13210.1,19190.67,0,Pending,8707870231429650,771118212,2023-12-18
TXN-00001109,ACC-6485893,CUST-98113,Mark Soto,melissa95@example.net,6139264473,2022-11-05,10432.97,Fee,JPY,"Morgan, Barnes and Parks",Healthcare,6716.97,39518.27,0,Reversed,7604137448467713,554911237,2024-07-18
TXN-00001110,ACC-8796101,CUST-67039,Steven Pena,xsoto@example.org,528-855-2799,2023-10-27,9152.11,Transfer,GBP,"Hampton, Morgan and Hayes",Entertainment,1071.19,63985.9,1,Failed,4220690417561927,617485570,2023-05-20
TXN-00001111,ACC-4756992,CUST-72678,Gregory Gordon,wilsonhaley@example.org,001-817-548-7041x8778,2022-10-12,12465.74,Refund,CAD,Dean LLC,Entertainment,39999.38,43802.86,0,Reversed,2739788257172058,729662583,2020-08-16
TXN-00001112,ACC-6598102,CUST-12845,Joy Brown,reyesstephanie@example.net,733.381.4359x733,2024-10-16,5844.17,Refund,EUR,Walters-Walsh,Entertainment,47214.63,43404.37,0,Completed,2623736022116712,558586244,2023-06-09
TXN-00001113,ACC-3381086,CUST-37283,Tyler Owen,christopher77@example.net,(858)853-0922,2020-04-19,7146.74,Refund,USD,Jones Ltd,Retail,2629.91,62863.36,0,Pending,6044130133174416,927626622,2022-09-10
TXN-00001114,ACC-3945917,CUST-46530,Martin Anderson,,744-993-2895,2023-06-30,4495.13,Transfer,USD,Mccarthy-Hawkins,Grocery,8481.42,98735.37,0,Reversed,6774293029333859,714570146,2024-09-30
TXN-00001115,ACC-2143724,CUST-24021,Kelli Brown,kaitlinkennedy@example.net,001-251-222-2959x35646,2023-01-15,4508.26,Debit,CAD,Morgan Inc,Retail,45006.15,4903.22,0,Reversed,6852671625712345,801716508,2020-10-24
TXN-00001116,ACC-1999252,CUST-58161,Jessica Wilson,christopher04@example.net,868.596.5714x68472,2023-05-19,412.91,Refund,JPY,"Roberts, Joyce and Sanchez",Dining,9022.57,23818.34,1,Failed,3526455257524094,698744655,2023-10-15
TXN-00001117,ACC-5814928,CUST-30842,Caleb Reese,chapmanshannon@example.org,+1-397-612-6377x2730,2022-12-21,3117.52,Fee,GBP,Johnson Group,Travel,23824.39,88172.91,0,Reversed,4953602163161879,889320225,2021-05-13
TXN-00001118,ACC-8525469,CUST-72245,Jackson Wong,palmerlatoya@example.com,(775)516-1027x7988,2024-06-06,146.43,Debit,USD,Morgan Inc,Travel,49047.12,18751.75,0,Reversed,3594686117636406,478494369,2021-02-09
TXN-00001119,ACC-5662736,CUST-95804,Kevin Davis,ginapalmer@example.org,782.983.6796x1207,2023-07-21,2369.53,Transfer,CAD,Donovan-Davis,Online,21897.47,61026.12,0,Reversed,8559898549419359,815121629,2022-12-14
TXN-00001120,ACC-3876733,CUST-79018,Stephen Moore,daniel18@example.com,597.990.1740,2022-06-12,8541.15,Refund,EUR,Johnson LLC,Online,13054.25,59856.81,0,Failed,9156982072842367,155844451,2021-08-26
TXN-00001121,ACC-3774886,CUST-88224,Vickie Rojas,joshuabeck@example.org,343-680-0729x23657,2022-02-11,270.67,Fee,JPY,Logan-White,Entertainment,18659.69,87326.67,0,Completed,6189896346112217,814811836,2022-11-18
TXN-00001122,,CUST-11042,George Barber,,(817)325-4014,2022-07-31,753.41,Credit,CAD,"Wells, Anderson and Robinson",Entertainment,421.6,2998.58,1,Failed,5085507184771921,293308333,2022-05-14
TXN-00001123,,CUST-39100,Jessica Hardin,riverarobert@example.com,277-813-5389,2024-06-27,0.0,Transfer,GBP,Jones Ltd,Retail,26220.0,10869.36,1,Pending,7062442420332301,132588590,2024-12-11
TXN-00001124,ACC-7638191,CUST-68054,Whitney Bell,dawn69@example.com,(592)840-5807,2024-09-23,1707.48,Debit,USD,Anderson Group,Online,15826.63,30912.14,0,Completed,2074855555094122,199080074,2022-07-12
TXN-00001125,ACC-4912737,CUST-10892,Sarah Long,palmermelissa@example.net,001-340-774-9911x55390,2021-01-13,$5392.23,Credit,JPY,"Baker, Pierce and Lynch",Online,47554.53,80389.06,0,Pending,8881172523661093,204911710,2023-09-14
TXN-00001126,,CUST-20059,Shannon Gonzales,ovillarreal@example.com,001-807-801-9295x0508,2024-08-20,13217.09,Fee,CAD,Hunt-Woods,Entertainment,14115.94,18008.67,0,Completed,1001781422674419,662874971,2022-02-19
TXN-00001127,ACC-7758869,CUST-16947,Stephen Rodriguez,sward@example.net,+1-793-398-0504x4218,2020-12-16,5019.92,Transfer,USD,"Garcia, Martinez and Hernandez",Travel,42247.03,59762.59,0,Completed,5534871623672050,991259725,2023-02-14
TXN-00001128,ACC-6080694,CUST-54428,Amy Brandt,bpoole@example.com,001-733-665-6436x94207,2020-04-17,10668.45,Credit,GBP,Wolfe-Holden,Travel,1062.39,78831.44,0,Completed,6373765919523475,617456619,2022-04-11
TXN-00001129,ACC-5597462,CUST-74801,Frank Martin,jessica93@example.net,001-824-215-6880x7285,2022-09-19,9006.58,Fee,JPY,"Wright, Marsh and Huffman",Grocery,9122.31,88979.71,0,Failed,9231644471603452,440187448,2022-08-25
TXN-00001130,ACC-6194482,CUST-62522,Daniel Schmidt,andre18@example.org,+1-351-305-1193x14504,2024-11-06,5249.39,Transfer,USD,Johnson Group,Healthcare,41788.33,17744.96,0,Reversed,2796906165295224,213702589,2024-02-21
TXN-00001131,ACC-2942951,CUST-49335,Kathy Anderson,lawrencehoward@example.net,702.498.0719x560,2023-02-24,$7773.58,Fee,USD,Johnson Group,Grocery,24681.47,50400.89,0,Completed,2239917964116801,626250664,2020-03-27
TXN-00001132,ACC-7399105,CUST-52742,Heather Newman,uthomas@example.net,613.766.6188x00972,2024-12-22,8350.09,Credit,GBP,"Garcia, Martinez and Hernandez",Healthcare,19775.42,74063.67,0,Failed,5571325152693374,903931888,2022-04-08
TXN-00001133,ACC-2016449,CUST-55422,Sara Watson,dustin22@example.org,956-731-4404x56847,2024-10-02,7405.53,Credit,USD,Walters-Walsh,Retail,31272.38,53473.45,0,Reversed,9385780038967729,647444932,2021-05-31
TXN-00001134,ACC-5920995,CUST-28740,Candice Oliver,,310.369.7675x583,2021-06-05,$13166.55,Credit,JPY,Barnes Inc,Retail,47341.98,44980.27,0,Pending,1091829572619830,184391981,2022-06-18
TXN-00001135,ACC-5440575,CUST-38831,Roy Martin,samantha93@example.org,364.951.1865,2022-05-22,9800.89,Transfer,CAD,Garcia-Freeman,Entertainment,1726.61,53952.6,0,Reversed,7413773527161776,435961980,2021-05-30
TXN-00001136,ACC-1633485,CUST-13839,Norma Weeks,wellsjustin@example.com,(213)803-0356x22135,2024-06-19,1822.92,Refund,JPY,"Salazar, Henderson and Price",Retail,22678.99,9270.51,0,Failed,2816979610971089,581871339,2022-08-27
TXN-00001137,ACC-7169371,CUST-57525,Travis Craig,,721-333-0571,2022-07-24,8304.18,Refund,USD,Wilson LLC,Dining,8540.48,29110.89,0,Reversed,1749810180108997,240903879,2023-11-10
TXN-00001138,,CUST-82513,Heather Walker,xmosley@example.org,638.863.9975,2024-04-04,1385.55,Debit,GBP,Martin Inc,Retail,36169.44,80039.68,0,Pending,1174347428146937,270123992,2022-07-15
TXN-00001139,ACC-9971384,CUST-39104,Melissa Hunter,igonzalez@example.com,833.740.5339x902,2021-02-05,14280.84,Refund,JPY,"Garcia, Martinez and Hernandez",Grocery,37138.76,62593.8,0,Completed,3794173666575384,967726693,2021-08-09
TXN-00001140,,CUST-80713,Jessica Morales,colliershelly@example.com,900.916.3881,2020-02-29,10321.26,Credit,EUR,"Russell, Wright and Graves",Entertainment,31216.53,77552.03,0,Reversed,3114199697184541,545540063,2020-07-15
TXN-00001141,ACC-3495139,CUST-56881,Warren Smith,smithjennifer@example.org,(983)611-1039,2022-10-02,$-11144.95,Credit,USD,Bishop PLC,Entertainment,42914.68,54431.99,0,Reversed,4947849820204710,499068598,2021-11-21
TXN-00001142,ACC-6335820,CUST-26154,Victor Lang,ryan46@example.net,001-847-313-0720,2022-03-12,9286.02,Refund,JPY,Williams-Spence,Retail,44192.41,62652.06,0,Reversed,3485764966889875,525811168,2024-11-23
TXN-00001143,ACC-3227237,CUST-57152,Jonathan Allen,yfowler@example.com,+1-416-748-3123x0681,2021-05-13,11193.28,Refund,CAD,Case PLC,Travel,18980.9,98700.63,0,Completed,3427391263445520,486103411,2020-04-04
TXN-00001144,ACC-7496311,CUST-90536,Stephanie Rose,schneiderpenny@example.net,4258270612,2021-07-03,12076.18,Credit,CAD,"Armstrong, Scott and Saunders",Online,49705.59,91457.08,0,Reversed,2587977842785710,225910626,2024-03-25
TXN-00001145,ACC-7534892,CUST-52285,Meghan Schwartz,jessica45@example.net,(941)545-8231x38428,2023-01-10,839.38,Transfer,CAD,Morgan and Sons,Travel,2070.13,1442.12,1,Pending,1447109555328054,166547982,2021-04-06
TXN-00001146,ACC-7947256,CUST-10171,Alex Griffin,stevenwood@example.com,347.446.4023x0554,2023-12-22,10523.59,Fee,CAD,"Garcia, Mitchell and Wilson",Online,15315.6,65360.58,0,Reversed,5520501387057110,769820320,2024-06-19
TXN-00001147,ACC-1854612,CUST-93290,Eric Thomas,masonlittle@example.net,961-806-0140x336,2024-08-27,80.22,Transfer,CAD,Donovan-Davis,Grocery,13773.98,88474.2,0,Reversed,1241307290049679,719495201,2020-02-18
TXN-00001148,ACC-2905593,CUST-34651,Ashley Walker,zberry@example.org,8334167590,2020-01-09,2397.51,Credit,GBP,"Watts, Fuller and Morris",Grocery,22499.98,27025.65,0,Failed,9043638058958900,325218360,2023-01-15
TXN-00001149,ACC-9132167,CUST-50298,William Smith,rcole@example.net,614-331-6585x57754,2020-02-19,7619.39,Refund,EUR,Johnson LLC,Entertainment,-488.0,28992.21,0,Failed,1043828136836643,437942820,2021-04-03
TXN-00001150,ACC-9996685,CUST-57281,Natalie Church,fmiller@example.org,001-515-266-3962x7954,2020-05-29,2757.17,Transfer,GBP,"Morgan, Barnes and Parks",Retail,18207.8,14863.5,0,Failed,3572514386692320,198645776,2024-06-28
TXN-00001151,ACC-6796972,CUST-11764,Michael Yang,anita71@example.org,(370)349-3964,2024-01-13,6565.99,Transfer,USD,"Baker, Pierce and Lynch",Retail,25262.31,67576.2,0,Failed,2438940314016879,903864905,2020-07-08
TXN-00001152,,CUST-74567,Matthew Roberts,austin36@example.org,(507)959-9110x00128,2021-06-12,12325.86,Credit,GBP,Wolfe-Holden,Utilities,4642.34,3184.51,0,Failed,8009448745433523,607688656,2022-04-13
TXN-00001153,,CUST-68729,Gregory Russell,antoniolivingston@example.net,756.220.4389,2021-04-08,10502.51,Fee,JPY,Hansen LLC,Travel,6842.66,77655.93,0,Pending,7056391943361793,503161995,2020-04-14
TXN-00001154,ACC-8364159,CUST-20610,Donald Robinson,pricealicia@example.net,312.505.0122x327,2020-10-31,5504.83,Transfer,USD,"Baker, Pierce and Lynch",Online,9534.09,81308.66,0,Failed,2418324361279768,974134835,2020-05-22
TXN-00001155,ACC-5817822,CUST-34863,Kyle Gallagher,lisa61@example.org,+1-863-411-5697x171,2026-09-23,8512.6,Transfer,EUR,Brown Group,Utilities,44626.12,39547.75,0,Completed,6017616255867108,551737044,2023-02-04
TXN-00001156,,CUST-24268,Steven Anderson,nelsondebra@example.com,001-847-350-2615x8618,2021-08-24,11409.56,Refund,EUR,"Parker, Crosby and Thomas",Retail,18092.07,75660.61,0,Reversed,8846773147394929,823474904,2024-04-04
TXN-00001157,ACC-4526421,CUST-41545,Cynthia Mcdowell,jimenezcourtney@example.net,779.988.6744,2024-07-22,696.0,Debit,CAD,Wilson LLC,Travel,9523.01,28837.92,0,Reversed,1066337863141443,755607788,2024-01-27
TXN-00001158,ACC-1096766,CUST-13178,Justin Hopkins,lbell@example.org,979-496-3911,2026-10-25,10705.75,Transfer,EUR,Oneal Inc,Dining,7254.77,2599.31,0,Reversed,9439596786561657,971642777,2022-10-20
TXN-00001159,ACC-8786453,CUST-51219,Claudia Fernandez,joshuasantiago@example.net,+1-958-562-6380x8692,2022-09-03,9784.93,Fee,CAD,"Wright, Marsh and Huffman",Dining,19129.27,74083.99,0,Reversed,9248147468474361,621335289,2021-01-31
TXN-00001160,ACC-3470175,CUST-36377,Ashley Byrd,callen@example.com,(944)635-6480,2021-01-23,7948.97,Credit,CAD,Morgan Inc,Grocery,42078.33,77688.31,0,Pending,5826860491911825,777428713,2023-11-08
TXN-00001161,ACC-7646689,CUST-28167,Carlos Andrews,gallegossteven@example.com,638-687-3346x2246,2020-08-01,7000.95,Credit,CAD,Johnson LLC,Dining,4513.42,69547.23,0,Reversed,8543964038489281,796768566,2023-08-24
TXN-00001162,ACC-7496259,CUST-11477,Jesse Rowe,mariagarcia@example.net,+1-530-740-0512x9486,2020-01-29,1020.78,Refund,JPY,Johnson LLC,Retail,20892.72,94795.96,0,Reversed,1769610436777053,284531398,2023-01-19
TXN-00001163,ACC-1389858,CUST-65350,Elizabeth Howard,dbanks@example.org,001-852-570-3203x61362,2023-01-23,10079.93,Credit,JPY,Tucker Ltd,Entertainment,18560.35,50854.47,0,Failed,2652847682551137,332941578,2020-09-09
TXN-00001164,ACC-1073561,CUST-90976,Cynthia Mcmillan,samantha24@example.net,520-708-9541,2023-01-23,619.79,Transfer,GBP,Dean LLC,Online,2645.56,22000.66,0,Completed,5451974850414152,373780290,2022-05-02
TXN-00001165,ACC-8681775,CUST-93152,Jennifer Velasquez,smithmichael@example.org,6913976579,2020-10-04,13501.11,Refund,USD,Case Inc,Retail,15575.13,38337.52,0,Completed,9263148479197922,902830722,2024-01-29
TXN-00001166,,CUST-93284,Jackson Lopez,xgarner@example.org,770-787-8223,2023-11-01,6225.62,Transfer,EUR,"Watts, Fuller and Morris",Grocery,2333.68,92268.1,0,Reversed,1141446782939585,285733700,2023-08-08
TXN-00001167,ACC-8362096,CUST-24013,Samuel Jenkins,,6636447094,2020-09-16,11639.23,Refund,CAD,Wilson LLC,Online,35154.96,84254.47,0,Failed,2315646662438972,680370755,2023-07-27
TXN-00001168,ACC-2305714,CUST-47185,Dennis Mendoza,sramirez@example.org,4614920841,2024-08-03,1476.91,Debit,USD,Garcia-Freeman,Utilities,31402.87,44521.28,0,Pending,5425887255145129,364410919,2021-02-06
TXN-00001169,ACC-8542751,CUST-39626,Stephen Young,bcohen@example.com,384.429.1846,2024-01-19,12526.09,Credit,GBP,"Parker, Crosby and Thomas",Online,24587.42,54917.08,0,Reversed,3209152496486061,985743730,2020-01-29
TXN-00001170,ACC-7727219,CUST-43169,Kenneth Ayers,kevindiaz@example.net,440-865-3402,2020-01-28,13823.85,Credit,GBP,"Armstrong, Scott and Saunders",Online,21746.82,28149.93,0,Reversed,7327327529148959,648679891,2023-09-18
TXN-00001171,ACC-6303203,CUST-55036,Kathleen Gregory,hendersonamanda@example.net,(604)437-4431x975,2023-09-21,4749.51,Transfer,EUR,Dean LLC,Utilities,21085.44,63481.59,0,Reversed,7584844538593927,714774954,2023-05-28
TXN-00001172,ACC-8046825,CUST-71889,Jesse Moore,oconnelljennifer@example.net,205.928.4531x1587,2023-06-15,822.95,Transfer,USD,Brown Group,Grocery,22892.81,14391.81,0,Failed,5256270747309466,275708025,2022-06-16
TXN-00001173,ACC-9818345,CUST-38656,Mary Chambers,bensonkristen@example.net,529.781.0860x44159,2021-04-29,$10759.19,Fee,EUR,,Dining,46354.73,56152.73,0,Pending,6867514379339208,894183150,2022-05-12
TXN-00001174,ACC-2457547,CUST-17916,Kevin Jones,ramireznicholas@example.net,(645)533-7159x74333,2021-04-09,2801.15,Transfer,JPY,"Warren, Rose and Bell",Online,20320.13,43642.24,0,Completed,6114428990382297,858097543,2021-09-17
TXN-00001175,ACC-9070512,CUST-40384,Andrea Wise,vickieyang@example.com,+1-214-486-4022x9483,2023-07-07,12486.58,Transfer,USD,,Dining,28770.93,41631.44,0,Completed,2264343580117759,406412183,2024-10-17
TXN-00001176,ACC-8280297,CUST-19891,Brenda Doyle,cjackson@example.com,+1-339-243-5862x13184,2021-08-06,5855.72,Fee,USD,Sanchez Inc,Retail,41311.79,58961.66,0,Completed,2742804074266826,996070864,2023-09-25
TXN-00001177,ACC-6217409,CUST-42586,Autumn Wallace,elliottamanda@example.com,001-685-441-7323,2020-03-20,8893.37,Credit,USD,Garcia-Freeman,Healthcare,15815.29,34642.03,0,Pending,9043588435601069,794399454,2021-10-06
TXN-00001178,ACC-9496767,CUST-69998,Steven Gonzalez,uwilson@example.net,665-517-3942x62061,2023-11-06,2713.88,Debit,USD,Case PLC,Travel,35561.21,34647.61,0,Completed,7744750171197551,711549995,2024-12-20
TXN-00001179,ACC-9929073,CUST-98965,William Martin,alexandra47@example.net,001-608-554-1244x788,2023-09-29,1590.26,Refund,USD,Underwood-Allen,Online,37348.93,6852.68,0,Pending,5142101534056858,135997217,2020-02-15
TXN-00001180,ACC-8055273,CUST-43716,Zachary Leon,heather73@example.com,753.924.4492,2021-05-17,6107.48,Transfer,CAD,"Parker, Crosby and Thomas",Healthcare,8395.26,97895.82,0,Failed,3296806268341997,443469379,2021-01-29
TXN-00001181,ACC-5418842,CUST-20424,Linda Kelley,andersonkathleen@example.org,6348222562,2020-06-16,$4267.08,Refund,USD,Hunt-Woods,Utilities,44382.61,67519.21,1,Failed,4149980691676625,485634652,2023-05-12
TXN-00001182,,CUST-17777,Kathleen Morris,along@example.org,6316721162,2021-06-17,9589.91,Credit,GBP,Logan-White,Entertainment,27827.47,92380.81,0,Pending,4742181426217543,393968749,2024-02-01
TXN-00001183,ACC-3246451,CUST-89048,Jason Craig,cjones@example.com,8008408393,2022-10-10,3465.26,Refund,GBP,Morgan and Sons,Healthcare,45469.63,25363.67,0,Pending,3383606466538480,664036673,2022-05-27
TXN-00001184,ACC-5737371,CUST-17050,Janice Hines,gbarry@example.net,558-983-7103x55845,2021-08-27,14230.52,Refund,JPY,Johnson-Murray,Healthcare,45716.57,69629.61,0,Failed,8877346393544458,810276295,2024-05-03
TXN-00001185,ACC-8561193,CUST-92289,Keith Rosario IV,,759-929-1213,2024-06-10,4437.64,Credit,USD,Roach-Brooks,Online,27927.48,2007.08,0,Failed,5777384693203704,721632229,2023-03-13
TXN-00001186,ACC-3031751,CUST-26865,Alyssa King,maryjohnson@example.net,8467899009,2022-10-26,3714.83,Debit,JPY,Jacobs Inc,Utilities,18653.15,26707.67,1,Reversed,1824394856569449,735804972,2020-05-26
TXN-00001187,ACC-2486356,CUST-57403,Phillip Gonzalez,tara59@example.net,+1-740-271-7524x76938,2024-04-19,26.97,Fee,GBP,Anderson Group,Healthcare,31984.33,47487.67,0,Reversed,6738291634144652,407972189,2021-02-22
TXN-00001188,ACC-8841639,CUST-13516,Adam Nicholson,jackson56@example.com,(662)945-8613,2022-11-18,13786.92,Credit,JPY,"Parker, Crosby and Thomas",Travel,13399.26,71955.45,0,Pending,6386579149106286,582969047,2023-01-10
TXN-00001189,ACC-6471831,CUST-91183,Robert Carter,rodriguezjacob@example.net,7145341824,2020-02-12,11242.9,Refund,EUR,,Retail,32619.02,27678.74,0,Pending,2201265021693989,522463487,2021-09-23
TXN-00001190,ACC-2320844,CUST-51856,Kelly Powell,kshields@example.com,439.506.9542,2021-06-08,9560.99,Transfer,JPY,Mccarthy-Hawkins,Travel,4280.38,66340.69,0,Reversed,1849898819547060,130343179,2022-06-28
TXN-00001191,ACC-1334878,CUST-93684,Robert Thompson,bryan83@example.org,507.390.0302x2427,2022-04-03,377.56,Debit,JPY,"Russell, Wright and Graves",Travel,18236.86,64886.14,0,Reversed,7630393751834312,239588486,2022-05-25
TXN-00001192,ACC-9322041,CUST-89477,David Vaughn,nicolemiller@example.net,4815478415,2022-12-11,5020.99,Credit,GBP,Wolfe-Holden,Online,7222.59,95820.39,0,Reversed,9411495882249472,635536921,2022-10-10
TXN-00001193,ACC-4201282,CUST-91306,Joshua Hardy,baldwinmartha@example.org,824-538-7017,2023-04-21,9953.57,Fee,JPY,Day-Garcia,Dining,7735.65,97081.81,1,completed,9506592469305540,387447116,2020-08-08
TXN-00001194,ACC-4767003,CUST-76445,Andre Marshall,chelsea19@example.org,001-533-772-9745,2022-01-12,12995.55,Refund,CAD,Long PLC,Entertainment,40228.19,54989.39,0,Pending,1292264878716765,212377655,2021-10-08
TXN-00001195,ACC-5765739,CUST-68501,Michael Curtis,lthomas@example.com,(304)476-3301,2024-10-11,9049.36,Fee,JPY,Gardner and Sons,Utilities,28653.12,17428.75,0,Pending,4163435521578306,716469523,2024-05-04
TXN-00001196,ACC-6012350,CUST-74894,Emily Boyle,robin98@example.com,(377)488-5710,2021-11-05,3416.19,Refund,USD,Hansen LLC,Dining,39545.43,22103.25,0,Reversed,7217691018283334,220859826,2024-07-01
TXN-00001197,ACC-9367001,CUST-79251,Daniel Castillo,hbaker@example.com,588.350.5180x9701,2022-05-18,$306.4,Transfer,CAD,Oneal Inc,Utilities,530.25,5290.33,0,Reversed,1924108167512976,783436173,2020-09-13
TXN-00001198,ACC-1896023,CUST-95152,Allen Weaver,ferrellfernando@example.com,(497)441-2782,2024-05-27,14134.49,Refund,EUR,Gardner and Sons,Grocery,10978.89,89850.02,0,Pending,9125727644113795,884029682,2023-02-13
TXN-00001199,ACC-3814626,CUST-75265,Timothy Schmitt,douglasharris@example.net,+1-570-912-6821x3342,2021-08-10,7015.23,Refund,EUR,Case Inc,Dining,28565.06,82977.23,0,Reversed,6197418524552256,901935332,2024-12-10
TXN-00001200,ACC-4462916,CUST-80655,Michael Frank,jball@example.org,498.627.0066,2022-10-04,5219.03,Debit,USD,"Armstrong, Scott and Saunders",Utilities,33250.85,76205.63,0,Pending,2589608659115113,802376940,2023-05-31
TXN-00001201,,CUST-96476,Kenneth Schultz,derek79@example.org,962-390-7522x7758,2021-07-07,4015.2,Transfer,CAD,Williams-Spence,Dining,39041.43,12389.14,0,Failed,4317555311033311,923469700,2022-10-06
TXN-00001202,ACC-8557580,CUST-39952,Michael Rogers,joseguzman@example.org,728.884.0446,2023-09-25,$6701.61,Refund,CAD,Walters-Walsh,Grocery,33074.08,84535.85,0,Completed,6250279998743556,475352988,2020-06-30
TXN-00001203,ACC-4212690,CUST-21750,Michael Weaver,sydneyprice@example.com,001-420-389-4561,2023-08-30,9694.88,Fee,JPY,"Armstrong, Scott and Saunders",Entertainment,5488.64,4021.27,0,Reversed,6818272754875551,989779280,2024-02-28
TXN-00001204,ACC-7848158,CUST-62746,Kara Cook,chenamber@example.com,(717)401-3635x30046,2024-01-31,5599.59,Refund,JPY,"Salazar, Henderson and Price",Retail,21196.53,91270.64,0,Completed,5428484354581024,925386119,2020-06-15
TXN-00001205,ACC-6740571,CUST-69454,Raymond Griffin,angelamurray@example.com,459.348.2716,2022-02-14,15.63,Transfer,JPY,"Warren, Rose and Bell",Dining,8861.13,65750.62,0,Failed,8503415532818808,615067743,2021-09-08
TXN-00001206,ACC-9718314,CUST-52523,Joshua Davis,yhamilton@example.org,949.983.4134x57081,2023-06-12,1254.29,Credit,EUR,Donovan-Davis,Travel,2462.25,1268.77,0,Failed,7983404429216089,854812281,2022-09-20
TXN-00001207,ACC-7294934,CUST-53832,Michael Carter,thomasmcclure@example.net,+1-294-255-3095x27613,2021-03-27,9547.2,Refund,EUR,"Salazar, Henderson and Price",Utilities,43122.63,83947.87,0,Failed,3701989910019040,861649743,2022-12-17
TXN-00001208,ACC-4395587,CUST-18180,Jennifer Scott,teresa38@example.org,+1-682-759-9785,2023-03-24,1054.99,Refund,USD,Jacobs Inc,Grocery,44493.66,42368.23,0,Completed,1827807575222994,526605797,2023-05-21
TXN-00001209,ACC-1967701,CUST-53471,Emily Giles,ingramamy@example.com,+1-690-548-0606x7924,2023-03-26,819.2,Credit,GBP,Underwood-Allen,Retail,21389.99,87136.27,0,Reversed,8259805743212702,738256069,2023-03-24
TXN-00001210,ACC-7496849,CUST-98224,Betty Miller,adrianmacias@example.net,2466840894,2020-04-09,14681.32,Fee,JPY,"Garcia, Martinez and Hernandez",Dining,20326.63,4195.67,0,Pending,3450937645871301,650953568,2023-10-03
TXN-00001211,ACC-8870044,CUST-69286,Christina Cline,fhess@example.net,001-379-678-2686x24583,2024-10-05,11264.51,Fee,CAD,Johnson LLC,Entertainment,26823.31,31786.07,0,Pending,8459670576079700,895440904,2022-03-13
TXN-00001212,ACC-5255299,CUST-75827,Bruce Fowler,nelsongregory@example.org,793.595.4983,2021-01-18,8068.6,Debit,USD,Oneal Inc,Grocery,21255.66,18519.71,1,Reversed,2061631552168997,974426884,2021-11-12
TXN-00001213,ACC-4261477,CUST-38322,Charles Howell,dowens@example.com,279.632.5549,2027-03-31,$8856.35,Refund,EURO,Barnes Inc,Retail,17424.11,12450.41,0,Failed,7256830895502083,397451598,2020-02-06
TXN-00001214,ACC-5928747,CUST-63177,Michelle Garner,michael62@example.org,001-613-396-7743,2021-09-23,8035.76,Fee,USD,"Parker, Crosby and Thomas",Travel,45267.85,19068.57,0,Completed,7883634219165563,819522855,2023-08-03
TXN-00001215,,CUST-58981,Marie Bennett,pjones@example.org,264-352-7352,2023-03-13,2515.47,Refund,EUR,Garcia-Freeman,Retail,40417.2,22444.97,0,Completed,2027697327409399,880745290,2020-06-01
TXN-00001216,ACC-1393142,CUST-13451,Edward Burgess,ywillis@example.com,(894)945-0040x177,2021-07-18,10637.59,Refund,CAD,"Morgan, Barnes and Parks",Healthcare,18750.97,58441.26,0,Failed,5610528819826687,832671931,2024-07-07
TXN-00001217,ACC-4736938,CUST-90770,Brenda Johnson,kylemorrison@example.com,+1-311-252-9926x44084,2021-06-06,8195.19,Debit,JPY,Mccarthy-Hawkins,Retail,16094.78,60879.96,0,Pending,8110976318901345,769618581,2022-10-22
TXN-00001218,ACC-8092502,CUST-78502,Kimberly Roth,justincontreras@example.org,546-458-7874x76851,2020-05-28,12658.43,Transfer,GBP,David-Martinez,Dining,21010.58,68137.48,0,Reversed,2573268488138644,835337068,2020-11-07
TXN-00001219,ACC-7865710,CUST-71445,Sheila Graham,stephenmcneil@example.org,+1-829-582-9883x8041,2020-04-12,12528.98,Fee,USD,Walters-Walsh,Utilities,13554.45,97064.58,0,Pending,5589119051778858,620257377,2023-12-28
TXN-00001220,ACC-9122900,CUST-33152,Jason Mendez,wagnerjesse@example.net,(567)858-4931x974,2021-08-06,10262.63,Credit,USD,Anderson Group,Grocery,48735.97,32907.55,0,Completed,6988205695187776,199175081,2022-07-05
TXN-00001221,ACC-3555688,CUST-99949,Robert Petty,combsrobin@example.org,+1-472-722-8304x8678,2021-09-27,5213.56,Fee,GBP,,Online,27698.49,44085.18,0,Failed,2647543166729291,327491981,2021-01-05
TXN-00001222,ACC-2388317,CUST-11313,Mark Andrade,rowekenneth@example.net,(523)640-2164x6671,2020-10-06,14931.07,Refund,EUR,"Baker, Pierce and Lynch",Healthcare,3301.81,57686.29,1,Pending,3374825989678757,158910924,2022-12-24
TXN-00001223,ACC-8090795,CUST-76342,Susan Hernandez,imartinez@example.org,+1-422-594-3227x115,2020-12-18,4910.94,Debit,CAD,"Russell, Wright and Graves",Utilities,14950.17,68220.33,0,Failed,4252555851959818,945936578,2021-01-07
TXN-00001224,ACC-3025261,CUST-51071,Hannah Henry,mitchellnicole@example.org,+1-402-905-4058,2023-08-20,1371.5,Transfer,JPY,Bishop PLC,Healthcare,25890.67,1414.18,0,Failed,2681445299406939,495579210,2024-07-08
TXN-00001225,ACC-8894558,CUST-57397,Lisa Campbell,,001-205-663-8040,2020-01-29,14644.32,Fee,EUR,Hansen LLC,Online,7433.25,93574.31,0,Completed,8583623637336239,260689184,2023-10-27
TXN-00001226,ACC-5213016,CUST-28972,Christopher Brooks,,(279)826-8883x3458,2020-07-15,14709.73,Debit,CAD,Jacobs Inc,Online,10628.44,28597.24,1,Reversed,6339816237161106,627026427,2021-02-08
TXN-00001227,ACC-5345777,CUST-52689,Jennifer Smith,kara75@example.com,5375647891,2024-04-28,13297.25,Transfer,CAD,Roach-Brooks,Healthcare,18376.19,2219.26,0,Pending,5794168287969864,270978348,2022-11-29
TXN-00001228,ACC-8393475,CUST-33553,Adrienne Evans,tonyapowell@example.org,905-906-8358,2023-03-26,5685.95,Debit,JPY,Jones Ltd,Dining,17948.37,35382.6,0,Failed,9300858645647234,120905150,2022-12-08
TXN-00001229,ACC-3279737,CUST-64796,Cory Rodriguez,mjones@example.net,001-764-305-3767x041,2020-10-21,907.78,Debit,USD,"Wright, Marsh and Huffman",Online,17279.04,14164.91,0,Completed,2040238270634243,245684055,2023-07-26
TXN-00001230,ACC-4607561,CUST-49418,Brandon Thompson,douglas06@example.org,679-793-4121x48851,2024-04-19,14116.92,Credit,GBP,"Armstrong, Scott and Saunders",Online,37236.88,98832.31,0,Reversed,9926934479044465,890392552,2022-09-25
TXN-00001231,,CUST-11035,Melissa Ibarra,awilliams@example.org,337.471.1882x4205,2022-12-11,1346.7,Credit,GBP,Donovan-Davis,Entertainment,49355.93,98772.38,0,Completed,3880345846537395,960123026,2024-08-22
TXN-00001232,ACC-4275804,CUST-94562,David Taylor,kfowler@example.com,+1-417-337-1442x14020,2022-09-23,4951.76,Refund,GBP,Morgan and Sons,Utilities,34240.6,37012.95,0,Pending,6368728235343769,264488468,2020-01-25
TXN-00001233,ACC-5708149,CUST-63457,Monica Lucas,jenniferrasmussen@example.com,455.777.5437,2024-08-29,8125.01,Transfer,GBP,Johnson-Murray,Dining,43776.98,21345.76,0,Pending,9483193183322231,700222642,2023-10-20
TXN-00001234,,CUST-84750,Amy Guerrero,jennifer11@example.net,269-273-6654,2023-04-28,13235.86,Debit,CAD,Tucker Ltd,Healthcare,18492.15,91666.99,0,completed,1605729696714271,656949382,2024-01-15
TXN-00001235,ACC-9662020,CUST-59507,Terry Gonzalez,lcannon@example.com,641.386.0539x00905,2020-01-31,2279.86,Transfer,EUR,Case PLC,Utilities,6614.92,38732.25,0,Completed,1937502179064123,780727917,2020-01-26
TXN-00001236,ACC-7965359,CUST-33095,Michael Newman,robert56@example.com,(366)833-0802x54373,2021-10-09,5404.73,Credit,CAD,Johnson Group,Healthcare,29724.09,65482.79,0,Pending,4510622837549963,667685194,2023-01-23
TXN-00001237,ACC-9630534,CUST-78025,Leonard Murray,stevensonjennifer@example.com,001-264-360-6251x0482,2027-01-25,9216.97,Credit,CAD,"Wells, Anderson and Robinson",Retail,33593.16,82471.5,0,Reversed,2629562538574347,855903974,2022-03-30
TXN-00001238,ACC-1492334,CUST-76531,Nicole Bailey,zguzman@example.org,(848)897-3012x31995,2023-08-24,385.49,Transfer,CAD,"Russell, Wright and Graves",Healthcare,38887.82,41985.6,0,Failed,4431899432002850,313034710,2020-12-21
TXN-00001239,ACC-9317850,CUST-64614,Kenneth Larson,jamie60@example.com,296-321-9765x886,2021-03-11,6473.29,Fee,EUR,Oneal Inc,Retail,39409.3,71373.28,1,Completed,9262189859874816,650267833,2024-12-31
TXN-00001240,ACC-8868140,CUST-84710,Sandra Bell,,698.397.7270,2022-09-26,$4455.94,Transfer,JPY,Johnson LLC,Healthcare,11654.89,77342.77,0,Completed,2991153920769611,901949431,2022-08-25
TXN-00001241,ACC-4831878,CUST-23735,William Spencer,eatonerica@example.com,836.235.6190x6283,2020-09-08,4189.46,Debit,JPY,Jacobs Inc,Online,7889.65,10058.11,0,Reversed,1120455819383148,836628182,2021-03-11
TXN-00001242,ACC-8512335,CUST-12223,Robert Rodriguez,agordon@example.net,814.313.7592,2021-09-23,$1603.77,Debit,EUR,Johnson-Murray,Online,3144.4,53254.62,0,Completed,2300973362013732,125958699,2022-04-28
TXN-00001243,ACC-6772531,CUST-27077,Dr. Jessica Shea,blake98@example.org,+1-406-233-1506x79264,2024-11-07,3280.07,Refund,EUR,Bishop PLC,Retail,42780.29,12518.51,0,Completed,1158663846902587,145657871,2020-02-08
TXN-00001244,ACC-4034533,CUST-52448,Angela Jones,tammygarrett@example.net,612.970.8397x153,2020-05-11,14603.6,Debit,JPY,"Watts, Fuller and Morris",Entertainment,41192.44,46508.68,0,Pending,9900129422314527,811358713,2022-07-08
TXN-00001245,ACC-2526264,CUST-88217,Dakota Pineda,barkerkimberly@example.net,957.813.4955x225,2021-09-30,-14324.87,Credit,USD,Williams-Spence,Healthcare,8419.66,85206.6,0,Reversed,2349487076021587,599745659,2022-10-11
TXN-00001246,ACC-5736848,CUST-57770,Sara Nguyen,foleysteven@example.com,+1-914-622-3471x905,2020-04-09,2142.81,Fee,CAD,"Salazar, Henderson and Price",Dining,24291.83,4596.35,0,Failed,4746494843886937,129229836,2020-08-17
TXN-00001247,ACC-6460289,CUST-18943,Jeremy Carson,sandrawong@example.com,209-787-4182x6199,2020-03-14,14320.8,Transfer,CAD,,Dining,35367.98,42700.08,0,Reversed,5001158169502222,969876862,2024-02-02
TXN-00001248,ACC-3106804,CUST-13842,Jason Franco,mitchellzachary@example.org,8697562514,2023-04-26,14214.17,Refund,JPY,Day-Garcia,Grocery,4574.99,22912.55,1,Pending,5807100188276069,200248209,2023-07-30
TXN-00001249,ACC-8039841,CUST-64378,Lauren Lopez,nkane@example.com,217.877.1813,2026-06-16,12637.24,Debit,EUR,Sanchez Inc,Grocery,16567.37,63544.85,0,Reversed,4691947869298872,398446980,2021-02-14
TXN-00001250,ACC-9461931,CUST-12547,Brandon Jenkins,nicolemartin@example.net,001-719-566-0058x74994,2023-12-09,3319.66,Credit,usd,Mccarthy-Hawkins,Healthcare,4609.55,32688.37,0,Reversed,3320717989976907,147029358,2020-07-08
TXN-00001251,ACC-3034691,CUST-45125,Allen Moore,,9745198387,2022-03-12,10700.67,Transfer,USD,Jones Ltd,Travel,21241.49,24875.65,1,Failed,7064691093705758,517159541,2024-10-27
TXN-00001252,ACC-9422238,CUST-23834,Joseph Hart,emedina@example.org,232-878-5821,2024-04-11,0.0,Fee,USD,Johnson-Murray,Travel,31963.06,6806.78,0,Completed,2555714867022722,744295445,2022-12-05
TXN-00001253,ACC-1265468,CUST-87835,Brad Heath,bthomas@example.net,+1-792-260-2624x98724,2020-08-17,8213.44,Refund,GBP,Roach-Brooks,Online,30001.95,41190.81,0,Completed,3646738785608752,780749793,2021-12-26
TXN-00001254,ACC-7567482,CUST-94869,Phillip Lewis,brandonrobinson@example.org,+1-254-513-9385x03797,2020-11-22,12036.3,Debit,CAD,"Watts, Fuller and Morris",Healthcare,13668.47,10320.23,0,Reversed,6665796298139176,942440582,2020-12-03
TXN-00001255,ACC-9156609,CUST-20529,Samuel Stark,nicole75@example.org,904-944-5376x006,2024-12-27,152.86,Credit,EUR,Johnson Group,Utilities,44357.28,26452.05,0,Failed,8993717058392448,371142797,2021-08-19
TXN-00001256,ACC-8868771,CUST-25072,Rachel Allen,hughesmichael@example.com,(621)926-1371x64032,2023-11-06,11778.03,Fee,JPY,Morgan and Sons,Utilities,35990.4,71358.78,0,Completed,5859695270326818,116455714,2023-02-20
TXN-00001257,ACC-1309782,CUST-65906,Melissa Reed,williamsmelissa@example.com,916-891-7418,2024-01-12,14414.15,Fee,GBP,,Online,2011.9,63184.81,0,Failed,7958516632158357,838656514,2020-10-11
TXN-00001258,ACC-1637888,CUST-89980,Anna May,andrea31@example.com,+1-260-310-4757x53143,2020-02-20,8902.75,Fee,CAD,Hunt-Woods,Healthcare,9757.99,63289.6,0,Completed,9544290753278055,814053476,2021-08-31
TXN-00001259,,CUST-67631,Julie Brown,myerswesley@example.net,(727)772-8289x758,2026-05-19,6629.57,Credit,JPY,"Morgan, Barnes and Parks",Dining,7118.86,20612.94,0,Pending,3841694737816498,446818754,2021-02-18
TXN-00001260,ACC-2565420,CUST-68996,Cesar Cross,justin48@example.net,270.593.4674x48469,2022-05-12,9911.3,Debit,EUR,"Hampton, Morgan and Hayes",Grocery,3553.2,26205.97,1,Failed,5901213490577061,385511660,2023-10-22
TXN-00001261,ACC-8535168,CUST-90485,Jamie Sanchez,xthompson@example.com,001-304-827-8771x1278,2020-03-15,474.19,Transfer,CAD,"Garcia, Martinez and Hernandez",Entertainment,19112.57,97769.05,0,Completed,8300407943454461,910828125,2024-10-02
TXN-00001262,ACC-2733469,CUST-13447,Timothy Cruz,hooverjason@example.net,9174855665,2024-04-07,9164.9,Fee,EUR,Martin Inc,Dining,20008.22,63427.86,0,Reversed,2787323819977271,405900106,2022-03-02
TXN-00001263,ACC-9044833,CUST-59286,Jerry Miller,katherinegordon@example.org,832.241.2549,2026-08-14,4167.01,Refund,CAD,Jacobs Inc,Dining,20144.06,94301.16,0,Failed,1782528467831949,899592861,2023-10-25
TXN-00001264,ACC-6128841,CUST-42481,Misty Allen,amanda53@example.com,319.609.8776x74967,2024-06-14,1166.84,Fee,CAD,Sanchez Inc,Entertainment,43280.02,88684.21,0,Reversed,1255379594318076,228640738,2020-01-17
TXN-00001265,ACC-2796310,CUST-42883,Kathleen Davis,melissa09@example.org,600.891.1165x3775,2021-05-03,2164.24,Fee,Euro,Logan-White,Utilities,16889.74,34159.73,0,Completed,5032404198727707,462224163,2024-09-01
TXN-00001266,ACC-9876767,CUST-14629,Kristin Lutz,qgarcia@example.org,001-728-639-6775x7298,2024-05-14,8466.5,Transfer,EUR,Wilson LLC,Travel,26604.49,96487.7,1,Completed,6551419012478095,625044975,2021-03-25
TXN-00001267,,CUST-39752,Matthew Evans,peterserica@example.com,(315)629-3823,2023-02-25,13343.45,Fee,GBP,Jones Ltd,Retail,36564.59,54585.49,0,Reversed,8600758333312067,724569291,2024-11-06
TXN-00001268,ACC-9214245,CUST-23310,Monique Smith,gweaver@example.com,001-761-222-0667x15556,2023-03-31,9700.54,Refund,USD,Tucker Ltd,Utilities,36589.96,33509.79,0,Failed,6022670755441401,568681266,2023-04-25
TXN-00001269,ACC-5147892,CUST-76825,Matthew Reyes,vdiaz@example.org,(560)257-2364x748,2022-07-20,$14155.53,Refund,JPY,"Baker, Pierce and Lynch",Healthcare,49715.71,89073.11,0,Completed,6200710577699115,555922184,2023-05-30
TXN-00001270,ACC-7327245,CUST-33600,Kristy Castillo,scastillo@example.com,001-662-735-1182x224,2026-09-28,4717.3,Refund,EUR,Hunt-Woods,Online,45692.16,62868.24,0,Pending,5333474190121702,304714422,2023-10-17
TXN-00001271,ACC-1675955,CUST-52790,Linda Mckay,,415.517.6788,2022-04-17,12925.91,Refund,GBP,"Roberts, Joyce and Sanchez",Retail,30597.88,57526.54,0,Completed,4826604941321345,581391958,2022-03-24
TXN-00001272,ACC-9506299,CUST-68190,Heather Robinson,gregorybell@example.org,251.999.4038,2022-02-26,7775.69,Fee,USD,"Parker, Crosby and Thomas",Dining,42724.2,15881.0,0,Failed,2421269287131121,271951640,2023-10-26
TXN-00001273,ACC-5031816,CUST-67859,Valerie Ford,bryan45@example.org,+1-888-552-8386x64709,2021-05-27,4020.76,Debit,JPY,Donovan-Davis,Grocery,43217.75,43348.24,0,Pending,2232961053054158,408424577,2020-06-02
TXN-00001274,ACC-3001853,CUST-67336,Tyler Murray,jeffery95@example.net,001-656-242-2314,2024-03-15,2827.04,Fee,EUR,"Wright, Marsh and Huffman",Retail,42904.13,48673.1,0,Completed,5701855772543794,127028580,2022-06-30
TXN-00001275,ACC-4841243,CUST-55063,Ana White,zachary39@example.net,827.381.9623x6495,2021-10-01,3074.99,Credit,GBP,Logan-White,Utilities,22793.8,48666.12,0,Failed,8406417820522600,935843440,2022-03-22
TXN-00001276,ACC-7751546,CUST-40329,John Gordon,millerjessica@example.com,(820)263-3606,2022-08-27,7678.08,Credit,USD,"Hampton, Morgan and Hayes",Healthcare,16004.2,18436.22,0,Pending,1742304158859962,817147607,2022-01-19
TXN-00001277,ACC-7788076,CUST-58958,John Guzman,renee54@example.org,(833)779-8053x081,2022-06-06,7109.1,Credit,CAD,Wilson LLC,Grocery,36657.91,89117.45,0,Completed,9327161831275608,405299995,2022-04-03
TXN-00001278,ACC-3860061,CUST-66653,Tony Kelley,jasonellis@example.com,959-283-0512x2063,2020-05-14,12096.53,Refund,EUR,Dean LLC,Dining,8821.45,53158.98,0,Reversed,4564810943032281,381221260,2023-03-01
TXN-00001279,ACC-8573622,CUST-27523,Joshua Reed,christianwilson@example.net,275.825.7464x1574,2024-04-11,2927.6,Debit,CAD,Wolfe-Holden,Travel,4231.28,9453.05,0,Completed,6005656011104755,103527493,2024-05-08
TXN-00001280,ACC-5650378,CUST-84407,Bradley Love,cheryl35@example.org,(810)238-7487x16445,2020-08-17,13471.54,Credit,JPY,Morgan and Sons,Online,25995.19,74105.12,0,Failed,4029881942377670,695908547,2024-07-16
TXN-00001281,ACC-8970246,CUST-95062,Shannon Brown,jared16@example.com,6079965891,2020-09-26,1436.85,Debit,JPY,"Garcia, Mitchell and Wilson",Retail,43828.37,92658.29,0,Completed,6960665844004037,491962646,2023-11-10
TXN-00001282,,CUST-36227,Helen Miller,kleintimothy@example.net,+1-638-937-9785x708,2022-03-25,7558.04,Refund,USD,"Wright, Marsh and Huffman",Grocery,12078.05,93319.87,0,Pending,9251609321908758,915212881,2022-12-03
TXN-00001283,ACC-6197096,CUST-88361,Jeffrey Griffin,johnsonmichelle@example.com,+1-627-569-5953x41074,2020-01-30,6826.42,Refund,EUR,"Wright, Marsh and Huffman",Healthcare,173.64,51579.11,0,Completed,1062654614965066,730995293,2020-06-29
TXN-00001284,ACC-9568604,CUST-97713,Robert Thompson,piercejessica@example.org,584-718-6422,2021-05-13,0.0,Refund,CAD,"Watts, Fuller and Morris",Travel,26619.85,18189.77,1,Failed,4658194835434011,945192871,2022-07-06
TXN-00001285,ACC-6844711,CUST-42758,Jessica Cooper,heatherhensley@example.net,001-462-648-9754,2023-04-30,$9693.9,Transfer,EUR,Oneal Inc,Dining,25603.07,28115.6,1,Pending,4980385617008187,279737153,2023-07-19
TXN-00001286,ACC-2434403,CUST-54651,Jessica Hernandez,victoriapotts@example.org,001-867-524-3714x08286,2022-06-03,4508.03,Debit,EUR,"Morgan, Barnes and Parks",Dining,25339.81,10814.16,0,Completed,2057557873199048,140165455,2020-06-22
TXN-00001287,ACC-1014686,CUST-43465,Tracy Atkinson,brandygarcia@example.com,801-640-1525x0300,2021-08-26,$4154.62,Refund,USD,Hunt-Woods,Grocery,49173.05,85027.39,0,Pending,7878309956689986,579355953,2021-09-21
TXN-00001288,ACC-8527498,CUST-81373,Samantha Wolfe,ysweeney@example.org,+1-335-380-9945x67268,2026-04-28,7557.11,Fee,JPY,"Garcia, Mitchell and Wilson",Retail,19836.07,22192.61,0,Pending,3128840785237672,127202040,2023-12-11
TXN-00001289,ACC-6567096,CUST-93967,Stephanie Roberts,matthew17@example.com,001-606-246-3511,2020-05-15,6240.51,Debit,JPY,Mccarthy-Hawkins,Grocery,37782.88,61510.85,0,Failed,8774578022197764,737441354,2023-01-28
TXN-00001290,ACC-7789170,CUST-41940,Anthony Collier,jason31@example.org,+1-789-555-7179x4365,2023-10-15,3765.49,Debit,JPY,Wolfe-Holden,Utilities,10574.86,88883.47,0,Completed,9309546267924627,467921702,2022-09-13
TXN-00001291,ACC-7076566,CUST-83774,Chase Potts,stephenmartinez@example.org,(450)822-6652,2020-10-09,6793.57,Fee,GBP,Walters-Walsh,Travel,35581.01,89030.39,0,Completed,9777940541438205,413142979,2021-10-01
TXN-00001292,ACC-7330542,CUST-14919,Joshua Wright,mooredylan@example.org,3495685644,2021-07-31,8120.13,Debit,GBP,"Garcia, Martinez and Hernandez",Utilities,28061.33,17453.47,0,Pending,6757738891352019,266865640,2020-09-03
TXN-00001293,ACC-6584573,CUST-87032,Christopher Estes,ijones@example.com,(356)758-9284,2023-02-11,14791.42,Fee,USD,Bishop PLC,Retail,40506.61,18132.76,0,Pending,8178773444133651,732541305,2021-08-20
TXN-00001294,,CUST-49848,Sandra Ball,brandymoore@example.org,642-364-8476,2021-03-14,38.81,Refund,GBP,David-Martinez,Entertainment,41618.78,51284.89,0,Completed,9396714962236226,228981534,2020-02-01
TXN-00001295,ACC-8759763,CUST-10403,David Landry,guerrawilliam@example.net,+1-578-634-6188x4524,2024-11-09,7860.38,Refund,CAD,"Baker, Pierce and Lynch",Travel,38723.29,11065.66,0,Pending,3095598015283727,826115066,2022-08-22
TXN-00001296,ACC-1718170,CUST-18645,Emily Thomas,vanessamorales@example.org,270-283-8797,2024-12-22,11915.22,Refund,GBP,"Armstrong, Scott and Saunders",Utilities,29196.67,18979.47,0,Failed,8778593695437193,327835471,2023-07-23
TXN-00001297,ACC-9311598,CUST-97770,Melissa Daniels,james17@example.com,451.546.9546x076,2024-03-12,2227.35,Credit,GBP,Bishop PLC,Grocery,3097.71,2064.79,0,Failed,8845444395745650,224336923,2020-04-14
TXN-00001298,ACC-8240880,CUST-59745,Stephen Ayala,hgraham@example.org,(625)314-4648,2024-08-22,8583.88,Credit,JPY,"Roberts, Joyce and Sanchez",Retail,-165.21,3839.49,0,Pending,2299821772007649,122384127,2024-07-05
TXN-00001299,ACC-7318370,CUST-88751,Patrick Jackson,eschneider@example.net,+1-293-328-5864x27157,2022-08-06,10393.85,Fee,USD,Johnson LLC,Retail,14310.79,69668.3,0,Pending,4770734183986376,591957061,2021-11-11
TXN-00001300,ACC-1280223,CUST-60397,David Blackwell,lorisullivan@example.com,912-627-4731,2023-02-13,12704.43,Debit,GBP,Oneal Inc,Entertainment,17777.92,39926.68,0,completed,7106418448579599,686854047,2020-11-18
TXN-00001301,ACC-8302025,CUST-87120,Charles Bailey,prosario@example.net,+1-718-955-6954,2022-03-30,12193.16,Refund,USD,"Hampton, Morgan and Hayes",Retail,15169.93,70738.55,0,Reversed,6246947915935725,215942243,2021-08-15
TXN-00001302,ACC-6130580,CUST-79001,Patricia Ward,rdavis@example.org,(907)498-2730,2022-06-30,9591.55,Transfer,GBP,Gardner and Sons,Entertainment,9244.63,98131.72,0,Completed,4950837519263698,269828997,2023-09-03
TXN-00001303,ACC-5885856,CUST-48575,Andrew Smith,johnnythompson@example.net,(763)349-6070,2021-03-17,11136.35,Credit,EUR,David-Martinez,Travel,30170.04,88038.21,0,Failed,6412820115001670,610523958,2021-01-14
TXN-00001304,ACC-9138854,CUST-27186,Elizabeth Miller,gillkimberly@example.org,755-538-3161,2021-05-26,5139.9,Credit,JPY,"Parker, Crosby and Thomas",Travel,19061.76,85342.58,0,Failed,8319963242458242,849247738,2020-05-30
TXN-00001305,ACC-1882583,CUST-47331,Laura Williams,brandonmartin@example.org,377.496.4439,2020-07-21,$9710.44,Debit,JPY,Case PLC,Online,18199.63,96526.44,0,Reversed,8972691943053107,872571481,2020-09-28
TXN-00001306,ACC-8850303,CUST-20428,Kevin Brewer,jeremycole@example.org,303.854.8071x9993,2023-04-21,4070.01,Refund,JPY,Logan-White,Utilities,29874.59,48464.56,0,Completed,3165149360096480,383437892,2023-10-04
TXN-00001307,ACC-5661219,CUST-49077,Amy Reyes,floresbill@example.com,001-238-652-8691x41327,2021-02-20,359.17,Fee,CAD,Johnson-Murray,Dining,7743.47,70781.45,1,Reversed,7613556829834859,824873483,2022-03-06
TXN-00001308,ACC-8154368,CUST-76349,Ray Garcia,benjaminlopez@example.org,001-811-709-3878x81295,2023-05-22,5803.53,Fee,JPY,Tucker Ltd,Grocery,13111.58,55044.23,0,Reversed,9490794448002289,418920692,2020-09-07
TXN-00001309,ACC-5786578,CUST-89941,Christina Aguilar,bethanycohen@example.org,+1-636-989-2975x69886,2020-04-18,8088.69,Transfer,GBP,,Online,11587.16,58824.47,0,Pending,8504187384173256,489017894,2021-09-06
TXN-00001310,ACC-7911622,CUST-18355,Mallory Lucas,cassie46@example.net,001-523-976-0179x4343,2020-05-04,4090.78,Fee,GBP,Dean LLC,Online,36180.29,48561.86,0,Reversed,5542189884776203,197031076,2024-11-21
TXN-00001311,ACC-7406040,CUST-10955,Michelle Adams,westlaura@example.net,001-431-722-8683x51204,2021-05-04,9204.84,Refund,CAD,Hunt-Woods,Grocery,30353.03,93226.28,0,Failed,7781957228861304,701111782,2023-08-28
TXN-00001312,ACC-1007120,CUST-71563,Eric Lee,whitejane@example.com,001-890-490-7939x690,2022-01-03,9701.11,Credit,US Dollar,Day-Garcia,Travel,26514.5,48550.57,1,PENDING,6280745084038833,842613913,2024-04-29
TXN-00001313,ACC-5107530,CUST-22057,Sandra Smith,vlong@example.net,+1-362-614-9261x425,2024-04-11,4567.56,Refund,JPY,"Wells, Anderson and Robinson",Dining,33663.43,40046.95,0,Reversed,7658820396427736,175163767,2022-04-06
TXN-00001314,ACC-7582179,CUST-37214,Jennifer Snyder,,563.433.1933,2024-06-08,13530.6,Fee,USD,Donovan-Davis,Grocery,39674.31,76794.78,0,Pending,7718312759659449,552452337,2021-09-12
TXN-00001315,ACC-5644020,CUST-84320,Mary Evans,mjohnson@example.net,773.228.2015,2022-09-23,408.87,Refund,USD,Oneal Inc,Utilities,12269.67,40254.19,0,Reversed,5865540750705205,704673291,2023-08-23
TXN-00001316,ACC-8802705,CUST-59845,Hector Stanton,bridgesjennifer@example.net,(803)221-4465x44998,2020-12-14,5047.6,Credit,CAD,"Parker, Crosby and Thomas",Grocery,4710.86,11784.78,0,Pending,9700508851729317,275578330,2022-12-26
TXN-00001317,ACC-3733001,CUST-12461,Gloria Jackson,,+1-914-912-1455x66445,2021-12-28,137.77,Debit,JPY,Logan-White,Grocery,690.16,67736.9,0,Failed,7543959579847861,742815283,2020-03-21
TXN-00001318,ACC-4665459,CUST-34660,Aaron Braun,andrew80@example.com,(589)454-2852x315,2020-07-02,575.7,Transfer,EUR,Castillo-Holmes,Grocery,3521.37,17771.36,0,Completed,6132847363589421,840356813,2021-06-30
TXN-00001319,ACC-8000169,CUST-22215,Sean Pierce,yclark@example.com,(716)601-0794x5098,2023-08-27,10428.02,Debit,JPY,"Armstrong, Scott and Saunders",Travel,6842.27,42892.33,0,Pending,4916638581416090,266095156,2020-02-10
TXN-00001320,ACC-8511955,CUST-61608,Laurie Ward,wgilbert@example.com,695-272-1789,2022-02-13,$0.0,Credit,JPY,Rice-Robbins,Entertainment,13021.42,79855.9,1,Failed,1869778956092070,114914064,2021-03-13
TXN-00001321,ACC-9167778,CUST-42207,Michele Schwartz,ucohen@example.com,588.653.8053,2023-09-30,1167.66,Debit,JPY,"Warren, Rose and Bell",Entertainment,14999.48,63995.24,0,Failed,8012705369315611,561159539,2024-03-11
TXN-00001322,ACC-4697388,CUST-80994,James Holland,thomashunter@example.org,(908)985-0029x990,2021-07-28,953.68,Refund,JPY,,Entertainment,40819.45,80220.64,0,Failed,5959184822479405,763199066,2020-12-20
TXN-00001323,ACC-6034446,CUST-99082,Thomas Taylor,davidsonkaitlyn@example.com,758.867.4280,2021-03-06,10580.56,Transfer,EUR,Walters-Walsh,Healthcare,25261.83,60559.9,0,Failed,8041305497317927,965547172,2024-03-11
TXN-00001324,ACC-2420318,CUST-42513,Evelyn Bruce,adamcasey@example.net,271.228.3790,2024-05-20,9697.97,Fee,GBP,,Online,24573.56,98984.34,0,Completed,5011521517108589,822263443,2021-07-13
TXN-00001325,ACC-1309643,CUST-59060,Walter Ramsey,ygallegos@example.com,+1-793-658-9441x4372,2026-09-21,9276.76,Fee,EUR,"Russell, Wright and Graves",Healthcare,24901.03,73788.4,0,Failed,6165541478436756,183837615,2020-09-25
TXN-00001326,,CUST-24240,Patricia Rodriguez,dennishicks@example.org,001-585-902-7494x06067,2020-07-15,892.32,Fee,GBP,Oneal Inc,Online,30649.52,66525.35,0,Reversed,3548637749051017,349145370,2020-08-31
TXN-00001327,ACC-5198676,CUST-45581,Amanda Montgomery,fespinoza@example.net,(971)722-3739x22030,2024-12-31,4734.25,Debit,CAD,Jones Ltd,Utilities,13280.02,31628.2,0,Completed,2002370144522760,717391858,2021-12-27
TXN-00001328,ACC-9330055,CUST-41842,Martin Owen,bbrown@example.com,3794029807,2020-01-31,14011.35,Transfer,EUR,Martin Inc,Grocery,1915.48,47745.17,0,Pending,5449442740503606,517006625,2020-10-18
TXN-00001329,ACC-7168827,CUST-55376,Shelly Miller,burchkyle@example.net,001-201-589-2650,2024-01-24,377.11,Refund,Euro,Johnson LLC,Healthcare,16206.66,37066.21,1,Reversed,7086730066548251,686655306,2023-11-17
TXN-00001330,ACC-5075991,CUST-88952,Kristine Jones,mpayne@example.com,747.411.3513,2023-04-03,3294.99,Transfer,EUR,"Wells, Anderson and Robinson",Grocery,49202.39,23714.22,1,Failed,2301983992679330,479556775,2024-04-09
TXN-00001331,ACC-9880992,CUST-11982,Zoe French,bkelley@example.org,9263883715,2023-10-22,6674.08,Fee,GBP,Garcia-Freeman,Entertainment,21714.49,92191.93,0,Pending,8302949342531198,832419256,2024-10-14
TXN-00001332,ACC-7062712,CUST-92727,Debra Sullivan,wendyevans@example.com,712-935-1735,2023-08-10,1068.25,Fee,CAD,Morgan and Sons,Dining,29926.76,43784.31,0,Reversed,5789659478733578,818670790,2021-10-16
TXN-00001333,ACC-4509774,CUST-30518,Emily Maynard,katherine37@example.com,+1-331-931-0855x6049,2022-07-05,10183.88,Credit,CAD,"Watts, Fuller and Morris",Online,18548.04,47308.05,0,Reversed,6377187515223165,137104573,2022-09-21
TXN-00001334,ACC-1765807,CUST-43041,Edward Wong,casey77@example.com,+1-923-216-5864,2022-03-30,5121.35,Fee,USD,Morgan Inc,Healthcare,49066.31,90719.7,0,Completed,7535525497325118,615407339,2022-10-10
TXN-00001335,ACC-5284905,CUST-45247,Jessica Miller,qkelley@example.com,736-694-6805x463,2020-01-27,2852.56,Refund,EUR,"Watts, Fuller and Morris",Retail,7971.21,15755.5,1,Reversed,2322987010062979,172550014,2021-01-05
TXN-00001336,ACC-4016597,CUST-90009,Erika Williams,dianejordan@example.com,725.339.2914x696,2023-10-26,869.34,Credit,JPY,Hansen LLC,Healthcare,9390.85,40358.82,0,Reversed,2352742778017886,394835275,2022-09-17
TXN-00001337,ACC-4688890,CUST-55425,James Tucker,,001-743-783-7402,2021-01-09,$994.69,Refund,GBP,,Utilities,974.14,69743.52,0,Completed,9908506227434158,112279598,2023-08-27
TXN-00001338,ACC-9806217,CUST-38993,Peter Patel,janet03@example.net,(732)344-5768x833,2020-12-31,77.98,Credit,GBP,Hunt-Woods,Grocery,36693.78,8925.34,0,Reversed,5836213872787185,863797634,2023-11-25
TXN-00001339,ACC-1406023,CUST-48897,Andrew Mendoza,dlong@example.org,488.268.6719x713,2020-10-30,4017.25,Fee,EUR,Gardner and Sons,Dining,47444.75,55434.15,0,Pending,4477314159267258,998481496,2024-02-23
TXN-00001340,ACC-7388424,CUST-16323,Brianna Barton,sonyarobbins@example.com,922.776.7232x3290,2024-06-07,3782.38,Refund,USD,,Online,13679.01,12452.45,0,Reversed,8424965697103695,177738617,2021-06-07
TXN-00001341,ACC-3700143,CUST-89701,Jessica Wilson,carrollmarco@example.com,444.376.9619x016,2020-02-22,1834.17,Fee,GBP,Garcia-Freeman,Grocery,5452.85,6936.34,0,Completed,8472199866497401,391439068,2022-08-10
TXN-00001342,,CUST-69577,Matthew Allen,harperdouglas@example.com,5048968708,2024-03-28,9565.95,Transfer,JPY,Martin Inc,Grocery,33739.34,74279.69,0,Pending,7528855562465579,924860861,2022-09-28
TXN-00001343,ACC-1347780,CUST-86429,Jennifer Mcclain,franciscocole@example.net,5026616695,2024-04-07,13975.02,Fee,CAD,Martin Inc,Travel,48846.83,83512.3,0,Failed,9846758961523658,333229932,2024-04-27
TXN-00001344,ACC-4590440,CUST-35375,Marcus Brown,,4158516607,2021-06-25,645.23,Debit,USD,Dean LLC,Entertainment,-274.82,32265.83,0,Reversed,1528103513843521,521604041,2024-04-24
TXN-00001345,ACC-4394375,CUST-90748,Robert Williams,sarahfisher@example.com,001-916-750-7656x7385,2022-06-08,7029.44,Transfer,Usd,Brown Group,Travel,16546.34,45220.42,0,Pending,6595232127058718,978962380,2020-10-15
TXN-00001346,ACC-6854544,CUST-76447,Jeremy Rasmussen,george41@example.com,001-691-609-0539x0400,2020-12-01,-12303.02,Credit,JPY,Case Inc,Dining,31550.1,6217.1,0,Pending,1478991418675230,694197698,2024-09-22
TXN-00001347,ACC-9649039,CUST-66261,Seth Wilson,khenderson@example.org,508-537-0065x86892,2024-12-08,12205.45,Credit,USD,Hunt-Woods,Utilities,49446.52,2288.16,0,Completed,5957598947951984,527142828,2021-10-14
TXN-00001348,ACC-3128532,CUST-22157,Dr. Lindsey Smith,amandawoods@example.com,001-669-572-9006,2020-07-23,10221.43,Debit,JPY,Gardner and Sons,Dining,38831.56,92336.64,0,Completed,1012969625528436,546213103,2022-05-28
TXN-00001349,ACC-6600667,CUST-29954,Patricia Colon,eric23@example.net,(939)816-3888x87052,2022-05-06,14612.66,Refund,EUR,"Parker, Crosby and Thomas",Online,45599.39,13740.85,0,Completed,1204840511077470,673519423,2022-04-20
TXN-00001350,ACC-6152896,CUST-23218,Jodi Sims,joseph86@example.com,001-714-725-5425,2021-08-18,7889.93,Refund,EUR,Jacobs Inc,Healthcare,21373.77,42499.26,0,Failed,4136864457814043,468070275,2020-12-19
TXN-00001351,ACC-9242860,CUST-73227,Laurie Conner,,+1-276-557-5824,2024-07-19,4762.97,Debit,CAD,"Warren, Rose and Bell",Retail,21935.02,38603.27,0,Reversed,1557467936395082,805005090,2022-09-10
TXN-00001352,ACC-1284681,CUST-90613,Henry Schwartz,brendamyers@example.org,853-478-2915x95071,2021-12-23,$11094.11,Credit,JPY,"Parker, Crosby and Thomas",Retail,1021.68,27238.81,0,Completed,7225464533074663,162228227,2023-08-25
TXN-00001353,ACC-8022336,CUST-19869,Richard Watson,knelson@example.org,(878)995-8429x524,2023-12-08,4604.7,Credit,GBP,"Watts, Fuller and Morris",Utilities,45499.77,15943.78,0,Pending,9275577125017447,234974559,2024-03-29
TXN-00001354,ACC-1290389,CUST-66938,Kevin Davis,claytonjames@example.net,4507833504,2021-01-14,14821.04,Fee,CAD,David-Martinez,Utilities,40724.11,68665.1,0,Reversed,1877416214379767,162261013,2021-12-20
TXN-00001355,,CUST-45928,Melinda Kelly,cristinastanley@example.net,(783)851-1903x5937,2024-07-28,14124.73,Fee,EUR,"Wright, Marsh and Huffman",Travel,31764.67,22331.08,0,Reversed,9641200395579171,575588119,2023-06-14
TXN-00001356,ACC-5771012,CUST-73863,Juan Rush,john19@example.net,955.464.2927,2020-10-23,9435.12,Transfer,GBP,Gardner and Sons,Dining,37739.28,92189.98,0,Reversed,3363254597949040,900141104,2021-08-17
TXN-00001357,,CUST-27102,Thomas Spencer,lindanelson@example.com,(804)624-9397,2023-05-19,3621.58,Debit,EUR,Bishop PLC,Travel,30670.33,29318.91,0,Reversed,1396382264982707,551642375,2023-10-08
TXN-00001358,ACC-6237330,CUST-55671,Stacy Nicholson,cheryl00@example.com,+1-803-822-9698x93145,2021-06-26,2532.28,Fee,EUR,Johnson Group,Entertainment,35332.63,5010.95,0,Reversed,4370465726724067,462515606,2022-12-03
TXN-00001359,ACC-8800812,CUST-61557,Cody Moreno,curtis64@example.net,(953)701-9384x4047,2022-04-04,1443.11,Debit,GBP,"Salazar, Henderson and Price",Healthcare,33355.4,95148.38,0,Reversed,5133528086617968,466227541,2024-01-04
TXN-00001360,ACC-7729582,CUST-77638,Christopher Edwards,jreyes@example.net,825-930-2167x38047,2024-06-22,2731.98,Transfer,USD,"Wright, Marsh and Huffman",Entertainment,38342.43,31031.76,0,Reversed,7073218285592709,365790629,2022-01-30
TXN-00001361,ACC-6497961,CUST-44150,Kara Weaver,charlenemiller@example.org,001-284-440-3901x034,2023-08-08,10315.27,Refund,USD,Rice-Robbins,Utilities,6750.93,55784.01,0,Completed,6807820252566448,861525656,2022-12-14
TXN-00001362,ACC-9970467,CUST-70244,Tyler Cook,,+1-572-823-5303,2022-11-26,14324.98,Transfer,usd,Anderson Group,Travel,23977.16,42531.18,0,pending,8473813817619116,675283900,2024-05-02
TXN-00001363,ACC-3960516,CUST-93519,Mr. Christopher Chambers,hugheskaren@example.org,(781)718-2493x2832,2024-11-24,3523.48,Debit,GBP,"Warren, Rose and Bell",Entertainment,17182.45,29328.91,0,Completed,7338125340966973,966429882,2021-05-23
TXN-00001364,ACC-6919778,CUST-50816,Marissa Carter,matthew69@example.org,(983)854-1032x678,2022-04-14,4638.59,Credit,GBP,Gardner and Sons,Retail,24103.74,70316.55,1,Completed,1534263557988577,338786760,2023-03-09
TXN-00001365,ACC-3842390,CUST-85625,Michele Wilson,aaronstokes@example.com,841-804-8689x0637,2022-11-03,9613.37,Debit,GBP,Wilson LLC,Healthcare,33865.93,8870.39,0,Completed,2622320685158779,178904940,2020-10-04
TXN-00001366,ACC-6397064,CUST-60485,Willie Scott,,+1-630-513-1057x169,2023-08-18,13299.7,Fee,GBP,Day-Garcia,Grocery,48972.14,70033.45,1,Completed,8387561654468986,711948961,2021-05-31
TXN-00001367,ACC-1483113,CUST-80498,Angie Fox,olivia68@example.com,001-674-284-7586x21875,2023-05-03,210.63,Debit,eur,Sanchez Inc,Grocery,26071.12,66044.82,0,Failed,2587737463375840,135365337,2020-11-12
TXN-00001368,ACC-6401462,CUST-26613,Nicole Washington,melaniecarter@example.net,(227)371-3059x761,2024-08-09,10418.18,Refund,GBP,Mccarthy-Hawkins,Online,11877.81,42657.41,0,Completed,3762489973056246,550736927,2020-12-31
TXN-00001369,ACC-1136727,CUST-57848,Jake Velez,,615.903.3777,2023-04-02,14860.38,Fee,USD,"Russell, Wright and Graves",Retail,1709.28,2324.47,0,Completed,1113505310001007,456675322,2021-02-03
TXN-00001370,ACC-9789442,CUST-72791,Elizabeth Sloan,pkennedy@example.net,996.300.0320x66317,2023-07-13,6841.24,Debit,EUR,"Morgan, Barnes and Parks",Travel,7265.71,97235.5,0,Reversed,2155200698862024,919902136,2022-05-18
TXN-00001371,ACC-8841285,CUST-59605,Rachel Sanford,phillipsjustin@example.com,766-707-2998,2023-08-19,8566.76,Refund,EUR,Underwood-Allen,Utilities,8087.79,17463.97,0,Completed,6708211019748296,102800750,2024-09-13
TXN-00001372,ACC-3249673,CUST-91218,Dustin Burns,ymoreno@example.org,582-527-7893x4843,2023-09-20,11679.08,Debit,CAD,Castillo-Holmes,Entertainment,44685.81,45979.96,0,Reversed,4549644198134894,428942319,2023-04-10
TXN-00001373,,CUST-94523,Charles Adams,bauerandrew@example.org,+1-409-438-7614x733,2023-09-03,2512.82,Transfer,CAD,,Utilities,44042.28,20823.08,1,Completed,1868330647634928,485963544,2022-01-13
TXN-00001374,ACC-3491564,CUST-77562,James Lambert,sandrabishop@example.net,241.303.4555,2023-08-23,12737.78,Debit,GBP,Bishop PLC,Travel,24959.68,46098.39,0,Completed,8121233714386736,444863850,2023-02-10
TXN-00001375,ACC-3509644,CUST-86941,George Brown,,900.522.9007,2022-04-18,7324.0,Credit,GBP,Barnes Inc,Grocery,10001.79,70121.85,1,Failed,2056802286676369,773469412,2023-09-10
TXN-00001376,ACC-9523217,CUST-90627,Matthew Hamilton,miguel44@example.net,(222)403-6999x5753,2023-10-29,2352.82,Credit,GBP,Walters-Walsh,Healthcare,1628.48,46955.95,0,Completed,2163298287533649,651176467,2021-07-26
TXN-00001377,ACC-9114234,CUST-45448,Sharon Watkins,cynthiaanderson@example.org,(813)826-4011,2023-04-16,5058.14,Transfer,USD,Roach-Brooks,Entertainment,25562.3,54067.38,0,Pending,9466751866789848,123749782,2024-12-18
TXN-00001378,ACC-1936248,CUST-83065,Luke Hernandez,jennayu@example.net,555-250-7861,2023-07-30,7399.0,Credit,GBP,Morgan Inc,Grocery,8862.66,3119.25,0,Reversed,5673444562728313,445218862,2023-11-05
TXN-00001379,ACC-6768735,CUST-58969,Kayla Curry,andrew01@example.net,269.220.9907x278,2024-11-23,2203.32,Refund,CAD,Jones Ltd,Healthcare,45335.46,13755.92,0,Completed,1023270265612822,237131529,2024-05-17
TXN-00001380,ACC-4141244,CUST-48456,Katie Cox,matthewschroeder@example.com,(330)589-6469x62434,2023-06-25,3166.35,Transfer,JPY,"Roberts, Joyce and Sanchez",Grocery,42788.04,28046.65,0,Pending,6651290216517441,798873377,2022-07-07
TXN-00001381,ACC-8129809,CUST-16634,Victor Obrien,stacyhoward@example.net,(595)628-9216x722,2023-06-26,13562.26,Transfer,JPY,"Garcia, Mitchell and Wilson",Online,15067.39,27662.2,0,Failed,9727885189365732,591858171,2022-03-02
TXN-00001382,ACC-9915844,CUST-37869,Robert Kelley,stephen63@example.net,859.995.3246x689,2021-11-13,3642.62,Refund,EUR,"Russell, Wright and Graves",Grocery,44844.24,6381.68,1,Completed,1930160578415093,386726268,2023-08-05
TXN-00001383,ACC-9470648,CUST-11882,Peter Oneill,,001-396-454-0356x87429,2024-08-06,6903.32,Transfer,EUR,Roach-Brooks,Entertainment,31191.47,67809.7,0,Pending,1252617788106640,590364433,2021-05-25
TXN-00001384,ACC-4141275,CUST-75699,Pamela Smith,christopherfrazier@example.org,9124155001,2024-10-04,3222.37,Refund,JPY,Jacobs Inc,Online,38746.38,43839.43,0,Failed,6685327364379338,544122612,2023-02-15
TXN-00001385,ACC-1410539,CUST-65862,Ronald Gates,rgutierrez@example.org,774.229.4880x64068,2024-04-09,4856.94,Refund,GBP,Johnson LLC,Online,18900.78,54520.04,0,Pending,7567607793588749,219793917,2021-04-04
TXN-00001386,ACC-5382102,CUST-63111,Lydia Reyes,joel49@example.com,+1-679-858-2324x711,2023-08-05,674.91,Transfer,GBP,Donovan-Davis,Travel,2214.41,34997.05,0,Reversed,9351672032325350,782292923,2023-07-07
TXN-00001387,ACC-5809098,CUST-25501,Roger Griffin,mariahsmith@example.net,3792483553,2023-11-12,14636.66,Transfer,GBP,Roach-Brooks,Utilities,13950.89,46057.01,0,Pending,4208890316618002,747850402,2021-11-16
TXN-00001388,ACC-7608570,CUST-94978,Steven Miller,boyerjoshua@example.org,(409)363-5879,2020-09-04,9731.57,Debit,CAD,"Parker, Crosby and Thomas",Online,42563.88,52734.95,0,Failed,6336557736793919,717258154,2022-12-10
TXN-00001389,ACC-3546111,CUST-47855,Gary Miller,osmith@example.net,+1-989-689-0521x525,2020-06-05,14088.14,Fee,CAD,Morgan Inc,Online,33091.16,25368.94,0,Completed,9516109527687183,574042574,2023-11-28
TXN-00001390,ACC-7358879,CUST-16763,Clayton Tanner,edwardslaura@example.net,(719)819-8787x58273,2024-08-26,11756.72,Transfer,CAD,Hansen LLC,Grocery,14372.86,81974.42,1,Failed,3543818426275231,339821955,2023-11-02
TXN-00001391,,CUST-93344,Christopher Rodriguez,whitemelissa@example.org,244-225-1011,2021-09-18,6234.68,Refund,JPY,"Garcia, Mitchell and Wilson",Travel,38367.56,47562.55,0,Reversed,2335740524859625,814363033,2022-09-11
TXN-00001392,ACC-6308143,CUST-78616,Shelly Clark,qwilliams@example.net,001-586-417-2928,2023-10-12,12077.7,Credit,CAD,Morgan and Sons,Travel,18846.52,96790.57,0,Reversed,6211366321038324,998966244,2023-03-01
TXN-00001393,ACC-6390283,CUST-35390,Kerry Dudley,katherinephillips@example.org,(920)370-7319,2023-09-20,11040.96,Credit,EUR,"Wright, Marsh and Huffman",Grocery,31829.78,3742.1,0,Failed,9029590120173292,774543253,2024-06-25
TXN-00001394,ACC-7163147,CUST-80484,Michael Sanders,scottcamacho@example.com,(966)437-6373x354,2024-04-10,7973.1,Refund,JPY,Sanchez Inc,Utilities,46439.98,92717.3,0,Completed,3794781194512482,343898975,2020-03-12
TXN-00001395,,CUST-78185,Diana Jones,wardjennifer@example.org,7857688615,2023-11-24,7440.22,Debit,GBP,Martin Inc,Healthcare,11709.46,86815.21,0,Pending,4865528763703825,316703362,2020-12-27
TXN-00001396,ACC-4038768,CUST-47876,Emily Jones,marcusblair@example.org,8766679889,2021-12-12,12163.69,Transfer,JPY,"Wells, Anderson and Robinson",Retail,34498.34,6523.66,0,Pending,8622542344026454,210256191,2024-05-23
TXN-00001397,ACC-4374934,CUST-27537,Stanley Murphy,emma66@example.net,(934)849-6227,2022-10-12,4245.27,Credit,EUR,"Baker, Pierce and Lynch",Retail,5840.79,82340.17,0,Failed,1545312595962216,147751136,2022-02-17
TXN-00001398,ACC-4899295,CUST-48895,Patricia Hale,bellanthony@example.org,8918343429,2021-07-14,43.68,Debit,EUR,"Garcia, Martinez and Hernandez",Dining,31381.76,48974.96,0,Pending,7149440850247007,527434493,2021-07-22
TXN-00001399,,CUST-14945,Brandon Wilson,daniel21@example.net,+1-964-420-0090x98786,2024-07-20,1108.01,Debit,GBP,Long PLC,Retail,19874.8,18743.59,0,Completed,5407473167502561,609863762,2020-09-24
TXN-00001400,,CUST-15709,April Fritz,shannon81@example.net,6109353048,2021-06-23,9744.49,Transfer,CAD,"Warren, Rose and Bell",Entertainment,33261.75,92375.87,0,Completed,3321502764695707,803449051,2022-08-21
TXN-00001401,ACC-6361272,CUST-57211,Jonathan Pugh,carolinemartinez@example.com,479-390-9742x2350,2024-07-02,2306.9,Debit,USD,Williams-Spence,Dining,8007.09,4517.62,0,Completed,4697127810695363,492528762,2023-09-05
TXN-00001402,ACC-3770428,CUST-35732,Marcus Delgado,lopezkerri@example.net,(391)249-6733,2021-07-02,7962.64,Credit,CAD,Case PLC,Grocery,30017.93,47853.81,0,Reversed,4694458764796996,484088188,2022-04-02
TXN-00001403,ACC-9821726,CUST-30164,Adam Perkins,xmoore@example.net,+1-548-805-8691x9563,2023-02-13,3598.3,Transfer,EUR,Hansen LLC,Online,18217.05,55926.66,0,Reversed,1693171766566891,624341505,2023-12-28
TXN-00001404,ACC-9801756,CUST-10432,James Scott,hlane@example.org,+1-306-858-2821x135,2022-08-01,14385.11,Fee,EUR,Bishop PLC,Dining,41193.55,84250.12,0,Failed,1164598051268470,497575080,2020-02-23
TXN-00001405,ACC-7918492,CUST-99051,Jared Hammond,usmith@example.net,382-892-9847x8350,2024-09-13,1539.3,Refund,GBP,Logan-White,Grocery,40268.9,2536.42,0,Failed,9763750291403180,275884256,2021-02-17
TXN-00001406,ACC-1304390,CUST-18029,Courtney Craig,jamespratt@example.com,359-807-2667,2022-03-28,2539.02,Debit,USD,Sanchez Inc,Retail,8674.92,25953.69,0,Reversed,8689265050347255,914755488,2021-05-10
TXN-00001407,ACC-2525228,CUST-49481,Ryan Hughes,vsawyer@example.com,681.265.7458x0282,2024-01-11,5098.55,Debit,USD,Long PLC,Dining,3465.97,67493.89,0,Pending,3366454335847736,829420644,2024-10-19
TXN-00001408,ACC-3207907,CUST-93363,Madison Mcdaniel,johnsonrenee@example.net,(337)702-6691,2021-08-11,13742.74,Transfer,GBP,Johnson-Murray,Entertainment,37892.85,27687.33,0,Pending,3798570649291366,259626193,2021-04-18
TXN-00001409,ACC-1456832,CUST-22649,Mr. Christopher Beck,norrisryan@example.net,001-224-839-4356x840,2021-01-25,10370.35,Debit,JPY,Wilson LLC,Entertainment,38586.88,6516.84,0,Pending,5337486364542005,787939613,2023-04-15
TXN-00001410,ACC-4914714,CUST-53994,Rebecca Miranda,gjones@example.com,001-935-781-4918x82436,2021-04-16,12542.71,Debit,CAD,Logan-White,Dining,28142.31,71700.49,0,Reversed,7731401155989510,395060431,2022-04-15
TXN-00001411,ACC-8622005,CUST-70079,Megan Johnson,kgutierrez@example.com,712.810.2074x3210,2023-04-02,11028.92,Transfer,EUR,Johnson Group,Retail,39892.21,29301.79,0,Completed,4100100486171651,741469274,2020-04-20
TXN-00001412,ACC-1918551,CUST-26889,Amanda Rowland,rgarcia@example.com,941-712-5173x841,2022-09-20,5881.97,Debit,USD,Barnes Inc,Utilities,44754.21,24510.71,0,Reversed,3684790421289026,900889888,2024-05-17
TXN-00001413,,CUST-88409,Cody Mcbride,obaird@example.net,516-495-2359,2023-10-01,2967.5,Fee,CAD,Garcia-Freeman,Online,8944.46,15412.43,0,PENDING,9911398659274182,639501884,2020-11-15
TXN-00001414,ACC-3780888,CUST-34388,Amy Brown,evanhill@example.net,7726121878,2020-11-24,960.89,Fee,EUR,Day-Garcia,Retail,21324.92,59806.78,0,Failed,3893367645636535,745734964,2020-02-27
TXN-00001415,ACC-5886670,CUST-15553,Karen Thompson,mark74@example.net,(939)790-4331x68207,2024-12-02,5772.04,Credit,GBP,Castillo-Holmes,Retail,24009.94,3713.24,0,Failed,6544362840393536,370196412,2024-07-18
TXN-00001416,ACC-4699645,CUST-85403,Jerry Wright,myerscory@example.org,419-327-1339x7450,2023-12-17,5545.53,Debit,GBP,Roach-Brooks,Healthcare,21860.15,3601.99,0,Pending,4099422185215560,221265124,2021-12-22
TXN-00001417,ACC-4930731,CUST-37161,Heather Rodriguez,ashley49@example.com,+1-866-343-9132,2024-01-05,13847.21,Fee,JPY,Johnson LLC,Utilities,42882.93,55728.86,1,Completed,1354657649691528,722024835,2023-08-01
TXN-00001418,ACC-6797632,CUST-17758,George Greene,joshua08@example.org,451-829-1958x7095,2022-11-07,11168.85,Debit,GBP,Garcia-Freeman,Entertainment,16684.02,48739.6,0,Pending,4130122910938897,104808734,2023-02-19
TXN-00001419,ACC-6091897,CUST-75923,Richard White,gregory58@example.com,596.735.0299,2024-08-18,$6320.85,Transfer,JPY,"Roberts, Joyce and Sanchez",Online,44368.31,56197.78,0,Reversed,6735375526055405,688101580,2021-05-26
TXN-00001420,ACC-7091097,CUST-15418,Ryan Mccoy,qbartlett@example.com,(352)386-8384x32476,2023-02-12,11099.33,Refund,CAD,Johnson-Murray,Entertainment,47684.05,38701.54,0,Completed,3829645431327045,962052322,2024-06-30
TXN-00001421,ACC-2733144,CUST-24492,Dennis Dixon,nathanrussell@example.net,744.746.8717x4909,2024-03-07,9527.28,Credit,GBP,Jacobs Inc,Dining,35192.91,89338.75,0,Failed,2174334079277687,578564209,2022-05-11
TXN-00001422,ACC-5451132,CUST-16468,Tyler Daniels,ndavis@example.com,001-853-621-7091x177,2024-02-22,13445.24,Transfer,CAD,Bishop PLC,Healthcare,25123.72,78809.22,0,Completed,5069428379515368,283100200,2024-09-19
TXN-00001423,ACC-3615278,CUST-13075,Tina Robbins,jessica58@example.net,294.492.1475x85704,2022-05-30,4336.27,Transfer,GBP,Barnes Inc,Travel,38166.64,76213.17,0,Reversed,2100583246155888,162982928,2023-11-25
TXN-00001424,ACC-4485520,CUST-72712,Mark Farrell,andersonnathan@example.net,752-751-6129x54017,2020-05-25,9986.44,Transfer,EUR,Rice-Robbins,Healthcare,44683.25,76877.6,0,Completed,1704206464917738,672837495,2021-05-21
TXN-00001425,ACC-7126308,CUST-41558,Kelly Fowler,jonathanlee@example.org,(841)505-2835,2024-01-28,9758.36,Credit,EUR,Hunt-Woods,Utilities,1023.22,91454.78,0,Reversed,5516827856158176,689509602,2022-08-07
TXN-00001426,ACC-7397754,CUST-48072,Anthony Logan,hvalentine@example.com,(871)247-7809,2026-11-26,926.54,Debit,CAD,,Travel,21635.01,62980.82,0,Reversed,1490853995882299,888707384,2020-03-22
TXN-00001427,ACC-5937963,CUST-48010,Shane Williams,ann28@example.com,6474932002,2022-12-08,10976.19,Credit,GBP,Bishop PLC,Healthcare,36524.71,11804.52,0,Completed,2842934389036036,869290721,2023-04-15
TXN-00001428,ACC-2167304,CUST-17162,Richard Haynes,lsanchez@example.com,984-376-0693,2023-09-09,9793.85,Credit,JPY,,Travel,788.69,26361.53,0,Failed,3834150456404407,117476520,2023-12-31
TXN-00001429,ACC-2436104,CUST-27051,Mary Garcia,melaniefloyd@example.net,884.512.7310,2020-05-30,14364.29,Credit,JPY,Roach-Brooks,Healthcare,14102.74,88929.45,0,Completed,1478670170691152,333030800,2020-06-29
TXN-00001430,ACC-6309945,CUST-15098,Theresa Cannon,holmesadam@example.com,001-263-477-0270,2022-03-03,5466.8,Refund,USD,Oneal Inc,Dining,25870.79,46115.23,0,Failed,2896537929005339,660908267,2021-04-11
TXN-00001431,ACC-6891831,CUST-25786,Roberto Johnson,ana99@example.net,001-726-226-6568x0428,2026-10-22,5183.77,Debit,JPY,Garcia-Freeman,Grocery,3134.67,40910.63,0,Completed,6615477398457361,223328139,2020-08-02
TXN-00001432,ACC-8288460,CUST-32828,Joshua Wood,ryanwoodard@example.org,665.334.7383x521,2024-11-06,14469.24,Refund,USD,Dean LLC,Travel,5669.32,8848.0,0,Pending,5313283215857437,212784227,2023-08-18
TXN-00001433,ACC-5274081,CUST-75392,Kelly Johnson,heather71@example.net,+1-930-631-0112,2021-01-17,12855.18,Transfer,GBP,"Baker, Pierce and Lynch",Retail,48156.0,2031.34,0,Reversed,4277917922184062,256364330,2020-01-15
TXN-00001434,ACC-6136886,CUST-52058,Matthew Roberts DDS,cynthia67@example.org,(721)954-4647x9761,2024-07-24,6580.95,Debit,GBP,,Dining,15756.34,4152.28,0,Reversed,3102620347724846,537559983,2020-03-20
TXN-00001435,ACC-4985461,CUST-19748,Dana Barry,wmays@example.org,(584)351-8185,2024-09-02,1487.47,Fee,USD,Oneal Inc,Healthcare,254.19,93137.14,0,Completed,9275287236998400,859449402,2020-08-14
TXN-00001436,ACC-4099282,CUST-77678,Deborah Hoffman,christophergarcia@example.org,3099578294,2022-12-02,$14909.11,Refund,GBP,Barnes Inc,Retail,29155.18,66514.8,0,Failed,3457683153364141,419817429,2023-12-20
TXN-00001437,ACC-5372123,CUST-94511,Michael Nash,alexandria27@example.net,(215)350-3968,2020-12-21,4961.98,Refund,EUR,"Hampton, Morgan and Hayes",Dining,1719.59,41112.3,1,Reversed,8165556299892024,189132164,2020-03-17
TXN-00001438,ACC-3276171,CUST-71384,Justin Jones,,492-420-7355x620,2020-10-30,5014.45,Transfer,eur,Jones Ltd,Dining,47585.82,17934.97,0,Reversed,9154946448267314,589107409,2022-07-28
TXN-00001439,ACC-3260770,CUST-42957,Laura Huff,leecharles@example.net,+1-994-584-7071,2020-04-20,7614.23,Fee,CAD,Anderson Group,Utilities,84.41,1301.42,0,Pending,4129259068238444,718833178,2020-12-31
TXN-00001440,ACC-8252329,CUST-60507,Mary Miller,,001-499-347-6598x4576,2020-06-20,821.91,Refund,EUR,Jones Ltd,Retail,8604.68,25645.79,0,Pending,6331291933007248,791931723,2024-09-21
TXN-00001441,ACC-8020843,CUST-86864,Amanda Edwards,hamiltondavid@example.org,001-969-361-3873x435,2022-05-16,-13108.09,Credit,US Dollar,Jones Ltd,Healthcare,2426.26,68515.86,0,Pending,1441395788237407,619054519,2021-03-19
TXN-00001442,ACC-4834038,CUST-37103,Rebecca Stuart,lovekaitlyn@example.org,377-504-7290x2388,2021-03-23,11361.27,Fee,CAD,"Parker, Crosby and Thomas",Utilities,542.24,53334.56,0,Reversed,7406762590818015,109220583,2024-06-10
TXN-00001443,ACC-1444748,CUST-95014,Michelle Griffin,grantphillip@example.org,(510)281-4409,2020-03-16,10740.23,Transfer,USD,"Roberts, Joyce and Sanchez",Grocery,17388.15,53086.47,0,Pending,1705781740606909,151492420,2023-11-17
TXN-00001444,ACC-6896934,CUST-58597,Richard Hudson,amy72@example.net,948-946-3462,2024-12-30,10645.66,Refund,GBP,Castillo-Holmes,Retail,37962.48,83115.68,1,Failed,2106307752804460,548587990,2020-05-14
TXN-00001445,ACC-1709824,CUST-67700,Reginald Moore,raven63@example.org,8728731256,2022-03-28,5886.88,Credit,CAD,Underwood-Allen,Retail,18276.0,70217.46,0,Pending,7767908295505317,754890392,2020-01-30
TXN-00001446,ACC-8423038,CUST-46579,Dustin Myers,peter42@example.net,(560)853-3920x3300,2023-02-28,3555.53,Credit,USD,Oneal Inc,Online,41798.06,10273.74,0,Reversed,6453708413811665,399656218,2021-01-20
TXN-00001447,ACC-2765230,CUST-53568,Susan Tucker,jeffrey42@example.net,411.484.6298x20107,2024-08-03,12386.01,Refund,GBP,"Parker, Crosby and Thomas",Entertainment,16619.03,87209.05,0,Failed,1859982050597449,138416820,2021-02-09
TXN-00001448,ACC-5884476,CUST-82773,Julie Curry,downsjustin@example.net,778.598.3373x20253,2022-05-29,14202.45,Refund,GBP,Bishop PLC,Online,2473.84,43025.55,0,Pending,6324222861685068,377789002,2023-09-16
TXN-00001449,ACC-3292264,CUST-75073,Stacey Stewart,adam78@example.com,660-374-1688x11346,2020-01-03,10480.97,Fee,USD,Hunt-Woods,Grocery,48922.29,29161.01,0,Completed,1422439990709843,195560349,2024-10-19
TXN-00001450,ACC-1092641,CUST-75900,Olivia Spencer,micheal38@example.net,317.650.0956,2020-11-07,32.48,Debit,GBP,Gardner and Sons,Dining,-345.51,63767.25,0,Completed,8602669390129523,674203426,2024-07-09
TXN-00001451,ACC-2415453,CUST-83728,Kim Levine,chapmanclaudia@example.org,593-887-1344x3915,2020-02-07,11952.51,Refund,JPY,Dean LLC,Healthcare,5245.42,40654.36,0,Completed,5598465957337531,870433284,2020-06-02
TXN-00001452,ACC-3833703,CUST-71110,Mr. Manuel Pace MD,tkelly@example.com,001-321-733-8796x0204,2023-11-13,6512.84,Refund,EUR,Brown Group,Retail,32166.23,13388.65,0,Failed,5400161637757251,120752638,2024-03-07
TXN-00001453,ACC-7916730,CUST-56622,Joseph Todd,santiagomelissa@example.net,(246)831-2128x33109,2024-01-16,12739.86,Transfer,CAD,Long PLC,Retail,25922.75,30925.13,0,Failed,7276986293097565,368623862,2024-11-24
TXN-00001454,ACC-4220810,CUST-97644,Leah Willis,taylordanielle@example.net,+1-590-492-1890x0091,2023-04-13,14669.1,Refund,GBP,Jacobs Inc,Travel,28594.63,22504.57,1,Completed,9720169838874822,680996937,2021-08-25
TXN-00001455,ACC-6095718,CUST-49801,Connor Pham,melissale@example.net,472-770-0318x513,2021-06-06,8347.1,Debit,EUR,"Russell, Wright and Graves",Online,20236.29,78704.65,0,Reversed,1606201493906395,570681857,2021-11-26
TXN-00001456,ACC-8428736,CUST-61425,Allison Cox,robinsonrichard@example.net,955-602-4360x41103,2024-03-23,3341.25,Debit,USD,Wilson LLC,Travel,36777.05,60682.17,0,Pending,1262121335965677,737414902,2020-12-05
TXN-00001457,,CUST-36563,Jeffrey French,phillipsmeghan@example.org,(566)949-7844,2021-08-27,9634.39,Refund,USD,Logan-White,Retail,26629.59,79821.0,0,Completed,7987905976061074,981119021,2022-12-07
TXN-00001458,ACC-7343371,CUST-65993,Sarah Johnson,,(328)779-1488x134,2024-11-24,13970.73,Transfer,CAD,Hansen LLC,Online,20149.36,9773.83,0,pending,6086312070547906,487119506,2023-02-05
TXN-00001459,ACC-6530519,CUST-42839,Mr. Lonnie Taylor,thompsonangela@example.com,001-316-471-1007x985,2023-12-09,1962.37,Credit,GBP,Barnes Inc,Healthcare,28620.04,56122.4,0,Completed,4810754341729634,313125037,2024-03-08
TXN-00001460,ACC-1380231,CUST-78573,Susan Garcia,adamsjohn@example.net,(492)571-7693x43175,2020-09-02,3806.79,Transfer,GBP,Tucker Ltd,Dining,48994.54,99021.6,0,Pending,7626641846884003,838016676,2023-02-12
TXN-00001461,ACC-4378985,CUST-12904,Christina Leblanc,wendydominguez@example.org,486-596-6357x346,2022-09-08,10645.27,Credit,JPY,Tucker Ltd,Retail,10758.13,8596.11,1,Completed,5775963291299460,556158192,2020-02-16
TXN-00001462,ACC-4789853,CUST-41293,William Nunez,fosterstacey@example.org,619-475-3328x4093,2021-07-21,1136.0,Transfer,USD,Case Inc,Entertainment,2636.8,71367.9,1,Failed,6686547824249322,324127820,2021-02-12
TXN-00001463,ACC-9245217,CUST-50313,Heidi Johnson,jacobnguyen@example.com,918-816-2309x270,2020-10-23,11681.2,Transfer,USD,Morgan Inc,Healthcare,27783.43,11697.0,0,Pending,1750427668251975,798324156,2023-12-27
TXN-00001464,ACC-8490356,CUST-53639,Angela Waters,castrosteven@example.net,001-524-429-9906x39677,2021-11-15,12038.06,Credit,USD,Oneal Inc,Utilities,21885.82,43352.5,0,Failed,8932728719774603,521401527,2024-10-24
TXN-00001465,ACC-5515142,CUST-33693,Courtney Villa,daniellewilson@example.org,(383)231-7430x17199,2021-06-02,6785.39,Refund,GBP,David-Martinez,Utilities,10472.49,39516.06,0,Reversed,4668345461778155,546400951,2023-12-22
TXN-00001466,ACC-3621681,CUST-44658,Austin Wolfe,matthew80@example.net,+1-774-516-4927x305,2023-08-29,966.32,Debit,JPY,Castillo-Holmes,Utilities,13400.27,88215.95,0,Reversed,9642365383666925,899486796,2022-10-11
TXN-00001467,ACC-5369328,CUST-61251,Miss Victoria Solomon,jbrown@example.org,+1-212-299-5785,2020-03-01,7111.35,Credit,JPY,"Russell, Wright and Graves",Healthcare,2538.75,39295.52,0,Reversed,6022142019862006,986059190,2024-01-31
TXN-00001468,ACC-4393295,CUST-98717,Jennifer Hoffman,vharris@example.com,+1-923-481-2778x4016,2021-11-06,8822.78,Fee,JPY,,Online,16033.89,67983.68,0,Pending,8763882488407265,452707359,2021-06-17
TXN-00001469,ACC-8903724,CUST-25913,Jillian Medina,ymiller@example.com,(962)887-3448,2021-08-02,2.71,Transfer,USD,Day-Garcia,Online,10832.78,93951.01,0,Completed,3092971136767850,978803939,2021-12-30
TXN-00001470,ACC-6735032,CUST-33702,Anita Meadows,kendramiller@example.org,278-459-0126,2026-10-07,11964.63,Debit,JPY,Garcia-Freeman,Utilities,32065.86,43722.55,0,Pending,8442705951256587,823927058,2024-08-16
TXN-00001471,ACC-9559183,CUST-85027,Christopher Adams,allen99@example.org,570-992-6506x482,2021-05-20,3877.24,Fee,JPY,"Warren, Rose and Bell",Utilities,11335.43,31190.16,0,Pending,7542588837773968,836414203,2020-04-10
TXN-00001472,ACC-5312402,CUST-44074,Anna Boyer,nathanholmes@example.com,001-818-232-9411x1686,2022-10-10,12840.64,Refund,GBP,Johnson LLC,Travel,12731.19,4329.02,1,Completed,2115867573093693,996382371,2022-07-02
TXN-00001473,ACC-6555966,CUST-29234,Shannon York,reynoldsjessica@example.com,8508922772,2024-11-08,937.02,Fee,JPY,"Wells, Anderson and Robinson",Utilities,42810.09,51632.81,0,Pending,5446536646811403,241147414,2024-08-12
TXN-00001474,ACC-5027568,CUST-81973,Stephen Mitchell,sharonsmith@example.com,703.619.4164x4433,2021-10-13,8745.25,Transfer,GBP,Case Inc,Healthcare,34302.96,47148.69,0,Pending,5252977511215940,850416342,2022-05-18
TXN-00001475,ACC-1784532,CUST-80682,Jeffrey Singh,tracey50@example.com,373.371.2569,2023-12-29,$7733.67,Refund,JPY,Day-Garcia,Healthcare,18954.4,72677.17,0,Reversed,3712603581958624,211239223,2020-08-16
TXN-00001476,,CUST-54745,David Bowman,michelle31@example.net,(346)570-1788,2024-12-26,5264.62,Refund,USD,,Entertainment,27268.47,20159.35,0,Reversed,4467719487612405,351842824,2024-02-28
TXN-00001477,ACC-1336425,CUST-93860,Regina Burton,derekferguson@example.org,(864)915-0795,2021-03-17,7913.35,Credit,CAD,"Garcia, Mitchell and Wilson",Retail,24509.92,7242.59,0,Reversed,7805297079503778,433627454,2024-03-09
TXN-00001478,ACC-9769803,CUST-85652,Toni Hahn,xpatterson@example.org,001-420-813-5834x229,2023-08-09,10115.11,Refund,JPY,Bishop PLC,Entertainment,19554.25,72713.67,0,Pending,3951611286093971,235247163,2021-06-11
TXN-00001479,ACC-8106959,CUST-67666,Linda Davis,michelle25@example.com,(987)428-1362x276,2020-03-27,7410.78,Refund,USD,Bishop PLC,Online,32438.8,89087.41,0,Failed,9500688685403309,458610966,2022-07-23
TXN-00001480,ACC-6292341,CUST-29835,Kenneth Choi,sheena13@example.org,879-546-2383,2023-05-08,8051.88,Fee,USD,Jones Ltd,Travel,34438.73,20035.86,0,Completed,4648823349185114,466272908,2021-07-05
TXN-00001481,ACC-2608682,CUST-18583,Scott Cooper,trobinson@example.com,001-812-804-7463x9524,2021-12-09,1929.08,Transfer,CAD,Case Inc,Entertainment,13940.56,83398.22,0,Completed,6459238082842508,939867750,2023-05-21
TXN-00001482,,CUST-71886,Charles Cannon,gsmith@example.org,907.736.5113x32744,2023-08-30,14519.25,Refund,CAD,Day-Garcia,Retail,22272.82,3574.98,0,Completed,7409587861234994,694355476,2021-02-06
TXN-00001483,ACC-6408871,CUST-11063,Terry Blanchard,teresamullins@example.net,680.297.9014x37357,2024-10-17,2897.86,Debit,GBP,Donovan-Davis,Travel,44430.31,16973.88,0,Completed,1541264236296526,422025981,2023-11-30
TXN-00001484,ACC-2157796,CUST-48303,Mark Hull,roylevine@example.net,4014929880,2023-04-01,6052.77,Fee,CAD,Jacobs Inc,Online,16039.04,85726.49,0,Completed,4808256188651030,486950208,2022-05-27
TXN-00001485,ACC-4291298,CUST-34459,Todd Murphy,tammy91@example.net,859.446.2613x221,2020-03-25,7993.12,Credit,GBP,"Baker, Pierce and Lynch",Utilities,36140.34,37599.39,0,Failed,7362416174888714,761508599,2022-11-11
TXN-00001486,ACC-8330752,CUST-75608,Tina Hart,ethompson@example.org,001-600-627-1346x2538,2022-06-06,7734.5,Debit,JPY,"Watts, Fuller and Morris",Healthcare,40077.91,97306.09,0,Failed,9319291814977615,308292411,2024-03-19
TXN-00001487,ACC-4236090,CUST-83995,Jeffrey Jefferson,kingadam@example.org,(980)433-0769x5008,2020-10-12,0.0,Credit,JPY,Rice-Robbins,Grocery,20331.78,45398.61,0,Pending,5825340532962251,196185696,2023-06-11
TXN-00001488,ACC-4564798,CUST-94187,Christine Davenport,damon88@example.org,001-414-831-2228x8198,2024-04-07,12442.7,Transfer,usd,Brown Group,Online,12950.99,27001.78,0,Pending,1979439292358866,244300308,2024-11-26
TXN-00001489,ACC-9583249,CUST-29795,Michelle Bell,rubenramirez@example.net,001-286-339-8771x56510,2024-01-21,1780.44,Fee,CAD,Johnson LLC,Travel,6489.43,2833.55,1,complete,2717704710427021,767522383,2021-12-16
TXN-00001490,ACC-8290984,CUST-83244,Patricia Noble,russell21@example.com,(940)793-8352,2024-03-20,14103.53,Credit,JPY,Johnson LLC,Grocery,24248.6,43155.35,0,Completed,6084150411006353,832456240,2023-11-28
TXN-00001491,ACC-4364957,CUST-25532,Brad Miller,ashleystevens@example.net,+1-467-627-7041x256,2024-08-06,4051.72,Transfer,EUR,Donovan-Davis,Dining,20711.45,2677.57,0,Failed,9087529242114043,209904208,2024-02-15
TXN-00001492,ACC-5463820,CUST-85276,Katrina Hayes,bullockcatherine@example.org,(372)456-3700x825,2021-11-11,13235.47,Fee,CAD,,Retail,5545.7,98589.51,0,Completed,7208177320884849,507243921,2021-08-22
TXN-00001493,ACC-3161449,CUST-12368,Robert Adkins,ykrause@example.com,001-833-465-3847x7733,2024-09-18,986.92,Transfer,CAD,Castillo-Holmes,Travel,31993.83,32382.44,0,Completed,1447222178909517,114594465,2020-08-07
TXN-00001494,ACC-4635438,CUST-64572,Diane Garrett DVM,amandapatterson@example.net,9645753255,2020-02-06,11344.96,Fee,JPY,Morgan and Sons,Travel,16686.55,98232.5,1,Failed,6962420453709075,322880855,2020-09-15
TXN-00001495,ACC-2955195,CUST-58708,Donna Underwood,lauracook@example.net,+1-598-585-5059x206,2021-02-06,882.79,Transfer,EUR,"Watts, Fuller and Morris",Grocery,42437.74,41991.26,0,Pending,3933663480783830,430996315,2023-10-18
TXN-00001496,ACC-1292587,CUST-49378,Mr. Timothy Bryant,johnsonderek@example.com,279-587-3216x28230,2023-05-05,14829.81,Refund,USD,Dean LLC,Dining,27809.89,74467.4,0,Failed,6287683725937627,712216180,2024-02-08
TXN-00001497,ACC-6586883,CUST-93705,Luis Grant,bakermichelle@example.org,+1-623-764-6660x458,2022-07-11,3155.17,Transfer,us dollar,David-Martinez,Travel,35733.32,4127.36,0,Pending,2608102448419406,791432464,2024-05-08
TXN-00001498,ACC-7717215,CUST-75223,Christian Adams,,001-784-671-5415x970,2022-06-21,8687.62,Credit,CAD,"Roberts, Joyce and Sanchez",Utilities,34527.41,81618.0,0,Completed,9312644392627205,669774042,2024-11-27
TXN-00001499,ACC-5369272,CUST-28927,Shannon Torres,benjaminball@example.net,435.766.5726,2023-04-23,10742.32,Credit,USD,Johnson LLC,Entertainment,12688.63,99555.95,0,Failed,8930942042759918,148410256,2021-01-27
TXN-00001500,ACC-2384927,CUST-30107,Carolyn Floyd,ashley62@example.net,760-581-0857x88004,2020-04-15,7174.13,Transfer,CAD,Mccarthy-Hawkins,Dining,10324.86,47677.76,1,Failed,9509681243622008,590606532,2021-05-31
TXN-00001501,ACC-4168658,CUST-43599,Kyle Foster,griffinrobert@example.com,629.607.6582,2020-02-15,7807.77,Fee,GBP,"Garcia, Mitchell and Wilson",Retail,47341.63,8686.56,0,Completed,6233193821772654,360655355,2023-12-25
TXN-00001502,ACC-1561727,CUST-10308,Leslie Hicks,rkramer@example.net,+1-354-685-0678,2020-03-17,12667.56,Transfer,CAD,Jacobs Inc,Healthcare,19007.6,49932.39,0,Pending,4150510992952696,109012008,2024-11-26
TXN-00001503,ACC-6340631,CUST-52838,Jeffrey Nielsen,dawn99@example.org,585-891-0615x343,2024-12-15,10877.17,Debit,CAD,Johnson Group,Entertainment,13863.35,33210.53,0,Failed,8067228354495406,208585689,2020-11-14
TXN-00001504,,CUST-18027,Samuel Lambert,novakbrandon@example.com,001-910-684-8241,2020-05-08,9947.61,Credit,CAD,Day-Garcia,Entertainment,35683.65,69545.78,0,Failed,3386519027679130,965768101,2022-06-02
TXN-00001505,ACC-9642054,CUST-40694,Paul Lopez,michaelsanders@example.net,(223)905-3051x327,2020-11-18,1644.29,Transfer,USD,Tucker Ltd,Dining,4360.01,85249.47,0,Pending,7739225131583022,516621368,2024-08-01
TXN-00001506,ACC-9661485,CUST-21539,Erika Cohen,ksanders@example.org,7882615892,2023-12-10,11818.41,Credit,USD,"Wells, Anderson and Robinson",Retail,49809.88,56794.12,0,Pending,4592137530087877,588291164,2023-04-02
TXN-00001507,ACC-7546411,CUST-95267,Colin Gonzalez,carol75@example.org,657.396.5931,2022-08-09,12383.96,Debit,EUR,Anderson Group,Travel,16531.61,37499.2,0,Failed,2629580749466034,402313006,2022-03-16
TXN-00001508,ACC-9164904,CUST-44581,Julia Murray,deborah40@example.net,960.224.2011,2023-09-18,13363.98,Fee,USD,Logan-White,Travel,8348.4,51025.37,0,Completed,6615701611215429,273742923,2022-12-10
TXN-00001509,ACC-3556923,CUST-53431,Vincent Price,noahwilliams@example.net,986.236.0574,2022-07-01,9616.34,Refund,EUR,David-Martinez,Grocery,21517.66,23911.9,0,Reversed,4031864956973003,154128153,2024-09-01
TXN-00001510,ACC-6869115,CUST-70367,Jessica Church,wrightbenjamin@example.net,511-512-7761x38672,2024-11-15,14068.99,Fee,CAD,Wolfe-Holden,Retail,28941.86,91719.48,0,Failed,6507249261116853,871143088,2024-06-06
TXN-00001511,ACC-6325635,CUST-28423,Mary Tran,ipeterson@example.net,828-548-5505,2020-10-09,5521.08,Credit,JPY,Day-Garcia,Entertainment,30946.55,26342.56,0,Failed,3319533395938856,790533948,2023-10-04
TXN-00001512,ACC-1377399,CUST-30305,Ryan Walker,wattsscott@example.com,484.611.0734,2023-06-18,2573.97,Credit,JPY,Case Inc,Dining,26504.43,66652.3,0,Completed,4997530433851536,435402974,2023-07-04
TXN-00001513,ACC-5097416,CUST-23984,Jamie Roberts,stevensonlisa@example.org,493.786.3085,2021-08-18,5034.41,Transfer,JPY,Johnson-Murray,Utilities,24277.39,75597.35,0,Completed,4582199032695597,170160988,2021-03-25
TXN-00001514,ACC-5725995,CUST-65612,Lisa Thomas,martinabigail@example.com,001-218-223-3294x1946,2026-11-09,235.43,Transfer,EUR,David-Martinez,Healthcare,5336.18,21882.45,0,Reversed,8833922714557083,460580763,2023-09-21
TXN-00001515,,CUST-72161,Kristen Rivera,murphyshawn@example.com,(304)411-9050x783,2020-02-18,13625.23,Debit,JPY,"Morgan, Barnes and Parks",Healthcare,6473.71,14180.64,1,Reversed,7545875094898370,847143182,2021-01-11
TXN-00001516,ACC-6129133,CUST-20204,Christopher Sharp,eortiz@example.net,(293)463-1786,2020-05-10,5273.38,Debit,GBP,"Salazar, Henderson and Price",Online,33428.74,44167.49,0,Failed,7231840037508327,858648887,2022-04-05
TXN-00001517,ACC-1672087,CUST-68050,Sara York,sellersdustin@example.org,892.841.2563x74762,2020-08-19,2850.41,Credit,CAD,Morgan and Sons,Online,28019.21,51096.93,0,Completed,6835401430991745,202166909,2020-05-15
TXN-00001518,ACC-1137817,CUST-46956,Elijah Williams,dcalderon@example.net,001-473-971-1617x4135,2020-10-18,2160.93,Debit,GBP,Sanchez Inc,Travel,42089.85,83337.62,0,Pending,4444240459894805,327843262,2020-08-16
TXN-00001519,ACC-7813520,CUST-91455,Albert Rose,nromero@example.org,209-271-6283x4754,2024-12-06,6094.52,Refund,GBP,"Roberts, Joyce and Sanchez",Healthcare,48833.57,8363.66,0,Reversed,1649899128752835,748141531,2022-12-15
TXN-00001520,ACC-2844532,CUST-25427,Victoria Hernandez,nelsonryan@example.com,(260)988-6016,2022-01-27,12106.46,Refund,CAD,Morgan Inc,Entertainment,28792.05,89854.34,0,Completed,4231910529246275,794907081,2022-01-25
TXN-00001521,ACC-7750203,CUST-49508,Catherine Palmer,,001-952-309-8114x9001,2020-09-23,14036.75,Debit,JPY,Case Inc,Healthcare,25546.91,2035.84,0,Failed,7165438383062133,972355344,2021-07-29
TXN-00001522,ACC-1432966,CUST-78047,Larry White,csimon@example.com,581-382-8310,2023-10-04,6925.57,Credit,GBP,"Parker, Crosby and Thomas",Online,27346.85,35293.24,0,Completed,9154966052296026,399674293,2020-04-10
TXN-00001523,ACC-9538905,CUST-88955,Linda Grant,smithgabriella@example.org,274-312-3157x70733,2021-06-07,907.17,Debit,GBP,Castillo-Holmes,Travel,36531.53,82704.68,0,Pending,7652738580081854,407726198,2021-09-25
TXN-00001524,ACC-8692972,CUST-25299,Madeline White,imccoy@example.net,631-203-1630,2020-09-01,8081.23,Fee,CAD,"Wells, Anderson and Robinson",Dining,19560.63,99829.48,0,Pending,9024821746085847,984365189,2022-07-01
TXN-00001525,ACC-9688588,CUST-48231,Christine Navarro,richardcampbell@example.com,+1-985-769-3440,2022-02-06,6955.03,Debit,JPY,Donovan-Davis,Travel,29200.1,44377.29,0,Completed,6204780591186359,405909244,2020-09-04
TXN-00001526,ACC-6903875,CUST-55025,Mary Dominguez,laurafry@example.org,001-531-798-2630,2023-09-17,12292.11,Refund,CAD,Morgan Inc,Grocery,39452.57,28451.28,0,Completed,8801824119056058,777437309,2023-08-03
TXN-00001527,ACC-1330646,CUST-19337,Laura Green,zunigagloria@example.org,961.266.0333,2022-09-20,5599.52,Debit,USD,Oneal Inc,Healthcare,48419.89,3653.27,0,Pending,8712381967583873,216439885,2023-07-31
TXN-00001528,ACC-8512800,CUST-26669,Vanessa Chambers,vdavis@example.com,001-253-312-3415x775,2021-06-13,2751.98,Credit,GBP,"Warren, Rose and Bell",Utilities,31131.02,36380.36,0,Failed,2713916086865730,781455020,2022-12-25
TXN-00001529,ACC-7770519,CUST-50374,Samuel Gallegos,david69@example.net,001-330-477-1232,2020-11-14,5328.59,Transfer,EUR,"Armstrong, Scott and Saunders",Healthcare,15696.21,92387.06,0,Pending,3521138740283083,155070211,2021-07-17
TXN-00001530,ACC-7808486,CUST-15500,Mark Johnson,pamelanelson@example.com,273.772.2770x15590,2022-07-26,1093.13,Debit,JPY,Walters-Walsh,Entertainment,20628.63,90547.07,0,Completed,5564941385587871,150572352,2023-06-29
TXN-00001531,ACC-7273543,CUST-14397,John Wong,antoniohale@example.org,(877)920-8096x49271,2020-04-22,6168.25,Fee,EUR,Hunt-Woods,Retail,47505.12,44472.99,1,Failed,7385419639381970,502098315,2024-02-09
TXN-00001532,ACC-7514052,CUST-92361,Larry Andrews,kathleenwilliams@example.com,+1-839-934-9230x6794,2020-08-20,16.55,Transfer,CAD,Wilson LLC,Healthcare,36278.56,5125.96,0,Failed,3074456275035096,723171412,2021-06-25
TXN-00001533,ACC-1557788,CUST-98789,Austin Olson,littletamara@example.net,001-384-566-1339x26289,2020-12-15,1083.32,Credit,CAD,Sanchez Inc,Dining,45226.44,3698.04,0,Reversed,1558587319587748,254385488,2021-05-16
TXN-00001534,ACC-8822343,CUST-51293,Shannon Luna,jacob49@example.org,+1-554-952-5241x6166,2020-09-12,14183.77,Fee,JPY,Garcia-Freeman,Entertainment,4377.86,36895.14,1,Reversed,1449652695698051,479724034,2021-04-24
TXN-00001535,ACC-5537951,CUST-33348,David Howard,webbjoseph@example.net,584-581-3267,2021-01-02,1209.69,Credit,JPY,Roach-Brooks,Healthcare,13165.87,79861.14,0,Completed,1741846184943758,278208310,2020-10-20
TXN-00001536,ACC-6577986,CUST-76409,Scott Fisher,scottmonroe@example.net,001-926-354-9527,2023-03-06,8420.59,Debit,JPY,Case PLC,Healthcare,12316.8,93186.44,0,Reversed,1540234489657420,841905225,2023-08-06
TXN-00001537,ACC-4580672,CUST-75884,Monique Harris,parksvanessa@example.org,310.333.7336,2024-04-11,7067.83,Fee,USD,Underwood-Allen,Retail,43256.15,45571.59,0,Pending,1542673538203464,323207262,2022-12-20
TXN-00001538,ACC-4529489,CUST-71008,Sarah Becker,jordancarolyn@example.org,001-373-339-8832x550,2022-10-08,3338.21,Transfer,USD,"Garcia, Martinez and Hernandez",Healthcare,46153.36,17275.49,0,Completed,7513496740655324,399205718,2023-01-31
TXN-00001539,ACC-1581219,CUST-46535,Mary Wood,ymcbride@example.net,282.353.0776,2024-09-24,10219.12,Credit,EUR,"Wright, Marsh and Huffman",Retail,19655.67,25784.3,0,Failed,6322609531268652,728721385,2021-05-22
TXN-00001540,ACC-3219200,CUST-25829,Steve Hardy,jesse14@example.net,5608467932,2024-12-23,2946.22,Transfer,JPY,"Wells, Anderson and Robinson",Dining,29192.78,47414.03,1,Completed,6109875972262193,154177321,2020-10-31
TXN-00001541,ACC-7152929,CUST-44542,Jacob Wright,gklein@example.net,9514513490,2021-08-24,14477.35,Credit,CAD,Wolfe-Holden,Grocery,42793.72,66537.61,0,Pending,9016861715423735,763513391,2023-09-14
TXN-00001542,ACC-1178013,CUST-36946,Carolyn Cook,collinsdanielle@example.org,001-961-453-3996x1331,2021-10-20,6216.84,Refund,EUR,Donovan-Davis,Online,46193.87,4255.35,0,Failed,7504539963327508,110318043,2021-08-25
TXN-00001543,,CUST-21144,Dalton Jimenez,,(223)233-4846,2023-04-13,8059.62,Fee,USD,Bishop PLC,Utilities,44808.99,36370.61,0,Pending,3882404976238949,749830789,2020-05-25
TXN-00001544,ACC-6650319,CUST-24949,Amanda Clark,nicholsvirginia@example.net,(349)799-2792x42898,2021-01-03,11407.8,Transfer,CAD,Rice-Robbins,Entertainment,3385.29,49647.13,0,Pending,2264764257703287,919007210,2020-10-25
TXN-00001545,ACC-6841005,CUST-42343,Jeanette Brown,parrishamy@example.net,342-506-9256x529,2023-01-23,1961.54,Transfer,USD,Mccarthy-Hawkins,Online,42328.37,15061.18,0,Reversed,7394241990277639,501973253,2023-10-23
TXN-00001546,ACC-7107582,CUST-78262,Michael Webb,daniel72@example.com,+1-678-390-4422x09768,2024-08-02,7268.7,Fee,EUR,Brown Group,Dining,7573.79,26577.02,0,Reversed,4543484856301780,651663053,2021-02-15
TXN-00001547,ACC-4659799,CUST-61428,Sarah Lee,forddaniel@example.net,001-303-851-6454x6533,2024-10-07,10996.32,Credit,GBP,"Watts, Fuller and Morris",Entertainment,40033.46,47718.53,0,Reversed,9559764872679481,125335728,2023-01-15
TXN-00001548,ACC-6635492,CUST-41271,Ryan Wong,pamelarodriguez@example.org,(611)473-5377x712,2020-04-14,14168.43,Credit,USD,Case Inc,Entertainment,23807.14,37552.8,0,Failed,1221430477031258,401628495,2022-08-21
TXN-00001549,ACC-4940337,CUST-39113,Scott Nguyen,,518-910-7543x8709,2022-07-15,13105.93,Credit,GBP,Long PLC,Retail,30748.99,56471.13,0,Reversed,5729836538929172,988879100,2023-03-10
TXN-00001550,ACC-7839062,CUST-75968,Brittney Ray,smithjeremy@example.org,503.438.3713x27903,2023-06-28,3415.43,Transfer,CAD,Logan-White,Healthcare,8358.92,15244.17,0,Reversed,7825306350365039,524364548,2024-02-06
TXN-00001551,ACC-6190453,CUST-13903,Gina Bernard,phillipstracey@example.org,5082914582,2023-10-22,$8611.83,Refund,EUR,Johnson LLC,Retail,48281.9,22212.35,1,Failed,9230271778232233,813816530,2022-10-23
TXN-00001552,ACC-1516940,CUST-88616,Kimberly Flowers,cruzrebecca@example.net,(377)625-9472,2022-12-30,382.32,Fee,USD,Dean LLC,Grocery,39871.08,82067.07,1,Pending,4786745538998169,257402023,2021-07-04
TXN-00001553,ACC-9118561,CUST-57106,Catherine Vasquez,lisagarrett@example.net,+1-357-828-6559x02767,2023-05-18,11665.76,Transfer,EUR,Johnson Group,Online,16130.14,13575.39,0,Pending,8935394040373419,209423609,2024-06-27
TXN-00001554,ACC-1841957,CUST-22626,Kelly Castro,harrisondonald@example.net,(445)451-8814x3133,2022-03-14,4730.95,Fee,CAD,Day-Garcia,Entertainment,17089.49,15454.59,1,Reversed,5155692225822398,856581600,2023-09-24
TXN-00001555,ACC-2149176,CUST-65323,Melissa Montes,simschad@example.com,305.955.4139,2020-01-09,5919.78,Fee,JPY,Case Inc,Healthcare,40648.06,98880.2,1,Failed,2740468242657967,557516425,2024-07-23
TXN-00001556,ACC-8789481,CUST-52428,Robert Nelson,robbinschelsea@example.com,(245)988-8227,2024-09-24,10823.39,Debit,CAD,Bishop PLC,Dining,47441.79,95086.83,0,Reversed,2076253193892404,327844550,2020-10-02
TXN-00001557,ACC-2991122,CUST-86408,Craig Weiss,tracywilkinson@example.org,(920)439-0876,2023-12-24,9875.5,Credit,CAD,Dean LLC,Dining,22400.46,20137.54,0,Failed,1888773045608088,723090844,2023-11-24
TXN-00001558,ACC-2062852,CUST-59573,Mrs. Megan Parker MD,kmorrow@example.org,+1-403-651-4586,2022-07-27,9966.37,Refund,GBP,Jacobs Inc,Retail,25183.62,99692.69,1,Reversed,7757825576512006,895255984,2021-01-11
TXN-00001559,ACC-6829413,CUST-99952,Frederick Stevens,jensenryan@example.org,(286)927-7564x34682,2020-08-01,2069.11,Transfer,EUR,"Armstrong, Scott and Saunders",Grocery,18601.06,98360.7,0,Pending,5127354058622697,548922053,2020-11-14
TXN-00001560,ACC-5556308,CUST-45836,Heather Smith,johnbruce@example.com,+1-445-968-6004,2020-10-29,6447.66,Debit,EUR,Gardner and Sons,Entertainment,5541.87,47323.88,0,Pending,2764885741429408,199476083,2023-09-30
TXN-00001561,,CUST-43734,Justin Ortiz,danawalton@example.org,680.440.4506x73632,2022-06-27,10988.85,Debit,USD,Morgan Inc,Utilities,40012.12,58057.62,0,Completed,3894698598544873,882480367,2023-02-19
TXN-00001562,ACC-3823464,CUST-72122,Jeffrey Griffin,april01@example.net,(657)362-8577x73813,2020-07-26,4904.26,Credit,GBP,Logan-White,Travel,25058.89,21373.14,0,Completed,4564620779874305,821638272,2023-12-22
TXN-00001563,ACC-2306084,CUST-89356,Clayton Martinez,samantha71@example.net,728.844.3827,2023-10-11,4421.71,Credit,JPY,Anderson Group,Travel,10871.23,69980.54,0,Failed,8311239468735267,326749564,2021-05-12
TXN-00001564,ACC-3791303,CUST-52421,Andrea Ruiz,tylervazquez@example.net,001-710-814-9820x22507,2021-09-11,14051.83,Credit,JPY,"Wright, Marsh and Huffman",Entertainment,31504.84,94556.33,0,complete,7521983731785173,466137264,2024-05-01
TXN-00001565,ACC-6094232,CUST-55425,Robert Schmidt,chris63@example.com,+1-925-554-3941x70528,2022-08-01,8266.07,Credit,CAD,"Wright, Marsh and Huffman",Retail,1598.52,92995.66,1,Completed,7999388370485806,740940102,2023-05-24
TXN-00001566,ACC-8016731,CUST-54395,Angela Shaffer,etran@example.org,432-409-3173x8802,2020-07-23,2932.51,Debit,EUR,Wilson LLC,Dining,45974.19,32902.06,0,Pending,7787863457647324,187761921,2022-06-01
TXN-00001567,ACC-5043436,CUST-39690,Katrina Cunningham,cassandraperez@example.org,6314910265,2022-07-16,1507.46,Credit,JPY,Williams-Spence,Travel,41214.72,32553.02,0,Reversed,2281308191615254,619565269,2020-01-09
TXN-00001568,ACC-5015458,CUST-20237,James Rivas,pgarcia@example.com,229.953.9384x2640,2020-12-22,6264.36,Credit,JPY,Wilson LLC,Healthcare,37521.0,85588.12,0,Reversed,8390330079828312,251193150,2024-10-15
TXN-00001569,ACC-4277885,CUST-18543,Lisa Griffin,sandraharrison@example.org,263-863-8031x06213,2023-06-15,789.83,Credit,JPY,"Armstrong, Scott and Saunders",Online,3998.18,43573.25,0,Reversed,5224905152351233,936589506,2024-12-14
TXN-00001570,ACC-6780089,CUST-42343,Christopher Vargas,thall@example.com,001-401-836-3527x764,2024-12-01,1755.75,Credit,JPY,Walters-Walsh,Utilities,40943.67,64180.53,0,Failed,7407268481182838,416711008,2023-12-16
TXN-00001571,ACC-5560942,CUST-16404,Kurt Gonzalez,daycameron@example.org,(897)353-3573,2021-04-09,3509.96,Fee,JPY,Johnson-Murray,Dining,42206.7,90355.04,0,Failed,5609666382097851,978884009,2023-04-21
TXN-00001572,,CUST-56633,Philip Harrell,susan40@example.com,744.335.1086x83858,2023-09-13,9484.02,Credit,CAD,Jacobs Inc,Dining,28884.53,9812.24,0,Reversed,1921457293466408,793987006,2021-10-21
TXN-00001573,ACC-2944246,CUST-37541,Larry Johnson,brandon15@example.net,+1-858-492-8866x095,2020-10-31,2407.38,Fee,CAD,Brown Group,Online,37664.62,19418.32,0,Pending,6057432068809778,850846247,2023-10-31
TXN-00001574,ACC-8771906,CUST-71097,Timothy Lewis,jodi95@example.com,(863)872-4380x58037,2022-04-18,10067.32,Debit,CAD,"Warren, Rose and Bell",Dining,30688.42,11699.06,1,Pending,3322647354194712,623705062,2023-11-18
TXN-00001575,ACC-9343712,CUST-22707,Timothy Pittman,ericaodonnell@example.com,+1-938-334-8303,2020-06-06,6105.08,Refund,USD,Brown Group,Utilities,20757.15,18486.9,0,Failed,6453668641995412,496535024,2024-07-10
TXN-00001576,ACC-6652000,CUST-75870,Richard Hansen,heather43@example.org,001-637-542-0282x81088,2024-05-13,715.33,Debit,CAD,Dean LLC,Dining,33106.67,52615.93,0,Completed,8564346595286464,449257024,2023-11-23
TXN-00001577,ACC-6019793,CUST-38749,Kimberly Thompson,carrillojade@example.org,931-891-0752,2020-06-23,9418.27,Transfer,CAD,,Retail,5630.75,58458.34,0,Pending,2166683651356079,875467384,2024-11-23
TXN-00001578,ACC-7532646,CUST-29271,Ms. Diane Mendoza,haleregina@example.net,001-468-859-4217,2021-09-29,14681.92,Debit,CAD,"Warren, Rose and Bell",Online,1175.33,40736.6,0,Completed,6066137070623603,899503603,2023-10-03
TXN-00001579,ACC-1331072,CUST-36353,Amanda Moore,courtneylynch@example.org,001-823-710-7846,2022-01-24,10376.77,Transfer,JPY,Brown Group,Dining,31649.25,47058.97,0,Completed,8418823490036250,182590339,2023-09-28
TXN-00001580,ACC-6933026,CUST-22905,Brian Ramos,ryanfrank@example.org,538.382.7974x1397,2023-06-26,9671.63,Transfer,USD,Case PLC,Entertainment,28930.33,40127.84,0,Failed,7686268069401684,391999885,2020-08-30
TXN-00001581,ACC-3565908,CUST-83870,Tiffany Sloan,bennettmark@example.org,690-648-5845x2112,2020-11-06,10682.28,Debit,USD,Martin Inc,Entertainment,2658.49,5937.32,0,Completed,4450146410713938,728292322,2023-11-10
TXN-00001582,ACC-6097763,CUST-67829,Gregory Johnson,fmoore@example.net,001-874-288-1909x607,2021-06-09,$5338.77,Refund,EUR,Hansen LLC,Grocery,2733.27,73872.41,0,Failed,6275307349428890,641185400,2021-01-19
TXN-00001583,ACC-9296929,CUST-55210,Samantha Kelly,bryan63@example.net,001-657-731-9684x7081,2022-09-10,10413.52,Transfer,GBP,Johnson Group,Healthcare,909.68,61706.52,0,Pending,7261479942044452,984057617,2021-05-18
TXN-00001584,ACC-6159644,CUST-64313,Shawn Taylor,terrireeves@example.org,552.363.5325x65899,2021-12-02,11652.72,Credit,CAD,Roach-Brooks,Travel,42469.29,56252.18,0,Pending,1869325858262461,323825349,2020-03-25
TXN-00001585,ACC-5272784,CUST-96701,Daniel Aguirre,jonesclaudia@example.net,334-768-0036,2024-10-22,1763.08,Transfer,CAD,Roach-Brooks,Travel,39629.74,41153.17,0,Pending,5762294589518930,893803713,2024-12-15
TXN-00001586,,CUST-92638,Robert Chan,mooretravis@example.net,+1-915-618-1933x10434,2020-03-27,9379.06,Refund,USD,Mccarthy-Hawkins,Entertainment,9319.84,29185.84,0,Pending,2507727312768107,814200912,2021-01-20
TXN-00001587,ACC-7311740,CUST-70464,Manuel Arellano,christopherdrake@example.net,228-486-1498,2023-07-24,8534.87,Fee,USD,"Roberts, Joyce and Sanchez",Retail,48059.93,7635.83,0,Completed,3527485998744948,528548369,2023-03-28
TXN-00001588,ACC-3356101,CUST-97835,Kyle Rogers,michael49@example.net,+1-794-673-8802,2024-06-12,10199.03,Transfer,JPY,Tucker Ltd,Utilities,45446.63,77265.14,0,Failed,7931607254302045,174633954,2023-05-25
TXN-00001589,,CUST-34224,Albert Butler,roachtimothy@example.com,001-255-256-7794x204,2022-12-07,9832.44,Refund,EUR,Martin Inc,Dining,9057.37,29906.11,0,Failed,1272356947939228,854185627,2021-06-21
TXN-00001590,ACC-8967236,CUST-93057,Lisa Andrews DDS,,(355)519-7171x823,2021-12-07,14517.65,Fee,USD,Dean LLC,Utilities,6766.49,23322.34,0,Completed,1386413369838852,248648570,2022-12-03
TXN-00001591,ACC-4951972,CUST-85539,Amanda Patel,rojasmichael@example.org,978.970.2268x5402,2023-08-02,13424.78,Credit,USD,Johnson Group,Online,30593.54,61871.85,0,Pending,4490951440198285,512315632,2021-10-17
TXN-00001592,ACC-1880248,CUST-33331,Cristina Adams,milespatrick@example.org,981-998-9240,2023-11-18,12300.64,Transfer,CAD,Johnson Group,Dining,47375.82,30253.25,0,Pending,4857693499756653,877983721,2021-11-09
TXN-00001593,ACC-2877427,CUST-93160,Tracy Nunez,amay@example.com,889-654-9671x60890,2023-12-03,11086.31,Transfer,GBP,Castillo-Holmes,Healthcare,874.55,1159.91,0,Failed,9049331310648316,391011133,2020-04-26
TXN-00001594,ACC-8822168,CUST-11824,Paul Charles,davidzimmerman@example.org,001-315-850-9023x07504,2021-01-21,5496.88,Debit,EUR,Gardner and Sons,Online,39826.17,82539.28,0,Failed,1895319466425114,903388129,2023-07-08
TXN-00001595,ACC-2248895,CUST-13414,Brittany Williams,schmidtchristina@example.net,+1-475-433-6598x9643,2021-03-03,$8955.2,Debit,USD,"Garcia, Mitchell and Wilson",Healthcare,49810.48,24869.13,0,Completed,4760897531509326,918125733,2020-05-18
TXN-00001596,ACC-8614882,CUST-32586,Elizabeth Cunningham,valenzuelamadeline@example.org,(435)447-0408x0639,2023-05-04,822.33,Transfer,JPY,Logan-White,Utilities,7084.13,75486.04,0,Pending,8066451685901914,791053130,2020-04-24
TXN-00001597,ACC-4549300,CUST-37243,Cody Baxter,rbarton@example.com,(212)999-9445,2023-12-08,7408.31,Credit,EUR,Hunt-Woods,Utilities,30166.09,77242.33,0,Reversed,7342803581589725,768933569,2023-06-05
TXN-00001598,ACC-8011084,CUST-31021,Whitney Baker,taylorrachel@example.com,(491)576-1214x300,2020-07-21,2614.66,Debit,EUR,Castillo-Holmes,Utilities,45258.11,49421.08,1,Failed,3901702175186741,527092922,2020-11-22
TXN-00001599,,CUST-88415,Janet Hughes,sneal@example.org,312.677.5843x08824,2020-03-08,959.44,Fee,CAD,Castillo-Holmes,Healthcare,47696.51,60194.9,0,Failed,9166697144088192,559125302,2024-09-28
TXN-00001600,ACC-3942290,CUST-55724,Whitney Garcia,kserrano@example.net,390.845.4643x738,2022-05-04,2939.95,Transfer,CAD,Jacobs Inc,Dining,22318.53,56008.48,0,Reversed,8159784368676296,826905407,2022-10-14
TXN-00001601,ACC-7825534,CUST-57887,Douglas Garrett MD,xreyes@example.net,414-361-2446x58086,2024-08-30,7291.77,Credit,JPY,Morgan Inc,Dining,-273.98,12643.54,0,Failed,2091262971281085,436097631,2023-06-16
TXN-00001602,ACC-9440273,CUST-69817,Micheal Lopez,sarah26@example.com,(959)615-4339,2020-01-06,2060.66,Transfer,EUR,Brown Group,Healthcare,49885.67,33806.35,0,Reversed,6850175999361771,943056618,2024-05-09
TXN-00001603,ACC-7538758,CUST-38884,Natalie Johnson,aalexander@example.net,3699184345,2022-11-04,4491.41,Debit,CAD,"Warren, Rose and Bell",Grocery,19570.14,84086.93,0,Completed,7840333086136410,100062502,2024-10-25
TXN-00001604,ACC-3649151,CUST-33660,Nicole Carroll,iwallace@example.net,488-944-3766,2021-11-16,11979.49,Debit,USD,Case Inc,Travel,31780.51,3732.68,0,Completed,3859561553497262,244326995,2022-10-05
TXN-00001605,,CUST-77042,Robert Myers,schultzbelinda@example.org,(434)492-6813,2022-08-08,5670.81,Transfer,CAD,,Retail,15871.19,72175.02,0,Completed,3155638755187057,909378223,2024-07-07
TXN-00001606,ACC-6253744,CUST-39308,Brandon Rosario,douglaspeterson@example.org,+1-965-662-8408x8764,2023-07-18,8404.8,Debit,GBP,Johnson LLC,Healthcare,11640.17,98498.75,1,COMPLETED,8098669246516704,917982104,2023-08-14
TXN-00001607,ACC-8943693,CUST-95495,Jenny Carlson,ashley30@example.org,(698)658-8713x81118,2023-10-23,9716.3,Transfer,USD,Johnson-Murray,Grocery,35471.52,15172.12,1,Completed,2077998124719135,816580101,2021-09-10
TXN-00001608,ACC-3055214,CUST-20428,Melissa Jackson,roygaines@example.net,3818534130,2021-08-11,11311.09,Fee,JPY,Donovan-Davis,Travel,22604.37,76848.5,0,Completed,9892257718816152,818817359,2020-01-06
TXN-00001609,ACC-7534867,CUST-93245,Gary Melendez,cynthiagonzalez@example.net,536.551.5623x87070,2024-10-05,4227.87,Credit,CAD,"Parker, Crosby and Thomas",Online,49762.38,32900.47,0,Completed,1458693390407013,933805990,2022-11-30
TXN-00001610,ACC-6999719,CUST-88699,Christopher Martin,haley94@example.com,001-528-765-0188x505,2024-02-15,3119.45,Transfer,EUR,David-Martinez,Grocery,45509.51,99215.06,0,Pending,1273933858232471,651552538,2021-01-17
TXN-00001611,ACC-5553896,CUST-84746,Vincent Cox,richardblankenship@example.net,(380)293-7514,2020-03-14,8180.38,Refund,CAD,"Armstrong, Scott and Saunders",Entertainment,46274.05,41299.52,0,Failed,1570711560922956,459268154,2024-12-21
TXN-00001612,ACC-7202035,CUST-68686,Joseph Little,rmartin@example.org,001-807-743-3892,2024-04-03,1812.4,Refund,USD,"Armstrong, Scott and Saunders",Dining,1931.91,21301.11,0,Reversed,2518794255152847,326832749,2024-04-06
TXN-00001613,ACC-5404929,CUST-82955,Carrie Lee,brandihernandez@example.org,850-641-2150,2021-02-23,5476.07,Refund,CAD,Logan-White,Utilities,4579.09,81897.43,1,Failed,9816362389368586,891413580,2020-05-06
TXN-00001614,ACC-3289493,CUST-64507,Kristina Moore,parkerjulie@example.org,(894)422-6691,2023-05-11,10397.77,Credit,GBP,Johnson Group,Healthcare,28942.82,84807.4,1,Completed,8126134195803917,634005101,2022-05-19
TXN-00001615,ACC-6941118,CUST-20086,Dawn Rivera,willieortiz@example.com,001-909-234-8827x1846,2023-09-09,1866.71,Debit,USD,Hansen LLC,Healthcare,43.85,71452.45,0,Reversed,2796647786894366,855807678,2021-06-18
TXN-00001616,ACC-8098800,CUST-36271,Sharon Thomas,margaretdeleon@example.com,740-612-1610x6065,2021-02-22,9013.71,Refund,GBP,Sanchez Inc,Healthcare,43980.94,56684.45,1,Completed,4977985787589662,634736642,2024-11-18
TXN-00001617,ACC-2466434,CUST-25726,Natasha Reyes,eric21@example.net,334-410-5970,2024-01-16,41.28,Debit,EUR,Garcia-Freeman,Utilities,27838.68,9768.15,0,Pending,4310253653574852,278697157,2021-07-18
TXN-00001618,ACC-8806633,CUST-22882,Thomas Parsons,whitneylambert@example.com,(976)410-6508,2020-10-23,1223.52,Refund,CAD,Case PLC,Dining,45214.56,2232.75,0,Pending,9354895116709399,878092372,2020-05-20
TXN-00001619,,CUST-76517,Sherry Smith,brittanynavarro@example.org,647-529-9923x3536,2020-10-17,2880.13,Debit,USD,Castillo-Holmes,Healthcare,47349.23,18095.03,0,Failed,4919621128389041,652877423,2024-05-08
TXN-00001620,,CUST-86825,Jennifer Meyers,franciscoskinner@example.com,(348)436-8437x16406,2021-12-24,13151.43,Refund,US Dollar,Williams-Spence,Grocery,27870.01,42123.0,0,Pending,6582127912434053,648908030,2021-08-26
TXN-00001621,ACC-1733372,CUST-26305,Paula Wilson,matthew17@example.net,457.452.5156x5618,2023-01-09,2461.36,Debit,USD,,Online,13387.17,10652.23,0,Failed,4434521715724672,163650158,2024-09-15
TXN-00001622,ACC-6571605,CUST-93770,Michael Garcia,brobinson@example.com,833.491.2224,2020-07-05,5121.23,Refund,EUR,Anderson Group,Travel,33212.25,57823.35,0,Completed,4811769292053675,916106718,2020-11-28
TXN-00001623,ACC-3616534,CUST-90373,Paul Wilson,smithmichelle@example.net,917.291.7079x5368,2023-11-11,703.63,Refund,CAD,"Wright, Marsh and Huffman",Utilities,31222.62,34132.58,0,Reversed,3878233225147313,584991435,2020-01-18
TXN-00001624,ACC-3296861,CUST-23863,Joseph Patel,mmarshall@example.com,+1-967-650-5675x3952,2024-08-13,9508.28,Debit,GBP,"Salazar, Henderson and Price",Online,20561.64,5312.11,0,Reversed,5660653544917371,263601423,2024-08-23
TXN-00001625,ACC-6581701,CUST-15744,Corey Lewis,james24@example.org,+1-245-571-1637,2023-07-20,-8625.81,Credit,Usd,Donovan-Davis,Healthcare,5371.71,69915.22,0,Reversed,9876634414433172,980307472,2023-02-27
TXN-00001626,ACC-5304644,CUST-56657,Hannah Roach,tammybuck@example.com,001-323-367-9082,2021-07-10,1239.75,Fee,GBP,Wolfe-Holden,Online,41175.49,29244.87,0,Failed,5829863834031902,410144368,2022-09-29
TXN-00001627,ACC-2807922,CUST-68689,Chase Harris,david46@example.org,360.928.0430x663,2024-09-09,3760.97,Transfer,JPY,Anderson Group,Healthcare,41635.79,99171.39,1,Completed,5307729563342653,404407670,2021-09-08
TXN-00001628,,CUST-50561,Arthur Lam,erinmays@example.com,(318)591-6867x967,2022-11-24,3879.3,Credit,GBP,Wolfe-Holden,Utilities,20742.55,80295.39,0,Failed,3205938293699751,815478643,2024-06-20
TXN-00001629,ACC-4847644,CUST-13262,Michael Mckee,njackson@example.org,001-689-423-7106x039,2021-05-27,5908.86,Debit,USD,Garcia-Freeman,Healthcare,18634.79,86594.4,0,Completed,4892260446668157,854738492,2023-06-01
TXN-00001630,ACC-4670668,CUST-90641,Emily Robinson,meyertodd@example.org,6998807148,2021-03-15,9262.0,Refund,JPY,Garcia-Freeman,Entertainment,24712.12,26802.62,0,Completed,6931511834833674,376365742,2020-08-24
TXN-00001631,ACC-1025165,CUST-36681,Jeffery Roman,josephjohnson@example.com,876.509.4742x30654,2027-01-20,2462.94,Fee,EUR,"Garcia, Martinez and Hernandez",Retail,15525.52,76492.78,0,Failed,8779325139564761,588886465,2020-10-26
TXN-00001632,ACC-9103673,CUST-55290,Latasha Smith,jlane@example.net,(252)214-2785x125,2021-03-19,653.98,Refund,USD,"Roberts, Joyce and Sanchez",Grocery,14524.87,7815.07,0,Pending,3641484590208471,325203585,2021-04-08
TXN-00001633,ACC-9908331,CUST-54757,Tanya Williams,qmartin@example.org,236.628.0532x4380,2022-12-20,$14340.66,Debit,JPY,"Warren, Rose and Bell",Utilities,7544.63,99231.01,0,Pending,7800470836062435,666342831,2023-05-21
TXN-00001634,ACC-2679301,CUST-17987,Adam Reed,zgarcia@example.net,+1-361-576-7043,2023-02-14,$4217.57,Fee,GBP,Williams-Spence,Retail,49384.35,76821.46,0,Completed,2633542839712967,633559680,2024-08-02
TXN-00001635,ACC-1034726,CUST-63967,Robin Clarke,zjimenez@example.com,917.499.4899x54548,2021-06-06,13332.15,Debit,EUR,"Russell, Wright and Graves",Utilities,27794.44,29245.55,0,Pending,6057420240735649,705416603,2023-10-18
TXN-00001636,ACC-3141078,CUST-91978,Courtney Garrison,,988.374.9586x723,2020-01-26,6806.42,Transfer,USD,Sanchez Inc,Travel,4488.95,59983.19,0,Failed,3430553842101523,126219785,2023-06-09
TXN-00001637,ACC-8709912,CUST-39487,Austin Fischer,cooperxavier@example.com,9638508786,2020-08-16,9678.37,Refund,EUR,,Entertainment,33874.78,96613.15,0,Pending,1062945091583796,428330218,2021-06-05
TXN-00001638,ACC-1476523,CUST-73693,Lisa Walker,marc70@example.net,593-839-3093x67607,2020-08-31,7202.08,Debit,USD,Hunt-Woods,Utilities,11575.41,57710.83,0,Reversed,2279181634005969,219707861,2023-03-11
TXN-00001639,ACC-8898026,CUST-31343,Nicole Jensen,anthony36@example.net,001-583-346-9162x730,2021-07-29,14838.94,Transfer,CAD,"Warren, Rose and Bell",Entertainment,41720.8,66245.42,0,Reversed,7289226368273348,976299476,2023-01-11
TXN-00001640,ACC-8776443,CUST-74619,Maria Strickland,fhendricks@example.org,452-573-2619x411,2022-11-03,3157.95,Fee,GBP,Gardner and Sons,Dining,4046.22,77648.11,0,Failed,1923274697631791,156522788,2022-02-01
TXN-00001641,ACC-8831109,CUST-67354,David Bean,traceynguyen@example.org,206.424.3365x3339,2026-05-21,4141.04,Credit,USD,"Russell, Wright and Graves",Entertainment,48660.84,75391.37,0,Completed,7372325465628722,495021247,2020-07-07
TXN-00001642,ACC-7895468,CUST-80443,Jennifer Richardson,turnerjack@example.org,793.762.1695,2021-12-15,$368.04,Refund,GBP,Donovan-Davis,Online,1198.32,22345.06,0,Failed,8389249299585415,961064711,2022-01-19
TXN-00001643,ACC-1796213,CUST-33115,Crystal Gallagher,danielleblair@example.net,(964)552-4005,2020-08-07,7544.05,Debit,CAD,"Wells, Anderson and Robinson",Entertainment,43221.9,23460.28,0,Reversed,4173877531976410,986243057,2020-08-19
TXN-00001644,ACC-1524886,CUST-36945,Katherine Ball,icarroll@example.com,4795515270,2024-03-25,1401.02,Credit,USD,Long PLC,Dining,29585.56,52608.18,0,Pending,8219140369461607,511879881,2024-05-21
TXN-00001645,ACC-3926160,CUST-98668,Alexandria Noble,michaeladams@example.com,+1-477-857-6018x8678,2021-12-18,6815.67,Debit,EUR,Sanchez Inc,Entertainment,14388.47,72547.44,0,Failed,7444651555649098,503790669,2021-03-31
TXN-00001646,ACC-7217353,CUST-56386,Jake Conway,sara93@example.com,9938971147,2023-05-03,12176.27,Credit,EUR,Johnson Group,Utilities,21341.09,10132.0,0,Failed,5622359743428224,270947419,2021-06-07
TXN-00001647,ACC-3108607,CUST-31936,Kelli Carter,lisa27@example.com,(621)944-4387,2022-04-18,6555.11,Refund,JPY,"Wells, Anderson and Robinson",Online,22320.72,39013.52,0,Reversed,1194554668276494,278375894,2024-03-28
TXN-00001648,ACC-1725367,CUST-57188,Mark Mays,michaelford@example.org,(399)632-8999,2023-05-08,2142.69,Refund,GBP,Long PLC,Utilities,36065.09,17899.25,0,Reversed,9722186171515453,346328714,2022-09-14
TXN-00001649,ACC-7680009,CUST-15243,Melissa Munoz,timothy96@example.org,001-241-876-8415x1700,2023-11-23,1247.06,Debit,GBP,Williams-Spence,Online,42019.11,96023.66,0,Completed,2778801517603012,473637756,2022-02-17
TXN-00001650,ACC-7216315,CUST-34265,Jasmine Moore,michael84@example.com,801-867-2221,2020-07-07,12688.14,Credit,GBP,"Garcia, Martinez and Hernandez",Entertainment,11344.86,88528.92,0,Completed,2530669013755278,329433236,2024-09-17
TXN-00001651,ACC-9802646,CUST-64511,Joseph Palmer,,+1-459-466-8492x7056,2024-09-11,9590.05,Fee,USD,Wilson LLC,Travel,30358.81,79105.91,0,Failed,6771923546767998,380096987,2021-10-18
TXN-00001652,ACC-8532148,CUST-85295,Edward Johnson,anne83@example.com,(757)789-0662,2023-03-03,3944.03,Refund,GBP,Johnson-Murray,Utilities,27872.73,37932.64,0,Pending,1947596844897301,669294720,2020-12-09
TXN-00001653,,CUST-98066,Sandra Miller,jamie86@example.com,001-934-417-4279,2022-12-17,11959.04,Transfer,USD,"Garcia, Mitchell and Wilson",Online,15994.13,51998.01,0,Reversed,8884397062004810,160910069,2024-04-04
TXN-00001654,ACC-7778895,CUST-67551,Brian Tran,dthornton@example.net,(629)615-8147x45737,2026-08-19,7673.99,Fee,GBP,"Warren, Rose and Bell",Retail,16344.3,1564.75,0,Pending,3600564377628902,176265467,2023-08-15
TXN-00001655,ACC-8787323,CUST-54066,Jerry Jones,muellerantonio@example.org,001-710-807-1631x3113,2020-12-16,10708.49,Debit,JPY,Gardner and Sons,Grocery,27915.57,59747.83,0,Pending,7031731841216212,179176628,2024-06-29
TXN-00001656,ACC-1932612,CUST-58003,William Brown,jeffreyguerrero@example.org,828-870-3966x332,2021-02-21,11495.72,Debit,USD,Sanchez Inc,Travel,42286.55,35735.57,0,Completed,4625132920665726,434753860,2024-07-10
TXN-00001657,ACC-9093073,CUST-30671,Jacob Richardson,davidfitzgerald@example.com,815-839-7280x61591,2023-12-25,6110.55,Fee,GBP,"Wells, Anderson and Robinson",Grocery,39414.73,11726.65,0,Reversed,9078637596931232,516187758,2023-03-09
TXN-00001658,ACC-9796467,CUST-87518,Michael Glenn,elizabeth02@example.net,306-628-9824x0425,2021-06-29,11709.89,Credit,USD,David-Martinez,Online,10717.79,71206.84,0,Pending,1554507089381458,764763013,2022-07-30
TXN-00001659,ACC-1957543,CUST-82337,Deborah Clark,ashley53@example.com,874.295.2525,2022-08-10,1520.57,Refund,EUR,Garcia-Freeman,Travel,12856.18,83516.87,0,Reversed,3346833066533775,626496833,2021-09-25
TXN-00001660,ACC-7706094,CUST-93527,Elizabeth Cohen,tuckerchristopher@example.com,(933)466-1815x1594,2023-06-01,6206.99,Refund,JPY,Morgan and Sons,Grocery,1889.13,5270.31,0,Reversed,1901203294154529,242018622,2022-01-28
TXN-00001661,ACC-2197005,CUST-81326,Stacy White,victoria85@example.com,001-730-601-9836x37600,2020-01-18,9445.98,Refund,USD,"Salazar, Henderson and Price",Utilities,34297.6,40424.55,0,Reversed,1671110691852021,990504369,2020-02-12
TXN-00001662,ACC-3221445,CUST-25298,Gregory Jones,berrychristopher@example.net,+1-749-738-2328x715,2020-12-12,$1503.98,Refund,CAD,"Baker, Pierce and Lynch",Grocery,45920.48,75279.2,0,Completed,1585299722559946,173189410,2024-02-12
TXN-00001663,ACC-2877401,CUST-10680,Brian Cooper,diane01@example.net,001-978-281-1090x90433,2024-05-22,5682.36,Refund,JPY,Brown Group,Online,9394.54,27592.28,0,Completed,2800561359952300,187577735,2024-06-08
TXN-00001664,ACC-4011059,CUST-83222,Tabitha Wilcox,lweaver@example.net,001-821-374-7793x367,2020-11-02,12049.31,Debit,GBP,Underwood-Allen,Dining,38736.41,43129.04,0,Pending,6396930473262991,564539826,2022-07-02
TXN-00001665,ACC-1331528,CUST-30438,Jonathan Dominguez,russelljessica@example.com,(971)557-1871x8201,2024-07-22,2188.23,Transfer,GBP,Castillo-Holmes,Dining,2677.12,87559.86,0,Failed,1590357355123567,868802255,2020-06-20
TXN-00001666,ACC-6462654,CUST-44521,Mr. Gabriel Edwards,rmiller@example.net,6227793467,2023-07-27,12667.41,Fee,USD,Walters-Walsh,Online,33000.46,79483.93,0,Failed,1032379558233320,370402157,2023-08-25
TXN-00001667,ACC-7288085,CUST-33519,Jordan Miller,kwalker@example.org,979.569.3117,2021-04-10,11510.38,Credit,JPY,"Watts, Fuller and Morris",Utilities,20655.98,25265.68,0,Reversed,9154304741833517,102556475,2020-11-12
TXN-00001668,ACC-3185373,CUST-11880,Vicki Reed,,479-844-0333x670,2021-04-26,249.98,Credit,CAD,"Wright, Marsh and Huffman",Online,4049.94,21429.46,0,Reversed,5588603394873739,291004412,2022-11-11
TXN-00001669,ACC-4276627,CUST-90601,Dale Gates,ojones@example.com,(933)219-0729,2020-05-06,11183.53,Credit,GBP,Hansen LLC,Dining,27509.29,50400.8,0,Completed,7335783874128358,913513469,2024-09-09
TXN-00001670,ACC-3628298,CUST-89781,Andrew Miranda,stephaniesmall@example.net,880-437-3610x1801,2024-10-04,6555.19,Refund,GBP,Hansen LLC,Retail,28166.76,4132.99,0,Failed,9073301577995879,982335850,2023-05-04
TXN-00001671,ACC-6380888,CUST-93617,Steven Chambers,milesmatthew@example.net,001-985-618-6766,2022-10-25,4915.02,Transfer,GBP,,Utilities,12480.1,83214.89,0,Reversed,2933501683762822,469981777,2021-02-08
TXN-00001672,,CUST-93310,Felicia Lewis,laura82@example.com,+1-832-437-7683x2688,2024-09-21,3820.37,Debit,CAD,Morgan Inc,Travel,23012.29,74891.61,0,Pending,8674718679836249,376014602,2024-03-28
TXN-00001673,ACC-6119047,CUST-87862,Kenneth Leach,paul10@example.com,001-650-782-5726x9677,2024-04-26,11004.65,Transfer,JPY,"Garcia, Mitchell and Wilson",Healthcare,31394.52,13680.91,0,Failed,1960409814921457,266777356,2023-08-10
TXN-00001674,ACC-6475383,CUST-83853,Michael Esparza,ppotter@example.net,+1-535-863-4837x9523,2021-08-24,1502.33,Transfer,EUR,Mccarthy-Hawkins,Entertainment,14662.7,39089.91,0,Pending,5076600764545009,334465659,2021-12-15
TXN-00001675,ACC-3223080,CUST-78662,Lisa Arias,griffinjuan@example.org,835.371.7726,2023-05-11,5814.26,Refund,GBP,Oneal Inc,Online,25492.1,17029.23,0,Failed,3437108646229964,100777473,2020-08-19
TXN-00001676,ACC-7655847,CUST-19597,Douglas James,nicolebrown@example.net,(515)399-8037x52303,2024-06-10,3027.92,Fee,USD,"Warren, Rose and Bell",Online,40378.51,47205.88,0,Completed,2626609024602887,184810341,2021-12-30
TXN-00001677,ACC-3579714,CUST-37769,Charles Morton,james17@example.net,+1-258-225-2229x91184,2020-05-21,11230.55,Transfer,EUR,Hansen LLC,Healthcare,26180.54,64034.12,0,Completed,2853686899358580,875694263,2022-04-09
TXN-00001678,ACC-4388875,CUST-88661,Rose Hernandez,madams@example.net,964-981-8684x2563,2022-07-07,5068.5,Transfer,us dollar,"Warren, Rose and Bell",Online,28631.21,7356.33,1,Pending,2978707220541630,803877206,2023-05-21
TXN-00001679,ACC-5442642,CUST-48653,Wendy Young,allisonmichael@example.net,609-965-6865x18902,2021-03-28,$8350.16,Credit,USD,Johnson-Murray,Online,4170.11,4012.33,0,Pending,3266123171456503,526253928,2023-03-04
TXN-00001680,ACC-4165804,CUST-82562,Wendy Hodge,aprilclayton@example.com,(793)399-8068x21325,2020-01-18,4336.86,Fee,EUR,Johnson Group,Travel,22046.68,41893.42,0,Reversed,8295783547082645,194186499,2021-09-25
TXN-00001681,ACC-4836665,CUST-88214,Jordan Hudson,coxelizabeth@example.org,(249)637-8085x0790,2022-10-27,$3697.64,Refund,USD,"Garcia, Martinez and Hernandez",Retail,37203.49,46420.54,0,Pending,8075578131954616,133004165,2024-06-14
TXN-00001682,ACC-7399903,CUST-24682,Erika White,,+1-738-410-2102x518,2021-07-30,5646.26,Debit,CAD,Barnes Inc,Travel,49738.93,26470.42,0,Completed,7767914659223201,841447641,2023-01-11
TXN-00001683,ACC-1857515,CUST-56630,Natasha Perez,,(978)742-7217x98250,2022-12-26,10894.03,Transfer,JPY,Dean LLC,Travel,41571.93,90919.68,0,Failed,9004650531889327,732902492,2022-09-18
TXN-00001684,ACC-8688134,CUST-83914,Carol Contreras,edwardsmichele@example.org,+1-573-840-1335x7465,2023-02-12,12017.01,Fee,CAD,Case Inc,Entertainment,7677.72,31213.33,0,Failed,6649583414325580,262541236,2020-09-07
TXN-00001685,ACC-7701739,CUST-25525,Sandra Moore,kleinpamela@example.org,001-905-204-5804,2020-08-12,320.43,Refund,JPY,Wilson LLC,Utilities,5194.64,63981.63,0,Failed,4420151366758211,855338671,2023-06-23
TXN-00001686,ACC-8232933,CUST-87929,Shelley Weaver,brandonsilva@example.net,455.295.1212x869,2020-12-27,8196.12,Debit,EUR,Sanchez Inc,Utilities,18909.02,13677.22,0,Completed,1532309466756754,309735359,2023-05-03
TXN-00001687,ACC-7194693,CUST-62469,Heather Martin,walkermatthew@example.com,201.556.1641x31848,2023-11-20,5020.45,Debit,JPY,Case PLC,Travel,32767.72,86769.21,0,Pending,6878359061026933,669979671,2024-01-13
TXN-00001688,ACC-2593349,CUST-25331,Charles Hutchinson,tiffany27@example.com,+1-710-384-6842,2020-05-08,12604.15,Refund,GBP,Underwood-Allen,Online,40238.45,13178.29,0,Pending,6977421377383327,415663339,2024-08-31
TXN-00001689,ACC-6700785,CUST-66195,Kimberly Kline,smithamy@example.com,(364)523-2454x541,2023-04-01,8446.89,Transfer,GBP,Anderson Group,Online,8406.09,34353.32,0,Reversed,2145849721214784,447524921,2023-11-02
TXN-00001690,ACC-9615090,CUST-99241,Rachel Wood,jack72@example.com,783-728-4893,2023-04-12,13260.24,Credit,USD,Jacobs Inc,Healthcare,10395.45,89708.6,0,Pending,6419809736058928,328626044,2023-06-05
TXN-00001691,ACC-4390679,CUST-26340,Philip Bryant,martinezryan@example.org,(757)293-7218x7735,2022-05-31,6368.24,Credit,EUR,"Salazar, Henderson and Price",Entertainment,13671.37,67658.25,0,Reversed,9741879258043509,815801484,2023-11-23
TXN-00001692,,CUST-96154,Michelle Dominguez,mistygray@example.com,(496)501-7409x6662,2022-06-19,7082.01,Debit,USD,"Garcia, Mitchell and Wilson",Online,16190.97,32134.61,0,Completed,7288715227013104,886857498,2023-01-24
TXN-00001693,ACC-6530275,CUST-84104,Jason Berry,vlarson@example.org,001-243-509-1778x860,2024-10-29,4706.28,Transfer,GBP,David-Martinez,Dining,42690.77,40182.59,0,Pending,4366262723722427,443427382,2022-02-20
TXN-00001694,ACC-1477904,CUST-32301,Lori Martinez,agarcia@example.net,495-244-1692x381,2022-03-03,11351.88,Debit,USD,Wilson LLC,Grocery,35229.36,32453.43,0,Completed,5022769850933781,347922176,2023-11-03
TXN-00001695,ACC-3880977,CUST-28954,Nicholas Campbell,hurleyandrew@example.com,683-283-6128x1327,2023-05-02,5540.2,Credit,JPY,Jacobs Inc,Dining,5681.48,33208.43,0,Pending,2013821249399446,570066102,2020-06-09
TXN-00001696,ACC-6390732,CUST-45513,Patrick Smith PhD,stephaniemendoza@example.com,(734)235-7605x401,2021-09-22,9719.95,Debit,USD,"Salazar, Henderson and Price",Online,14194.38,29623.88,0,Failed,8384900686825767,230036505,2023-08-20
TXN-00001697,ACC-6810442,CUST-23143,David Browning,meredith33@example.net,001-741-394-9563x78074,2022-10-23,13329.68,Debit,USD,Bishop PLC,Travel,44884.26,82361.1,0,Pending,7011463249688103,311369257,2020-03-22
TXN-00001698,ACC-9483345,CUST-59773,Thomas Hoffman,kelsey73@example.org,499.885.1476x212,2022-04-07,4988.11,Credit,JPY,"Morgan, Barnes and Parks",Entertainment,36597.13,46869.97,0,Completed,8479725580077991,147900638,2022-03-02
TXN-00001699,ACC-7057022,CUST-29396,Zachary Benjamin,adavis@example.org,293-606-3603,2022-05-23,8633.9,Credit,USD,"Wright, Marsh and Huffman",Dining,33525.99,2908.8,0,Failed,4427322773155172,633061763,2021-07-09
TXN-00001700,ACC-4030566,CUST-98144,Ana Smith,patrickhendrix@example.net,001-991-289-2775,2021-07-11,12984.77,Credit,GBP,Day-Garcia,Dining,32249.72,26708.85,0,Failed,9434444662157353,153777399,2020-01-15
TXN-00001701,ACC-3606870,CUST-11013,Stacey Smith,jennysmith@example.net,852-215-9564,2022-11-17,80.68,Refund,USD,Johnson Group,Travel,2896.37,66348.66,0,Completed,4531337788112330,708151277,2020-07-13
TXN-00001702,ACC-2774773,CUST-90000,Laurie Livingston,allisonbell@example.org,(682)328-6441,2022-12-30,7589.55,Refund,CAD,Johnson-Murray,Retail,28572.91,22818.2,0,Failed,1044259495972212,599672774,2024-02-18
TXN-00001703,ACC-9580143,CUST-14192,Laura Rodgers,susan69@example.com,+1-208-541-8436x06438,2022-11-30,5430.91,Refund,JPY,"Roberts, Joyce and Sanchez",Utilities,20759.65,1788.46,0,Pending,7741314960162417,458405757,2020-09-20
TXN-00001704,ACC-2801103,CUST-62914,Jessica Edwards,,7308830040,2024-11-21,10292.02,Refund,GBP,Wolfe-Holden,Retail,30540.99,17637.47,0,Reversed,4291227243782367,759588781,2024-04-21
TXN-00001705,ACC-2941474,CUST-41364,Ronald Dean,joseph45@example.com,319.705.5998,2021-10-29,12057.86,Debit,JPY,"Roberts, Joyce and Sanchez",Dining,44993.97,57366.36,0,Failed,6614504790587931,807852562,2022-01-27
TXN-00001706,ACC-6376897,CUST-67316,Mike King,anna59@example.org,8728749591,2024-03-23,939.61,Refund,GBP,Underwood-Allen,Dining,42999.02,87936.55,0,Completed,8467377786802566,923847231,2021-11-06
TXN-00001707,ACC-9975884,CUST-22189,Walter Parker,garciasylvia@example.com,+1-307-540-5225x7259,2024-11-13,3777.86,Debit,GBP,Underwood-Allen,Travel,34508.08,41927.4,0,Completed,4077430456407590,113287821,2024-01-01
TXN-00001708,ACC-9472695,CUST-67799,Pamela Smith,,001-899-445-5827x532,2021-10-29,7101.11,Refund,GBP,,Healthcare,49582.19,42165.98,0,Failed,5990514498283333,223373322,2022-11-21
TXN-00001709,ACC-3967778,CUST-23858,Mark Love,whitejennifer@example.org,+1-799-836-9584x163,2024-04-01,12710.25,Debit,GBP,Logan-White,Online,42678.1,49354.28,0,Failed,1655675619514570,926273875,2020-05-13
TXN-00001710,ACC-7362674,CUST-58944,Kevin Weiss,fjones@example.org,+1-201-902-2848x793,2020-04-20,5106.95,Fee,JPY,Logan-White,Dining,10003.88,76650.57,1,Reversed,4590993790345366,414773254,2022-09-08
TXN-00001711,ACC-3773962,CUST-54494,Joseph Woods,jcantrell@example.org,8327471735,2024-03-04,13268.84,Debit,CAD,"Garcia, Mitchell and Wilson",Travel,3449.74,31484.4,0,Completed,1417794570398515,987994646,2020-10-04
TXN-00001712,ACC-8474842,CUST-65257,Sandra Johnson,dustinrogers@example.org,(370)892-5773x47589,2024-09-14,9163.35,Refund,GBP,"Wright, Marsh and Huffman",Entertainment,36109.87,97461.29,0,Reversed,9172180748714819,329782429,2022-02-08
TXN-00001713,ACC-6224314,CUST-22446,Walter Vasquez,rachaelporter@example.org,633.952.8098x76917,2020-03-09,6609.28,Fee,GBP,Day-Garcia,Online,33845.07,45960.5,0,Completed,9515404719001200,333899402,2023-10-06
TXN-00001714,ACC-5118978,CUST-53952,Rachel Smith,gregory79@example.com,324-222-0392,2024-02-18,13756.75,Fee,EUR,Garcia-Freeman,Retail,13405.82,62604.72,0,Pending,3215186844592306,813299452,2020-01-23
TXN-00001715,ACC-7033731,CUST-22641,James Parker,,001-845-727-6309,2024-09-21,6557.42,Fee,GBP,Garcia-Freeman,Online,19425.66,90212.57,1,Reversed,9617999693885989,475440566,2024-10-14
TXN-00001716,ACC-6964621,CUST-70980,Tim Hammond,millerkenneth@example.net,379-678-2294,2023-12-05,7508.81,Fee,JPY,David-Martinez,Retail,35079.27,49668.45,0,Completed,8505581278272098,795039752,2024-11-11
TXN-00001717,ACC-3968215,CUST-39530,Bradley Hernandez,,813-703-8977x312,2023-07-31,9182.22,Fee,GBP,Gardner and Sons,Grocery,46516.58,59301.7,0,Pending,3177908094667516,521424499,2022-12-01
TXN-00001718,ACC-9810622,CUST-49540,Jesse Neal,blake31@example.org,(855)551-1972,2020-10-26,12849.72,Credit,USD,Anderson Group,Entertainment,26870.93,66367.8,0,Failed,1990474018146191,250120235,2021-06-19
TXN-00001719,ACC-8431975,CUST-63346,Michael Dominguez,alexisvillarreal@example.net,(219)449-7386x362,2022-02-04,1407.19,Credit,EUR,"Baker, Pierce and Lynch",Utilities,13265.35,17671.57,0,Failed,7120880581631869,367048501,2023-12-29
TXN-00001720,ACC-2185397,CUST-13968,Curtis Hawkins,palvarez@example.net,(652)783-1870,2023-01-10,$14842.6,Transfer,CAD,Hunt-Woods,Online,37533.15,42340.55,0,Failed,6199437595447949,682768933,2022-06-28
TXN-00001721,ACC-8526994,CUST-63893,Craig Cabrera,kim03@example.com,363.834.7594x9333,2022-10-02,5976.76,Refund,EUR,Underwood-Allen,Travel,6745.62,75353.97,0,Failed,6257761921185599,874445011,2021-04-09
TXN-00001722,ACC-9591777,CUST-92173,Holly Deleon,donnastewart@example.com,8006867643,2021-01-26,14807.15,Transfer,CAD,"Parker, Crosby and Thomas",Utilities,5584.89,74362.65,0,Completed,3920182715229516,922446013,2021-11-10
TXN-00001723,ACC-1495550,CUST-32986,Meagan Holmes,lawrencemccullough@example.com,391-210-6891,2021-07-26,8654.88,Credit,JPY,Roach-Brooks,Travel,1648.53,5725.56,0,Failed,4003499190435067,333784911,2020-06-07
TXN-00001724,ACC-2050358,CUST-48319,Tracy Holloway,hollowaythomas@example.org,001-601-562-9885x774,2024-12-16,3068.75,Refund,USD,Johnson LLC,Online,40771.12,15761.25,0,Pending,2226886986845822,881229263,2020-10-15
TXN-00001725,ACC-1588259,CUST-23581,Nicholas Gomez,amanda48@example.com,001-423-713-8704,2022-10-10,14427.32,Debit,JPY,"Garcia, Martinez and Hernandez",Entertainment,31910.44,18587.88,0,Failed,2423886665221324,886022344,2022-10-01
TXN-00001726,ACC-3412081,CUST-45895,Nicole Nguyen,mjohnson@example.com,772.323.5891x40926,2023-11-08,$10258.0,Credit,GBP,Martin Inc,Dining,20802.44,8937.57,0,Reversed,6226250874947425,284361411,2022-09-12
TXN-00001727,ACC-8115428,CUST-51473,Louis Montoya,michael15@example.net,903.939.0046x456,2023-11-14,1379.04,Fee,JPY,Oneal Inc,Dining,17220.46,6099.98,0,Pending,8236938070958349,596594682,2020-07-16
TXN-00001728,ACC-2104519,CUST-85395,James Smith,chasesusan@example.net,(676)563-9759,2023-04-24,10141.57,Fee,EUR,"Garcia, Mitchell and Wilson",Retail,48595.97,13174.84,0,Reversed,8836101790191185,101550733,2020-09-17
TXN-00001729,ACC-3698215,CUST-46260,Marvin Perry,shannon08@example.net,205-487-7374x5912,2021-09-18,$2569.36,Transfer,EUR,"Armstrong, Scott and Saunders",Healthcare,21646.98,86319.01,0,Completed,1174459499309142,637635066,2023-07-28
TXN-00001730,ACC-5812405,CUST-65526,Kevin Wilson,huertarichard@example.net,001-687-357-4922x20084,2021-11-28,11320.84,Fee,GBP,Wolfe-Holden,Retail,20712.24,78526.23,0,Reversed,9893598193758971,848349358,2021-07-10
TXN-00001731,ACC-4515167,CUST-86193,Michael Simmons,maria46@example.com,629.815.5487x2892,2020-10-16,9033.49,Debit,JPY,Mccarthy-Hawkins,Dining,9267.23,18663.2,0,Reversed,1419439187077013,499600595,2024-02-20
TXN-00001732,ACC-5814169,CUST-52949,Dr. Harold Blake,jharper@example.com,250.288.2462x1657,2022-09-18,11888.14,Refund,GBP,"Baker, Pierce and Lynch",Grocery,26330.52,78826.9,1,Pending,5270785757164360,119397713,2022-10-31
TXN-00001733,ACC-8725821,CUST-58580,Christine Brown,hunterjackson@example.org,975-851-3482,2020-02-09,1674.81,Transfer,USD,Johnson-Murray,Entertainment,6012.78,18157.13,0,Reversed,6012490871181049,714175020,2021-07-29
TXN-00001734,ACC-8441169,CUST-40463,Michelle Guerrero,kgarrison@example.net,001-541-970-7096,2020-07-19,12574.59,Transfer,CAD,Long PLC,Dining,15417.61,96802.27,0,Pending,3383514990498182,560066783,2020-01-05
TXN-00001735,ACC-9427442,CUST-17784,Adam Mason,philipross@example.org,340.995.0264,2022-09-12,3021.92,Credit,USD,"Morgan, Barnes and Parks",Entertainment,27549.47,80740.95,0,Failed,9611965380215470,221553679,2023-07-12
TXN-00001736,ACC-7528706,CUST-90295,Robin Ferguson,yterry@example.com,+1-286-315-9206x42321,2022-09-06,6897.63,Fee,EUR,"Russell, Wright and Graves",Travel,29170.61,60183.86,1,Pending,5026928142064209,665842932,2022-07-02
TXN-00001737,ACC-7686685,CUST-78420,Ashley Morales,austindeborah@example.com,+1-986-203-9322x34972,2023-04-04,12284.14,Fee,EUR,Jacobs Inc,Retail,27472.74,21814.86,0,Pending,8105982326797207,474298465,2021-01-04
TXN-00001738,ACC-4953153,CUST-72904,Michelle King,hwilliams@example.org,429-586-0203x4934,2023-01-17,11141.8,Refund,EUR,Barnes Inc,Utilities,12098.47,4677.36,0,Completed,9565141071759460,374503766,2023-05-07
TXN-00001739,ACC-5853906,CUST-33135,Christine Morris,jmason@example.org,+1-310-523-1038x0869,2023-05-02,6058.43,Fee,GBP,"Morgan, Barnes and Parks",Dining,33178.15,93026.53,0,Pending,3527769081094032,674028824,2020-06-29
TXN-00001740,ACC-8453719,CUST-80555,Kevin Perez,kaitlynchristian@example.org,001-422-808-2579x100,2024-10-13,13473.97,Refund,JPY,"Russell, Wright and Graves",Travel,22200.93,44596.31,1,Reversed,2232972821071743,485347497,2023-08-28
TXN-00001741,ACC-4819730,CUST-38469,David Sweeney,kaufmanraymond@example.net,936-624-8784x85612,2020-03-08,8643.61,Transfer,EUR,"Garcia, Mitchell and Wilson",Online,12870.87,43590.22,0,completed,7954358551993298,516519217,2020-08-28
TXN-00001742,ACC-8922779,CUST-75286,Ann Roy,grahamjames@example.com,620-811-7389x921,2021-01-19,830.46,Refund,GBP,,Healthcare,11386.92,15991.15,1,Completed,9790769874462328,327069352,2020-10-16
TXN-00001743,ACC-7112437,CUST-71938,Angie Martinez,ashleysellers@example.org,423-515-3061x0843,2021-01-08,8705.02,Transfer,JPY,Bishop PLC,Travel,582.63,24583.59,1,Failed,8795341575009575,446605766,2020-03-11
TXN-00001744,ACC-6017424,CUST-39703,Mary Stokes,brettturner@example.net,335.744.6259x740,2022-11-06,169.17,Transfer,CAD,Oneal Inc,Grocery,6563.5,92946.1,0,Reversed,8105363853866128,840974552,2020-02-03
TXN-00001745,ACC-1481563,CUST-50692,Mark Phillips,michaelhernandez@example.org,(615)740-8356x301,2022-10-27,13946.68,Refund,EUR,Jacobs Inc,Online,2772.2,27461.05,0,Failed,4697570362684847,509850660,2024-09-18
TXN-00001746,ACC-2031775,CUST-73874,Dennis Salazar,rperry@example.com,247.399.0625x14593,2022-10-19,4405.52,Fee,CAD,"Watts, Fuller and Morris",Online,28049.45,10932.72,0,Pending,3449363233168033,430149278,2024-11-17
TXN-00001747,ACC-6431664,CUST-41714,Sheryl Giles,jonathanjones@example.net,7708288361,2021-04-30,13611.81,Credit,USD,Long PLC,Online,36388.32,9372.78,0,Pending,8540695219818802,550407129,2024-07-06
TXN-00001748,ACC-8329918,CUST-83793,Courtney Bennett,sarah49@example.com,8926431481,2021-05-13,13096.79,Fee,Usd,Logan-White,Retail,49479.79,47566.65,0,Failed,4937718211602917,566903778,2022-11-22
TXN-00001749,ACC-1628832,CUST-75268,Martin Miller,elopez@example.org,412-327-7414x402,2021-12-01,13363.35,Credit,USD,Jones Ltd,Dining,3053.82,76405.68,1,Completed,6701699596796675,710292932,2021-03-24
TXN-00001750,ACC-3410062,CUST-43864,Melanie Gilmore,,852-700-0919,2021-06-08,12999.44,Transfer,GBP,Brown Group,Utilities,44631.83,16520.84,0,Pending,3973308325715975,897862307,2023-01-02
TXN-00001751,ACC-4179881,CUST-91513,Michelle Flores,moconnor@example.com,978-397-1277x672,2024-06-29,14784.13,Fee,CAD,"Warren, Rose and Bell",Retail,15111.61,76912.13,0,Reversed,4261441718484907,692310466,2020-06-11
TXN-00001752,ACC-1697801,CUST-73127,Lori Cole,james68@example.org,001-561-968-8462x20769,2020-01-28,4752.81,Transfer,JPY,Tucker Ltd,Utilities,28981.85,59138.47,0,Completed,8067441877372834,798780491,2024-05-27
TXN-00001753,ACC-5886686,CUST-15378,Francisco Phillips,jillwatkins@example.net,323.565.8784x6786,2023-12-14,956.01,Fee,USD,"Wells, Anderson and Robinson",Online,6579.03,85307.89,0,Completed,7156475596893380,174356111,2021-07-18
TXN-00001754,ACC-9714816,CUST-86415,Joshua Conley,kevinjohnson@example.org,(511)736-0057,2023-05-18,4709.89,Fee,CAD,Bishop PLC,Entertainment,27033.88,89027.37,0,Pending,1121406557001924,487211078,2020-10-22
TXN-00001755,ACC-1875555,CUST-83352,Jeremy Guerrero,duncanerin@example.org,+1-272-404-7659,2021-01-23,1121.23,Credit,CAD,Gardner and Sons,Entertainment,17638.27,32721.44,0,Completed,5303995067989655,709087857,2022-05-12
TXN-00001756,ACC-5560414,CUST-45696,Jeffrey Williams,zcampbell@example.com,+1-326-980-3794,2020-02-01,4889.57,Fee,EUR,"Hampton, Morgan and Hayes",Dining,30469.63,55610.59,0,Failed,8521213640599185,788769440,2024-09-25
TXN-00001757,ACC-9562219,CUST-69946,Deanna Rivera,annettenorris@example.com,491.443.3741x57281,2021-09-18,14131.68,Fee,JPY,Roach-Brooks,Utilities,34210.32,37903.09,0,Reversed,3509468714491774,995161254,2022-01-30
TXN-00001758,ACC-6179678,CUST-45679,Joel Ramos,jbennett@example.net,+1-842-547-4938x827,2023-07-06,5887.76,Refund,USD,"Warren, Rose and Bell",Grocery,-157.64,65223.82,0,Pending,4623648018627832,523840835,2023-07-10
TXN-00001759,ACC-7041144,CUST-13813,Aaron Moore,jason54@example.org,895-559-2694x694,2021-12-15,5624.93,Fee,USD,Johnson LLC,Utilities,18495.5,83797.01,0,Reversed,8015640389419811,716851538,2021-03-11
TXN-00001760,ACC-5171653,CUST-86498,Kevin Mclaughlin,,335-688-1665,2020-07-16,12391.29,Fee,GBP,Case PLC,Healthcare,23552.99,70254.97,0,Reversed,3489168241246334,263644889,2020-06-18
TXN-00001761,,CUST-12395,Andrew Dunlap,williamszachary@example.com,(540)874-3486x791,2023-04-28,10408.74,Credit,USD,Johnson-Murray,Online,38232.44,57085.62,0,Failed,9144216760544068,369685690,2023-10-15
TXN-00001762,ACC-1825138,CUST-27140,Matthew Rodgers,wyattreginald@example.com,001-362-526-7991x166,2022-06-13,9784.9,Refund,EUR,Donovan-Davis,Online,8001.01,10970.36,0,Pending,2786459150841121,757206730,2023-01-05
TXN-00001763,,CUST-42753,Anna Alexander,daniel43@example.org,001-292-260-8622x67887,2022-10-02,3650.88,Fee,USD,"Baker, Pierce and Lynch",Healthcare,49833.38,37629.48,0,Pending,4212396094378257,383756886,2023-07-20
TXN-00001764,ACC-7588178,CUST-64254,Michael Tran,pschroeder@example.com,7052249383,2024-04-06,2301.57,Fee,USD,Wolfe-Holden,Utilities,17902.31,32669.14,0,Completed,1514181269036729,851137929,2024-03-23
TXN-00001765,ACC-7248964,CUST-16964,Christine Jackson,meredith62@example.net,210-913-2155x73279,2020-07-08,3228.7,Transfer,GBP,Anderson Group,Utilities,5349.88,47442.84,0,Completed,1808887884395484,764885790,2024-01-22
TXN-00001766,ACC-9717733,CUST-25002,Jesse Ramirez,jessica82@example.org,237.203.9095,2021-12-12,13796.22,Credit,GBP,"Garcia, Martinez and Hernandez",Dining,39854.83,88111.4,0,Completed,6588513728108440,200076188,2020-03-13
TXN-00001767,ACC-7962980,CUST-28546,Melanie Cabrera,wyattalexander@example.com,+1-955-491-9859x703,2022-03-21,$56.43,Refund,JPY,,Utilities,41695.92,91952.39,0,Failed,6448484975374601,634321195,2024-07-01
TXN-00001768,ACC-6908856,CUST-91039,Mathew Le,stonedonald@example.net,(794)760-6419x337,2023-05-12,7444.47,Credit,EUR,"Russell, Wright and Graves",Travel,21394.76,60844.56,0,Failed,3175481726758010,294353094,2021-01-12
TXN-00001769,ACC-6196324,CUST-90465,Isaac Brown,scotthayes@example.org,(597)219-8495x1341,2023-08-16,5718.27,Credit,CAD,"Parker, Crosby and Thomas",Dining,48610.72,51526.85,0,Failed,7306362499899466,350930177,2022-04-07
TXN-00001770,ACC-7275509,CUST-37084,Daniel Carrillo,tinahowell@example.net,001-963-204-4615x563,2021-02-15,3269.24,Credit,GBP,David-Martinez,Travel,16425.16,94107.11,0,Pending,6660806128622790,577037483,2020-01-10
TXN-00001771,ACC-5984582,CUST-50202,Jonathan Moore,vincentdavis@example.com,(689)876-1847,2022-07-23,2458.24,Fee,EUR,"Armstrong, Scott and Saunders",Entertainment,25091.16,48007.31,0,Pending,2806890672302247,755143451,2023-12-02
TXN-00001772,ACC-3854806,CUST-55382,Scott Kim,morgankristin@example.org,(309)436-1230x17650,2022-12-05,14580.65,Fee,GBP,"Russell, Wright and Graves",Healthcare,20069.45,16887.42,0,Completed,4530614691195987,116220436,2022-12-16
TXN-00001773,ACC-8576990,CUST-35599,Amber Fields,jmartin@example.org,(627)464-2512,2023-06-03,6711.69,Refund,EUR,Sanchez Inc,Dining,22072.75,3733.41,0,Reversed,6688767365958197,620877401,2023-04-22
TXN-00001774,ACC-9502454,CUST-41839,Mitchell Carroll,kimberly31@example.org,(946)317-4696,2024-02-26,8576.27,Transfer,GBP,Long PLC,Utilities,42353.98,39101.68,0,Completed,9290161561815271,458353563,2021-10-03
TXN-00001775,ACC-5855206,CUST-23693,Jennifer Harris,ronald66@example.org,001-454-962-2885x1412,2022-01-25,1169.38,Debit,CAD,Brown Group,Travel,44844.03,66590.12,0,Failed,1099209279782427,820311030,2022-07-13
TXN-00001776,ACC-5226512,CUST-89539,Heidi Watson,wilkinschristine@example.net,(887)690-1335x067,2020-08-28,719.8,Transfer,GBP,Logan-White,Travel,41515.77,67082.47,0,Reversed,6726393613282578,979392736,2022-01-06
TXN-00001777,ACC-2831671,CUST-59754,Paula Lopez,christina35@example.com,987.371.4279x730,2023-11-03,5717.86,Transfer,USD,Jacobs Inc,Online,4329.19,44102.62,0,Pending,8785797094825425,107737051,2024-01-22
TXN-00001778,ACC-9244281,CUST-76431,Devon Fisher,qmorrison@example.com,(736)710-5138x101,2020-05-20,9286.57,Credit,CAD,,Online,9681.16,8098.53,0,Failed,8895267359006649,209159545,2021-09-30
TXN-00001779,ACC-7025406,CUST-52846,Janet Young,,(434)322-9642,2022-12-25,8743.33,Debit,CAD,Case PLC,Travel,4481.22,58659.61,0,Completed,8651386474567985,880045714,2020-06-08
TXN-00001780,ACC-5047398,CUST-78217,Barry Underwood,gatesadam@example.com,650-472-3895,2022-11-28,12673.64,Credit,JPY,"Hampton, Morgan and Hayes",Healthcare,25631.73,53974.73,0,Pending,8674378342011380,983883020,2023-05-02
TXN-00001781,ACC-6229967,CUST-60484,Erin Shaw,jillianhuff@example.net,720-571-0314x2106,2021-07-18,9062.32,Transfer,GBP,"Salazar, Henderson and Price",Travel,22511.58,2731.1,0,COMPLETED,7187104252876859,865800018,2024-01-22
TXN-00001782,,CUST-77272,Amanda Carlson,theresa59@example.com,7385445705,2022-09-08,1866.1,Debit,EUR,"Morgan, Barnes and Parks",Grocery,30315.47,5710.23,0,Reversed,7186491832728487,296863903,2020-12-06
TXN-00001783,ACC-6435422,CUST-17766,Angela Murray,williamsstephanie@example.com,(516)464-8734x32492,2021-06-20,3101.33,Debit,EUR,"Parker, Crosby and Thomas",Dining,24560.41,83439.88,0,Failed,1787526586074830,482937298,2021-03-07
TXN-00001784,ACC-7141336,CUST-44101,Stacey Smith,wolfemichelle@example.com,(836)971-4578x96320,2023-04-22,4910.9,Debit,USD,,Utilities,6612.72,42414.12,0,Reversed,4110600070482581,309099163,2023-10-18
TXN-00001785,ACC-5965690,CUST-29014,Isaiah Hill,butlerderek@example.net,(322)755-3983,2022-05-11,9879.03,Credit,JPY,"Morgan, Barnes and Parks",Grocery,40372.33,59153.16,1,Reversed,3561865251821181,852324681,2021-10-05
TXN-00001786,ACC-7488618,CUST-48136,Andrew Malone,sbush@example.net,(931)720-4262x8573,2020-07-05,1346.17,Credit,CAD,Hansen LLC,Retail,32563.62,24993.22,0,Reversed,7015787960861809,788170377,2024-04-07
TXN-00001787,ACC-3908064,CUST-66101,Jenna Dominguez,zfranklin@example.org,(412)618-0240x516,2020-03-24,0.0,Credit,JPY,Johnson-Murray,Entertainment,17715.65,29564.92,0,Pending,9530525543366898,596604679,2023-06-01
TXN-00001788,ACC-6355162,CUST-85120,Samantha Murray,larsoncatherine@example.org,+1-919-204-6602,2021-09-07,$13698.17,Transfer,CAD,Sanchez Inc,Entertainment,8975.15,64981.43,0,Failed,2045890655668964,445832016,2020-12-26
TXN-00001789,ACC-7679834,CUST-58000,Bryan Berry,cole77@example.com,001-465-570-2316x283,2021-10-06,8947.51,Credit,EUR,Johnson LLC,Utilities,30944.92,46383.61,0,Pending,9782408280149035,537916143,2022-05-17
TXN-00001790,ACC-1054575,CUST-20259,Michael Charles,kim52@example.org,+1-911-797-9750,2020-12-09,5206.17,Debit,USD,Donovan-Davis,Travel,22430.24,21807.4,0,Reversed,6839444452883925,179131837,2021-09-09
TXN-00001791,ACC-6633717,CUST-47817,Alicia Richardson,pmaddox@example.com,+1-382-544-1672,2023-10-16,4309.01,Transfer,JPY,Morgan and Sons,Travel,25321.96,82628.1,1,Reversed,9525428030836931,261803257,2022-01-31
TXN-00001792,ACC-4226138,CUST-54773,Sheryl Adams,jeremy72@example.org,674-323-6758x05520,2023-11-12,13013.98,Debit,GBP,Case Inc,Retail,10364.08,62702.45,0,Completed,9031420656947222,550946659,2024-10-06
TXN-00001793,ACC-3544001,CUST-43522,Rachel Cherry,dstewart@example.com,6118085281,2022-08-21,$319.27,Credit,GBP,Garcia-Freeman,Utilities,39207.12,95332.61,0,Completed,1281993817602258,141764316,2024-06-28
TXN-00001794,ACC-2721335,CUST-28334,Lindsay Smith,jessicakramer@example.com,843-770-9125,2021-03-05,3200.46,Fee,GBP,"Warren, Rose and Bell",Retail,523.22,18771.55,0,complete,7840938946773234,305116689,2020-11-09
TXN-00001795,ACC-3123410,CUST-31531,Ernest Simmons,snyderdarrell@example.com,841.248.3157x8152,2022-04-18,8332.53,Debit,EUR,"Wright, Marsh and Huffman",Entertainment,45516.72,10773.44,0,Failed,5326623343248779,214249294,2021-11-19
TXN-00001796,ACC-7589508,CUST-74028,Emily Lynch,walkerandrea@example.org,8793446795,2023-01-18,9690.21,Refund,JPY,,Grocery,12966.94,13338.99,0,Completed,6782264544083926,553888985,2023-01-04
TXN-00001797,ACC-7597544,CUST-34926,John Mccoy,hopkinsmelanie@example.net,001-902-733-0521,2021-11-22,4478.05,Transfer,GBP,"Wright, Marsh and Huffman",Grocery,9382.44,18314.43,0,Pending,7338408424181575,466388083,2022-06-29
TXN-00001798,ACC-2681022,CUST-56400,Christine Ball,alexanderfowler@example.com,248.321.2570x265,2021-08-23,1243.43,Transfer,GBP,Johnson-Murray,Online,22477.1,18422.85,0,Reversed,8160364872411108,295583322,2024-12-04
TXN-00001799,ACC-4904447,CUST-11906,Matthew Ortiz,mwarren@example.net,+1-806-879-2481,2023-06-28,3229.41,Fee,CAD,"Hampton, Morgan and Hayes",Dining,21189.91,3168.22,0,Completed,7112120388928153,631978277,2023-03-11
TXN-00001800,ACC-4646105,CUST-97540,Michelle George,johnwang@example.org,(735)963-0975,2022-12-10,14868.01,Credit,CAD,"Parker, Crosby and Thomas",Retail,28259.92,61063.61,1,Failed,8538547073692928,286106771,2021-04-25
TXN-00001801,ACC-1147293,CUST-14733,Jenna Clark,blairkaitlin@example.com,439.611.9833,2020-10-17,$14448.29,Transfer,USD,"Warren, Rose and Bell",Utilities,3715.31,69897.51,0,Reversed,6355951474954567,586494058,2021-03-07
TXN-00001802,,CUST-27113,Shelia Reeves,jeffreymolina@example.net,412.288.2983,2022-10-30,4998.88,Fee,CAD,Bishop PLC,Dining,9736.36,88075.16,0,Reversed,9733704598365400,328202820,2020-05-22
TXN-00001803,ACC-7796489,CUST-56469,Shaun Johnson,melissatorres@example.com,886-989-6839x292,2024-11-02,1333.86,Credit,GBP,"Garcia, Mitchell and Wilson",Healthcare,7659.08,7635.72,0,Pending,7595695857544292,183936347,2020-02-07
TXN-00001804,ACC-1758131,CUST-36857,Corey Blankenship,molly81@example.net,884-942-3422x3893,2023-10-25,5099.03,Credit,EUR,Morgan Inc,Utilities,21666.84,7573.06,1,Reversed,1679994264179978,511290506,2023-06-02
TXN-00001805,ACC-9747693,CUST-49242,Aaron Perry,kingjennifer@example.com,6506572516,2021-02-21,6770.75,Transfer,EUR,Day-Garcia,Retail,9047.14,33842.38,0,Failed,6462373726613765,471102939,2023-12-19
TXN-00001806,ACC-8117934,CUST-28212,Mary Jones,nicole82@example.com,406.256.3200x3745,2023-08-09,-13047.36,Credit,CAD,Johnson LLC,Retail,46622.89,43890.87,0,Completed,5465178228916193,233283480,2024-06-22
TXN-00001807,ACC-7010826,CUST-17809,Madeline Garcia,travis08@example.org,(989)439-2092x271,2023-02-17,14461.09,Transfer,USD,"Russell, Wright and Graves",Retail,37130.34,29889.22,0,Failed,8851546836467578,335336767,2024-05-23
TXN-00001808,ACC-7911063,CUST-49742,Christian Young,miguelgallegos@example.net,(579)216-0053,2022-07-15,6219.92,Debit,GBP,"Garcia, Mitchell and Wilson",Healthcare,3144.24,19079.97,0,Pending,5675657944717518,114078363,2024-10-01
TXN-00001809,ACC-2403528,CUST-69447,Heidi Rivas,dyoung@example.org,385.209.9290,2021-08-02,4338.9,Transfer,EUR,"Warren, Rose and Bell",Travel,12302.0,54149.98,1,Reversed,9649652840438408,952002916,2024-07-23
TXN-00001810,ACC-1321465,CUST-84500,Faith Valenzuela,wmcdaniel@example.com,+1-980-962-5291,2020-07-19,14206.12,Fee,CAD,Gardner and Sons,Entertainment,21341.72,85758.66,0,Failed,7294738630145254,271329782,2024-05-15
TXN-00001811,ACC-1026862,CUST-31154,Christopher Thomas,robinsontroy@example.org,929.951.7076,2020-01-17,11505.54,Fee,JPY,Martin Inc,Grocery,1475.81,80616.16,1,Reversed,5044686426636212,768671009,2020-06-07
TXN-00001812,,CUST-67653,Jacob Marshall,alicia32@example.org,(463)823-7391x266,2020-04-22,1122.48,Debit,GBP,"Baker, Pierce and Lynch",Travel,16749.62,22109.25,0,Reversed,1027970673771842,431120360,2023-08-18
TXN-00001813,ACC-8730250,CUST-33602,Linda Webb,nicholaslopez@example.org,6687154444,2026-12-22,3535.43,Transfer,EUR,Morgan Inc,Retail,38048.83,92181.98,0,Pending,1581288162974775,357833706,2021-04-10
TXN-00001814,ACC-6648295,CUST-60174,Susan Garrett,scottburton@example.com,(883)718-9712x5165,2026-09-04,372.67,Refund,GBP,"Armstrong, Scott and Saunders",Healthcare,9584.79,87001.18,0,Pending,4864214626446845,198181645,2023-05-03
TXN-00001815,ACC-6052219,CUST-30694,Robert King,aguilarkristi@example.org,232-970-8930,2020-10-15,6218.75,Refund,JPY,Day-Garcia,Retail,10953.52,29777.3,0,Failed,4477128814804380,789375581,2023-08-30
TXN-00001816,ACC-2276313,CUST-56633,Charles Torres,ghull@example.com,204.458.6592x446,2024-08-08,14155.95,Refund,GBP,Day-Garcia,Dining,34416.74,12632.35,0,Reversed,2441439475686015,549590643,2024-12-10
TXN-00001817,ACC-6058016,CUST-52574,Kevin Gill,adrianrose@example.org,633-547-0847,2020-12-11,13604.31,Debit,CAD,Williams-Spence,Entertainment,9385.41,9263.47,0,Pending,6326454460599380,808614648,2021-10-19
TXN-00001818,ACC-4552172,CUST-43509,Laura Pace DDS,jessica47@example.com,001-626-371-3290,2023-05-05,10877.79,Refund,GBP,"Armstrong, Scott and Saunders",Online,41105.4,59963.08,0,Pending,4624667738882954,818360918,2023-05-29
TXN-00001819,ACC-1109317,CUST-66782,Sarah Woods,kurttorres@example.org,9584888288,2021-08-13,7443.23,Credit,EUR,Day-Garcia,Retail,48953.87,39368.66,0,Failed,1670354860495280,594156309,2022-10-27
TXN-00001820,ACC-6603893,CUST-11905,Alan Russell,lisa67@example.com,+1-840-893-8012,2020-08-07,3065.98,Refund,EUR,Long PLC,Online,44117.53,45802.04,0,Pending,5412288451402674,117733846,2023-10-15
TXN-00001821,ACC-7658307,CUST-36346,Brian Oconnor,josecooley@example.org,+1-732-651-4502x090,2024-08-08,5194.1,Refund,GBP,Hunt-Woods,Online,18711.17,60915.54,0,Completed,4071765552846132,405910266,2021-02-19
TXN-00001822,ACC-9070866,CUST-90111,David Smith,mosesjose@example.org,(278)209-7281,2022-06-06,5813.1,Refund,GBP,Johnson Group,Online,20618.03,65139.46,0,Reversed,9418769041861078,946048691,2020-07-01
TXN-00001823,ACC-3262204,CUST-22403,Tammy Smith,thomaswilliams@example.com,544.636.2990,2024-08-26,10363.94,Refund,USD,Hunt-Woods,Dining,9909.24,14126.56,0,Completed,7304215558595638,769038936,2020-07-11
TXN-00001824,ACC-8711819,CUST-56489,Anne Miller,qallison@example.org,620.351.5853x315,2022-05-15,12856.68,Credit,JPY,Wolfe-Holden,Grocery,17267.64,31511.32,0,Failed,6345346175261479,979531583,2022-05-07
TXN-00001825,ACC-9417605,CUST-70085,Tara Russell,gonzalezbarry@example.org,2835086899,2023-03-05,7731.77,Transfer,JPY,"Wells, Anderson and Robinson",Healthcare,8788.18,16611.37,0,Completed,7231726721457039,760365300,2020-12-13
TXN-00001826,ACC-8579872,CUST-79183,Mark Stevens,karencarrillo@example.org,(922)635-9366x29399,2023-05-11,9309.92,Credit,CAD,Johnson LLC,Utilities,9094.49,73440.08,0,Reversed,1244413318984646,406664015,2024-02-16
TXN-00001827,ACC-2194397,CUST-20269,Mallory Schmidt,lindagolden@example.org,452.954.5684x79917,2021-01-11,11226.73,Credit,EUR,Garcia-Freeman,Travel,23873.25,83857.8,0,Pending,4839965369416415,854014771,2024-11-21
TXN-00001828,ACC-3584650,CUST-14612,Kelli Johnson,qballard@example.org,001-398-675-6225x67342,2022-08-09,12312.33,Debit,EUR,Day-Garcia,Grocery,34558.64,14790.26,0,PENDING,7089345946464675,718845404,2023-01-12
TXN-00001829,,CUST-41600,James Crawford,wgarcia@example.org,+1-705-777-3085x82430,2023-07-07,9259.5,Fee,CAD,Case PLC,Online,17648.4,11450.83,0,Reversed,3577819286647390,569881561,2022-12-28
TXN-00001830,ACC-5916555,CUST-33900,Sharon Crane,blackjames@example.org,(843)465-9751x075,2020-09-23,12324.47,Fee,JPY,Williams-Spence,Dining,11916.13,1761.22,0,COMPLETED,5990518952639339,504588823,2021-11-24
TXN-00001831,ACC-3604239,CUST-13043,Christopher Hughes,eric92@example.org,+1-413-560-5797x9270,2022-02-21,6892.91,Fee,USD,Castillo-Holmes,Healthcare,9496.66,89940.7,1,Completed,9286819333131825,285946877,2024-09-22
TXN-00001832,ACC-1078978,CUST-77858,Casey Murphy III,kimberlydominguez@example.org,001-404-876-3944x5728,2026-11-27,8852.73,Debit,EUR,Martin Inc,Retail,3496.33,21640.13,0,Completed,2903223681767720,367558878,2021-02-03
TXN-00001833,ACC-8626448,CUST-46643,Tracy Jenkins,ksnyder@example.com,(259)398-4986,2023-03-16,317.65,Transfer,USD,,Healthcare,16549.18,1128.71,0,Pending,8225258637211097,252560969,2023-12-17
TXN-00001834,ACC-2870247,CUST-63655,Mr. Paul Mckinney MD,francismartinez@example.com,746-274-1880,2020-06-26,7801.49,Refund,CAD,"Baker, Pierce and Lynch",Dining,48811.38,65336.17,0,Failed,1953951396216414,223114736,2024-12-29
TXN-00001835,ACC-9488201,CUST-23600,Craig Ryan,hilleric@example.net,594.817.9575x81186,2021-02-05,9821.92,Refund,USD,Wolfe-Holden,Utilities,21106.1,14138.77,0,Failed,2252161749798796,541225582,2020-11-21
TXN-00001836,ACC-5492128,CUST-26013,Mary Smith,kortiz@example.net,761.573.2714,2024-01-11,2628.6,Transfer,EUR,"Warren, Rose and Bell",Travel,42577.83,34125.64,0,Failed,2370807148386158,629428331,2022-11-24
TXN-00001837,ACC-5664721,CUST-66849,Angela Buckley,zhall@example.com,845-646-0607,2022-04-20,1099.53,Fee,GBP,Garcia-Freeman,Retail,39847.06,41725.39,0,Pending,1961264619643912,993405818,2023-05-21
TXN-00001838,ACC-6720037,CUST-99803,Teresa May,walkersamantha@example.net,989-244-9970,2020-09-04,0.0,Credit,CAD,"Warren, Rose and Bell",Retail,46965.04,52620.1,0,Completed,2536567372911747,241351166,2021-01-26
TXN-00001839,ACC-7664093,CUST-76764,George Whitney,angelica21@example.org,349-475-9935x38496,2020-11-29,11488.67,Fee,CAD,"Salazar, Henderson and Price",Retail,18220.2,89109.68,0,Completed,9812286233034970,461417927,2022-05-28
TXN-00001840,ACC-7418070,CUST-61801,Sara Yang,mark92@example.org,346-832-8781,2020-04-10,3417.47,Debit,JPY,Gardner and Sons,Dining,3619.81,50022.69,0,Pending,8588966154998676,650383071,2024-04-28
TXN-00001841,ACC-2287024,CUST-90699,Mark Guzman,denisecain@example.org,750.383.2323,2021-02-11,10296.33,Fee,EUR,Castillo-Holmes,Online,22723.81,9874.11,0,Completed,6703245312065186,609298287,2021-04-21
TXN-00001842,ACC-4099723,CUST-77784,Makayla Keller,brownstephanie@example.com,(844)739-9206x1104,2020-12-03,14870.62,Credit,EUR,,Retail,49487.85,55920.37,0,Pending,6096251359294834,122451267,2021-07-15
TXN-00001843,ACC-9934281,CUST-92153,Christopher Reilly MD,umendoza@example.org,418.510.2550x843,2023-04-20,11403.8,Transfer,EUR,Logan-White,Dining,15111.26,57141.45,0,Failed,1257134824988398,550750190,2022-12-13
TXN-00001844,ACC-7034795,CUST-10947,William Marshall,travisbell@example.com,867-207-0916x17084,2020-05-05,10801.63,Transfer,USD,Hansen LLC,Utilities,30257.65,25427.59,0,Completed,4245171745131431,575983182,2024-05-08
TXN-00001845,ACC-7494342,CUST-23928,Traci Reed,,001-748-230-1339,2022-03-05,5834.36,Refund,CAD,Barnes Inc,Healthcare,19204.68,48194.13,0,Failed,9822321915079555,624789689,2020-09-16
TXN-00001846,ACC-2188790,CUST-77094,George Galloway,jonesanita@example.org,(841)502-4640,2020-08-04,7964.2,Fee,JPY,Sanchez Inc,Dining,38302.85,91944.25,1,Pending,4708560051685195,159863835,2021-10-30
TXN-00001847,ACC-9362839,CUST-70451,Louis Meyers,bankssara@example.net,6253119024,2020-12-16,$5548.56,Credit,EUR,Oneal Inc,Dining,6680.31,92466.82,0,Reversed,3502141922187687,108170049,2023-09-15
TXN-00001848,ACC-2837336,CUST-72530,James Miller,btaylor@example.net,+1-877-320-7832x4835,2024-02-15,14528.34,Debit,EUR,"Wells, Anderson and Robinson",Grocery,29002.78,92220.15,0,Reversed,1915739579389634,503619096,2021-05-12
TXN-00001849,ACC-7090431,CUST-82714,James Vazquez,colejesse@example.net,819.918.3878x332,2023-03-25,12266.34,Debit,GBP,Johnson LLC,Healthcare,6275.82,70058.01,0,Failed,8887164569998480,194868704,2024-08-20
TXN-00001850,ACC-7514171,CUST-55411,Jennifer Lewis,zallen@example.org,001-536-417-9286x0477,2022-02-25,13442.92,Transfer,USD,"Roberts, Joyce and Sanchez",Dining,7526.17,42236.01,0,Reversed,7385787484962558,459887217,2022-07-27
TXN-00001851,ACC-2994417,CUST-28395,Dr. Christopher Chen,kelseywatkins@example.org,+1-274-999-0580x987,2020-03-20,11596.0,Refund,USD,Gardner and Sons,Grocery,47201.8,97142.65,0,Pending,7016792690364043,963291880,2024-12-15
TXN-00001852,ACC-3302637,CUST-55245,Stephanie Sellers,hinesmichael@example.net,+1-934-952-4546,2022-07-31,6139.52,Refund,USD,Jacobs Inc,Grocery,17757.8,87268.37,0,Pending,6688940952299773,150648993,2024-09-17
TXN-00001853,ACC-9665953,CUST-35058,Chase Smith,lauralawrence@example.com,380.320.8967,2024-03-19,7736.07,Credit,GBP,"Baker, Pierce and Lynch",Healthcare,2811.82,43680.34,0,Pending,9126985071214553,240423861,2024-08-19
TXN-00001854,ACC-5033945,CUST-38704,Leslie Rodriguez,mcculloughdarren@example.org,(889)775-3953x2270,2023-04-08,13018.24,Fee,CAD,"Baker, Pierce and Lynch",Grocery,34392.47,1331.23,1,COMPLETED,5596112017775051,626120666,2024-07-23
TXN-00001855,ACC-1266694,CUST-23898,Julie Cummings,zoegutierrez@example.com,001-851-694-9199,2024-12-31,13124.87,Transfer,USD,Walters-Walsh,Dining,16907.11,31618.43,0,Completed,3425676683749982,624461790,2020-03-17
TXN-00001856,ACC-6451010,CUST-90030,Valerie Martinez,walterslogan@example.com,981.246.5897x3750,2020-04-25,10088.77,Debit,JPY,Wolfe-Holden,Grocery,40751.6,60180.68,0,Reversed,4160747021142825,654412045,2024-04-15
TXN-00001857,ACC-9902508,CUST-80881,Karen Boyd,chapmantyler@example.net,001-823-504-6588,2021-01-19,0.0,Refund,EUR,"Wright, Marsh and Huffman",Dining,25845.06,88208.28,0,Reversed,4176737082928782,171372701,2022-07-21
TXN-00001858,ACC-7896246,CUST-99271,Ann Copeland,bbates@example.net,+1-672-506-8814x798,2023-03-14,13757.69,Transfer,EUR,"Garcia, Mitchell and Wilson",Dining,22613.54,19336.41,1,Completed,6857545798518571,679679630,2023-01-19
TXN-00001859,ACC-3319594,CUST-43793,Ashley White,,+1-368-280-8126,2021-11-02,10933.58,Debit,JPY,Williams-Spence,Online,33416.56,27213.41,0,Failed,1625973687416535,462890208,2020-03-24
TXN-00001860,ACC-9963640,CUST-20531,Andrew Williams,hclements@example.com,501-675-1676,2023-01-18,4831.94,Fee,CAD,"Russell, Wright and Graves",Dining,7733.37,30233.93,0,Failed,1409266146982849,719547953,2021-02-15
TXN-00001861,ACC-2353795,CUST-49165,Shannon James,sanchezashley@example.org,4144152038,2024-11-28,7883.61,Debit,USD,Gardner and Sons,Travel,2642.91,92174.93,0,Failed,4470385899422231,433570619,2020-02-04
TXN-00001862,ACC-8339444,CUST-35692,Jeremy Martinez,ejacobson@example.org,8448048874,2024-06-17,4394.74,Transfer,JPY,Williams-Spence,Entertainment,8433.39,48000.82,0,Reversed,3663888947234810,150921287,2022-10-24
TXN-00001863,ACC-5978072,CUST-50617,Adam Morris,thompsonrachael@example.com,772.670.5786x5520,2022-03-23,9912.84,Fee,GBP,Donovan-Davis,Entertainment,81.23,31275.08,0,complete,6273584873417858,209225578,2022-09-24
TXN-00001864,ACC-8923099,CUST-84222,Claire Shaffer,ricardo90@example.com,001-547-864-0590x44083,2020-01-07,6907.71,Fee,CAD,"Wells, Anderson and Robinson",Healthcare,35756.55,19630.83,0,Reversed,7870211686241314,740694768,2023-03-22
TXN-00001865,ACC-6890430,CUST-62948,Brittany Cook,robertgarrison@example.com,741-662-2034x6843,2024-02-02,5583.69,Debit,GBP,Garcia-Freeman,Dining,4179.99,4923.72,0,Completed,1929155133349629,127746895,2021-12-10
TXN-00001866,ACC-6761812,CUST-58971,Dr. Matthew Cruz DVM,bakeranthony@example.com,358.484.4548,2020-02-17,6804.75,Credit,USD,Williams-Spence,Healthcare,45724.47,59443.06,0,Failed,2207664279867262,830057899,2021-05-02
TXN-00001867,ACC-3623644,CUST-75126,Brandon Burnett,stephen98@example.org,329.508.9290x3188,2022-02-02,$619.43,Refund,EUR,Case Inc,Grocery,45331.47,72979.88,0,Completed,8389623198583930,983021447,2023-02-23
TXN-00001868,ACC-8708857,CUST-13832,Randy Arroyo,smithemma@example.org,001-690-698-8032x54286,2020-08-28,3182.09,Debit,JPY,Rice-Robbins,Dining,34876.69,32721.83,0,Reversed,4026107845473501,885799573,2021-07-25
TXN-00001869,ACC-3361901,CUST-39809,Sean Solis,nicole66@example.net,642-958-5793,2026-12-23,7791.44,Refund,JPY,"Warren, Rose and Bell",Dining,30195.83,83257.72,0,Reversed,5439715873569934,449166254,2021-02-22
TXN-00001870,ACC-5924748,CUST-76237,Jeremy Davis,jonathannewman@example.com,001-794-424-5092x03019,2021-08-02,12461.45,Debit,JPY,"Parker, Crosby and Thomas",Grocery,13502.95,96793.37,0,Reversed,6881880256828163,951659875,2021-12-06
TXN-00001871,ACC-7236364,CUST-61704,Brenda Schaefer,simondwayne@example.com,215.627.6366x870,2024-08-09,7945.07,Transfer,GBP,David-Martinez,Entertainment,33675.69,44459.88,0,Pending,8347496653477322,677845327,2023-10-27
TXN-00001872,ACC-7093603,CUST-21953,Joshua Cain,,(595)436-8922x28987,2022-03-27,1912.03,Transfer,EUR,Case Inc,Online,32451.92,67174.37,0,Failed,2767241686508873,669399865,2022-03-16
TXN-00001873,ACC-5775609,CUST-83372,Victoria Castillo,kristenowens@example.net,781.735.2859x07659,2022-09-06,3608.35,Refund,JPY,Castillo-Holmes,Online,49690.27,7728.01,0,Pending,8303226712984166,172277722,2022-12-08
TXN-00001874,ACC-4004050,CUST-75182,Mrs. Leslie Lewis,dawn70@example.com,703.440.5294x1914,2022-09-23,8053.46,Fee,JPY,"Morgan, Barnes and Parks",Dining,42554.52,99790.79,0,Reversed,8177563238621150,454883675,2023-11-06
TXN-00001875,ACC-8896453,CUST-80121,Amanda Ryan,dawnpadilla@example.com,+1-508-363-6621,2021-08-29,10543.72,Refund,EUR,Long PLC,Retail,33066.29,84293.66,0,Pending,5290766764142517,670448155,2024-01-17
TXN-00001876,,CUST-21258,Jesus Burgess,francis56@example.net,8562987352,2020-09-28,$6070.68,Credit,GBP,"Wells, Anderson and Robinson",Travel,15558.53,12215.29,0,Pending,9221893417689710,903946367,2024-08-28
TXN-00001877,ACC-2812690,CUST-93755,Amanda Turner,sberg@example.net,911-599-4756x338,2021-06-03,10978.39,Refund,JPY,"Morgan, Barnes and Parks",Retail,32877.04,43293.68,0,Completed,6733488177958587,139721984,2020-08-07
TXN-00001878,ACC-3767557,CUST-34114,Catherine Reed,,4723645629,2022-03-04,14936.19,Transfer,USD,Wolfe-Holden,Entertainment,40649.05,34142.58,0,Reversed,7128648635266919,871228352,2022-09-22
TXN-00001879,ACC-4282567,CUST-51571,Mrs. Amy Mcneil MD,xsalazar@example.com,(470)946-4878,2020-08-22,8418.75,Refund,CAD,Donovan-Davis,Entertainment,48282.87,96840.99,0,pending,3606858730372352,330116692,2023-08-29
TXN-00001880,ACC-5664433,CUST-88742,Kayla Hall,wcarney@example.net,+1-923-963-0627,2022-11-28,1211.39,Credit,USD,Barnes Inc,Healthcare,2034.69,15169.44,0,Failed,6453689683178960,364783987,2021-08-17
TXN-00001881,ACC-4840127,CUST-89485,Sara Greene,,+1-856-723-1165,2020-05-19,$10299.89,Debit,EUR,"Russell, Wright and Graves",Retail,10438.1,56479.73,0,Pending,7813739353039479,367325290,2022-01-03
TXN-00001882,ACC-7543827,CUST-88698,Carl Russell,pmoody@example.net,001-617-991-6469,2022-11-22,8814.53,Refund,EUR,Johnson-Murray,Online,31877.3,52912.84,0,Failed,6487799533218769,214921294,2023-08-19
TXN-00001883,ACC-6013994,CUST-61429,Anita Nguyen,iyoung@example.com,(577)843-5765,2024-10-05,2843.79,Fee,CAD,"Garcia, Martinez and Hernandez",Utilities,2193.27,15219.93,1,Completed,2004721975411460,715972736,2021-08-31
TXN-00001884,ACC-7990607,CUST-29273,Scott Perez,jodilane@example.com,+1-616-712-6681x82392,2024-09-25,7010.83,Refund,GBP,Bishop PLC,Utilities,9521.05,6411.04,0,Reversed,3907538453895923,517513740,2021-05-11
TXN-00001885,ACC-3345304,CUST-15620,Edward Silva,catherinewilliams@example.com,593.885.7359x405,2023-04-01,1232.06,Debit,JPY,Castillo-Holmes,Travel,36257.53,68747.65,1,Completed,9448250823103346,248593088,2020-03-18
TXN-00001886,ACC-2616421,CUST-28151,Heather Wilson,dodsoncody@example.com,289.444.9413,2023-08-14,2725.44,Fee,GBP,David-Martinez,Travel,37470.63,34782.2,0,Failed,1525631957622772,867811502,2022-03-05
TXN-00001887,ACC-1131713,CUST-10160,Lance Harris,pamelachung@example.com,428-882-2753,2024-04-18,10038.4,Fee,JPY,Case PLC,Online,7841.09,23763.02,0,Completed,1883175743693882,270105406,2024-01-25
TXN-00001888,,CUST-76778,Jennifer Brown,anthonynguyen@example.net,6767476722,2024-03-09,6463.96,Transfer,EUR,Hunt-Woods,Dining,23528.42,29406.96,0,Failed,9715607279175459,782709679,2021-03-24
TXN-00001889,ACC-4504116,CUST-28393,Eric Coleman,fernandezvincent@example.org,+1-213-421-4233x45375,2021-03-23,1164.87,Debit,CAD,"Russell, Wright and Graves",Utilities,2624.18,80743.93,0,Pending,8316812188824868,159190184,2024-03-09
TXN-00001890,ACC-8093863,CUST-46388,Ashley Dean,dylanwoodard@example.org,532.524.5778,2024-04-09,0.0,Transfer,CAD,Hansen LLC,Dining,16814.14,18228.2,0,PENDING,3270544743752526,246234070,2023-10-25
TXN-00001891,ACC-7135249,CUST-75720,Leslie Mendoza,,001-488-352-4967,2022-10-24,9979.72,Fee,CAD,Day-Garcia,Entertainment,3536.43,36215.61,0,Completed,8818990329575378,219258166,2020-09-18
TXN-00001892,ACC-7921658,CUST-69052,Dale Thompson,cordovajohnny@example.com,001-850-901-9684,2020-04-29,$13847.06,Refund,JPY,Hansen LLC,Entertainment,38302.21,47269.45,0,Failed,6628592286826339,802319894,2023-05-18
TXN-00001893,ACC-2848445,CUST-59003,Paul Patterson,barnesnancy@example.org,737-654-7401x4052,2024-07-13,14456.52,Refund,CAD,Case PLC,Travel,3004.73,23825.22,0,Completed,3138589035777343,963639194,2021-08-28
TXN-00001894,ACC-4872733,CUST-84958,James Diaz,hobbscheryl@example.com,969.803.6807,2021-07-26,4759.74,Refund,CAD,Morgan and Sons,Utilities,36122.94,43496.1,0,Pending,2630120512384151,471724908,2023-02-10
TXN-00001895,ACC-7342010,CUST-34956,Phillip Perez,twilson@example.com,883.227.5070,2023-10-27,10189.62,Debit,JPY,Jacobs Inc,Grocery,24922.95,48147.02,0,Reversed,2162353373716008,297845661,2020-08-14
TXN-00001896,ACC-8362911,CUST-31282,Wayne Dean,nsmith@example.com,(711)573-8635x56315,2024-10-15,11188.65,Fee,CAD,Jones Ltd,Online,8236.17,55429.66,0,Reversed,7785603990871685,506690078,2023-08-21
TXN-00001897,ACC-1044315,CUST-99557,Billy Meyer,franklisa@example.net,+1-367-328-0950x4837,2026-10-20,9375.03,Credit,CAD,Bishop PLC,Healthcare,15301.27,71330.7,0,Pending,6660778333514095,724005862,2021-11-13
TXN-00001898,ACC-3025482,CUST-76686,Linda Mccarthy,ryoung@example.net,391.543.9425x775,2022-08-23,11823.22,Credit,USD,"Salazar, Henderson and Price",Grocery,8194.2,89080.94,0,PENDING,3929309419026880,353176856,2020-09-25
TXN-00001899,ACC-7029060,CUST-60263,Wanda Robbins,,354-962-6657x540,2024-04-18,-11247.12,Credit,CAD,Sanchez Inc,Grocery,1647.0,59057.3,0,Reversed,7274216183232909,997429021,2024-10-05
TXN-00001900,ACC-4042571,CUST-44545,Amanda Parker,youngedward@example.org,559-442-1410x67943,2024-07-14,233.12,Refund,GBP,Sanchez Inc,Retail,4154.05,47546.17,0,Reversed,4136172074257860,448102012,2020-04-29
TXN-00001901,ACC-9433213,CUST-57849,Daniel Burton,acostaphilip@example.com,(632)411-3230,2022-08-04,11043.41,Refund,USD,Case Inc,Online,25502.31,63329.09,0,Completed,7958132549096707,157125677,2020-11-10
TXN-00001902,ACC-7608890,CUST-36115,Nathan Ramirez,chaveztyler@example.org,+1-833-393-9925x3581,2020-09-16,10330.95,Refund,USD,"Garcia, Mitchell and Wilson",Utilities,44935.35,34686.81,0,Failed,2442800352136143,563072602,2021-09-05
TXN-00001903,ACC-5267139,CUST-63966,Patricia Wilkinson,robertgrant@example.com,807-452-8911,2023-06-11,5724.18,Credit,GBP,Hunt-Woods,Healthcare,20492.0,47214.1,0,Completed,1082122127974468,916088788,2022-06-27
TXN-00001904,ACC-2637806,CUST-12259,Robert Olson,donaldmartin@example.org,816.588.8511,2024-04-01,3946.75,Refund,EUR,,Entertainment,22091.0,27850.87,0,Pending,3412632698834653,339662790,2022-09-11
TXN-00001905,ACC-3370382,CUST-37404,Brett Turner,mariarussell@example.com,960-635-0086,2024-01-15,6412.76,Debit,GBP,Walters-Walsh,Grocery,38415.62,17279.01,0,Failed,5521294387129090,534724835,2022-01-25
TXN-00001906,ACC-8333153,CUST-20290,Chad Graham,dennisjohnson@example.net,935-240-9743x441,2020-03-27,6927.56,Credit,USD,Jones Ltd,Utilities,49960.33,99870.3,1,Completed,3008967872453665,791619559,2024-02-07
TXN-00001907,ACC-4611238,CUST-91985,John Wiley,chadanthony@example.com,249-618-2386,2021-02-26,4022.32,Transfer,CAD,"Russell, Wright and Graves",Retail,30223.71,24634.62,0,Completed,3103746773714691,192551414,2021-10-17
TXN-00001908,,CUST-16270,Anthony Jones,solomonrobert@example.net,947-639-4061x64818,2023-08-21,14552.15,Credit,CAD,Garcia-Freeman,Utilities,17055.91,35747.28,0,Failed,8551638226144473,217732922,2022-11-08
TXN-00001909,ACC-3278556,CUST-35241,Erik Gibson,jameshoward@example.org,001-513-929-1066x99475,2022-10-02,13934.66,Credit,CAD,"Garcia, Martinez and Hernandez",Healthcare,10780.32,72734.49,0,Reversed,9781623712702726,816856718,2021-02-09
TXN-00001910,ACC-6005242,CUST-24305,John Bryant,coxpaul@example.org,804-577-1672,2023-01-29,9465.38,Transfer,EUR,Hansen LLC,Travel,3925.8,51148.79,0,Reversed,5584629484311752,170572328,2022-08-20
TXN-00001911,ACC-5187655,CUST-39955,Steven Hampton,amy72@example.org,8582683082,2024-09-18,12927.07,Refund,USD,"Wells, Anderson and Robinson",Grocery,47942.34,96176.66,0,Failed,4155758017246668,416235787,2024-06-05
TXN-00001912,ACC-8935315,CUST-85707,Tyler Bell,davisheidi@example.com,001-838-553-1934x86476,2021-04-22,10864.33,Credit,USD,,Entertainment,28031.07,9209.01,0,Pending,8872866561377855,931707417,2024-01-29
TXN-00001913,ACC-8285923,CUST-12888,Denise Martinez,danieljones@example.net,392.600.8687x264,2021-09-07,8968.2,Credit,CAD,Brown Group,Dining,35032.92,75202.28,0,Failed,7295760126432391,980317386,2024-02-18
TXN-00001914,ACC-2458838,CUST-12280,Joe Parker,cdouglas@example.org,001-921-737-1459x19322,2026-07-27,12896.33,Transfer,CAD,Brown Group,Healthcare,8936.98,58143.2,0,Failed,4890136690786271,339672469,2021-02-09
TXN-00001915,ACC-3258833,CUST-75745,Angela Powell,jacksonnicole@example.net,869-910-8511x97664,2023-07-13,0.0,Fee,JPY,Martin Inc,Retail,9510.51,95819.06,0,Reversed,2967878062397466,685695008,2022-06-03
TXN-00001916,ACC-7409686,CUST-46669,Peter Andrews,phillipsjennifer@example.com,568-415-7436x71528,2023-09-29,3269.58,Debit,EUR,Jones Ltd,Dining,45019.58,66298.65,1,Pending,6543662196624942,158487384,2020-01-23
TXN-00001917,ACC-8717767,CUST-58265,Mitchell Reynolds,iansnow@example.com,7098141762,2022-04-10,2972.65,Debit,GBP,Wolfe-Holden,Healthcare,41571.35,53935.48,1,completed,1642930594826701,349654742,2021-08-17
TXN-00001918,ACC-2433491,CUST-89688,Cheryl Smith,jonesbrandon@example.net,959-367-6592x966,2024-09-03,14715.19,Debit,JPY,Barnes Inc,Entertainment,45698.34,24759.74,0,Reversed,9291443557271771,633328291,2023-04-08
TXN-00001919,ACC-9421226,CUST-20354,Paul Doyle,catherinegraham@example.com,974-794-1251x73071,2023-02-14,12529.87,Credit,JPY,"Russell, Wright and Graves",Online,31128.64,19603.25,0,Reversed,8404253629531110,342566323,2021-08-05
TXN-00001920,ACC-4670456,CUST-67246,Zachary Myers,alexanderwagner@example.net,2027650180,2020-05-15,652.37,Refund,GBP,Logan-White,Online,2190.13,91724.11,0,Completed,8761208792245456,785945248,2022-12-18
TXN-00001921,ACC-1257727,CUST-21826,Kristin Mays,claire63@example.net,(453)887-2147x700,2021-04-11,86.98,Debit,USD,"Roberts, Joyce and Sanchez",Entertainment,39516.25,3798.76,0,Failed,9971130151821131,185565574,2020-07-10
TXN-00001922,,CUST-24279,Lauren Johnson,robertcontreras@example.com,874-768-2122x797,2021-12-28,10899.75,Fee,USD,Martin Inc,Entertainment,44810.59,83631.44,0,Reversed,3412536757285092,792671232,2022-07-07
TXN-00001923,ACC-2266679,CUST-77857,Christine Wilson,rwilliams@example.net,001-434-757-4652x32080,2024-02-06,10660.34,Transfer,JPY,Mccarthy-Hawkins,Retail,47503.92,32908.05,0,Pending,4380750763788260,432397288,2022-09-25
TXN-00001924,ACC-2749316,CUST-48207,Darrell Gonzalez,ewood@example.com,304-505-8715,2022-11-21,13259.48,Refund,USD,Tucker Ltd,Entertainment,46488.94,63323.79,1,Completed,9370467346509555,240985907,2024-09-22
TXN-00001925,ACC-8887067,CUST-80083,Brandy Turner,,224-759-0564x165,2023-07-24,11188.29,Fee,JPY,"Hampton, Morgan and Hayes",Retail,17050.91,13007.6,0,Reversed,7605774029367308,883461885,2024-09-28
TXN-00001926,ACC-8676690,CUST-69377,Andrea Evans,wgreen@example.org,(825)645-3800,2023-10-12,8611.2,Credit,CAD,"Watts, Fuller and Morris",Dining,28109.71,16624.91,0,Failed,8470585698317950,498526922,2024-09-16
TXN-00001927,,CUST-74283,Jared Caldwell,alexander57@example.org,001-988-466-8926x58951,2022-06-07,8957.32,Refund,EUR,"Garcia, Mitchell and Wilson",Grocery,21836.96,95396.3,0,Reversed,6211155677419593,242923134,2021-01-28
TXN-00001928,,CUST-84177,Paige Morris,lopezpaul@example.org,001-412-828-6698,2021-05-04,9835.01,Transfer,JPY,Oneal Inc,Healthcare,12033.44,48021.03,0,Pending,8110917191937624,976089906,2021-11-22
TXN-00001929,ACC-7175387,CUST-44277,Noah Bridges,fowlernicole@example.com,(617)912-7336,2026-05-29,6732.24,Refund,USD,Wolfe-Holden,Utilities,22061.22,64832.73,0,Completed,8535444232162092,366872914,2021-03-22
TXN-00001930,ACC-3809407,CUST-92393,Brittany Rivera,juliemunoz@example.net,+1-582-488-3495x38760,2022-11-06,45.97,Fee,USD,Hunt-Woods,Entertainment,16279.63,80017.91,1,Failed,6466919075264571,159227331,2022-11-14
TXN-00001931,ACC-1534901,CUST-67493,Lisa Rodriguez,,723-795-2896x699,2023-05-10,7839.58,Fee,USD,"Garcia, Mitchell and Wilson",Grocery,10372.04,81606.32,0,Pending,4087236166655620,341428796,2024-05-01
TXN-00001932,ACC-9255463,CUST-50669,Meredith Harris,lisa33@example.net,(357)916-7303x2733,2024-10-06,4598.78,Refund,USD,"Watts, Fuller and Morris",Healthcare,31044.98,56733.09,0,Reversed,8995303228318206,910114349,2024-04-28
TXN-00001933,ACC-7327218,CUST-41405,Michelle Figueroa,websterkaitlyn@example.org,(804)785-9131x3038,2021-06-08,2375.75,Debit,JPY,"Warren, Rose and Bell",Grocery,30287.21,63492.79,1,Failed,2709784133147419,588717909,2020-12-31
TXN-00001934,ACC-9262486,CUST-17445,Kevin Gutierrez,,2629036460,2020-06-19,3990.32,Debit,EUR,Gardner and Sons,Utilities,25025.1,38564.24,0,Reversed,8353201320322255,648479070,2022-08-10
TXN-00001935,ACC-6597078,CUST-89969,Steve Mcdaniel,richard44@example.net,587-989-9958x860,2023-03-18,1781.97,Fee,EUR,Rice-Robbins,Grocery,5115.61,27508.58,0,Completed,9449136634553825,184578478,2021-05-11
TXN-00001936,ACC-1542835,CUST-51049,Amber Moran,,(809)264-8474x5156,2020-03-12,$1569.97,Debit,GBP,Johnson Group,Retail,27540.36,65136.9,0,Reversed,4898583924728904,858856055,2021-06-09
TXN-00001937,ACC-6795701,CUST-57738,Amy Snyder,mstewart@example.com,+1-338-293-5057x8648,2021-09-06,13669.38,Transfer,USD,Case Inc,Travel,13580.69,83706.14,0,Failed,6966222877995942,901008765,2023-06-23
TXN-00001938,ACC-1394372,CUST-35742,Dr. Michael Ortiz,jessicajames@example.net,500-657-9648,2022-02-21,1307.33,Debit,EUR,Johnson LLC,Dining,32621.95,41211.18,0,Reversed,6452131218938314,416280320,2021-06-20
TXN-00001939,ACC-1024156,CUST-18428,Andrea Christensen,jimmykim@example.com,001-599-916-7224x39762,2023-03-06,3132.28,Credit,JPY,"Warren, Rose and Bell",Travel,8557.62,80547.12,0,Failed,8553132274368129,758558517,2022-05-24
TXN-00001940,ACC-9144414,CUST-76489,Sylvia Lam,claytonmarcus@example.org,(738)518-4467,2023-07-04,12662.7,Credit,EUR,Dean LLC,Retail,31078.62,68187.67,0,Failed,3452548955139971,565145561,2021-07-16
TXN-00001941,ACC-4625097,CUST-55364,Robert Phillips,harringtonmelissa@example.org,+1-485-607-9691x47604,2026-06-06,11563.3,Fee,USD,"Russell, Wright and Graves",Healthcare,2773.81,82232.04,0,Failed,2243953155431643,506537324,2021-03-03
TXN-00001942,ACC-7778469,CUST-57708,John Page,holdertiffany@example.org,778.201.4355,2020-07-20,8978.8,Debit,EUR,Morgan Inc,Retail,29853.02,26492.11,0,Completed,5902269938338033,922403731,2024-05-11
TXN-00001943,ACC-5450679,CUST-71872,Faith Turner,ashley52@example.net,498-564-9244x98392,2023-12-27,4204.35,Credit,CAD,Mccarthy-Hawkins,Retail,37519.49,96631.25,1,Pending,1281693717972557,511449339,2024-10-24
TXN-00001944,ACC-3540061,CUST-96352,Theresa Baker,qhodge@example.net,001-975-703-2594x1405,2021-05-14,3169.46,Refund,EUR,Logan-White,Travel,28110.73,73718.17,0,Reversed,6919902129612820,845579105,2024-11-02
TXN-00001945,ACC-2814314,CUST-28349,Teresa Bailey,brooke51@example.org,528-701-5115,2022-11-12,13667.14,Debit,USD,Jones Ltd,Dining,8026.02,30014.74,0,Pending,9716284693944470,803992757,2023-06-29
TXN-00001946,ACC-2497888,CUST-74691,Jennifer Gonzalez,robert75@example.net,341.392.4659x415,2022-07-10,0.0,Refund,USD,"Roberts, Joyce and Sanchez",Dining,17884.74,42029.2,0,Reversed,2398255487383304,758138724,2024-11-10
TXN-00001947,ACC-6473918,CUST-84055,Brenda Mclaughlin,janebrown@example.com,550.522.7197x5609,2020-09-08,2240.49,Debit,EUR,"Warren, Rose and Bell",Travel,11034.09,98311.51,0,Failed,5050677080743745,864341687,2024-03-24
TXN-00001948,ACC-6219336,CUST-56405,David Thompson,htorres@example.net,(429)571-2840x5554,2023-11-30,8151.38,Credit,GBP,Rice-Robbins,Grocery,22750.51,14591.31,1,Failed,2696536583129133,196698548,2024-03-28
TXN-00001949,ACC-3905729,CUST-20160,Patrick Moore,esmith@example.net,(949)613-3161x4538,2023-01-03,12489.31,Debit,GBP,Morgan and Sons,Dining,27305.87,53654.0,0,Pending,2585755641887150,239770939,2023-05-09
TXN-00001950,ACC-5778850,CUST-94391,Dr. Francisco Mason,marygomez@example.org,(364)627-1864,2024-11-09,7323.37,Refund,EUR,Long PLC,Entertainment,10202.66,43703.16,0,Pending,3263513236008090,314696372,2022-07-16
TXN-00001951,ACC-9597402,CUST-20301,Holly Fischer,jeremiahrose@example.org,(704)902-5134,2020-11-20,14774.15,Transfer,GBP,Gardner and Sons,Healthcare,27588.77,22269.0,0,Pending,9543894898715589,611976641,2021-12-12
TXN-00001952,ACC-2514619,CUST-68036,Rhonda Roach,mrodriguez@example.org,+1-341-710-1450x616,2022-05-18,9165.57,Transfer,EUR,"Garcia, Martinez and Hernandez",Healthcare,13515.04,47094.06,0,Completed,6639850759071550,515226850,2023-11-16
TXN-00001953,ACC-5139326,CUST-92845,Clinton Erickson,snowrobert@example.net,(614)649-4822x02775,2020-09-19,4826.43,Transfer,GBP,"Garcia, Martinez and Hernandez",Travel,37660.89,22475.78,0,Failed,2944704662301084,909056476,2023-01-31
TXN-00001954,ACC-5426451,CUST-74762,Ruth Lane,rachelpeterson@example.com,(427)341-6471,2020-10-06,9781.55,Fee,USD,Wolfe-Holden,Utilities,29985.51,48799.42,0,Completed,8011793839156673,950085445,2023-12-31
TXN-00001955,ACC-4140688,CUST-13444,Jose Chen,victor16@example.org,903-201-0339,2021-09-07,8.46,Debit,JPY,"Armstrong, Scott and Saunders",Retail,35148.83,93947.32,0,Failed,9977879737035616,656191417,2021-05-27
TXN-00001956,ACC-3883958,CUST-78006,Gary Garcia,michael95@example.org,001-964-321-3791x156,2024-11-19,8767.19,Debit,USD,Logan-White,Dining,6030.44,12597.97,0,Pending,1841177193343876,122903138,2024-01-23
TXN-00001957,ACC-9414386,CUST-77425,Dr. Amanda Hoffman,arthur66@example.net,291.578.3746x438,2027-03-07,7109.24,Debit,USD,Martin Inc,Entertainment,24862.52,1427.04,0,Pending,2884106454853362,309948870,2023-07-24
TXN-00001958,ACC-4549715,CUST-16506,Wendy Marshall,jameswilliams@example.com,+1-415-946-0601x548,2024-02-03,0.0,Debit,JPY,Oneal Inc,Entertainment,12590.87,56925.33,1,Completed,3744616324231372,116598986,2024-06-16
TXN-00001959,ACC-3284923,CUST-57332,Brooke Smith,djennings@example.net,778.448.9900x86467,2024-09-11,10088.65,Refund,CAD,Sanchez Inc,Travel,7975.16,48440.12,0,Failed,4468376680641556,349142635,2020-12-30
TXN-00001960,ACC-8848119,CUST-72076,Judy Campbell,rasmussencristian@example.com,(596)599-8857,2023-08-07,12611.17,Credit,USD,Anderson Group,Online,14632.29,55544.03,0,Completed,9039273366871806,507795746,2023-01-15
TXN-00001961,ACC-9557944,CUST-83667,David Wilson,tiffanywilson@example.org,(245)768-1259x401,2024-06-18,4916.78,Fee,GBP,Sanchez Inc,Entertainment,14331.16,2336.82,0,Failed,2918686723804060,250635133,2023-08-16
TXN-00001962,ACC-1762251,CUST-12822,Michael Gordon,ataylor@example.org,485-677-7951,2023-03-18,12901.78,Fee,CAD,,Online,20540.69,38935.66,0,Failed,2795268482422801,500806714,2023-04-08
TXN-00001963,ACC-9402368,CUST-74008,Karen Leonard,jeffery39@example.net,(710)241-9224,2021-05-23,13470.97,Refund,EUR,"Garcia, Mitchell and Wilson",Utilities,11352.86,30273.96,1,Completed,2731339161787980,643463441,2021-07-25
TXN-00001964,,CUST-83973,Teresa Greer,lscott@example.org,+1-741-268-7028x1167,2023-11-04,7817.31,Refund,CAD,"Russell, Wright and Graves",Dining,9789.94,76247.27,0,Completed,6492611540166566,822798949,2023-06-25
TXN-00001965,ACC-9135323,CUST-20711,Bridget Juarez,jonathanlong@example.com,(726)532-7492x56128,2024-06-01,13846.87,Fee,GBP,"Armstrong, Scott and Saunders",Online,29543.49,89839.05,0,Completed,8663244623671771,349301513,2022-01-20
TXN-00001966,ACC-6860806,CUST-91798,Danielle Wilson,glenwilliams@example.org,3585107693,2020-10-31,2830.26,Credit,JPY,Case Inc,Travel,19781.45,23054.51,0,Completed,6544241971086251,672390842,2024-01-17
TXN-00001967,ACC-5154091,CUST-24446,Matthew Morrison,gwilson@example.net,376-724-7275x81908,2023-09-10,13964.02,Transfer,EUR,"Hampton, Morgan and Hayes",Online,32108.88,43955.1,0,Reversed,2800205366175979,256525856,2024-10-23
TXN-00001968,ACC-9756583,CUST-75565,Kelly Floyd,breweranthony@example.org,608-227-7316,2023-06-25,13523.33,Transfer,CAD,Dean LLC,Retail,5352.27,84563.93,1,Pending,7330632865012926,610952636,2021-02-24
TXN-00001969,ACC-3012997,CUST-46516,Kathleen Richardson,blewis@example.org,6346094884,2021-04-01,3492.03,Credit,EUR,"Armstrong, Scott and Saunders",Healthcare,32536.6,42881.68,0,Completed,2521995919512918,986670783,2020-08-08
TXN-00001970,ACC-4039491,CUST-45874,Courtney Bradley,uspencer@example.org,395.968.2371,2024-09-11,72.5,Transfer,eur,Hunt-Woods,Dining,20197.88,55967.8,0,Failed,6148231594189209,229398545,2023-08-07
TXN-00001971,ACC-6465020,CUST-18527,William Woods,deborahcox@example.net,(611)851-3027,2022-07-10,8689.33,Fee,USD,Jacobs Inc,Healthcare,24779.55,66728.32,0,Reversed,1668449854197015,746875453,2024-01-01
TXN-00001972,ACC-5758515,CUST-90873,Elizabeth Duncan,,375.214.3428x66192,2021-07-12,3848.86,Credit,CAD,Roach-Brooks,Retail,47748.06,21287.23,0,Completed,7822633975659862,200272942,2023-05-19
TXN-00001973,ACC-4198855,CUST-21240,Renee Daniel,travis29@example.org,653-536-0536x98570,2022-03-25,8036.99,Refund,CAD,Williams-Spence,Entertainment,10405.25,93508.3,0,Reversed,5719128148931789,579914731,2021-12-11
TXN-00001974,ACC-1454318,CUST-95915,Chad Fowler,kristahoward@example.com,214-281-8147x92216,2022-05-31,$44.21,Transfer,USD,Wilson LLC,Retail,27978.27,57889.55,0,Reversed,8330280619402713,574177692,2023-07-01
TXN-00001975,ACC-6470011,CUST-89339,Michelle Williams,stevenwright@example.org,+1-571-914-1253,2020-11-28,5638.01,Credit,CAD,Johnson Group,Utilities,4446.52,80645.92,0,Reversed,5739544867976855,865359329,2022-12-27
TXN-00001976,ACC-8291756,CUST-60491,Nicholas Diaz,fmartinez@example.com,(582)220-4343x648,2024-02-10,2935.89,Transfer,GBP,Sanchez Inc,Travel,9004.63,52997.83,0,Reversed,9356273634217722,655350296,2023-01-27
TXN-00001977,ACC-7306432,CUST-92205,Elizabeth Lynch,alexischang@example.org,001-673-647-9189x022,2023-10-07,7709.77,Debit,EUR,"Morgan, Barnes and Parks",Retail,5772.67,47427.17,1,Reversed,1652457013749036,773761870,2024-05-09
TXN-00001978,ACC-5187263,CUST-32649,Crystal Hatfield,zburnett@example.com,342-208-4444x037,2021-10-31,7878.86,Transfer,CAD,"Hampton, Morgan and Hayes",Retail,22943.91,42958.31,0,Completed,3710820685917858,205764473,2024-12-12
TXN-00001979,,CUST-44876,Melissa Walker,phudson@example.com,+1-371-328-2173x5345,2021-09-29,5439.37,Debit,GBP,Johnson Group,Online,4316.19,3917.82,0,complete,2001516032766655,753120518,2022-06-27
TXN-00001980,ACC-6680916,CUST-43636,Jennifer Hendricks,lisa79@example.org,408.510.6439x5951,2021-09-02,13225.51,Transfer,CAD,Castillo-Holmes,Online,15436.12,10153.86,1,Failed,2437740520445165,715950458,2024-10-14
TXN-00001981,ACC-5439814,CUST-13676,Robert Martin,qnelson@example.org,001-269-245-7571x5877,2023-11-19,13529.74,Fee,USD,Walters-Walsh,Healthcare,400.81,84660.82,0,Failed,7926378471293370,989332328,2020-08-12
TXN-00001982,ACC-8663029,CUST-38454,Virginia Harris,stevensjoann@example.org,(583)718-2239x9512,2024-06-14,$6315.35,Fee,USD,Morgan Inc,Dining,11931.26,90423.07,0,Reversed,8963684234865206,791773449,2021-09-01
TXN-00001983,ACC-6381550,CUST-73021,Angela Edwards,xkim@example.org,001-954-473-8248x43580,2023-04-21,2726.45,Fee,JPY,"Salazar, Henderson and Price",Dining,48351.85,24820.38,0,Completed,2678314555457041,912935229,2020-04-29
TXN-00001984,ACC-4753705,CUST-52899,Priscilla Haas,santosmichael@example.com,5126809479,2020-03-28,11935.65,Fee,JPY,Wolfe-Holden,Grocery,21601.94,24144.63,0,Pending,3396852829627855,545739700,2020-12-16
TXN-00001985,ACC-7008341,CUST-33620,Paula Bailey,uhayes@example.org,(537)330-2355x3372,2022-05-09,3095.15,Credit,USD,Morgan Inc,Online,45343.92,64967.66,0,Reversed,6624650192722103,999656001,2021-02-21
TXN-00001986,ACC-6628192,CUST-95941,Steven Williams,christopher09@example.org,001-326-811-3373x9920,2024-06-14,1908.04,Transfer,EUR,"Armstrong, Scott and Saunders",Grocery,48478.2,10760.25,0,Pending,4503431331721941,155331975,2020-12-06
TXN-00001987,,CUST-62305,David Smith,brianking@example.net,562.332.3260x917,2022-08-22,4864.77,Transfer,USD,Oneal Inc,Online,45835.33,23052.94,0,Failed,4605480828542270,465203007,2022-04-06
TXN-00001988,ACC-7957821,CUST-33292,Amy Molina,lawrenceyolanda@example.org,(354)782-9746,2024-09-17,4425.63,Fee,JPY,Walters-Walsh,Travel,25107.93,33050.88,0,Failed,9895487948957204,408903723,2023-02-26
TXN-00001989,ACC-7961835,CUST-43215,Martin Hall,patricia03@example.org,313-759-9227,2022-01-15,2260.48,Fee,JPY,Williams-Spence,Retail,16903.42,82228.96,0,Reversed,4180442817724399,242349543,2020-11-25
TXN-00001990,ACC-9615046,CUST-16074,Katherine Myers,wpope@example.net,440-936-2408x96230,2022-08-13,1441.52,Credit,USD,,Entertainment,37786.99,55656.01,0,Failed,6508901753062435,243714218,2024-07-07
TXN-00001991,ACC-4194969,CUST-35563,Sheri Kidd DDS,danieljohnson@example.org,(945)502-5912,2021-08-17,11301.45,Credit,USD,Garcia-Freeman,Retail,4571.73,11280.42,1,Failed,5360660169918757,569197015,2024-02-18
TXN-00001992,ACC-3525687,CUST-55065,Elaine Miller,vanessaweaver@example.com,(716)697-1244x43382,2021-02-16,5823.63,Refund,JPY,Gardner and Sons,Retail,28886.77,71423.28,0,Completed,3233170747385998,493837272,2023-11-14
TXN-00001993,ACC-8455182,CUST-54667,Christopher Morales,ijones@example.net,(396)911-8502,2022-02-18,14573.07,Transfer,CAD,,Entertainment,34443.89,13091.98,0,completed,1775313740295793,291409104,2020-09-21
TXN-00001994,ACC-7460191,CUST-50778,Amy Sparks,brianmckay@example.com,001-659-740-6451x25814,2021-04-11,3464.96,Debit,EUR,Wolfe-Holden,Utilities,47961.78,10064.56,0,Reversed,3618207220822125,440088530,2020-09-30
TXN-00001995,ACC-1146238,CUST-90677,Christopher Krueger,patricia40@example.org,634-799-7622,2023-10-27,14378.6,Fee,EUR,Barnes Inc,Grocery,30487.19,44751.15,0,Reversed,8028520530591777,781154408,2024-01-02
TXN-00001996,ACC-9366182,CUST-42189,Janet Goodman,,404-778-9439x2839,2020-06-02,10476.17,Credit,USD,Roach-Brooks,Retail,5388.81,77536.7,0,Failed,7428158717876432,299651109,2023-08-20
TXN-00001997,ACC-7493864,CUST-64735,Mary Walker,arich@example.org,250.377.2799x0881,2022-12-31,13852.78,Refund,GBP,David-Martinez,Grocery,15222.67,34700.53,0,Failed,4449873639753219,593250037,2024-05-01
TXN-00001998,ACC-4064535,CUST-88698,Jeffrey Sullivan,umay@example.com,892.700.1091x94093,2020-01-17,10590.47,Debit,GBP,"Baker, Pierce and Lynch",Entertainment,26229.55,82776.01,0,Failed,9663990999191364,627976306,2024-05-02
TXN-00001999,ACC-8310037,CUST-56779,Douglas Herrera,mgonzalez@example.org,+1-994-246-4399x4499,2027-02-09,14960.28,Refund,JPY,Logan-White,Healthcare,29727.74,72785.72,0,Failed,3690263851997941,353438498,2024-04-10
TXN-00002000,ACC-6746178,CUST-99618,Kimberly Jones,guzmanbrendan@example.com,(754)663-6419x96645,2021-04-29,1094.32,Transfer,JPY,Dean LLC,Retail,43614.03,77349.43,0,Reversed,1558934453478626,684256833,2023-10-26
TXN-00000934,ACC-9106463,CUST-65190,Angela Brown,ureed@example.net,538-822-2629,2023-09-01,5658.56,Refund,USD,"Watts, Fuller and Morris",Dining,36893.36,37944.48,0,Completed,9175341316845619,685833703,2022-12-08
TXN-00001460,ACC-6062282,CUST-83326,Howard Thomas,tiffany03@example.com,(786)873-0400x09536,2021-07-31,3591.49,Credit,GBP,Case Inc,Travel,42749.96,87521.72,0,Failed,3453987743094494,619039546,2020-12-12
TXN-00001339,,CUST-39752,Matthew Evans,peterserica@example.com,(315)629-3823,2023-02-25,13343.45,Fee,GBP,Jones Ltd,Retail,36564.59,54585.49,0,Reversed,8600758333312067,724569291,2024-11-06
TXN-00001803,ACC-1421956,CUST-15991,Richard Harvey,cheryl86@example.com,392.911.2196,2024-03-08,6482.32,Debit,GBP,Anderson Group,Healthcare,30570.84,3820.55,0,Reversed,6968989268317772,773127566,2020-05-20
TXN-00000264,ACC-9206047,CUST-72693,Brian White,rbuchanan@example.org,8892387559,2020-03-10,12584.98,Transfer,GBP,Bishop PLC,Online,42248.94,59306.37,0,Pending,2243743051161092,733876590,2024-03-01
TXN-00000082,ACC-3616534,CUST-90373,Paul Wilson,smithmichelle@example.net,917.291.7079x5368,2023-11-11,703.63,Refund,CAD,"Wright, Marsh and Huffman",Utilities,31222.62,34132.58,0,Reversed,3878233225147313,584991435,2020-01-18
TXN-00000340,ACC-8878309,CUST-83435,Lauren Hickman,nathanconway@example.com,+1-848-653-1241x7591,2024-03-31,10268.11,Refund,EUR,"Wright, Marsh and Huffman",Retail,16899.4,99364.09,1,Pending,3012353939305596,196933548,2024-04-29
TXN-00000806,ACC-3410062,CUST-43864,Melanie Gilmore,,852-700-0919,2021-06-08,12999.44,Transfer,GBP,Brown Group,Utilities,44631.83,16520.84,0,Pending,3973308325715975,897862307,2023-01-02
TXN-00000070,ACC-8708857,CUST-13832,Randy Arroyo,smithemma@example.org,001-690-698-8032x54286,2020-08-28,3182.09,Debit,JPY,Rice-Robbins,Dining,34876.69,32721.83,0,Reversed,4026107845473501,885799573,2021-07-25
TXN-00000686,ACC-4904447,CUST-11906,Matthew Ortiz,mwarren@example.net,+1-806-879-2481,2023-06-28,$3229.41,Fee,CAD,"Hampton, Morgan and Hayes",Dining,21189.91,3168.22,0,Completed,7112120388928153,631978277,2023-03-11
TXN-00001133,ACC-3506902,CUST-26629,Eugene Lawrence,monica34@example.net,+1-675-774-4510x1598,2024-01-26,9355.33,Credit,USD,Tucker Ltd,Retail,14051.83,15791.95,0,Failed,5229470627855541,849846818,2023-08-05
TXN-00000444,ACC-1044315,CUST-99557,Billy Meyer,franklisa@example.net,+1-367-328-0950x4837,2023-07-15,9375.03,Credit,CAD,Bishop PLC,Healthcare,15301.27,71330.7,0,Pending,6660778333514095,724005862,2021-11-13
TXN-00001267,ACC-5200999,CUST-12275,Robin Rodriguez,phamrobert@example.org,2418813662,2022-06-04,11782.1,Debit,JPY,"Salazar, Henderson and Price",Dining,22957.76,15182.36,0,Failed,2738624030205865,428253240,2024-07-27
TXN-00001664,ACC-1257727,CUST-21826,Kristin Mays,claire63@example.net,(453)887-2147x700,2021-04-11,86.98,Debit,USD,"Roberts, Joyce and Sanchez",Entertainment,39516.25,3798.76,0,Failed,9971130151821131,185565574,2020-07-10
TXN-00000783,ACC-3276171,CUST-71384,Justin Jones,,492-420-7355x620,2020-10-30,5014.45,Transfer,EUR,Jones Ltd,Dining,47585.82,17934.97,0,Reversed,9154946448267314,589107409,2022-07-28
TXN-00000797,ACC-4665459,CUST-34660,Aaron Braun,andrew80@example.com,(589)454-2852x315,2020-07-02,575.7,Transfer,EUR,Castillo-Holmes,Grocery,3521.37,17771.36,0,Completed,6132847363589421,840356813,2021-06-30
TXN-00000363,ACC-7496311,CUST-90536,Stephanie Rose,schneiderpenny@example.net,4258270612,2021-07-03,12076.18,Credit,CAD,"Armstrong, Scott and Saunders",Online,49705.59,91457.08,0,Reversed,2587977842785710,225910626,2024-03-25
TXN-00000731,ACC-5661219,CUST-49077,Amy Reyes,floresbill@example.com,001-238-652-8691x41327,2021-02-20,359.17,Fee,CAD,Johnson-Murray,Dining,7743.47,70781.45,1,Reversed,7613556829834859,824873483,2022-03-06
TXN-00000703,ACC-9132167,CUST-50298,William Smith,rcole@example.net,614-331-6585x57754,2020-02-19,7619.39,Refund,EUR,Johnson LLC,Entertainment,-488.0,28992.21,0,Failed,1043828136836643,437942820,2021-04-03
TXN-00000084,ACC-1489484,CUST-72222,Thomas Chang,,001-607-583-1523,2021-03-29,643.97,Refund,EUR,"Morgan, Barnes and Parks",Healthcare,45899.57,81330.82,0,Failed,1021732945783894,970587580,2023-12-17
TXN-00000169,ACC-6257695,CUST-63265,Darius Adams,burgesspatrick@example.com,001-390-485-6432x06593,2024-10-30,3169.28,Debit,USD,"Wright, Marsh and Huffman",Travel,39939.83,85561.44,0,Pending,8552700567738350,978295149,2020-12-30
TXN-00001626,ACC-9061958,CUST-81452,Rebecca Boyer,anthony62@example.com,640-409-0372x2472,2022-03-08,14702.45,Debit,JPY,"Hampton, Morgan and Hayes",Utilities,5902.19,44808.88,0,Reversed,3359967085817204,131203203,2024-01-19
TXN-00001684,ACC-5814928,CUST-30842,Caleb Reese,chapmanshannon@example.org,+1-397-612-6377x2730,2022-12-21,3117.52,Fee,GBP,Johnson Group,Travel,23824.39,88172.91,0,Reversed,4953602163161879,889320225,2021-05-13
TXN-00000382,ACC-6190453,CUST-13903,Gina Bernard,phillipstracey@example.org,5082914582,2023-10-22,8611.83,Refund,EUR,Johnson LLC,Retail,48281.9,22212.35,1,Failed,9230271778232233,813816530,2022-10-23
TXN-00000904,ACC-7538758,CUST-38884,Natalie Johnson,aalexander@example.net,3699184345,2022-11-04,4491.41,Debit,CAD,"Warren, Rose and Bell",Grocery,19570.14,84086.93,0,Completed,7840333086136410,100062502,2024-10-25
TXN-00001264,ACC-4529489,CUST-71008,Sarah Becker,jordancarolyn@example.org,001-373-339-8832x550,2022-10-08,3338.21,Transfer,USD,"Garcia, Martinez and Hernandez",Healthcare,46153.36,17275.49,0,Completed,7513496740655324,399205718,2023-01-31
TXN-00001044,ACC-6942025,CUST-98416,Debra Walker,transherry@example.com,496-316-8914x90889,2022-04-20,4721.76,Refund,USD,"Salazar, Henderson and Price",Travel,49589.94,84912.36,0,Completed,2519777732553493,633159020,2024-05-07
TXN-00001925,ACC-3050519,CUST-69252,Andrew Clark,smithcody@example.net,587-630-1924x41892,2021-04-17,9966.97,Fee,EUR,Johnson-Murray,Entertainment,9446.88,74854.85,1,PENDING,2355821785389367,563321167,2021-11-18
TXN-00000333,ACC-6376897,CUST-67316,Mike King,anna59@example.org,8728749591,2024-03-23,939.61,Refund,GBP,Underwood-Allen,Dining,42999.02,87936.55,0,Completed,8467377786802566,923847231,2021-11-06
TXN-00001417,ACC-9615090,CUST-99241,Rachel Wood,jack72@example.com,783-728-4893,2023-04-12,13260.24,Credit,USD,Jacobs Inc,Healthcare,10395.45,89708.6,0,Pending,6419809736058928,328626044,2023-06-05
TXN-00000954,ACC-2497888,CUST-74691,Jennifer Gonzalez,robert75@example.net,341.392.4659x415,2022-07-10,2549.84,Refund,USD,"Roberts, Joyce and Sanchez",Dining,17884.74,42029.2,0,Reversed,2398255487383304,758138724,2024-11-10
TXN-00000230,ACC-2264611,CUST-90109,Sean Reynolds,karen33@example.com,001-946-281-7557x958,2022-10-20,11207.4,Credit,GBP,Roach-Brooks,Travel,40267.29,84143.65,0,Reversed,6335531955956773,132037354,2024-08-06
TXN-00001678,ACC-7112437,CUST-71938,Angie Martinez,ashleysellers@example.org,423-515-3061x0843,2021-01-08,8705.02,Transfer,JPY,Bishop PLC,Travel,582.63,24583.59,1,Failed,8795341575009575,446605766,2020-03-11
TXN-00000757,ACC-3188785,CUST-40127,Karen Mcclain,castrovincent@example.com,(834)573-7283x00930,2022-09-19,5524.31,Refund,JPY,Roach-Brooks,Healthcare,35877.28,45862.76,0,Failed,3358803960284506,161651730,2021-01-13
TXN-00000604,ACC-1628832,CUST-75268,Martin Miller,elopez@example.org,412-327-7414x402,2021-12-01,13363.35,Credit,USD,Jones Ltd,Dining,3053.82,76405.68,1,Completed,6701699596796675,710292932,2021-03-24
TXN-00000004,,CUST-42753,Anna Alexander,daniel43@example.org,001-292-260-8622x67887,2022-10-02,3650.88,Fee,USD,"Baker, Pierce and Lynch",Healthcare,49833.38,37629.48,0,Pending,4212396094378257,383756886,2023-07-20
TXN-00001441,ACC-9817804,CUST-66168,Patrick Moss,reeddavid@example.org,626-825-7489,2020-03-21,1204.64,Credit,GBP,Oneal Inc,Grocery,5264.61,97722.57,0,Pending,5290541939649566,580183488,2023-02-23
TXN-00000756,ACC-4787760,CUST-17647,Briana Dennis,smithpatricia@example.net,688.334.9877,2021-03-19,915.62,Debit,JPY,"Russell, Wright and Graves",Healthcare,21591.9,18775.57,0,Pending,7082826346484957,110854561,2023-06-06
TXN-00001741,ACC-7514171,CUST-55411,Jennifer Lewis,zallen@example.org,001-536-417-9286x0477,2022-02-25,13442.92,Transfer,USD,"Roberts, Joyce and Sanchez",Dining,7526.17,42236.01,0,Reversed,7385787484962558,459887217,2022-07-27
TXN-00000265,ACC-5748401,CUST-58210,Mary Perez,crystaldavis@example.org,001-428-211-0180x13805,2020-08-19,7240.39,Debit,GBP,Gardner and Sons,Online,17702.57,80721.66,0,Completed,6553563569726511,696661555,2021-05-07
TXN-00000643,ACC-9244281,CUST-76431,Devon Fisher,qmorrison@example.com,(736)710-5138x101,2020-05-20,0.0,Credit,CAD,,Online,9681.16,8098.53,0,Failed,8895267359006649,209159545,2021-09-30
TXN-00001221,ACC-7839062,CUST-75968,Brittney Ray,smithjeremy@example.org,503.438.3713x27903,2023-06-28,3415.43,Transfer,CAD,Logan-White,Healthcare,8358.92,15244.17,0,Reversed,7825306350365039,524364548,2024-02-06
TXN-00000421,ACC-4484098,CUST-22008,Manuel Washington,umorgan@example.com,(238)782-2340x917,2022-10-10,12476.4,Debit,JPY,Brown Group,Utilities,40521.81,3271.63,0,Pending,6085743698266457,383327863,2024-10-23
TXN-00001746,ACC-2991122,CUST-86408,Craig Weiss,tracywilkinson@example.org,(920)439-0876,2023-12-24,9875.5,Credit,CAD,Dean LLC,Dining,22400.46,20137.54,0,Failed,1888773045608088,723090844,2023-11-24
TXN-00000505,ACC-7248964,CUST-16964,Christine Jackson,meredith62@example.net,210-913-2155x73279,2020-07-08,3228.7,Transfer,GBP,Anderson Group,Utilities,5349.88,47442.84,0,Completed,1808887884395484,764885790,2024-01-22
TXN-00000661,ACC-8523479,CUST-33812,Anthony Moon,randy95@example.net,001-766-680-5119x472,2027-03-15,2848.63,Debit,CAD,Gardner and Sons,Utilities,1794.82,60994.98,0,Pending,8371146040008921,659090297,2021-11-14
TXN-00000578,,CUST-49081,Cathy Leonard,johnsonashley@example.net,266.590.2051,2024-05-05,12033.33,Debit,GBP,Dean LLC,Dining,47591.24,17374.56,1,Failed,3896283640582673,836618296,2021-12-29
TXN-00001720,ACC-1821901,CUST-35730,Lori Smith,esawyer@example.org,(614)474-5501,2020-10-05,12218.82,Refund,JPY,"Russell, Wright and Graves",Entertainment,2895.78,47267.98,0,Completed,6647958385668617,983990834,2022-10-02
TXN-00000401,ACC-3106804,CUST-13842,Jason Franco,mitchellzachary@example.org,8697562514,2023-04-26,14214.17,Refund,JPY,Day-Garcia,Grocery,4574.99,22912.55,1,Pending,5807100188276069,200248209,2023-07-30
TXN-00001208,ACC-8576990,CUST-35599,Amber Fields,jmartin@example.org,(627)464-2512,2023-06-03,6711.69,Refund,EUR,Sanchez Inc,Dining,22072.75,3733.41,0,Reversed,6688767365958197,620877401,2023-04-22
TXN-00001435,ACC-1483113,CUST-80498,Angie Fox,olivia68@example.com,001-674-284-7586x21875,2023-05-03,0.0,Debit,EUR,Sanchez Inc,Grocery,26071.12,66044.82,0,Failed,2587737463375840,135365337,2020-11-12
TXN-00000924,ACC-4872733,CUST-84958,James Diaz,hobbscheryl@example.com,969.803.6807,2021-07-26,4759.74,Refund,CAD,Morgan and Sons,Utilities,36122.94,43496.1,0,Pending,2630120512384151,471724908,2023-02-10
TXN-00000141,ACC-6355162,CUST-85120,Samantha Murray,larsoncatherine@example.org,+1-919-204-6602,2021-09-07,13698.17,Transfer,CAD,Sanchez Inc,Entertainment,8975.15,64981.43,0,Failed,2045890655668964,445832016,2020-12-26
TXN-00000032,ACC-7107582,CUST-78262,Michael Webb,daniel72@example.com,+1-678-390-4422x09768,2027-03-17,7268.7,Fee,EUR,Brown Group,Dining,7573.79,26577.02,0,Reversed,4543484856301780,651663053,2021-02-15
TXN-00000374,ACC-1641726,CUST-86423,Andrew Allen,mcbrideerica@example.com,2613485460,2021-10-14,$10470.69,Credit,CAD,Walters-Walsh,Dining,12411.16,58429.34,0,pending,1270201074534290,518832725,2020-10-24
TXN-00000788,ACC-5707242,CUST-35910,Matthew Santos,kirkjulie@example.net,600.407.5371,2023-03-30,7882.05,Credit,EUR,Hansen LLC,Grocery,48669.93,9192.95,1,Pending,1428185265917408,290140758,2022-03-25
TXN-00000411,ACC-1309643,CUST-59060,Walter Ramsey,ygallegos@example.com,+1-793-658-9441x4372,2023-12-02,9276.76,Fee,EUR,"Russell, Wright and Graves",Healthcare,24901.03,73788.4,0,Failed,6165541478436756,183837615,2020-09-25
TXN-00000501,ACC-2050358,CUST-48319,Tracy Holloway,hollowaythomas@example.org,001-601-562-9885x774,2024-12-16,3068.75,Refund,US Dollar,Johnson LLC,Online,40771.12,15761.25,0,Pending,2226886986845822,881229263,2020-10-15
TXN-00001617,ACC-5108300,CUST-47787,Jason Vargas,erin07@example.net,941-458-0465,2021-10-03,4352.9,Credit,GBP,Hunt-Woods,Retail,27245.47,64242.89,1,Failed,1142623410635136,608135535,2020-09-24
TXN-00001584,ACC-2515453,CUST-71438,Steven Martin,turnersuzanne@example.org,546-381-3893,2023-01-12,14725.9,Fee,EURO,Morgan and Sons,Entertainment,26246.37,89458.73,0,Failed,6568611877889990,737501776,2024-09-08
TXN-00000305,ACC-8688134,CUST-83914,Carol Contreras,edwardsmichele@example.org,+1-573-840-1335x7465,2023-02-12,12017.01,Fee,CAD,Case Inc,Entertainment,7677.72,31213.33,0,Failed,6649583414325580,262541236,2020-09-07
TXN-00001687,ACC-6973457,CUST-79099,Sharon Brown,jill89@example.com,468-763-1855,2023-05-02,6426.83,Refund,USD,Case PLC,Grocery,49992.79,37433.43,0,Pending,3176974898204512,390007607,2024-05-14
TXN-00000476,ACC-8704605,CUST-29926,Dawn Lee,klevy@example.com,(688)896-8273x47072,2021-04-08,11267.06,Credit,JPY,Williams-Spence,Travel,7251.55,71041.14,0,Reversed,1427420891509254,881779940,2020-06-06
TXN-00001600,ACC-2944246,CUST-37541,Larry Johnson,brandon15@example.net,+1-858-492-8866x095,2020-10-31,2407.38,Fee,CAD,Brown Group,Online,37664.62,19418.32,0,Pending,6057432068809778,850846247,2023-10-31
TXN-00000195,ACC-8991958,CUST-14426,Wendy Hopkins,natalie15@example.com,(873)737-6107x27787,2023-07-03,7791.28,Refund,JPY,Morgan Inc,Online,46540.14,78396.99,1,Failed,8674166943607656,254957147,2022-02-09
TXN-00001817,ACC-6918810,CUST-26478,Eric Boyd,andrea28@example.com,243.731.1647x8961,2020-01-18,12919.99,Fee,GBP,"Parker, Crosby and Thomas",Entertainment,23773.23,40010.84,1,Reversed,6092639962534031,175816523,2022-10-02
TXN-00001108,ACC-9134892,CUST-89266,Jessica Williams,trose@example.net,779-976-4670,2024-11-14,8091.62,Debit,USD,Oneal Inc,Travel,13018.07,43106.92,0,Pending,9444658643503581,986622781,2022-08-04
TXN-00001319,ACC-6626809,CUST-26267,Andrew Clark,jorgeochoa@example.net,001-400-591-5422x1843,2021-09-16,7305.47,Debit,CAD,Jacobs Inc,Healthcare,28305.83,71540.29,0,Reversed,8008639558113264,996903910,2020-06-22
TXN-00001686,ACC-5582950,CUST-72209,Andrew Cameron,jleach@example.net,853.233.5657x3294,2024-06-30,992.62,Credit,USD,Morgan Inc,Grocery,23187.72,71612.46,0,Failed,9859676182078137,647839312,2023-02-12
TXN-00000821,,CUST-92330,Elizabeth Ryan,marie94@example.org,9892436664,2022-04-25,7407.11,Transfer,GBP,Barnes Inc,Dining,44392.88,97923.22,0,Pending,3071217696889961,246257268,2024-12-04
TXN-00001844,ACC-6731958,CUST-77849,Susan Farrell,higginswilliam@example.com,778-573-5944x63428,2023-02-21,14258.81,Debit,us dollar,Wilson LLC,Online,23353.83,82965.93,0,Failed,2195103389892979,224547116,2022-05-03
TXN-00000062,ACC-7496849,CUST-98224,Betty Miller,adrianmacias@example.net,2466840894,2020-04-09,14681.32,Fee,JPY,"Garcia, Martinez and Hernandez",Dining,20326.63,4195.67,0,Pending,3450937645871301,650953568,2023-10-03
TXN-00000594,ACC-4042571,CUST-44545,Amanda Parker,youngedward@example.org,559-442-1410x67943,2024-07-14,233.12,Refund,GBP,Sanchez Inc,Retail,4154.05,47546.17,0,Reversed,4136172074257860,448102012,2020-04-29
TXN-00001281,,CUST-84650,Jeremy Henderson,rbrown@example.com,001-492-874-5379x5696,2021-08-16,11964.69,Transfer,USD,Martin Inc,Retail,38147.48,73255.41,0,Reversed,1782692548236040,572983019,2020-09-19
TXN-00001568,,CUST-32756,Nichole Cruz PhD,bakerjessica@example.net,882.644.8156x42643,2024-07-30,8913.64,Refund,JPY,"Salazar, Henderson and Price",Online,46510.83,73858.33,0,Completed,6095815252845427,103652820,2024-06-19
TXN-00000086,ACC-2194397,CUST-20269,Mallory Schmidt,lindagolden@example.org,452.954.5684x79917,2021-01-11,11226.73,Credit,EUR,Garcia-Freeman,Travel,23873.25,83857.8,0,Pending,4839965369416415,854014771,2024-11-21
TXN-00000957,ACC-7590020,CUST-12240,Nicole Hall,vtorres@example.net,(649)817-0580x3071,2022-09-22,3172.58,Transfer,USD,Hunt-Woods,Retail,15016.34,47332.29,0,Completed,9198576731227380,277376338,2023-09-20
TXN-00001153,ACC-1039673,CUST-47060,Todd Washington,mooreandrew@example.com,223.931.2278x081,2021-01-30,11488.38,Debit,EUR,Underwood-Allen,Utilities,49564.53,70954.72,0,Reversed,5335130128921798,189545887,2021-10-01
TXN-00000679,ACC-4143472,CUST-27262,Brianna Stevens,lauren08@example.org,(407)659-8173x11601,2021-06-18,3106.15,Transfer,USD,,Entertainment,16378.17,98431.4,0,Reversed,7620210331072335,256040822,2023-08-06
TXN-00000488,ACC-7718285,CUST-41721,William Duarte,masseymary@example.org,983.933.1129,2023-10-18,2290.98,Refund,GBP,"Baker, Pierce and Lynch",Dining,15925.35,57031.97,0,Failed,6518573511184294,697356349,2023-02-26
TXN-00000887,ACC-9814085,CUST-38618,Gina Foster,tmiller@example.com,001-511-977-6969x39110,2026-09-05,3101.49,Refund,CAD,,Healthcare,5441.8,31907.48,0,Reversed,9132519111048520,119326060,2021-03-28
TXN-00001761,ACC-6408871,CUST-11063,Terry Blanchard,teresamullins@example.net,680.297.9014x37357,2024-10-17,2897.86,Debit,GBP,Donovan-Davis,Travel,44430.31,16973.88,0,Completed,1541264236296526,422025981,2023-11-30
TXN-00001593,ACC-9070512,CUST-40384,Andrea Wise,vickieyang@example.com,+1-214-486-4022x9483,2023-07-07,12486.58,Transfer,USD,,Dining,28770.93,41631.44,0,complete,2264343580117759,406412183,2024-10-17
TXN-00001289,ACC-8334649,CUST-35553,April Holmes,ustafford@example.net,7819832815,2020-01-12,$7353.95,Debit,EUR,,Entertainment,804.52,98843.63,1,Pending,4859684633549899,571187696,2022-12-15
TXN-00000059,ACC-2727697,CUST-13002,Monica Wang,housemichael@example.org,001-684-363-4777,2022-05-08,0.0,Credit,JPY,"Parker, Crosby and Thomas",Dining,34064.01,93558.63,1,completed,1282196496253169,271838739,2023-09-22
TXN-00000323,ACC-8903724,CUST-25913,Jillian Medina,ymiller@example.com,(962)887-3448,2021-08-02,2.71,Transfer,USD,Day-Garcia,Online,10832.78,93951.01,0,Completed,3092971136767850,978803939,2021-12-30
TXN-00000746,ACC-4847644,CUST-13262,Michael Mckee,njackson@example.org,001-689-423-7106x039,2021-05-27,5908.86,Debit,Usd,Garcia-Freeman,Healthcare,18634.79,86594.4,0,Completed,4892260446668157,854738492,2023-06-01
TXN-00001732,ACC-5954692,CUST-63346,Michael Blevins,harveychristian@example.com,001-306-369-3548x9102,2024-05-30,14946.76,Credit,EUR,Logan-White,Travel,29929.32,64756.7,0,Completed,7365572813492006,401612810,2022-06-21
TXN-00001864,ACC-2727430,CUST-68556,Nancy Rodgers,,601.781.1073x5527,2023-04-15,1347.64,Transfer,JPY,Garcia-Freeman,Utilities,29703.18,16855.81,0,Completed,4175603564693168,910456080,2020-11-01
TXN-00000289,ACC-5075991,CUST-88952,Kristine Jones,mpayne@example.com,747.411.3513,2023-04-03,3294.99,Transfer,EUR,"Wells, Anderson and Robinson",Grocery,49202.39,23714.22,1,Failed,2301983992679330,479556775,2024-04-09
TXN-00001500,ACC-6556323,CUST-98721,Wanda Webb,jenningswendy@example.org,852.488.1513,2022-11-14,5020.49,Credit,EUR,"Watts, Fuller and Morris",Dining,44998.86,81328.8,0,Reversed,1719571914693842,949646442,2024-08-30
TXN-00000155,ACC-7502824,CUST-92585,Edward Guerra,dunlapaaron@example.net,976-569-4592x680,2022-09-07,499.52,Credit,CAD,"Wells, Anderson and Robinson",Healthcare,36755.2,54345.58,0,Reversed,6887606895055216,105967199,2020-04-10
TXN-00001029,ACC-6964621,CUST-70980,Tim Hammond,millerkenneth@example.net,379-678-2294,2023-12-05,7508.81,Fee,JPY,David-Martinez,Retail,35079.27,49668.45,0,Completed,8505581278272098,795039752,2024-11-11
TXN-00001653,ACC-4447545,CUST-89474,Charles Wilson,fowlergregory@example.com,955.553.8373x579,2023-05-25,2300.21,Debit,GBP,"Wells, Anderson and Robinson",Dining,19610.13,5913.1,0,Completed,6674541315777246,290591096,2024-02-23
TXN-00001304,ACC-4869297,CUST-86856,Kenneth Rodriguez,icollins@example.org,365-598-1157,2020-11-17,5324.59,Fee,USD,Castillo-Holmes,Utilities,1167.36,22329.43,0,Pending,3477173878482560,820936490,2023-04-13
TXN-00001218,ACC-8626448,CUST-46643,Tracy Jenkins,ksnyder@example.com,(259)398-4986,2023-03-16,317.65,Transfer,USD,,Healthcare,16549.18,1128.71,0,Pending,8225258637211097,252560969,2023-12-17
TXN-00001880,ACC-7171407,CUST-13331,Kaitlyn Cook,twilliams@example.org,+1-940-635-1957x3009,2024-12-29,5109.73,Transfer,GBP,"Parker, Crosby and Thomas",Travel,16834.62,57434.19,0,Pending,2359825928795921,651845399,2022-01-16
TXN-00001489,ACC-7896246,CUST-99271,Ann Copeland,bbates@example.net,+1-672-506-8814x798,2023-03-14,13757.69,Transfer,EUR,"Garcia, Mitchell and Wilson",Dining,22613.54,19336.41,1,Completed,6857545798518571,679679630,2023-01-19
TXN-00000911,ACC-3968215,CUST-39530,Bradley Hernandez,,813-703-8977x312,2026-11-08,9182.22,Fee,GBP,Gardner and Sons,Grocery,46516.58,59301.7,0,Pending,3177908094667516,521424499,2022-12-01
TXN-00000894,ACC-1492334,CUST-76531,Nicole Bailey,zguzman@example.org,(848)897-3012x31995,2026-11-22,385.49,Transfer,CAD,"Russell, Wright and Graves",Healthcare,38887.82,41985.6,0,Failed,4431899432002850,313034710,2020-12-21
TXN-00000909,ACC-3320595,CUST-29863,Shannon Moore,michelle20@example.net,+1-865-520-7748x6025,2020-02-25,7803.54,Credit,CAD,Morgan and Sons,Healthcare,9623.29,12169.55,0,Reversed,5147989843344352,908246350,2021-03-11
TXN-00001444,ACC-4485520,CUST-72712,Mark Farrell,andersonnathan@example.net,752-751-6129x54017,2020-05-25,9986.44,Transfer,EUR,Rice-Robbins,Healthcare,44683.25,76877.6,0,Completed,1704206464917738,672837495,2021-05-21
TXN-00001428,ACC-5584551,CUST-69894,Steven Roberts,misty51@example.net,3514775786,2021-10-24,2545.27,Refund,JPY,"Baker, Pierce and Lynch",Online,35083.85,84462.63,1,Pending,4762147065706150,635703214,2022-09-05
TXN-00000113,ACC-6232646,CUST-83143,Mindy Hodges,abrown@example.org,+1-627-981-5758,2024-09-15,$10635.49,Refund,CAD,Case PLC,Healthcare,45128.81,45653.9,0,Reversed,9314769042472397,713808290,2022-05-20
TXN-00001337,ACC-6072636,CUST-45733,Felicia Rowe,richard47@example.org,(517)870-2538,2023-06-02,10246.65,Fee,EUR,Castillo-Holmes,Dining,27258.14,44919.05,0,Reversed,2446601252147291,975580042,2023-06-02
TXN-00000211,ACC-1560024,CUST-83100,Robert Valdez,oscott@example.org,(781)828-1173x10521,2022-09-18,$1891.97,Debit,CAD,Williams-Spence,Utilities,11021.44,17842.6,0,Completed,5987439427175072,615437142,2020-01-25
TXN-00000167,ACC-4489513,CUST-16246,Michael Jordan,mcguireaustin@example.net,+1-797-934-8290x450,2020-01-27,10650.22,Debit,JPY,"Salazar, Henderson and Price",Online,6005.48,87834.23,0,Pending,4942627916273515,900820524,2023-09-01
TXN-00001383,ACC-2547559,CUST-91052,Kevin Johnson,mtaylor@example.org,(296)570-8323x87825,2020-08-23,12873.93,Fee,JPY,Morgan and Sons,Grocery,10491.58,55237.73,0,Completed,2835491843743603,124616875,2024-04-12
TXN-00001937,ACC-4896493,CUST-56174,David Davenport,sarahjenkins@example.org,(919)728-2793x07504,2022-07-24,14756.99,Debit,USD,Wilson LLC,Utilities,45890.01,28145.52,1,Pending,2159232179854065,824198177,2020-06-14
TXN-00000104,ACC-4276627,CUST-90601,Dale Gates,ojones@example.com,(933)219-0729,2020-05-06,11183.53,Credit,GBP,Hansen LLC,Dining,27509.29,50400.8,0,COMPLETED,7335783874128358,913513469,2024-09-09
TXN-00001723,ACC-2287024,CUST-90699,Mark Guzman,denisecain@example.org,750.383.2323,2021-02-11,10296.33,Fee,EUR,Castillo-Holmes,Online,22723.81,9874.11,0,Completed,6703245312065186,609298287,2021-04-21
TXN-00001176,ACC-4611238,CUST-91985,John Wiley,chadanthony@example.com,249-618-2386,2021-02-26,4022.32,Transfer,CAD,"Russell, Wright and Graves",Retail,30223.71,24634.62,0,Completed,3103746773714691,192551414,2021-10-17
TXN-00001676,ACC-8678370,CUST-94523,Lisa Martin,victor12@example.com,+1-906-864-4856,2023-11-30,4467.5,Refund,EUR,Wolfe-Holden,Travel,16607.12,9097.83,0,Failed,4481569577309987,452749546,2022-10-21
TXN-00001766,ACC-3924090,CUST-16357,Andrew Bennett,leepaul@example.org,(565)416-3537,2020-08-27,11963.57,Refund,JPY,Logan-White,Travel,13670.71,56833.68,0,COMPLETED,2172467152182285,425581576,2024-11-23
TXN-00001693,ACC-4664866,CUST-96099,Brian Mitchell,zhughes@example.com,+1-646-715-9101,2024-08-25,3655.93,Transfer,GBP,Donovan-Davis,Dining,38543.55,65393.99,1,Failed,9774151868331389,919435702,2024-01-22
TXN-00000457,ACC-1410098,CUST-21533,Todd Lloyd,franklinkristina@example.net,816.487.7541x1847,2020-03-09,7765.04,Transfer,GBP,Williams-Spence,Travel,25062.16,35675.8,1,Completed,2521276970524352,285984485,2020-03-30
TXN-00001356,ACC-3296861,CUST-23863,Joseph Patel,mmarshall@example.com,+1-967-650-5675x3952,2024-08-13,9508.28,Debit,GBP,"Salazar, Henderson and Price",Online,20561.64,5312.11,0,Reversed,5660653544917371,263601423,2024-08-23
TXN-00001037,ACC-3628298,CUST-89781,Andrew Miranda,stephaniesmall@example.net,880-437-3610x1801,2024-10-04,6555.19,Refund,GBP,Hansen LLC,Retail,28166.76,4132.99,0,Failed,9073301577995879,982335850,2023-05-04
TXN-00001992,ACC-5439814,CUST-13676,Robert Martin,qnelson@example.org,001-269-245-7571x5877,2023-11-19,13529.74,Fee,USD,Walters-Walsh,Healthcare,400.81,84660.82,0,Failed,7926378471293370,989332328,2020-08-12
TXN-00001785,ACC-6390732,CUST-45513,Patrick Smith PhD,stephaniemendoza@example.com,(734)235-7605x401,2021-09-22,$0.0,Debit,USD,"Salazar, Henderson and Price",Online,14194.38,29623.88,0,Failed,8384900686825767,230036505,2023-08-20
TXN-00000690,ACC-7915041,CUST-49586,Brian Hall,zmcbride@example.net,(440)936-0127,2024-07-15,9671.05,Transfer,EUR,Day-Garcia,Retail,35425.94,58261.17,1,Completed,1591940735242148,820159873,2021-03-20
TXN-00000914,ACC-5980024,CUST-11345,Steven Saunders,karlathornton@example.net,(774)908-6560x0229,2022-07-10,3352.24,Refund,CAD,David-Martinez,Retail,9085.37,81038.27,0,Reversed,6907999559656125,443346851,2022-07-24
TXN-00000028,ACC-5187655,CUST-39955,Steven Hampton,amy72@example.org,8582683082,2027-01-05,12927.07,Refund,USD,"Wells, Anderson and Robinson",Grocery,47942.34,96176.66,0,Failed,4155758017246668,416235787,2024-06-05
TXN-00001888,ACC-3368143,CUST-63426,Marie Grimes,robertburke@example.org,001-913-620-5853,2022-01-09,3863.89,Fee,EUR,"Hampton, Morgan and Hayes",Online,980.36,11232.62,1,Reversed,4374431157737464,601737118,2021-07-29
TXN-00000791,ACC-9583249,CUST-29795,Michelle Bell,rubenramirez@example.net,001-286-339-8771x56510,2024-01-21,1780.44,Fee,CAD,Johnson LLC,Travel,6489.43,2833.55,1,Completed,2717704710427021,767522383,2021-12-16
TXN-00001329,ACC-6303203,CUST-55036,Kathleen Gregory,hendersonamanda@example.net,(604)437-4431x975,2023-09-21,4749.51,Transfer,EUR,Dean LLC,Utilities,21085.44,63481.59,0,Reversed,7584844538593927,714774954,2023-05-28
TXN-00000912,ACC-1290389,CUST-66938,Kevin Davis,claytonjames@example.net,4507833504,2021-01-14,14821.04,Fee,CAD,David-Martinez,Utilities,40724.11,68665.1,0,Reversed,1877416214379767,162261013,2021-12-20
TXN-00000802,ACC-6891831,CUST-25786,Roberto Johnson,ana99@example.net,001-726-226-6568x0428,2021-06-28,5183.77,Debit,JPY,Garcia-Freeman,Grocery,3134.67,40910.63,0,Completed,6615477398457361,223328139,2020-08-02
TXN-00000071,ACC-3260770,CUST-42957,Laura Huff,leecharles@example.net,+1-994-584-7071,2020-04-20,7614.23,Fee,CAD,Anderson Group,Utilities,84.41,1301.42,0,Pending,4129259068238444,718833178,2020-12-31
TXN-00001955,,CUST-80713,Jessica Morales,colliershelly@example.com,900.916.3881,2020-02-29,10321.26,Credit,EUR,"Russell, Wright and Graves",Entertainment,31216.53,77552.03,0,Reversed,3114199697184541,545540063,2020-07-15
TXN-00001959,ACC-1321465,CUST-84500,Faith Valenzuela,wmcdaniel@example.com,+1-980-962-5291,2020-07-19,14206.12,Fee,CAD,Gardner and Sons,Entertainment,21341.72,85758.66,0,Failed,7294738630145254,271329782,2024-05-15
TXN-00000171,ACC-6471831,CUST-91183,Robert Carter,rodriguezjacob@example.net,7145341824,2020-02-12,11242.9,Refund,Euro,,Retail,32619.02,27678.74,0,Pending,2201265021693989,522463487,2021-09-23
TXN-00000603,ACC-3556923,CUST-53431,Vincent Price,noahwilliams@example.net,986.236.0574,2022-07-01,9616.34,Refund,EUR,David-Martinez,Grocery,21517.66,23911.9,0,Reversed,4031864956973003,154128153,2024-09-01
TXN-00000822,ACC-6797632,CUST-17758,George Greene,joshua08@example.org,451-829-1958x7095,2022-11-07,11168.85,Debit,GBP,Garcia-Freeman,Entertainment,16684.02,48739.6,0,Pending,4130122910938897,104808734,2023-02-19
TXN-00000320,ACC-9907075,CUST-44405,Monica Rojas,sduncan@example.net,+1-457-935-8054x16318,2023-07-10,1466.27,Credit,Euro,"Wright, Marsh and Huffman",Entertainment,20143.6,5386.82,0,Pending,5947827510305924,119588153,2022-08-10
TXN-00001916,ACC-6124211,CUST-52668,Edwin Shannon,michaelbrooks@example.com,976-507-9876,2024-12-20,6101.96,Transfer,USD,,Entertainment,41890.22,43783.73,1,Completed,3316766153726590,263961350,2020-04-22
TXN-00000066,ACC-5519022,CUST-43169,Zachary Rodriguez,lewistravis@example.org,871-818-5630x690,2024-06-24,73.56,Credit,GBP,"Armstrong, Scott and Saunders",Entertainment,4723.65,75180.38,0,Completed,6105450972132121,178052074,2022-04-28
TXN-00000506,ACC-3860061,CUST-66653,Tony Kelley,jasonellis@example.com,959-283-0512x2063,2020-05-14,12096.53,Refund,EUR,Dean LLC,Dining,8821.45,53158.98,0,Reversed,4564810943032281,381221260,2023-03-01
TXN-00000566,ACC-6179678,CUST-45679,Joel Ramos,jbennett@example.net,+1-842-547-4938x827,2023-07-06,5887.76,Refund,USD,"Warren, Rose and Bell",Grocery,-157.64,65223.82,0,Pending,4623648018627832,523840835,2023-07-10
TXN-00000205,ACC-5162762,CUST-76970,Kristen Smith,vincentgrimes@example.com,001-839-903-0641,2020-07-20,8369.26,Debit,EUR,Jones Ltd,Online,10732.82,46210.69,0,Failed,6576507244111826,294120184,2021-04-16
TXN-00001151,ACC-8622005,CUST-70079,Megan Johnson,kgutierrez@example.com,712.810.2074x3210,2023-04-02,11028.92,Transfer,EUR,Johnson Group,Retail,39892.21,29301.79,0,Completed,4100100486171651,741469274,2020-04-20
TXN-00001712,ACC-9642054,CUST-40694,Paul Lopez,michaelsanders@example.net,(223)905-3051x327,2026-06-05,1644.29,Transfer,USD,Tucker Ltd,Dining,4360.01,85249.47,0,Pending,7739225131583022,516621368,2024-08-01
TXN-00001254,ACC-8257135,CUST-42954,Jeremy Payne,travis43@example.com,420-604-5158,2024-04-20,5904.06,Transfer,EUR,Donovan-Davis,Grocery,49988.54,99845.24,0,Failed,2188706837835966,267730290,2024-11-29
TXN-00001530,,CUST-77042,Robert Myers,schultzbelinda@example.org,(434)492-6813,2022-08-08,$5670.81,Transfer,CAD,,Retail,15871.19,72175.02,0,Completed,3155638755187057,909378223,2024-07-07
TXN-00000990,ACC-7865710,CUST-71445,Sheila Graham,stephenmcneil@example.org,+1-829-582-9883x8041,2026-07-07,12528.98,Fee,USD,Walters-Walsh,Utilities,13554.45,97064.58,0,Pending,5589119051778858,620257377,2023-12-28
TXN-00000892,ACC-3319594,CUST-43793,Ashley White,,+1-368-280-8126,2021-11-02,10933.58,Debit,JPY,Williams-Spence,Online,33416.56,27213.41,0,Failed,1625973687416535,462890208,2020-03-24
TXN-00001145,ACC-2525228,CUST-49481,Ryan Hughes,vsawyer@example.com,681.265.7458x0282,2024-01-11,5098.55,Debit,USD,Long PLC,Dining,3465.97,67493.89,0,Pending,3366454335847736,829420644,2024-10-19
TXN-00000719,ACC-5189926,CUST-11086,James Sellers,xprice@example.org,(694)320-2225x88523,2024-01-30,13413.68,Credit,CAD,Jones Ltd,Utilities,25523.98,49265.82,0,Completed,6401932016849953,229641690,2021-07-02
TXN-00001672,,CUST-20473,Tara Lucero,xweaver@example.org,649.216.9715x76289,2022-12-06,5650.95,Credit,EUR,"Watts, Fuller and Morris",Entertainment,17358.79,33284.24,0,pending,2245380795739852,509338013,2022-06-05
TXN-00001524,ACC-7808486,CUST-15500,Mark Johnson,pamelanelson@example.com,273.772.2770x15590,2022-07-26,1093.13,Debit,JPY,Walters-Walsh,Entertainment,20628.63,90547.07,0,complete,5564941385587871,150572352,2023-06-29
TXN-00001960,ACC-7947256,CUST-10171,Alex Griffin,stevenwood@example.com,347.446.4023x0554,2023-12-22,10523.59,Fee,CAD,"Garcia, Mitchell and Wilson",Online,15315.6,65360.58,0,Reversed,5520501387057110,769820320,2024-06-19
TXN-00001564,ACC-7236364,CUST-61704,Brenda Schaefer,simondwayne@example.com,215.627.6366x870,2024-08-09,7945.07,Transfer,GBP,David-Martinez,Entertainment,33675.69,44459.88,0,Pending,8347496653477322,677845327,2023-10-27
TXN-00001028,ACC-2679301,CUST-17987,Adam Reed,zgarcia@example.net,+1-361-576-7043,2023-02-14,4217.57,Fee,GBP,Williams-Spence,Retail,49384.35,76821.46,0,Completed,2633542839712967,633559680,2024-08-02
TXN-00000672,ACC-9138854,CUST-27186,Elizabeth Miller,gillkimberly@example.org,755-538-3161,2021-05-26,5139.9,Credit,JPY,"Parker, Crosby and Thomas",Travel,19061.76,85342.58,0,Failed,8319963242458242,849247738,2020-05-30
TXN-00001536,ACC-4278458,CUST-72445,Ashley Campbell,tsullivan@example.com,001-663-688-3486x30188,2024-03-13,11113.56,Debit,CAD,"Wright, Marsh and Huffman",Utilities,17879.26,86491.78,0,Reversed,3673619299147431,573162324,2022-08-01
TXN-00001586,ACC-2850851,CUST-15664,Mr. James Miller Jr.,michelleleon@example.net,001-586-421-7008x781,2022-07-14,9891.88,Refund,CAD,Hunt-Woods,Dining,43412.19,31660.98,0,Reversed,6625566648055877,925269638,2022-07-14
TXN-00000298,ACC-6013994,CUST-61429,Anita Nguyen,iyoung@example.com,(577)843-5765,2024-10-05,2843.79,Fee,CAD,"Garcia, Martinez and Hernandez",Utilities,2193.27,15219.93,1,Completed,2004721975411460,715972736,2021-08-31
TXN-00000523,ACC-8115428,CUST-51473,Louis Montoya,michael15@example.net,903.939.0046x456,2023-11-14,1379.04,Fee,JPY,Oneal Inc,Dining,17220.46,6099.98,0,Pending,8236938070958349,596594682,2020-07-16
TXN-00000591,ACC-7916730,CUST-56622,Joseph Todd,santiagomelissa@example.net,(246)831-2128x33109,2024-01-16,12739.86,Transfer,CAD,Long PLC,Retail,25922.75,30925.13,0,Failed,7276986293097565,368623862,2024-11-24
TXN-00001975,ACC-2721335,CUST-28334,Lindsay Smith,jessicakramer@example.com,843-770-9125,2021-03-05,3200.46,Fee,GBP,"Warren, Rose and Bell",Retail,523.22,18771.55,0,Completed,7840938946773234,305116689,2020-11-09
