policy_id,claim_id,customer_id,customer_name,ssn,email,phone,address,zip_code,state,policy_type,coverage_amount,premium,deductible,policy_start,policy_end,claim_date,claim_amount,claim_status,adjuster,settlement_amount,last_updated
POL-0000001,,CUST-40121,Daniel Williamson,621-11-4119,hughessherry@example.com,(280)639-0756x1138,2674 Scott Square,48051,WA,Auto,1985248.2,9281.75,8312.15,2025-04-11,2026-04-11,2025-06-21,311324.4,Under Review,Jesse Tyler,,2024-12-18
POL-0000002,CLM-00000002,CUST-13779,Rachel George,913-44-9435,valerie69@example.com,(858)866-6304,032 Lisa Forest,95748,NC,Health,1473957.03,17724.36,5525.88,2022-09-26,2026-09-25,2024-06-27,129009.98,Settled,Louis Moyer,106570.07,2024-05-20
POL-0000003,CLM-00000003,CUST-27455,Kathryn Wagner,995-71-9604,fberry@example.com,300.383.0248x87646,98833 Sharon Meadow,16604,CA,Commercial,930306.95,9001.35,9095.19,2023-07-19,2028-07-17,2024-11-06,102886.6,Under Review,Jesse Tyler,,2025-02-23
POL-0000004,,CUST-15110,John Duffy,529-32-1511,nielsenjoanna@example.com,258.502.1883x429,9513 Sara Spurs,15145,IL,Home,1689347.37,21617.39,5727.49,2024-01-16,2029-01-14,2024-04-16,535387.72,Settled,Karen Miller,515642.14,2026-03-22
POL-0000005,,CUST-84898,Lindsay Walker,872-42-9934,johnsondaniel@example.net,9022679935,763 Sandra Prairie,62684,GA,Home,1090257.6,2734.22,6578.07,2021-01-12,2023-01-12,2022-01-28,742787.14,Settled,Michelle Davis,727627.69,2025-02-26
POL-0000006,CLM-00000006,CUST-86887,Rita Duncan,165-25-9940,maddenjoanna@example.org,374-629-0629,05962 Adams Hollow Apt. 878,06340,WA,Health,1695003.35,4321.61,3594.72,2020-11-23,2024-11-22,2021-09-25,1110949.29,Approved,Kenneth White,,2024-06-07
POL-0000007,CLM-00000007,CUST-39957,Wendy Johnson,115-23-9259,kingwilliam@example.net,001-712-250-3754,080 Martin Shores Suite 514,81413,CA,Commercial,1558619.22,13133.35,3540.27,2022-12-24,2026-12-23,2025-02-11,218646.08,Approved,Brian Hernandez,,2024-05-19
POL-0000008,CLM-00000008,CUST-72310,Steven Serrano IV,921-33-8942,zbennett@example.org,672.527.4517x7630,3114 Dennis Gardens,31228,WA,Life,1710008.8,5968.45,3602.46,2021-12-17,2023-12-17,2022-07-03,22670.74,Under Review,Kenneth White,,2024-07-07
POL-0000009,CLM-00000009,CUST-25802,Mark Sanders,817-44-4630,melissa28@example.com,515-530-6337x73180,138 Carney Ville,28948,IL,Health,1559370.3,17881.43,3991.15,2024-04-15,2028-04-14,2025-09-27,910315.96,Under Review,Jesse Tyler,,2025-06-22
POL-0000010,CLM-00000010,CUST-67563,Elizabeth Gomez,235-69-8221,daviscourtney@example.net,6878577774,060 Samantha Alley,07986,AZ,Health,325786.27,3419.24,5212.05,2022-02-01,2027-01-31,2025-11-25,120467.7,Approved,John Meyer,,2026-01-07
POL-0000011,CLM-00000011,CUST-53432,Abigail Miller,753-66-5692,nguyenelizabeth@example.org,001-227-260-3484x788,2457 Gregory Locks Suite 728,01424,CA,Commercial,62867.25,437.1,5497.82,2023-04-19,2027-04-18,2025-08-09,9571.15,Approved,John Meyer,,2025-03-24
POL-0000012,CLM-00000012,CUST-22300,Kyle Brown,537-98-5756,ryan80@example.com,001-697-984-2553x96116,0572 Harrington Roads,,GA,Life,1909325.28,19065.05,5757.9,2021-09-25,2026-09-24,2022-03-05,1193416.08,Settled,Phillip Sherman,945322.79,2025-05-24
POL-0000013,CLM-00000013,CUST-88254,Ronald Davis,102-79-2054,vsoto@example.org,757.539.4266x1099,53981 Shannon Crossing,63301,TX,Health,785282.26,1808.79,4950.8,2025-04-09,2027-04-09,2025-10-19,12312.22,Under Review,Phillip Sherman,,2025-01-11
POL-0000014,CLM-00000014,CUST-30509,Katherine Jones,850-62-4331,bergershannon@example.net,644.423.6659,36178 Horn Route,1234,AZ,Auto,480546.92,1402.75,5514.94,2025-03-07,2030-03-06,2025-07-04,337266.69,Settled,Ashley Mcclain,230390.44,2024-10-24
POL-0000015,,CUST-36065,Diane Hartman,336-89-3459,vroberts@example.org,+1-470-275-2218x5093,6702 Sanchez Parks Suite 149,80353,FL,Home,380080.07,5566.8,2767.4,2020-12-11,2022-12-11,2022-03-16,17289.23,Settled,Brian Hernandez,16415.37,2025-05-23
POL-0000016,CLM-00000016,CUST-73204,Karen Davila,264-66-9498,charleswilliam@example.org,+1-990-367-6727x06219,02014 Sims Village Apt. 514,79852,AZ,Commercial,1323024.44,17031.74,3079.12,2021-01-21,2024-01-21,2021-09-30,370528.13,Approved,Denise Green,,2023-02-12
POL-0000017,,CUST-61371,Kylie Rhodes,671-59-8362,nelsonmichael@example.net,715-831-7470x5908,75046 Roy Harbor Suite 514,17650,CO,Commercial,1845154.86,21577.32,1475.26,2021-09-26,2025-09-25,2022-04-15,112017.05,Approved,Jennifer Reid,,2024-07-23
POL-0000018,CLM-00000018,CUST-31666,Robert Thompson,295-67-7157,lindseyjanet@example.com,462-265-7712,002 Clarke Route Apt. 323,67244,TX,Commercial,250008.89,925.5,9772.94,2020-05-15,2024-05-14,2020-12-18,94533.01,Settled,Michelle Davis,89117.8,2025-01-01
POL-0000019,CLM-00000019,CUST-74716,Stephen Ray,677-13-2146,sanchezjohn@example.net,217.966.6416x3423,94544 Amber Springs,63485,FL,Commercial,1824829.68,26963.53,1967.75,2021-05-03,2023-05-03,2023-04-19,795095.06,Settled,Caleb West,776831.48,2022-09-06
POL-0000020,,CUST-66928,Mark Charles,589-19-1550,jennifersalinas@example.net,733.950.4936x77763,2605 Jones Crest,73439,FL,Home,442345.41,1870.1,7166.48,2023-07-29,2027-07-28,2023-11-08,282421.21,Settled,,238119.0,2025-08-04
POL-0000021,CLM-00000021,CUST-48090,Mark Jones,335-72-4002,kjoseph@example.net,001-992-384-2508x763,33892 Victor Pass,37030,NC,Life,640673.07,8638.59,5125.45,2021-07-22,2023-07-22,2022-01-10,66990.05,Settled,Jennifer Reid,59592.41,2024-07-18
POL-0000022,,CUST-44783,Tony Dickerson,351-33-1762,michele51@example.net,001-917-639-3169,279 Ford Skyway Apt. 918,95743,CO,Health,1735268.54,15671.39,5128.23,2024-04-02,2025-04-02,2024-05-02,492652.82,Under Review,Brett White,,2024-08-22
POL-0000023,CLM-00000023,CUST-66497,Amanda Chavez,917-94-8642,jamie63@example.net,601.899.6572,6885 Jennifer Mews Apt. 614,67674,NC,Life,590344.17,1380.26,9722.34,2022-10-07,2024-10-06,2024-03-16,431793.17,Rejected,Phillip Sherman,,2022-02-08
POL-0000024,CLM-00000024,CUST-72334,Danielle Stone,458-20-4491,thompsonmatthew@example.net,775-209-4221,744 Murphy Springs Apt. 986,13365,AZ,Home,1197512.0,16196.31,6901.64,2022-12-11,2024-12-10,2023-03-25,255373.88,Settled,John Meyer,207409.21,2025-12-17
POL-0000025,CLM-00000025,CUST-74836,Sheila Ho,676-88-2632,kerri40@example.com,777.790.5549x601,0588 Baker Gardens,30503,NC,Auto,1476186.54,18557.12,915.77,2020-10-30,2023-10-30,2023-02-27,120203.06,Settled,Eric Butler,72259.55,2026-03-14
POL-0000026,CLM-00000026,CUST-77218,Emily Villa,444-21-5298,sarah88@example.com,555.754.1326x0494,230 Sullivan Square,83444,CA,Auto,1983863.55,28110.67,5510.79,2021-12-04,2024-12-03,2023-06-22,1189250.86,Approved,Louis Moyer,,2025-10-07
POL-0000027,CLM-00000027,CUST-23006,Charles Livingston,148-69-6956,lclark@example.org,(264)507-6558,872 Rachel Bridge Apt. 234,12028,FL,Commercial,1696479.09,13378.96,8186.03,2021-02-15,2026-02-14,2024-02-14,941929.06,Submitted,,,2024-11-21
POL-0000028,CLM-00000028,CUST-96312,Daniel Atkinson,823-51-1775,crystal55@example.org,820-233-8337x9084,675 Irwin Terrace,,FL,Life,1238219.25,7890.24,2672.83,2022-01-11,2027-01-10,2023-04-13,163123.82,Approved,Brett White,,2022-10-11
POL-0000029,CLM-00000029,CUST-45268,Ryan Edwards,392-96-6992,qvillarreal@example.com,(911)317-1181x298,455 Colon Harbors Apt. 244,32557,WA,Health,1773415.77,9247.57,380.25,2023-12-14,2025-12-13,2025-03-08,262050.64,Rejected,Dr. Tina Reyes MD,,2024-07-31
POL-0000030,CLM-00000030,CUST-67712,Mary Ritter,252-40-7146,gravescourtney@example.net,375.746.2969x3472,421 Cooper Causeway,05156,AZ,Home,1096264.29,9605.58,5744.48,2021-08-28,2024-08-27,2022-05-11,289735.48,Rejected,Denise Green,,2025-07-22
POL-0000031,,CUST-65864,Erika Smith,285-61-8910,priceraven@example.org,+1-387-500-0790,850 Watson Union,02779,CO,Auto,1788934.85,3880.74,7021.69,2024-06-14,2027-06-14,2025-12-29,582697.71,Settled,Ashley Mcclain,456598.57,2025-12-25
POL-0000032,CLM-00000032,CUST-45942,Annette Ford,645-11-4563,sarah18@example.com,001-719-254-7468x47337,104 William Pine Apt. 222,97263,GA,Health,1443303.57,8247.37,6761.43,2023-03-23,2027-03-22,2026-02-24,196173.78,Submitted,,,2025-04-11
POL-0000033,CLM-00000033,CUST-90143,Natalie Dorsey,470-58-6453,brettperez@example.com,428.699.1182x76972,19308 Baker Mountain Apt. 945,18804,CA,Auto,614376.53,7198.62,2987.57,2022-09-05,2018-04-20,2024-08-19,12571.11,Under Review,Brian Hernandez,,2021-05-19
POL-0000034,CLM-00000034,CUST-80483,Robert Roth,329-51-7578,troy84@example.org,+1-638-588-3015,7052 Walker Isle,88561,CA,Life,1961981.4,7362.89,6035.36,2021-07-19,2022-07-19,2022-06-03,425883.0,Under Review,Louis Moyer,,2024-08-21
POL-0000035,CLM-00000035,CUST-76985,James Potts,749-61-4102,calebserrano@example.net,713-539-3983x43784,8344 Keith Junctions Suite 194,95314,GA,Commercial,173195.73,892.74,5518.15,2025-04-01,2026-04-01,2025-06-04,67612.01,Approved,Ashley Mcclain,,2024-04-13
POL-0000036,CLM-00000036,CUST-96653,Nathaniel Brown,913-43-4749,jsanford@example.org,8269989450,0576 Sanchez Grove Suite 346,62253,WA,Health,1082381.62,9016.36,6160.76,2022-05-12,2025-05-11,2024-07-22,339204.72,Submitted,,,2024-10-25
POL-0000037,CLM-00000037,CUST-14373,Brittney Lopez,654-96-5305,lindsay62@example.com,(914)976-8624x9826,93930 Jason Spring Suite 464,65013,WA,Home,880693.92,4062.43,6538.85,2024-12-20,2025-12-20,2025-07-13,297443.46,Submitted,,,2025-12-17
POL-0000038,,CUST-33533,Edward Whitaker,531-52-1821,emily47@example.net,600-905-6161x846,707 Conner Pines,49480,NC,Commercial,899244.95,10115.65,6152.73,2021-04-02,2024-04-01,2023-12-06,425681.86,Rejected,Louis Moyer,,2022-01-25
POL-0000039,CLM-00000039,CUST-97380,Logan Simmons,588-78-9380,cynthiabaker@example.org,+1-291-604-6238x85065,06048 Cunningham Key,63937,TX,Home,1016213.68,11429.64,5270.94,2021-08-21,2024-08-20,2022-04-18,260242.47,Rejected,Ashley Mcclain,,2024-08-31
POL-0000040,CLM-00000040,CUST-76502,Kenneth Mcbride,666-67-5683,rachel90@example.org,+1-847-885-9911x369,0933 Daniel Field,,IL,Home,815276.67,3688.17,2011.74,2022-04-25,2027-04-24,2025-08-08,50997.84,Settled,Phillip Sherman,43663.31,2024-07-16
POL-0000041,CLM-00000041,CUST-72522,Mr. Dennis Barnes,798-69-1382,welchalyssa@example.com,(424)597-9584,65675 Young Wall,02671,GA,Health,1531774.51,13436.59,6467.82,2021-11-08,2026-11-07,2023-08-29,359575.96,Rejected,Victor Morgan,,2024-12-14
POL-0000042,CLM-00000042,CUST-58922,Patricia Scott,982-63-5646,whiteemily@example.net,772.548.3037x5975,21329 Jorge Cape Apt. 722,77703,NY,Life,1108709.47,14519.69,7133.76,2021-12-15,2024-12-14,2023-08-01,450200.92,Under Review,Brian Hernandez,,2024-06-03
POL-0000043,CLM-00000043,CUST-29704,Gary Peterson,584-68-1839,omcpherson@example.org,869-532-8982x813,652 April Oval,49275,TX,Auto,1948485.6,24583.27,9855.61,2022-08-05,2023-08-05,2023-01-04,110659.52,Approved,Kenneth White,,2024-11-25
POL-0000044,CLM-00000044,CUST-80756,Cassie Robinson,158-57-3060,dominguezmarissa@example.net,811.837.4959,3244 Riley Valleys,63332,AZ,Commercial,807896.32,3185.67,689.6,2020-06-28,2024-06-27,2020-11-12,488906.97,Settled,,343181.81,2025-03-25
POL-0000045,CLM-00000045,CUST-63616,Rhonda Calderon,140-61-7583,yubrian@example.org,+1-352-719-7245x67106,921 Robertson River,02842,IL,Commercial,1634689.18,19825.1,8655.28,2023-11-29,2025-11-28,2024-02-23,552410.52,Approved,Jesse Tyler,,2025-03-22
POL-0000046,CLM-00000046,CUST-78251,Leslie Holloway,306-38-4714,cruzjohnny@example.net,347-246-1082x808,9266 Carolyn Burg,98378,TX,Auto,676114.84,6462.83,6595.89,2020-08-21,2024-08-20,2023-05-16,1858035.5253371662,Settled,Louis Moyer,353292.69,2025-12-18
POL-0000047,CLM-00000047,CUST-92598,Pamela Smith,278-11-7452,whitelarry@example.org,632-504-7132,636 Ruiz Tunnel,76012,GA,Home,656143.86,4057.81,2772.22,2022-05-02,2027-05-01,2024-10-03,303424.03,Under Review,Michelle Davis,,2024-08-01
POL-0000048,CLM-00000048,CUST-12810,Jennifer Ballard,255-78-2350,dawncruz@example.org,(204)571-7697,445 Williams Wells,27999,CA,Health,1833069.26,4132.84,8984.86,2024-02-15,2028-02-14,2024-03-16,1127539.33,Submitted,,,2025-04-19
POL-0000049,CLM-00000049,CUST-76601,Kevin Gibson,834-75-7652,charlesryan@example.org,+1-742-489-7826x381,882 Joshua Ridge,62068,IL,Auto,804381.58,8866.67,9209.47,2021-08-12,2025-08-11,2024-06-15,546403.04,Rejected,,,2025-04-22
POL-0000050,CLM-00000050,CUST-64262,Barbara Sullivan,453-10-3420,julie65@example.net,+1-384-310-6922x76419,781 Scott Springs,14664,CO,Auto,789044.71,11156.89,1827.61,2023-08-22,2024-08-21,2023-11-09,614753.43,Rejected,Ashley Mcclain,,2021-11-17
POL-0000051,,CUST-36388,David Williams,477-35-8479,jonesbrittany@example.org,483.361.8595x978,27492 Zimmerman Motorway Apt. 483,1234,WA,Commercial,316718.49,4669.23,1773.65,2020-05-28,2021-05-28,2021-01-05,206008.5,Settled,Phillip Sherman,129623.12,2024-12-28
POL-0000052,CLM-00000052,CUST-59278,Debra Sherman,271-46-3233,fmorales@example.org,+1-941-397-7031x272,7951 Tran Crossing,19810,CO,Life,933353.89,4446.33,492.58,2020-08-11,2025-08-10,2022-11-21,295099.05,Rejected,Ashley Mcclain,,2026-03-28
POL-0000053,CLM-00000053,CUST-48493,Ann Brown,415-60-1323,boyersherry@example.com,(976)884-5381x1595,10119 Thomas Springs Suite 509,70703,NC,Life,1766590.79,10331.45,5701.43,2023-04-18,2027-04-17,2025-07-06,62896.11,Rejected,Douglas Ferguson,,2026-02-11
POL-0000054,,CUST-81775,Robin Caldwell,877-35-2559,christina40@example.com,331-950-6894x649,16306 Sarah Mission Suite 329,19746,FL,Life,1153276.92,5644.35,8603.74,2024-04-15,2027-04-15,2026-02-15,449708.52,Approved,Jesse Tyler,,2025-11-11
POL-0000055,CLM-00000055,CUST-47580,Michael Ramirez,173-91-1488,rogerbaker@example.net,325-443-6444,8530 Alec Skyway Apt. 644,79487,NY,Home,1201105.51,7842.82,3157.15,2021-07-03,2024-07-02,2021-07-28,362619.16,Submitted,,,2025-04-10
POL-0000056,CLM-00000056,CUST-79239,Aaron Malone,801-83-4063,qhines@example.com,(302)607-9559,22916 Hernandez Burg Apt. 490,60161,NY,Commercial,567592.0,6434.04,6821.2,2023-07-30,2027-07-29,2023-08-13,332783.95,Rejected,Karen Miller,,2026-04-06
POL-0000057,CLM-00000057,CUST-47993,Alexander Moore,812-89-7768,margaret70@example.com,(580)866-4002x18642,556 Samantha Ways Suite 226,46625,NY,Auto,896052.19,6059.86,3719.04,2023-12-17,2025-12-16,2025-07-06,2284218.5937225446,Under Review,Jennifer Reid,,2023-06-30
POL-0000058,CLM-00000058,CUST-44412,Eric Davis,792-85-6701,dfranco@example.net,(784)894-5352,36916 William Plaza,95425,FL,Auto,290918.28,1305.4,9033.37,2020-06-27,2021-06-27,2020-12-02,153106.74,Settled,Dr. Tina Reyes MD,114237.59,2026-03-01
POL-0000059,CLM-00000059,CUST-73964,Joseph Decker,159-53-5750,erica06@example.org,001-785-292-3297,106 Baker Lodge,38714,IL,Auto,177125.69,1915.38,5977.21,2024-01-24,2025-01-23,2024-06-05,81146.49,Approved,Brett White,,2025-07-05
POL-0000060,,CUST-14925,Thomas Miller DVM,755-36-9263,mgardner@example.org,608-921-8131x5151,288 Benjamin Squares Apt. 639,30544,NC,Home,632964.14,1279.46,4657.4,2023-08-02,2026-08-01,2025-07-19,390233.99,Submitted,,,2026-04-02
POL-0000061,CLM-00000061,CUST-27225,Tristan Alvarez,168-28-2627,jfarmer@example.org,631-557-5945x113,60771 Chad Common Suite 376,28596,CA,Health,1676281.68,9591.54,5527.99,2021-09-27,2023-09-27,2021-11-03,851808.14,Submitted,,,2026-03-25
POL-0000062,CLM-00000062,CUST-78978,Natalie Christensen,391-80-8071,pfigueroa@example.net,292-266-7503x15103,7200 Megan Fields Apt. 723,95384,WA,Auto,948339.81,4057.84,6857.67,2021-05-08,2026-05-07,2024-03-05,109538.39,Submitted,,,2024-11-09
POL-0000063,CLM-00000063,CUST-28637,Yvonne Smith,287-31-1903,danielle24@example.com,612-775-4365x426,373 Coleman Plaza,74311,WA,Auto,1418141.14,8057.52,1172.62,2021-05-12,2024-05-11,2024-04-14,1067591.53,Settled,Caleb West,648107.84,2025-12-25
POL-0000064,CLM-00000064,CUST-94492,Shawn Phillips,521-83-1539,michelle10@example.org,622-602-1585x365,9296 Young Mill,96612,AZ,Health,1000776.51,12841.65,2699.06,2023-03-29,2027-03-28,2025-01-20,480859.13,Under Review,Renee Patel,,2025-03-04
POL-0000065,CLM-00000065,CUST-34629,Daniel Hill,675-90-6468,mgreen@example.net,611.561.1433x931,98388 Gonzalez Hill Apt. 630,12623,TX,Home,292021.74,3911.54,6447.86,2022-10-19,2026-10-18,2023-05-26,56223.01,Settled,Ashley Mcclain,40574.25,2025-01-17
POL-0000066,CLM-00000066,CUST-68544,Amanda Wolf,500-26-8571,nguyenanna@example.net,(690)337-1390x76838,361 Daniel Fords,ABCDE,NY,Life,56176.05,376.68,2329.44,2024-01-22,2028-01-21,2026-01-15,13828.86,Under Review,Kenneth White,,2025-08-02
POL-0000067,CLM-00000067,CUST-61728,Timothy Johnson,880-30-3088,nnavarro@example.org,955-825-6498,8854 Hernandez Club Apt. 170,48430,WA,Health,1686758.15,12706.62,7897.41,2024-05-13,2028-05-12,2025-07-31,414296.66,Settled,Brian Hernandez,336325.02,2026-03-07
POL-0000068,CLM-00000068,CUST-40394,James Goodwin,977-10-2168,tamara77@example.com,001-323-205-0305x1000,3258 Joe Mall,25986,IL,Home,478910.72,2555.44,4956.77,2024-09-20,2028-09-19,2025-12-17,286047.42,Under Review,Jennifer Reid,,2026-04-03
POL-0000069,CLM-00000069,CUST-21152,Johnathan Barnes,654-50-3710,christophersims@example.net,246-483-8819,4830 White Via Apt. 739,95919,CA,Life,1065158.09,10228.37,1274.93,2022-03-16,2024-03-15,2022-06-02,676567.73,Approved,Ashley Mcclain,,2024-08-20
POL-0000070,CLM-00000070,CUST-14699,Steve Jones,472-15-9837,selliott@example.org,370-938-4868,9145 Marcus Dale Apt. 319,30387,CA,Commercial,1387361.86,13369.92,8076.58,2021-10-01,2022-10-01,2021-12-30,3729253.766636266,Approved,John Meyer,,2026-02-04
POL-0000071,,CUST-79339,Ryan Bell,592-61-9254,nicholsalyssa@example.net,001-301-676-4717x94405,55522 Isaiah Mill Suite 253,22518,IL,Commercial,1330581.4,9446.89,3441.72,2022-06-16,2023-06-16,2023-03-19,892895.14,Submitted,,,2024-11-19
POL-0000072,CLM-00000072,CUST-78494,David Flynn,460-69-6497,ortizbrent@example.net,(200)485-0903x01862,85428 Christopher Place Suite 269,78359,WA,Home,319429.79,4133.1,8889.5,2021-07-05,2024-07-04,2024-03-14,89899.66,Rejected,Brian Hernandez,,2024-08-22
POL-0000073,,CUST-89036,Jody Foster,315-28-6891,brandon88@example.org,(795)863-3714x4118,300 Thompson Stravenue Apt. 384,84683,FL,Home,1166819.62,14843.63,3293.32,2024-04-23,2026-04-23,2025-02-21,461421.12,Approved,John Meyer,,2024-10-30
POL-0000074,,CUST-60512,Tammy Sanders,159-88-6821,johngrimes@example.org,216-976-4507x864,7747 Erin Inlet Apt. 272,36923,FL,Life,1717635.44,14805.36,1247.54,2022-04-25,2024-04-24,2023-05-31,1048513.17,Under Review,John Meyer,,2024-10-31
POL-0000075,CLM-00000075,CUST-12851,Brooke Jackson,848-99-4643,virginiawagner@example.org,(459)946-7573x9540,1417 Ronald Stream,96014,WA,Home,1099540.88,14794.75,4631.68,2021-05-05,2026-05-04,2022-01-03,66693.55,Approved,,,2026-02-14
POL-0000076,CLM-00000076,CUST-60233,Timothy Lynch,828-37-7144,pricebrandon@example.org,+1-702-242-4598x9478,15862 Reeves Expressway Apt. 319,11107,FL,Life,361866.12,5402.94,9218.78,2021-02-14,2022-02-14,2022-01-18,14778.91,Settled,Victor Morgan,12646.65,2025-02-17
POL-0000077,CLM-00000077,CUST-71332,Deborah Olson,765-65-4566,glong@example.org,+1-724-506-5421x202,80392 Wade Stream,21302,CA,Home,444003.84,2736.69,5479.03,2022-09-30,2024-09-29,2024-09-27,165918.69,Approved,Renee Patel,,2025-01-03
POL-0000078,CLM-00000078,CUST-92502,Jeanette Juarez,914-59-2111,nholmes@example.org,(962)924-5860x4885,88435 Michelle Via Apt. 992,78260,WA,Commercial,913537.25,8596.19,2386.15,2022-11-23,2024-11-22,2024-08-02,587503.09,Approved,Jennifer Reid,,2024-12-23
POL-0000079,CLM-00000079,CUST-23486,Jennifer Snyder,374-95-6111,ericolson@example.org,001-208-966-0054,6279 Delgado Crescent Apt. 869,22944,FL,Commercial,1427781.69,12581.93,7179.85,2024-09-02,2026-09-02,2025-12-30,860350.76,Approved,,,2024-07-30
POL-0000080,CLM-00000080,CUST-13091,Eduardo Silva,424-60-2287,todd89@example.net,(876)377-0740,0638 Coffey Run Suite 245,23049,TX,AUTO,940248.92,13464.12,3692.27,2021-10-12,2026-10-11,2023-02-14,2431754.264482295,Submitted,,,2026-04-09
POL-0000081,CLM-00000081,CUST-26072,Ariel Bird,675-76-7576,marshallerin@example.net,8594136185,86114 Wilson Tunnel,51046,CO,Home,96302.97,1301.28,1092.34,2022-11-12,2023-11-12,2022-12-23,71720.94,Settled,Wendy Smith,58173.02,2025-12-07
POL-0000082,CLM-00000082,CUST-26524,Melissa Perry,706-68-1128,mrodriguez@example.com,5237231422,014 Johnson Valleys Apt. 447,68827,TX,Life,137625.4,1853.64,5193.37,2024-04-15,2025-04-15,2024-06-04,8010.02,Settled,Brett White,5947.03,2025-01-15
POL-0000083,,CUST-16365,Eugene Ellis,483-91-2133,calvin13@example.org,(583)848-4109,482 David Plain,48179,TX,Home,345672.66,3499.88,9853.6,2022-02-19,2026-02-18,2024-04-30,241482.52,Under Review,Randy Brown,,2025-03-04
POL-0000084,CLM-00000084,CUST-63144,Thomas Moore,997-80-3054,denisecamacho@example.com,001-503-346-2824x4668,113 Armstrong Fort,16382,TX,Commercial,30902.62,391.1,3149.33,2023-03-12,2028-03-10,2024-04-12,6641.19,Approved,Denise Green,,2022-09-02
POL-0000085,CLM-00000085,CUST-32690,Taylor Lee V,608-23-1527,smithmatthew@example.org,621-832-9972x6793,5931 Andrew Falls,80798,AZ,Life,1168123.21,4249.74,9513.56,2021-07-08,2022-07-08,2022-05-07,1247.66,Under Review,Louis Moyer,,2025-11-02
POL-0000086,CLM-00000086,CUST-14683,Susan Sullivan,926-35-5903,vpeterson@example.org,+1-413-638-2244,249 Ariel Green Suite 363,62910,NC,Commercial,1665255.1,15533.44,8278.38,2024-10-21,2029-10-20,2025-04-16,160522.8,Under Review,Ashley Mcclain,,2025-08-21
POL-0000087,CLM-00000087,CUST-20700,Ryan Santos,553-27-2288,danielrichard@example.org,(921)717-8643x44772,287 Michele Light,26217,CA,Auto,825328.07,10667.88,4102.24,2023-01-11,2026-01-10,2024-10-10,165980.15,Under Review,Caleb West,,2025-10-16
POL-0000088,CLM-00000088,CUST-95452,Robert Leonard,168-82-9804,rojasjeffery@example.com,(688)658-2225x34236,11323 Roberson Brooks Apt. 135,13379,AZ,Commercial,1054787.0,14993.3,2290.07,2024-01-05,2025-01-04,2024-08-17,326016.81,Rejected,Jennifer Reid,,2024-07-27
POL-0000089,CLM-00000089,CUST-81726,Sharon Cooper,209-38-2558,thompsonstephen@example.net,667.467.0869,8028 Zachary Course,02997,FL,Auto,608810.8,3531.07,4571.57,2022-11-06,2025-11-05,2025-01-31,143836.09,Settled,Dr. Tina Reyes MD,119681.42,2024-12-23
POL-0000090,CLM-00000090,CUST-12800,Nicholas Price,450-45-1103,christinebeck@example.org,001-621-769-1388x53208,470 Alexander Key Apt. 068,52328,AZ,Home,519261.08,2754.16,8879.31,2022-04-10,2024-04-09,2022-04-14,43013.86,Approved,,,2025-10-06
POL-0000091,CLM-00000091,CUST-45391,Gary Cohen,296-62-9983,villapeggy@example.net,7646136797,3194 Christina Mountain,78279,TX,Life,1673864.09,5265.89,8807.42,2021-10-08,2026-10-07,2025-08-01,515058.59,Under Review,Jesse Tyler,,2026-03-10
POL-0000092,CLM-00000092,CUST-12954,Sherry Garza,938-66-9715,richardmclaughlin@example.com,+1-734-831-8021x3092,631 Powers Union Suite 438,88873,IL,Auto,570092.16,6079.28,5300.83,2022-08-06,2027-08-05,2025-02-28,296510.67,Rejected,Victor Morgan,,2025-03-11
POL-0000093,CLM-00000093,CUST-73368,Amanda Wilson,487-97-1094,khall@example.com,001-611-589-9618,79307 Bradley Mews,53071,FL,Health,609626.12,5609.84,780.18,2020-09-02,2025-09-01,2024-10-05,86301.55,Under Review,Randy Brown,,2025-01-14
POL-0000094,CLM-00000094,CUST-47188,Matthew Thomas,360-44-6748,jason83@example.net,689.724.0911x16091,99654 Clifford Mission,42255,TX,Commercial,261726.57,653.56,4540.52,2021-12-03,2025-12-02,2022-11-09,37109.14,Settled,Brian Hernandez,31775.49,2024-10-11
POL-0000095,CLM-00000095,CUST-64510,Katherine Guzman,313-45-5837,sharon00@example.net,2733590074,66649 Shawn View,99664,NY,Home,1467808.47,4897.9,6908.2,2020-08-16,2021-08-16,2020-12-24,9220.41,Settled,Renee Patel,6477.14,2026-03-29
POL-0000096,CLM-00000096,CUST-34287,Peter Holden,930-39-8539,fbarnes@example.org,978.494.6529x90436,1756 Mills Manor,95223,NY,Auto,894280.72,4238.7,2766.41,2024-10-06,2027-10-06,2025-02-16,520097.74,Approved,Denise Green,,2024-09-15
POL-0000097,CLM-00000097,CUST-76806,Jordan Collins,959-93-4175,deborahlopez@example.net,453-476-0775x562,5277 Malone Underpass,41790,FL,Life,1955493.29,26735.01,8524.88,2023-09-11,2025-09-10,2024-08-17,1542056.77,Rejected,,,2025-05-25
POL-0000098,CLM-00000098,CUST-68450,Douglas Collins,367-93-7480,manningjesse@example.org,+1-423-375-5876x76017,98396 Melinda Corners,999,CO,Health,62268.07,280.33,5298.77,2024-09-02,2027-09-02,2025-09-01,47682.5,Under Review,Phillip Sherman,,2025-01-02
POL-0000099,CLM-00000099,CUST-74763,Nathan Howell,803-72-6488,erinlang@example.com,(376)711-8210x597,255 Suzanne Trail,54037,FL,LIFE,447255.21,1955.19,1054.44,2024-07-12,2025-07-12,2025-06-09,170656.59,Submitted,,,2025-12-12
POL-0000100,CLM-00000100,CUST-11600,Gabriel Brown,749-29-4519,lisa02@example.com,(304)857-9474,1729 Larsen Cliffs,58265,IL,Life,1957975.32,28493.24,9997.44,2020-12-19,2022-12-19,2022-04-24,1421551.74,Submitted,,,2026-01-20
POL-0000101,CLM-00000101,CUST-82485,Mark Salas,408-57-4443,christinemccarthy@example.com,647-472-4335x4484,028 Knight Knoll,20966,WA,Health,459925.87,5666.22,1471.41,2024-12-05,2026-12-05,2025-06-23,304501.85,Rejected,,,2025-02-28
POL-0000102,CLM-00000102,CUST-46676,Keith Hernandez,755-34-7669,dennis89@example.com,434-603-3597,5571 Nicholson Lane,19983,WA,Commercial,487368.06,3352.27,6322.45,2024-05-05,2028-05-04,2024-11-10,77383.09,Rejected,Brian Hernandez,,2024-05-12
POL-0000103,CLM-00000103,CUST-52085,Joshua Scott,972-98-2871,ycarter@example.net,(413)993-0272x860,05463 Rodney Ramp Apt. 581,16839,NY,auto,151096.48,879.21,3323.14,2021-08-20,2026-08-19,2022-11-14,69788.71,Settled,Victor Morgan,48785.93,2024-09-08
POL-0000104,CLM-00000104,CUST-51320,Lauren Tucker,695-49-3558,andrewcantrell@example.com,218.591.2009,597 Grant Locks Apt. 537,99467,NC,Life,1196980.86,3774.84,6561.39,2022-04-24,2024-04-23,2023-05-06,476928.05,Under Review,,,2024-06-09
POL-0000105,CLM-00000105,CUST-49244,Brian Huffman,289-75-1568,fclark@example.net,624.286.5073x6361,52408 Nancy Corners Suite 995,13175,CO,Health,226484.0,739.75,2781.01,2024-03-13,2028-03-12,2025-03-09,172184.63,Rejected,Brett White,,2025-11-20
POL-0000106,CLM-00000106,CUST-56692,Daniel Spencer,793-43-2864,timothy13@example.net,+1-641-477-4118,3824 West Islands Apt. 209,07170,TX,Auto,1026189.67,13843.26,9450.07,2023-03-16,2027-03-15,2024-03-09,242519.14,Rejected,Randy Brown,,2024-04-21
POL-0000107,CLM-00000107,CUST-33789,Kimberly Levine,534-71-5481,timothy85@example.org,973.249.0250x6273,540 Downs Glen Suite 455,27310,CO,Health,1289566.03,10257.6,8083.22,2024-01-16,2027-01-15,2024-07-06,1018714.28,Rejected,,,2023-10-13
POL-0000108,CLM-00000108,CUST-84091,Mark Taylor,321-38-5947,christopher29@example.net,001-276-453-5474x8847,776 Jennifer Shore,63928,CO,Auto,408606.35,3058.6,3474.5,2021-11-30,2022-11-30,2022-01-03,81231.18,Approved,Victor Morgan,,2021-05-18
POL-0000109,CLM-00000109,CUST-87846,Mary Banks,942-48-8978,lisawashington@example.org,909.857.1462x8111,208 Smith Cape,22190,GA,Health,315519.22,2034.42,4412.32,2021-01-11,2026-01-10,2024-02-07,177970.51,Under Review,Randy Brown,,2025-08-17
POL-0000110,CLM-00000110,CUST-81850,Lisa Cook,799-37-4770,kimberly87@example.net,7792774854,0759 Kelly Ridge,41092,IL,Auto,1343294.88,4391.35,3973.44,2023-10-05,2026-10-04,2025-01-05,465100.28,Under Review,Dr. Tina Reyes MD,,2026-02-13
POL-0000111,CLM-00000111,CUST-29625,Jeremy Lozano,480-96-3703,jose18@example.org,6797365127,6255 Nicholson Shoals Apt. 565,47203,CO,Health,1167084.3,14584.7,6515.49,2023-07-20,2027-07-19,2025-10-03,689375.01,Under Review,Jesse Tyler,,2025-06-03
POL-0000112,CLM-00000112,CUST-78058,Ian Thompson,330-20-2315,shannonjennifer@example.net,733.773.3886x2111,153 Green Trail Suite 703,26618,GA,Commercial,1911824.12,14307.19,6975.81,2021-08-08,2025-08-07,2022-10-21,1152534.79,Under Review,,,2025-09-17
POL-0000113,CLM-00000113,CUST-36136,Charles Taylor,234-10-8495,johnpeters@example.org,450.456.8263,0672 Elizabeth Brook,60538,TX,Commercial,1053103.23,3292.61,1197.01,2024-06-29,2028-06-28,2024-11-25,368078.73,Settled,,258134.66,2025-06-14
POL-0000114,CLM-00000114,CUST-75287,Autumn Santiago,785-20-9263,navarrodebra@example.net,470.329.5212,214 Nguyen Land Apt. 662,78898,AZ,Health,1329697.03,14993.09,3592.63,2021-02-17,2022-02-17,2021-07-16,1047980.3,Rejected,Dr. Tina Reyes MD,,2025-07-19
POL-0000115,CLM-00000115,CUST-45634,Austin Thomas,179-83-2058,cynthiagolden@example.net,(340)898-5143,134 Smith Rapid Suite 341,94416,CO,Commercial,1349805.96,12930.94,7248.47,2022-08-13,2027-08-12,2024-07-15,289614.71,Submitted,,,2025-05-08
POL-0000116,CLM-00000116,CUST-73050,Jennifer Russell,395-31-7397,rwright@example.com,(680)985-7412,713 Mitchell Bypass Suite 629,83347,TX,Auto,1073071.85,3974.08,8966.53,2023-09-15,2028-09-13,2026-03-16,273384.78,Submitted,,,2024-10-29
POL-0000117,CLM-00000117,CUST-78662,Jerome Hernandez,796-52-9215,derrickthompson@example.net,498-268-3085x067,19133 Carter Prairie,74498,CO,Life,66615.02,695.91,542.04,2023-06-23,2026-06-22,2024-07-13,19136.06,Under Review,Brett White,,2024-08-15
POL-0000118,CLM-00000118,CUST-21445,William Lopez,669-82-2910,smithshannon@example.com,5445855966,746 Debra Ports,26000,CA,Health,1489145.68,9006.43,8715.92,2022-06-16,2023-06-16,2022-12-31,2241321.9545068527,Approved,Kenneth White,,2024-05-06
POL-0000119,CLM-00000119,CUST-29752,Eric Waters,655-90-6878,robert42@example.net,983.211.5924,9807 Alicia Rue,87810,IL,Commercial,810015.9,7674.07,8019.76,2022-02-06,2025-02-05,2022-06-28,540543.95,Submitted,,,2024-12-02
POL-0000120,,CUST-53902,Sergio Olson,153-75-2168,michelechristensen@example.org,406.866.7981,9988 Erica Estate Suite 160,69251,CA,Commercial,1803178.17,13799.03,4563.0,2024-02-04,2028-02-03,2025-05-31,577579.04,Under Review,Ashley Mcclain,,2025-04-06
POL-0000121,CLM-00000121,CUST-68845,Jessica Mcconnell DDS,713-12-4488,william62@example.net,+1-581-581-5826x924,410 Alice Skyway Suite 775,ZIP-NA,WA,Auto,1857568.32,19912.73,8344.69,2024-02-10,2027-02-09,2025-10-03,1150277.49,Settled,Douglas Ferguson,814792.18,2026-01-22
POL-0000122,CLM-00000122,CUST-46687,Pamela Myers,927-78-9236,laurasmith@example.net,001-993-735-3296x1091,73899 Adrian Path,23439,AZ,Home,325909.53,4668.32,6712.59,2024-01-20,2029-01-18,2025-01-07,222223.02,Settled,Wendy Smith,197161.66,2025-04-30
POL-0000123,CLM-00000123,CUST-47022,Amy Mahoney,177-32-2318,uharrison@example.net,757-459-2098,79023 Autumn Lane,14776,FL,Life,572331.31,3240.72,3950.89,2023-11-03,2027-11-02,2024-12-29,350297.82,Settled,Louis Moyer,294566.3,2024-08-01
POL-0000124,,CUST-28769,Benjamin Ellis,331-52-3281,danielsdavid@example.net,+1-807-887-7198x588,4550 Weber Islands,41550,GA,Auto,1516837.03,17074.11,7959.77,2023-01-12,2025-01-11,2023-03-17,51484.82,Rejected,Douglas Ferguson,,2025-11-17
POL-0000125,CLM-00000125,CUST-79954,Jessica Snyder,585-17-6248,cynthia69@example.net,693.868.7287x887,07189 Smith Meadows Suite 647,60866,AZ,Health,230661.88,3146.17,4466.41,2020-07-06,2021-07-06,2020-08-10,156147.32,Settled,Michelle Davis,125349.31,2026-01-19
POL-0000126,CLM-00000126,CUST-15858,Valerie Edwards,856-16-8055,stephaniemack@example.org,(994)767-5625x528,878 Hill Mountains,25279,IL,Home,1468293.56,5186.29,3909.62,2020-11-06,2024-11-05,2024-02-18,1076285.44,Settled,Michelle Davis,766118.81,2024-08-06
POL-0000127,CLM-00000127,CUST-15785,David Colon,225-65-7925,mortonjohn@example.net,+1-615-911-2463x531,424 Christopher Via,70820,NC,Auto,1968100.55,18107.88,7669.0,2023-06-29,2025-06-28,2024-01-19,1246438.9,Approved,Denise Green,,2022-01-26
POL-0000128,CLM-00000128,CUST-69050,Jose Ward,884-53-4528,nortonandrew@example.com,+1-944-481-1791,92759 Williams Heights,47846,CO,Life,1058164.85,2683.07,6504.0,2020-04-21,2024-04-20,2020-10-06,281910.19,Under Review,Caleb West,,2023-02-24
POL-0000129,CLM-00000129,CUST-42492,Nancy Kelly,903-79-7505,ramoswilliam@example.org,(364)333-5705,792 Mary Summit Apt. 729,03524,TX,Auto,1145615.06,13034.9,8819.92,2022-03-28,2027-03-27,2024-12-01,191209.01,Rejected,Brian Hernandez,,2025-04-03
POL-0000130,CLM-00000130,CUST-80131,Angela Guerrero,304-67-9593,egarrett@example.net,+1-559-903-3202,01421 Sarah Neck Apt. 488,85942,CA,Life,1736159.59,13676.57,4806.24,2020-08-30,2022-08-30,2021-06-14,1166258.14,Under Review,Wendy Smith,,2024-11-01
POL-0000131,CLM-00000131,CUST-62854,Jorge Burns,901-24-3401,gary10@example.com,2474441075,8607 Hernandez Mountain,84025,CA,Auto,650669.71,8379.05,3544.01,2023-02-05,2027-02-04,2024-04-02,458245.44,Submitted,,,2025-08-14
POL-0000132,CLM-00000132,CUST-37493,Keith Solis,500-34-2857,patrickfernandez@example.org,(974)864-4918,5618 Patricia Pike,,NY,Commercial,761904.67,2939.79,6681.79,2023-07-28,2026-07-27,2024-02-23,264653.16,Under Review,Eric Butler,,2026-03-05
POL-0000133,CLM-00000133,CUST-33996,John Barnes,199-17-4783,nstein@example.org,221-644-7752,470 Jack Crossroad Suite 448,65547,AZ,Commercial,429499.47,5044.17,9682.75,2022-07-09,2024-07-08,2024-01-26,20063.41,Approved,Wendy Smith,,2026-04-13
POL-0000134,CLM-00000134,CUST-38168,Stephanie Mccann,610-15-2515,aramirez@example.net,662.864.1412,5358 Alice Road Apt. 254,08400,FL,Life,1808413.78,8339.49,7777.82,2023-11-22,2025-11-21,2025-09-22,437330.46,Settled,Dr. Tina Reyes MD,404417.47,2024-11-16
POL-0000135,CLM-00000135,CUST-20591,Michael Parsons Jr.,283-86-3127,qross@example.net,583.362.6745x536,425 Jill Isle,19610,CO,Commercial,1482914.53,5467.83,1759.01,2022-01-06,2024-01-06,2023-10-22,747191.15,Approved,Jennifer Reid,,2023-04-23
POL-0000136,CLM-00000136,CUST-72167,Paul Robinson,373-10-6273,zjackson@example.com,(429)906-0697x258,0095 Jones Land,08033,CA,Home,476400.5,5324.6,6118.78,2020-11-29,2021-11-29,2021-01-02,169250.2,Approved,Caleb West,,2023-01-06
POL-0000137,,CUST-63934,Ashley Daniels,693-64-6114,warrenkatherine@example.net,+1-705-846-5422x6957,5964 Joseph Canyon Apt. 853,95743,CO,Life,1964117.96,17870.4,1690.81,2021-02-18,2022-02-18,2021-05-13,949075.36,Settled,Randy Brown,782404.88,2025-05-28
POL-0000138,CLM-00000138,CUST-38587,Mr. Jimmy Simpson,355-81-4239,wharris@example.org,494.909.7090x836,3453 Mcdowell Mission Suite 995,72015,NY,Home,484785.78,5693.43,7535.03,2024-05-11,2025-05-11,2024-07-29,5484.27,Submitted,,,2026-01-31
POL-0000139,CLM-00000139,CUST-18187,Thomas Kim,390-73-7783,philipmelton@example.com,(797)281-4637x0731,82090 Johnathan Drive Suite 778,85648,TX,Commercial,1889168.86,10864.91,3806.83,2024-10-29,2026-10-29,2025-05-10,3408118.3928997074,Approved,Randy Brown,,2024-06-16
POL-0000140,,CUST-24576,Michael Jones,760-19-1191,jefferykeller@example.net,280-780-4619,3664 Scott Overpass,36354,GA,Commercial,1813349.78,17826.81,6699.26,2021-03-18,2022-03-18,2021-09-15,1044568.96,Settled,Eric Butler,960480.41,2026-01-07
POL-0000141,CLM-00000141,CUST-74281,Hannah Anderson,861-74-6618,belindarivera@example.org,360-518-0211,8236 Brandon Spur Apt. 964,19381,NC,Commercial,376933.04,1784.6,6583.01,2021-08-27,2026-08-26,2022-04-15,280671.39,Submitted,,,2026-01-27
POL-0000142,CLM-00000142,CUST-77878,Rebekah Burke,804-19-1117,travislamb@example.com,875.540.6824,4565 Kevin Pass Apt. 988,51814,AZ,Life,137861.35,687.34,7341.44,2023-03-26,2024-03-25,2023-11-19,87648.86,Settled,Eric Butler,75514.77,2024-12-24
POL-0000143,CLM-00000143,CUST-14537,Danielle Cortez,192-89-6062,kenneth12@example.com,279.411.9937x0864,770 Rogers Avenue Suite 985,90151,IL,Health,606997.27,1260.41,9478.52,2024-10-17,2028-10-16,2025-07-11,359548.56,Settled,Karen Miller,259887.62,2026-03-28
POL-0000144,CLM-00000144,CUST-44959,Deborah Morris,712-48-2509,eperez@example.net,(343)383-4542,4681 Collier Extensions Suite 339,90144,AZ,Commercial,508239.7,3207.07,2813.51,2022-12-02,2025-12-01,2023-04-20,138018.47,Rejected,Phillip Sherman,,2024-06-02
POL-0000145,CLM-00000145,CUST-34878,Robert Morgan,183-17-2077,james12@example.com,4114171487,618 Scott Neck Suite 988,53618,WA,Home,319039.25,4423.81,6072.41,2021-06-06,2022-06-06,2021-11-09,149034.89,Settled,,90052.91,2024-12-08
POL-0000146,CLM-00000146,CUST-32932,Charles Austin,345-49-2486,lauragriffin@example.com,+1-997-631-6379x14012,46795 Butler Fords,12353,CA,Life,1480504.89,21882.09,3182.92,2021-05-30,2023-05-30,2021-10-05,526683.69,Settled,Louis Moyer,325715.08,2026-01-26
POL-0000147,CLM-00000147,CUST-30665,Austin Taylor,533-81-5807,kcharles@example.org,+1-572-340-6497x6477,1251 Elizabeth Ranch,77996,IL,Health,1376862.71,19684.35,4818.34,2022-02-04,2027-02-03,2023-07-28,224067.11,Submitted,,,2025-06-22
POL-0000148,CLM-00000148,CUST-21456,Jeffrey Fernandez,806-70-8006,danielsderek@example.com,913.387.2167,009 Erica Circles Apt. 193,86760,NC,Home,1577252.82,17546.82,5739.33,2024-08-13,2028-08-12,2025-12-07,1052265.09,Settled,Randy Brown,684114.4,2025-06-19
POL-0000149,CLM-00000149,CUST-81574,David Mckee,743-21-1951,eayers@example.org,825-247-0967x608,107 Steven Prairie,81012,TX,Auto,609759.85,1721.8,7293.42,2022-01-21,2023-01-21,2022-09-15,374851.67,Rejected,Renee Patel,,2025-02-16
POL-0000150,CLM-00000150,CUST-60712,Brooke Rivera,452-22-2897,nvaughn@example.net,(586)428-7956,905 Dennis Shore,15170,AZ,Home,694730.56,6424.88,8488.43,2022-07-30,2024-07-29,2023-10-28,329235.81,Under Review,Victor Morgan,,2024-11-25
POL-0000151,CLM-00000151,CUST-15512,Destiny Williamson,417-87-7824,nixonlisa@example.org,001-244-812-8472,42517 Adams Square,50238,CA,Auto,646767.97,3599.86,5748.07,2021-05-22,2022-05-22,2022-02-28,78725.63,Settled,Louis Moyer,73783.67,2026-01-22
POL-0000152,CLM-00000152,CUST-21418,Laurie Thompson,586-11-5247,mark67@example.net,+1-495-453-8334,20417 Alex Stream Apt. 490,35740,FL,Health,608133.09,7222.24,4923.84,2022-05-05,2027-05-04,2024-02-20,313133.67,Approved,Jennifer Reid,,2024-09-24
POL-0000153,CLM-00000153,CUST-26630,Mr. Timothy Jackson,495-38-3638,pdavid@example.com,(378)574-2980x148,93290 Nicole Neck Apt. 137,67082,FL,Commercial,1659264.32,22142.15,3131.71,2025-03-17,2030-03-16,2025-10-27,741941.52,Rejected,Jesse Tyler,,2025-12-01
POL-0000154,CLM-00000154,CUST-99565,Cheryl Gonzalez,175-17-4535,rosstyrone@example.com,651.380.4487,520 Matthew Summit Apt. 922,24921,AZ,Home,1360666.11,2987.99,1634.06,2024-07-01,2026-07-01,2024-07-25,350140.32,Submitted,,,2025-02-15
POL-0000155,CLM-00000155,CUST-13077,Terry Buck,547-32-8675,amanda05@example.com,4685642348,586 Stanley Heights,34574,IL,health,642139.44,7475.28,8366.73,2025-01-03,2027-01-03,2026-02-08,71695.37,Approved,Louis Moyer,,2024-09-13
POL-0000156,CLM-00000156,CUST-76520,Jorge Ray,502-14-5323,fhughes@example.com,(564)513-6772x6829,40655 Lamb Overpass Apt. 769,11759,TX,Home,1795777.1,5924.2,2441.32,2021-04-27,2025-04-26,2022-07-11,1284178.18,Settled,John Meyer,883430.33,2025-07-18
POL-0000157,CLM-00000157,CUST-50290,Heather Thompson,944-54-6167,watkinswilliam@example.org,597.285.4550x922,60414 Odom Prairie Apt. 004,30549,AZ,Auto,1173951.34,12282.59,6355.42,2021-10-12,2024-10-11,2022-04-28,105558.1,Settled,Jesse Tyler,71604.5,2025-11-08
POL-0000158,CLM-00000158,CUST-15779,Christopher Rogers,782-95-6552,nschneider@example.net,(728)562-8858,484 Pamela Island Apt. 966,36528,NC,Health,122345.07,1041.34,3763.13,2023-04-19,2025-04-18,2024-04-27,79948.67,Under Review,,,2021-07-04
POL-0000159,,CUST-29922,Eric Wiley,469-78-1547,stephenskatie@example.com,(986)415-3441x4399,6768 Williams Summit,88195,CO,Commercial,480041.74,2682.43,864.35,2020-12-28,2023-12-28,2022-03-13,1333.11,Rejected,Dr. Tina Reyes MD,,2025-11-19
POL-0000160,CLM-00000160,CUST-18809,Michael Day,280-88-4353,bcunningham@example.com,948.262.3388,61029 Melanie Overpass Suite 769,43066,NC,Home,1549512.21,18027.65,8597.07,2024-05-06,2027-05-06,2024-07-07,549481.91,Under Review,Victor Morgan,,2025-03-18
POL-0000161,CLM-00000161,CUST-27926,Melissa Ortega,109-91-9706,marciagriffin@example.com,356.760.6404,5904 Thomas Shore,14624,CA,Auto,1553716.18,6944.97,7140.19,2022-08-20,2026-08-19,2025-10-01,423940.65,Submitted,,,2025-01-22
POL-0000162,CLM-00000162,CUST-30051,Thomas Yates,560-86-7055,swilson@example.net,977.392.9961x313,107 Bennett Roads,20778,TX,Life,1907728.41,25105.16,9567.12,2022-11-15,2026-11-14,2023-07-17,1028964.64,Settled,John Meyer,780450.67,2024-11-06
POL-0000163,,CUST-66985,Christopher Werner,216-90-3740,ajohnson@example.net,382-879-3465x64122,36309 Vasquez Isle Suite 138,69031,CA,Health,1096836.22,12605.04,646.15,2021-09-29,2022-09-29,2022-03-29,599582.76,Settled,Denise Green,501157.35,2025-04-13
POL-0000164,CLM-00000164,CUST-68303,Evan Robinson,907-19-7900,victoriagrant@example.net,001-512-410-4940,900 Sanders Ferry Suite 612,03468,CA,Health,1858743.23,21501.64,5725.7,2020-08-01,2025-07-31,2022-05-13,408317.64,Submitted,,,2025-08-07
POL-0000165,CLM-00000165,CUST-50501,Carrie Schwartz,952-87-8051,bbooker@example.com,001-657-656-1673x22715,30233 Catherine Tunnel,75105,NY,Life,1553108.27,5031.0,3754.16,2024-04-10,2026-04-10,2024-09-22,1061656.81,Rejected,Jesse Tyler,,2025-09-07
POL-0000166,CLM-00000166,CUST-74790,Kaylee Wilson,435-26-9950,martinezlawrence@example.net,(850)999-1715,73592 Taylor Mountains Apt. 100,80605,GA,Health,1574443.71,19438.17,9369.35,2021-07-31,2026-07-30,2025-10-26,1087899.66,Approved,Kenneth White,,2024-12-17
POL-0000167,,CUST-50997,Robert Steele,687-35-9093,gallowaywalter@example.net,+1-556-373-6261x719,66406 Miller Flat Apt. 679,88482,WA,Commercial,1998349.93,6169.33,2472.69,2023-01-18,2026-01-17,2023-03-17,3190197.9743716605,Submitted,,,2025-09-21
POL-0000168,CLM-00000168,CUST-45044,Melissa Lewis,113-95-9692,bradfordchristopher@example.net,+1-319-906-2440x43738,2704 Snyder Run,12884,CO,Home,1281695.1,8761.25,6539.41,2024-03-11,2025-03-11,2024-05-20,189815.15,Settled,Renee Patel,168746.23,2024-05-04
POL-0000169,CLM-00000169,CUST-14985,Kristin Johnson,824-30-8107,mccarthysandra@example.com,5658708841,59028 Edward Grove,05641,IL,Life,1831406.74,6294.78,3190.38,2020-12-16,2022-12-16,2021-07-13,507601.74,Settled,Eric Butler,481541.12,2024-06-27
POL-0000170,CLM-00000170,CUST-46495,Jose Wilson,996-46-9047,sherry79@example.com,906-437-8952x52769,65436 Susan Haven,62535,AZ,Commercial,600933.24,8466.91,4977.96,2025-03-28,2030-03-27,2025-08-07,186425.38,Under Review,Michelle Davis,,2024-09-16
POL-0000171,CLM-00000171,CUST-29754,Steven Shannon,105-54-7040,gregoryhays@example.com,001-223-535-5197x68735,155 Samantha Isle Suite 587,57994,TX,Auto,1228126.84,14283.65,4786.72,2022-08-14,2026-08-13,2024-01-13,824692.0,Under Review,John Meyer,,2023-06-12
POL-0000172,,CUST-38720,Robert Chavez,356-89-5463,samantha22@example.com,001-455-732-9089x66901,0554 Ford Locks,42476,NC,Health,1736254.55,11635.8,5779.51,2020-10-07,2023-10-07,2021-12-17,262243.87,Under Review,Renee Patel,,2026-02-14
POL-0000173,CLM-00000173,CUST-41332,Kimberly Mcbride,789-73-4379,dboyer@example.net,495.693.4920x978,3493 Barton Extensions,,TX,Auto,1384364.45,14118.66,360.36,2023-03-01,2025-02-28,2024-12-22,572066.49,Approved,Michelle Davis,,2023-10-05
POL-0000174,,CUST-10972,Debbie Rose,327-87-2487,raymondaguirre@example.com,293.254.8930x709,124 Eric Pine Apt. 489,43660,TX,Health,462319.36,4788.52,371.52,2024-11-11,2025-11-11,2024-11-15,7536.81,Settled,,5648.71,2026-03-02
POL-0000175,,CUST-64567,Barbara Vargas,320-42-9289,garysmith@example.com,526-558-2280x64204,21494 Ryan Plaza Apt. 520,03644,IL,Auto,941704.59,4751.47,828.67,2024-04-07,2018-12-04,2025-05-18,597170.71,Under Review,Karen Miller,,2025-09-26
POL-0000176,CLM-00000176,CUST-56469,Kelly Fuentes,121-75-3421,melissajohnson@example.org,443-455-5198,672 Macdonald Shores,20237,NY,Commercial,1853871.25,7214.02,6443.31,2024-03-18,2027-03-18,2025-05-15,1381167.89,Rejected,Wendy Smith,,2025-12-12
POL-0000177,CLM-00000177,CUST-86181,Carolyn Johnson,434-97-9444,veronicafreeman@example.net,5984469979,56262 Jennifer Mills,52530,NC,Health,1849224.53,15492.01,7964.69,2023-01-05,2024-01-05,2023-01-27,118713.69,Rejected,Eric Butler,,2022-10-24
POL-0000178,CLM-00000178,CUST-28677,Rhonda Warren,646-49-8123,jroberts@example.com,001-441-865-8634x4783,9914 Lee Club,,NC,Home,252860.68,1211.5,9141.3,2025-03-08,2029-03-07,2025-12-25,77102.35,Approved,Wendy Smith,,2026-01-09
POL-0000179,CLM-00000179,CUST-39218,Jason Frank MD,882-29-3077,stephen43@example.net,5575445923,419 Catherine Motorway Apt. 305,01773,AZ,Health,362654.82,2197.12,2800.46,2021-11-30,2025-11-29,2024-04-09,60796.14,Under Review,Eric Butler,,2024-06-16
POL-0000180,CLM-00000180,CUST-54938,Annette Nichols,662-51-3958,virginia69@example.com,416.586.4720x81722,6874 James Village,18660,IL,Auto,1934337.28,17943.34,740.55,2020-08-15,2024-08-14,2022-04-16,452709.45,Under Review,Jesse Tyler,,2025-06-09
POL-0000181,CLM-00000181,CUST-46621,Rachel Weiss,838-78-1391,kenneth69@example.com,(358)222-6497,42171 Lisa Drive Apt. 941,90709,WA,Health,250166.45,1323.64,6679.11,2021-04-03,2023-04-03,2021-07-14,101662.44,Settled,Renee Patel,89885.47,2025-06-17
POL-0000182,CLM-00000182,CUST-16046,Justin Thomas,700-83-5246,clarktabitha@example.org,(882)457-5336x58896,011 Martin Hill,62170,IL,Home,458608.1,6833.82,5457.95,2020-11-11,2018-09-02,2023-01-17,233291.47,Approved,,,2026-04-08
POL-0000183,CLM-00000183,CUST-19396,Jennifer Smith,839-46-7702,justinlewis@example.net,(982)689-9085,04915 Cobb Passage Suite 257,48958,TX,Life,1655285.6,7971.72,2791.17,2024-01-01,2025-12-31,2024-06-29,191100.97,Submitted,,,2025-01-16
POL-0000184,CLM-00000184,CUST-52154,Richard Newman,429-54-7401,michelle52@example.com,(778)748-1928,3499 Thompson Port Apt. 779,80484,NY,auto,1594730.53,16257.77,1416.72,2020-07-13,2022-07-13,2021-02-03,315508.69,Submitted,,,2026-02-24
POL-0000185,CLM-00000185,CUST-69560,Charles Cannon,780-24-1925,cheryl57@example.org,425.650.9753,9420 Martin Mountain,65781,AZ,Auto,238009.45,2222.82,1654.22,2023-05-09,2026-05-08,2024-07-30,167289.82,Approved,Karen Miller,,2025-08-16
POL-0000186,CLM-00000186,CUST-57929,Carla Kane,819-23-5243,dianagill@example.net,(898)866-6746x919,732 Moore Parkway,999,TX,Commercial,1684432.81,3371.18,7634.81,2022-05-22,2027-05-21,2023-10-21,558051.77,Under Review,,,2022-03-04
POL-0000187,CLM-00000187,CUST-55740,David Coffey,977-84-3460,derrick99@example.org,624.540.1472x222,5981 Micheal Track,97798,WA,Health,563427.14,4700.08,8739.12,2020-04-28,2024-04-27,2023-08-27,296482.39,Approved,,,2024-11-27
POL-0000188,CLM-00000188,CUST-36371,Danielle Hughes,482-39-9117,stephenstimothy@example.org,387-823-9857x9420,59910 Robert Forges,90137,TX,Life,1665104.18,5453.57,4092.86,2024-04-30,2028-04-29,2025-09-21,1062984.69,Rejected,Ashley Mcclain,,2025-06-04
POL-0000189,CLM-00000189,CUST-79526,Shaun Hartman,311-12-5215,gmendoza@example.net,001-945-210-0747x164,1424 Decker Wall,74473,FL,Commercial,129490.89,1813.25,4077.33,2021-01-14,2025-01-13,2022-09-20,89514.69,Settled,Eric Butler,62292.45,2025-09-22
POL-0000190,CLM-00000190,CUST-75164,Heather Perry,388-71-5328,falvarez@example.com,(694)595-8339x091,87535 Smith Estate,,IL,Commercial,362465.9,1667.75,4086.25,2022-02-16,2023-02-16,2022-11-03,104156.96,Approved,Jesse Tyler,,2025-03-18
POL-0000191,CLM-00000191,CUST-49044,David Evans,147-31-9316,santiagoronald@example.com,716.295.6860x1778,4215 Wallace Vista Suite 260,70927,CO,Home,1891804.8,23574.61,7859.99,2024-07-23,2027-07-23,2024-12-13,150482.72,Submitted,,,2024-08-21
POL-0000192,CLM-00000192,CUST-90353,Julie Luna,807-98-7408,cassandragray@example.org,001-361-442-4214x665,226 Michael Station,60106,IL,Home,431566.13,5380.19,6094.44,2022-01-07,2027-01-06,2022-03-28,1272026.1017933104,Settled,Karen Miller,215890.78,2022-03-17
POL-0000193,CLM-00000193,CUST-23788,Thomas Watkins,859-51-5768,david25@example.com,470-594-0843,2319 Haney Flat Apt. 921,94090,FL,Home,1424339.89,5321.23,4283.33,2023-09-21,2028-09-19,2023-11-01,988094.72,Rejected,Caleb West,,2024-05-12
POL-0000194,CLM-00000194,CUST-72603,Timothy Jordan,162-21-4416,gregoryshannon@example.net,001-677-598-0530,41195 Lawson Pines,03796,GA,Health,1081783.76,10365.81,4270.73,2023-11-07,2028-11-05,2026-03-28,716079.34,Under Review,Denise Green,,2022-08-27
POL-0000195,CLM-00000195,CUST-68699,Devon Bradley,457-85-5537,qwilliams@example.com,966-872-0170,172 Good Canyon,22441,TX,Auto,380890.49,2075.63,4921.65,2023-01-15,2025-01-14,2023-05-10,43482.29,Rejected,Kenneth White,,2026-01-18
POL-0000196,CLM-00000196,CUST-67989,Anthony Garcia,848-59-8477,richard25@example.net,4192416677,938 David Neck Suite 156,13645,CO,Health,1538396.76,16995.83,1591.96,2024-08-14,2025-08-14,2024-12-26,420517.68,Under Review,Douglas Ferguson,,2024-06-17
POL-0000197,CLM-00000197,CUST-16554,David Clark,871-61-4617,adamsvincent@example.net,284.370.1154,7800 James Drive Apt. 465,92433,CA,Health,1586297.36,23536.1,5997.7,2024-04-30,2026-04-30,2026-02-05,346808.45,Settled,Kenneth White,236911.02,2025-06-18
POL-0000198,CLM-00000198,CUST-19991,Alison Jacobs,585-74-9038,edwardsjacob@example.net,(446)828-8625,3490 Johnson Gateway Suite 428,58617,NY,Auto,1282698.4,16968.52,2404.76,2023-07-13,2025-07-12,2024-02-05,845362.64,Settled,Kenneth White,532326.01,2024-05-23
POL-0000199,CLM-00000199,CUST-28608,Lauren Davenport,492-92-9617,elliottscott@example.net,(591)440-8436x45507,741 Lewis Curve,61044,AZ,Home,1899374.52,9227.91,7463.36,2021-01-21,2026-01-20,2021-10-31,842033.25,Submitted,,,2022-07-25
POL-0000200,CLM-00000200,CUST-49175,Tammy Keller,407-62-9574,shafferbobby@example.net,2403409731,8842 Price Trail,76971,WA,Health,1858064.1,4605.95,3118.06,2022-03-30,2023-03-30,2022-11-07,525176.22,Settled,Michelle Davis,457198.42,2024-05-19
POL-0000201,CLM-00000201,CUST-40682,Marcus Lewis,973-92-7531,julia34@example.org,(607)441-1328,2009 Martinez Light Apt. 069,18424,TX,Home,1517667.93,19905.71,8677.8,2020-12-04,2024-12-03,2021-10-10,926412.34,Settled,Michelle Davis,906058.8,2026-02-15
POL-0000202,CLM-00000202,CUST-80737,Justin Clark,492-39-7993,jody48@example.com,655-802-5717x601,44569 Willis Circles,44514,AZ,Home,895338.46,11425.01,2499.03,2024-04-12,2029-04-11,2024-12-17,635623.95,Under Review,Douglas Ferguson,,2025-11-15
POL-0000203,CLM-00000203,CUST-11503,Aaron Vargas,118-67-6918,sherryhoffman@example.net,595.300.6254x525,83199 Scott Expressway,62050,WA,Health,468295.34,2500.15,6598.55,2025-02-27,2029-02-26,2025-04-29,139483.29,Rejected,John Meyer,,2025-06-12
POL-0000204,CLM-00000204,CUST-85197,Michelle Thompson,152-22-2086,bennettjoyce@example.org,954-659-2088x1846,859 Martinez Neck Suite 860,999,AZ,Auto,1421588.42,19772.76,7989.89,2024-12-13,2025-12-13,2025-09-26,1084344.95,Under Review,Eric Butler,,2025-07-23
POL-0000205,CLM-00000205,CUST-75179,Tommy Moss,594-92-9233,ocoleman@example.org,8667595690,5383 Mejia Island,47939,NC,Home,1622995.34,5854.3,5285.77,2023-10-26,2024-10-25,2024-05-19,1159676.92,Rejected,,,2025-07-04
POL-0000206,,CUST-32425,James Zimmerman,665-92-1060,mdowns@example.org,(910)401-7125x0660,7548 Faith Tunnel Apt. 443,78403,FL,Commercial,1415365.33,3311.54,1915.98,2024-12-05,2028-12-04,2024-12-05,469063.32,Approved,Kenneth White,,2025-03-02
POL-0000207,CLM-00000207,CUST-64163,Tina Reese,433-21-8749,david62@example.org,001-909-634-4261,88276 Susan Corner Suite 509,90098,WA,Commercial,595424.26,4541.71,4240.05,2022-09-05,2025-09-04,2023-01-05,184850.38,Submitted,,,2026-03-08
POL-0000208,CLM-00000208,CUST-49152,Morgan Smith,323-79-9682,vjohnson@example.org,4264943313,7065 Patricia Wells Suite 094,85528,NY,Life,1700125.95,20067.96,1961.77,2020-05-04,2022-05-04,2022-04-18,482716.87,Rejected,Renee Patel,,2025-05-27
POL-0000209,CLM-00000209,CUST-61823,Christopher Mckee MD,713-19-8457,danielle38@example.org,3339619251,4316 Cheryl Pike Apt. 382,37365,GA,Auto,60332.75,572.44,3812.14,2023-03-08,2026-03-07,2024-07-02,27935.84,Submitted,,,2025-12-10
POL-0000210,CLM-00000210,CUST-51301,Mindy Stephens,681-80-5290,ocarrillo@example.net,(546)649-3399,8870 Jonathan Mountain,31689,CA,Home,1951217.34,4557.7,8171.93,2022-03-02,2026-03-01,2022-04-13,462883.97,Rejected,Victor Morgan,,2025-06-21
POL-0000211,,CUST-45111,Monica Alexander,968-59-6363,allenlisa@example.org,247.991.4869x960,461 Strickland Drives,49954,FL,Commercial,942260.22,13526.98,4728.29,2024-02-13,2027-02-12,2024-02-17,36336.66,Settled,Michelle Davis,33756.14,2025-08-06
POL-0000212,CLM-00000212,CUST-63711,Tammy Shannon,653-15-9030,rarellano@example.net,691-626-0443x256,28875 Brent Grove Suite 762,,NY,Health,230440.13,2636.22,698.68,2024-12-26,2028-12-25,2025-12-04,111423.65,Submitted,,,2024-08-26
POL-0000213,CLM-00000213,CUST-97628,Danny Burke,147-16-3931,allen84@example.net,701.898.5894x49093,85406 Stephens Drive,51670,FL,Health,1836059.57,4266.24,9215.42,2022-05-21,2023-05-21,2022-12-14,835928.28,Rejected,,,2025-08-25
POL-0000214,,CUST-55044,Marissa Jefferson,427-33-3310,scottchen@example.org,247.425.5603,056 Stephanie Pine,48802,CA,Commercial,1548214.76,9351.75,1860.64,2022-02-03,2025-02-02,2023-12-27,269068.39,Under Review,John Meyer,,2024-09-19
POL-0000215,,CUST-13039,Joanna Torres,273-56-5224,charlotte28@example.com,9403618804,861 Cruz Fork Suite 425,94139,CA,Commercial,1312698.08,6935.45,1027.28,2022-07-31,2025-07-30,2024-08-31,421614.64,Submitted,,,2024-11-10
POL-0000216,CLM-00000216,CUST-53167,Jessica Scott,811-50-2598,sferguson@example.org,771-272-1930,5925 Winters Mill Apt. 490,79404,AZ,Home,1142686.95,7031.5,7235.2,2020-06-28,2022-06-28,2022-02-14,368209.64,Approved,Wendy Smith,,2025-10-16
POL-0000217,,CUST-88569,Jeremy Lawrence,770-32-7678,fosterteresa@example.net,(876)978-1767x4997,8143 Herring Mission Apt. 633,30455,FL,Commercial,849411.2,11942.73,8136.94,2020-09-13,2022-09-13,2020-09-27,576319.24,Approved,Louis Moyer,,2024-10-14
POL-0000218,CLM-00000218,CUST-23019,Ms. Allison Jones PhD,393-98-4219,hbrooks@example.net,911.584.0002x7541,558 Villa Villages,ABCDE,CA,Home,313691.25,1039.9,2554.24,2022-09-19,2026-09-18,2023-01-16,243046.57,Under Review,,,2025-03-09
POL-0000219,CLM-00000219,CUST-48015,Heidi Murphy,563-15-1349,michelle95@example.com,551-272-0135,713 John Village,75183,GA,Commercial,1005801.16,9533.94,7482.87,2023-05-07,2028-05-05,2024-01-22,294719.48,Settled,,241905.88,2024-11-17
POL-0000220,,CUST-49754,William Delgado,692-17-9109,andrewlloyd@example.org,7287250150,737 Mullins Avenue Suite 735,11402,TX,Health,453830.4,2226.69,4366.59,2023-11-28,2025-11-27,2025-03-14,306183.26,Submitted,,,2024-08-01
POL-0000221,CLM-00000221,CUST-79183,Cassandra Perry,578-75-6146,cameron14@example.net,4555684296,5553 Gomez Prairie Suite 977,21668,NC,health,1085437.7,4843.2,1229.87,2024-03-06,2028-03-05,2025-01-22,533543.41,Rejected,Denise Green,,2026-01-19
POL-0000222,CLM-00000222,CUST-80959,Jasmine Miller,860-73-6453,huntjacob@example.com,+1-870-202-5394x6895,87722 Thompson Plains Suite 070,66405,TX,Commercial,1239603.93,13669.6,6329.29,2022-05-27,2026-05-26,2023-02-08,36969.39,Under Review,Karen Miller,,2024-05-03
POL-0000223,CLM-00000223,CUST-17055,William May,335-82-8578,reedbradley@example.org,(689)977-4043x968,11813 Christina Cove,72659,AZ,Life,1922034.51,9641.46,5259.52,2021-05-05,2024-05-04,2022-12-13,1522061.89,Settled,Jennifer Reid,1067140.0,2024-11-12
POL-0000224,CLM-00000224,CUST-64767,Robert Smith,846-97-6118,martinmary@example.com,+1-728-776-1453x590,2461 Jarvis Springs,68298,IL,Health,519817.79,6345.33,8268.87,2023-04-12,2024-04-11,2023-05-09,396741.78,Under Review,Eric Butler,,2024-08-15
POL-0000225,CLM-00000225,CUST-99526,Jennifer Thompson,664-59-6968,bfoster@example.net,001-467-823-7478x4327,15989 Gabriel Stream Apt. 365,39384,NC,Home,1629979.24,6948.4,9103.32,2023-09-23,2025-09-22,2025-02-17,1215020.87,Submitted,,,2025-11-21
POL-0000226,CLM-00000226,CUST-90673,Michael Watkins,334-48-3739,becky63@example.org,995.278.7135x05520,05483 Jennifer Tunnel,91862,TX,Health,1878062.74,25709.32,4520.11,2024-11-17,2026-11-17,2025-12-30,390018.32,Rejected,Brian Hernandez,,2024-05-23
POL-0000227,CLM-00000227,CUST-51510,Brittney Harris,186-90-5101,tcarter@example.org,667.310.1951,124 Kristen Common Apt. 755,86332,TX,Auto,942735.92,12702.15,932.32,2023-02-08,2027-02-07,2023-09-15,647220.65,Rejected,Karen Miller,,2025-04-01
POL-0000228,CLM-00000228,CUST-70055,Melissa Cain,686-29-5140,meganhendricks@example.net,606.566.1298x7987,545 Murphy Mountain,78620,AZ,Home,363276.83,5405.16,4758.9,2023-05-29,2024-05-28,2023-10-30,65795.32,Submitted,,,2025-03-09
POL-0000229,CLM-00000229,CUST-15123,Andrea Cunningham,887-52-7284,cmalone@example.org,3465745771,318 Justin Pike,70204,NC,Auto,464564.65,1676.71,4627.24,2023-03-11,2024-03-10,2023-11-14,236649.83,Under Review,Phillip Sherman,,2024-11-25
POL-0000230,CLM-00000230,CUST-44434,William Little,219-39-3982,floresjames@example.net,885-873-8454x31056,2274 Mary Overpass,52872,GA,Life,549334.22,6229.04,304.48,2024-12-22,2026-12-22,2025-10-12,171896.05,Rejected,Brett White,,2025-09-30
POL-0000231,CLM-00000231,CUST-85849,Andrea Key,234-26-9263,yolandapowers@example.com,954.822.2425x01349,28652 Laurie Crescent,32301,NY,Health,1857326.18,17971.53,1659.73,2021-10-26,2024-10-25,2021-12-08,1353414.96,Settled,Jesse Tyler,924045.68,2026-02-13
POL-0000232,CLM-00000232,CUST-77405,Jill Logan,519-12-9130,wrightalan@example.com,+1-210-450-9497x7254,382 Gary Heights,15304,FL,Commercial,70759.27,416.31,590.07,2024-11-17,2028-11-16,2025-12-09,37825.61,Submitted,,,2024-11-18
POL-0000233,CLM-00000233,CUST-28116,Chad West,687-57-2914,amber97@example.com,(443)261-6966,683 John Burg Suite 862,92554,CO,Home,1012655.69,10897.4,9959.51,2023-03-10,2025-03-09,2024-06-24,152166.99,Approved,Wendy Smith,,2024-02-12
POL-0000234,CLM-00000234,CUST-25658,Cheryl Beasley,488-15-3530,ethompson@example.net,894.434.2120,2801 David Common Apt. 905,97711,AZ,Commercial,672980.03,5065.43,9703.6,2021-05-21,2024-05-20,2022-01-21,206606.85,Settled,Brian Hernandez,168160.93,2024-12-31
POL-0000235,CLM-00000235,CUST-22528,Leah Adams,236-77-1906,jacquelinehart@example.org,542.579.1533x530,966 Jennifer Plains Suite 566,89874,GA,Commercial,1632208.11,21077.63,3648.9,2022-07-21,2026-07-20,2023-10-04,1016132.91,Approved,,,2024-08-29
POL-0000236,CLM-00000236,CUST-37793,Austin Smith,180-60-2800,morrislaura@example.org,+1-504-359-9278x938,24487 Miller Club Apt. 679,,WA,Home,1766859.79,22122.83,4851.41,2023-02-15,2025-02-14,2023-11-14,149083.86,Settled,Wendy Smith,130292.38,2025-12-29
POL-0000237,,CUST-27094,Eric Mckay,722-28-9788,nicholasboone@example.net,001-434-467-4013x4287,26112 William Springs,60183,NC,Health,892830.7,1885.28,1893.38,2023-08-22,2028-08-20,2025-02-23,74768.63,Approved,Karen Miller,,2025-03-04
POL-0000238,CLM-00000238,CUST-91264,John Cole,509-50-6860,glenclark@example.com,(534)686-2977,9285 Robert Meadow Apt. 683,73894,IL,Auto,1263369.11,3234.2,5137.03,2020-07-10,2025-07-09,2021-03-13,328041.35,Under Review,Victor Morgan,,2024-08-20
POL-0000239,CLM-00000239,CUST-92858,Catherine Graham,892-98-1719,ztucker@example.org,596.648.7334x9291,942 Johnson Spurs,56354,GA,Commercial,1086061.74,2882.31,2593.0,2020-09-25,2023-09-25,2022-02-20,769498.38,Settled,Wendy Smith,607920.63,2025-05-07
POL-0000240,CLM-00000240,CUST-93950,Andrew Baxter,952-79-5989,eroberts@example.net,+1-661-940-4503x872,8892 Paul Turnpike Apt. 532,39036,IL,Health,1084362.37,7745.48,1674.1,2023-09-11,2028-09-09,2025-02-23,525796.95,Settled,Douglas Ferguson,437417.69,2024-05-25
POL-0000241,,CUST-99072,Bradley Nguyen,759-26-2725,michael64@example.com,971.272.6788,0703 Brett Station Suite 274,82693,CO,Commercial,1146459.62,10845.32,430.14,2024-02-14,2025-02-13,2024-06-14,335553.0,Approved,Jennifer Reid,,2025-05-02
POL-0000242,CLM-00000242,CUST-75924,John Moody,192-52-4765,brewermonica@example.org,001-920-486-1383x3395,30337 Nicole Oval Suite 090,19323,CA,Life,935241.07,13660.51,2399.0,2023-10-25,2027-10-24,2026-01-11,2073757.5258953474,Settled,Karen Miller,142523.42,2025-02-10
POL-0000243,CLM-00000243,CUST-27918,Adriana Nunez,461-39-9859,youngbrian@example.org,898.519.0014x2431,89197 Nguyen Ways Apt. 857,82715,IL,Health,903145.89,10086.93,1656.04,2022-03-11,2026-03-10,2024-07-08,249812.61,Settled,,208637.41,2022-05-31
POL-0000244,CLM-00000244,CUST-28337,Susan Davis,819-55-9520,uashley@example.net,341.623.8042x72050,36163 Ramirez Gateway,43071,NC,Commercial,1576961.72,19176.34,7762.46,2022-11-20,2023-11-20,2023-10-19,181050.92,Under Review,,,2024-07-11
POL-0000245,CLM-00000245,CUST-27974,Nathan Johnston,199-26-2836,charleshampton@example.org,+1-608-927-4810x4430,519 Ramirez Isle Suite 275,67446,TX,Auto,1518241.15,8978.99,2897.68,2023-06-10,2018-10-13,2024-06-25,513146.41,Rejected,Renee Patel,,2024-07-10
POL-0000246,CLM-00000246,CUST-12398,John Wu,794-98-2155,beverly93@example.net,686.246.6366x23853,87376 Sarah Branch,98497,GA,Commercial,40608.18,130.63,284.44,2022-07-07,2025-07-06,2025-01-25,22034.43,Rejected,Brett White,,2024-07-22
POL-0000247,CLM-00000247,CUST-74189,Richard Harrington,337-11-6486,christophermitchell@example.org,214.353.2158,320 Stephanie Light Suite 842,54619,TX,Auto,1781147.17,18249.15,7939.1,2022-05-27,2024-05-26,2023-05-08,690571.37,Settled,,537777.2,2024-04-29
POL-0000248,CLM-00000248,CUST-98470,Brandon Solis,907-48-1148,hannahhoward@example.com,450.816.4936x939,234 Emily Bridge Suite 312,67108,IL,Auto,352155.6,4935.92,1250.28,2020-08-04,2024-08-03,2022-04-06,86743.5,Under Review,Caleb West,,2024-05-18
POL-0000249,CLM-00000249,CUST-50682,Theresa Ayala,304-61-2136,zeverett@example.org,(602)799-7167x144,56170 Fleming Village Suite 406,00000,IL,Auto,1115957.09,7522.05,568.22,2024-04-08,2028-04-07,2024-07-31,2752058.092125875,Under Review,,,2025-08-31
POL-0000250,CLM-00000250,CUST-66984,Vanessa Johnson,649-64-8010,awiley@example.net,656.801.3096,874 Donald Extension Suite 253,33875,AZ,Home,41518.45,269.37,3111.23,2021-09-07,2026-09-06,2025-12-21,8008.57,Under Review,Michelle Davis,,2025-05-13
POL-0000251,CLM-00000251,CUST-29752,Lauren West,135-82-5624,gainesdaniel@example.com,(408)616-7795x133,95332 Franklin Street Apt. 998,82817,NC,Health,1545379.87,11256.24,8431.24,2023-08-12,2028-08-10,2025-05-29,248879.55,Under Review,Karen Miller,,2024-06-22
POL-0000252,,CUST-78830,Hayden Barron,583-14-2101,trujillolinda@example.net,001-807-764-7173x323,516 Kane Skyway,19080,IL,Home,1769046.86,6137.44,5272.86,2022-05-21,2023-05-21,2022-12-16,1271767.99,Settled,,1161898.51,2024-04-14
POL-0000253,,CUST-61109,Michael Robles,572-78-4788,brycenelson@example.com,568.638.5805x9093,1050 Monique Rest,57890,TX,Auto,957984.15,13983.9,7882.79,2021-04-19,2023-04-19,2021-05-28,629773.9,Settled,John Meyer,417588.1,2024-07-17
POL-0000254,CLM-00000254,CUST-44708,Gary Page,747-35-7732,tracyphillips@example.com,+1-331-463-2540x43651,701 Moran Extensions,33713,CO,Home,1021254.7,13348.55,7294.49,2024-03-03,2025-03-03,2024-03-29,422649.33,Under Review,Denise Green,,2024-09-30
POL-0000255,CLM-00000255,CUST-87513,Jerry Farmer,830-31-3714,hawkinsleslie@example.org,+1-311-650-7420,896 Anderson Manors,93838,TX,Life,433805.71,2167.58,3231.31,2022-10-18,2026-10-17,2022-12-06,51626.09,Rejected,Jennifer Reid,,2022-02-09
POL-0000256,CLM-00000256,CUST-62979,Edward Myers,120-55-7490,colleenedwards@example.org,001-640-575-6613x137,0034 Ashley Plains,51736,CO,Life,153118.26,2120.52,2709.84,2023-06-24,2027-06-23,2024-06-27,49412.84,Settled,,30181.16,2024-06-17
POL-0000257,CLM-00000257,CUST-32008,Benjamin Bradshaw,491-20-8036,kfrye@example.net,+1-496-996-1850,37363 Flores Stravenue,95569,CO,Health,1445602.39,6644.12,9675.46,2022-07-01,2025-06-30,2025-01-06,470360.85,Approved,Renee Patel,,2025-01-12
POL-0000258,CLM-00000258,CUST-61370,Tyler Hamilton,273-20-8249,jamesgarcia@example.com,3944403684,3856 Melissa Ports,04853,IL,Home,320725.53,2458.6,3172.35,2022-09-08,2023-09-08,2023-08-29,87038.38,Submitted,,,2022-01-18
POL-0000259,CLM-00000259,CUST-98774,Brittany Smith,526-50-7147,timothyvasquez@example.com,+1-550-633-6665,62154 Rhonda Isle Apt. 041,66649,FL,Home,126006.07,367.22,4102.56,2024-04-03,2027-04-03,2024-12-15,14917.48,Submitted,,,2025-09-20
POL-0000260,CLM-00000260,CUST-50052,Pedro Griffin,574-60-7340,thompsonjessica@example.net,592.218.5370,2722 Catherine Lodge Apt. 759,25304,CA,Auto,813720.52,9829.71,2374.54,2024-07-19,2027-07-19,2025-08-02,160395.26,Submitted,,,2025-05-22
POL-0000261,CLM-00000261,CUST-47211,Daniel Costa,589-58-7223,craigjohn@example.com,+1-227-560-9398,852 Neil Fields Suite 477,11557,CO,Life,1237286.11,10403.78,7346.5,2022-04-10,2024-04-09,2023-08-01,475825.2,Settled,Kenneth White,343570.3,2025-01-11
POL-0000262,CLM-00000262,CUST-19453,Connie Petersen,280-78-9053,jonathonwilliams@example.net,658-910-8585x8253,478 Garner Prairie,32313,GA,Health,1790187.99,6690.19,7426.73,2020-07-05,2022-07-05,2020-10-20,241936.48,Settled,Eric Butler,186451.84,2026-02-22
POL-0000263,CLM-00000263,CUST-82575,Katie Solis,572-67-5695,bpatterson@example.com,+1-407-964-9397x2390,485 Vazquez Knolls,96120,NC,Health,327331.17,3134.77,7006.99,2023-07-09,2024-07-08,2024-02-10,218551.6,Settled,,166715.82,2024-11-02
POL-0000264,CLM-00000264,CUST-21830,Ashley Hunter,840-11-5821,hjordan@example.net,504.304.9558,273 Stephanie Rapid,36889,CA,Commercial,252338.5,1900.13,8374.26,2021-03-15,2026-03-14,2023-06-11,170977.59,Approved,Karen Miller,,2025-01-03
POL-0000265,CLM-00000265,CUST-44881,Lisa Williams,633-19-1494,morgan16@example.com,001-231-353-9900,977 Bailey Mill,15345,GA,Life,654010.1,3653.78,973.76,2024-06-21,2026-06-21,2025-08-19,272748.61,Rejected,Douglas Ferguson,,2025-10-14
POL-0000266,CLM-00000266,CUST-51540,Samantha Martin,171-33-1419,david92@example.org,001-675-790-3901x38412,732 Harris Well,65196,WA,Auto,1832870.15,6306.92,7967.44,2024-04-04,2027-04-04,2024-10-29,902790.6,Settled,Renee Patel,551184.53,2024-10-01
POL-0000267,CLM-00000267,CUST-73368,Robert Stafford,107-24-7886,joshua43@example.com,755.843.7069x5459,44995 Adam Alley,07419,CO,Home,1007331.79,15095.3,9213.87,2022-08-14,2026-08-13,2023-08-21,709529.19,Approved,Eric Butler,,2025-11-11
POL-0000268,CLM-00000268,CUST-41996,Jacob Cooper,789-81-2182,aadams@example.org,728.477.0564,782 Weber Trail Suite 348,71320,NY,Home,394276.58,3556.65,3477.76,2020-08-05,2022-08-05,2022-06-26,39674.29,Submitted,,,2024-06-18
POL-0000269,CLM-00000269,CUST-39603,Joseph Stevens,474-93-2111,kimberlybullock@example.net,530-725-6260,994 Johnson Mountains,19212,FL,Commercial,1382208.32,20406.51,3286.31,2023-08-27,2027-08-26,2024-12-26,1036362.82,Approved,,,2025-04-22
POL-0000270,CLM-00000270,CUST-89041,Kristen Lowery,472-27-5753,john30@example.org,906-982-6163x59322,5763 Fuller Cliff Suite 281,20355,CA,auto,1626558.66,21221.11,807.43,2022-06-11,2027-06-10,2024-03-25,285125.25,Settled,Victor Morgan,261052.66,2025-07-12
POL-0000271,,CUST-82896,Michael Owens,625-15-6172,pramirez@example.net,2635355785,9912 Farley Causeway Apt. 548,87972,CO,Life,1468022.72,15175.2,2308.64,2023-10-15,2024-10-14,2023-11-23,754753.13,Rejected,Renee Patel,,2025-05-25
POL-0000272,CLM-00000272,CUST-30351,Brittany Taylor,483-72-1918,nicholslisa@example.net,+1-686-719-5714x1479,3123 Tina Dam,19386,FL,Health,680397.38,2309.96,5543.24,2023-05-25,2024-05-24,2023-11-21,286649.69,Settled,Douglas Ferguson,218126.31,2024-07-06
POL-0000273,CLM-00000273,CUST-22283,Jim Bailey,363-88-9288,allenbrandi@example.net,968-612-0952x0591,948 Riley Villages,41956,CO,Home,329808.37,4569.69,8913.75,2023-06-03,2024-06-02,2024-04-24,142249.64,Under Review,Dr. Tina Reyes MD,,2024-12-19
POL-0000274,CLM-00000274,CUST-57951,John Young,364-96-4080,nrodriguez@example.net,001-211-555-7630x657,619 Randy Fort,66580,GA,Health,1654977.53,19238.89,922.2,2023-06-21,2024-06-20,2024-01-25,638512.3,Submitted,,,2025-08-13
POL-0000275,CLM-00000275,CUST-93798,William White,968-49-5667,karenjohnson@example.org,(629)681-2489,3536 Johnathan Passage,44030,CO,Life,1119864.1,6355.93,7084.04,2023-07-04,2025-07-03,2025-05-30,199466.52,Rejected,Jesse Tyler,,2023-08-28
POL-0000276,CLM-00000276,CUST-71036,Steven George,660-44-6589,anitaadams@example.net,(344)911-3397x3691,7421 Walker Bypass Apt. 686,37445,GA,Home,473232.76,5448.83,8699.28,2023-03-17,2019-01-21,2024-02-08,243454.06,Rejected,Brett White,,2024-05-09
POL-0000277,CLM-00000277,CUST-10439,Michael Williams,710-59-6035,msnyder@example.net,(847)565-2538,3153 Crystal Burg,14289,CA,Auto,1867597.25,14387.14,5060.55,2022-05-15,2025-05-14,2023-10-03,596120.74,Submitted,,,2025-08-01
POL-0000278,CLM-00000278,CUST-81418,Richard Gross,261-96-7240,brookssteve@example.com,982.459.3632x80525,85132 Clayton Station,32135,TX,Auto,840853.11,9869.09,4842.94,2025-02-24,2029-02-23,2026-02-16,512893.59,Submitted,,,2025-12-28
POL-0000279,,CUST-88454,Jamie Gordon,609-99-3192,kmiles@example.net,001-977-923-2321x678,902 Donna Oval Suite 541,38559,AZ,Life,910423.44,1969.13,8281.9,2022-03-03,2023-03-03,2022-08-22,670769.67,Submitted,,,2024-10-21
POL-0000280,CLM-00000280,CUST-58884,Robin Horton,914-29-2731,ryan72@example.net,4998201658,056 Hernandez Plaza,,AZ,Auto,860415.49,11505.29,6610.87,2025-01-29,2030-01-28,2025-11-13,543810.36,Settled,Victor Morgan,447205.41,2024-05-03
POL-0000281,CLM-00000281,CUST-48776,Randall Marshall,946-48-4708,alexandra06@example.org,+1-425-328-2252,83104 Moody Garden Suite 931,35939,NC,Health,1075842.28,11492.06,8856.8,2024-02-05,2029-02-03,2025-01-02,168196.05,Settled,John Meyer,108072.71,2025-05-18
POL-0000282,CLM-00000282,CUST-69570,Dr. Mark Johnson,301-80-2075,susandickerson@example.com,001-967-321-2489x87901,85971 Ritter Shore Suite 984,98082,WA,Home,753984.41,8536.66,5886.62,2022-06-26,2025-06-25,2022-08-20,537350.64,Approved,Michelle Davis,,2025-08-22
POL-0000283,CLM-00000283,CUST-20992,Audrey York,292-93-1349,james98@example.org,001-493-575-8855,361 Douglas Harbors Apt. 990,28633,FL,life,1289929.89,16945.59,7886.18,2022-09-29,2026-09-28,2025-08-08,546373.86,Approved,,,2025-04-26
POL-0000284,CLM-00000284,CUST-88928,Catherine Williams,611-36-8386,fischerjoan@example.org,001-795-252-6525,273 Jones Parkways Suite 302,10794,GA,Commercial,1193714.99,9585.23,7019.9,2021-11-02,2023-11-02,2022-04-26,86311.26,Settled,Louis Moyer,71925.85,2024-08-20
POL-0000285,CLM-00000285,CUST-20510,Michael Howard,790-71-6839,ubell@example.com,+1-821-559-7838x5550,7969 Brown Walks Apt. 939,25888,NY,Auto,598025.89,1498.95,4464.59,2021-05-30,2025-05-29,2023-11-19,410907.04,Submitted,,,2025-05-18
POL-0000286,,CUST-73627,Charlotte Martin,423-63-4574,rshaffer@example.net,620.405.3514,911 Edward Station,18595,IL,Auto,1810715.19,4997.44,736.17,2021-02-01,2026-01-31,2022-10-30,894725.24,Approved,Brett White,,2024-05-06
POL-0000287,CLM-00000287,CUST-64436,Amy Bentley,735-63-8871,josephmendoza@example.com,262-957-6932x228,22465 Robert Crest Apt. 246,74864,FL,Home,1180769.04,14459.82,5167.23,2024-05-18,2025-05-18,2025-03-12,837298.14,Under Review,,,2025-04-29
POL-0000288,CLM-00000288,CUST-74504,Jonathan Acosta,304-18-7767,mary49@example.net,484.897.0025,7313 Matthew Street Apt. 715,17628,NC,Life,358450.46,2136.21,4349.03,2022-11-06,2024-11-05,2024-01-01,232461.21,Rejected,Renee Patel,,2024-10-16
POL-0000289,CLM-00000289,CUST-82919,Linda Perry,804-88-8352,carterluis@example.com,+1-491-423-4335x7961,513 Stewart Station Suite 048,20246,FL,Home,1511205.01,12033.2,9914.04,2021-12-05,2022-12-05,2022-05-17,1665936.5520598097,Submitted,,,2024-07-20
POL-0000290,CLM-00000290,CUST-11948,Heidi Smith,174-30-9896,gfoster@example.org,001-384-837-3215x7162,60843 Tyler Centers,30995,NY,Commercial,1173901.4,13766.19,2741.48,2023-06-24,2027-06-23,2023-10-20,599549.84,Rejected,Louis Moyer,,2024-12-06
POL-0000291,CLM-00000291,CUST-73893,Chad Weeks,802-23-6753,brandifitzgerald@example.com,001-327-537-1239,3112 Dana Prairie,16696,CA,Health,166387.72,1266.18,7028.0,2023-07-19,2026-07-18,2025-02-25,104214.9,Approved,Douglas Ferguson,,2026-03-19
POL-0000292,,CUST-44124,Mark House,435-57-8691,wlarsen@example.org,637-877-1831x64074,701 Ruben Station,72952,NC,Home,1827867.56,16344.01,8054.15,2024-07-17,2027-07-17,2025-03-16,802332.41,Under Review,Michelle Davis,,2025-08-13
POL-0000293,,CUST-60445,Darrell Phelps,913-54-8836,denise07@example.com,460-543-6253,7023 Lawrence Squares,22630,AZ,Auto,308572.4,3191.3,3144.81,2020-08-11,2022-08-11,2021-06-16,212880.44,Submitted,,,2024-09-09
POL-0000294,CLM-00000294,CUST-47385,Angela Owens,247-10-7202,kim75@example.com,(392)672-1113,042 Hall Valley Apt. 421,14514,NC,Home,1280685.79,16679.28,1936.52,2024-12-09,2026-12-09,2025-08-16,85101.57,Submitted,,,2026-01-29
POL-0000295,CLM-00000295,CUST-71945,Cynthia Hill,757-13-2980,pbradshaw@example.net,628-398-9196,00338 Erin Canyon,53567,AZ,Commercial,64616.45,454.98,1462.68,2022-05-28,2026-05-27,2023-07-24,43159.6,Rejected,Randy Brown,,2024-05-18
POL-0000296,CLM-00000296,CUST-54953,Samantha Robinson,619-38-7508,greerbradley@example.org,001-701-698-1466,975 Abigail Summit,95031,WA,Commercial,226292.32,2244.76,272.03,2024-10-13,2028-10-12,2025-10-17,42657.8,Approved,Brett White,,2026-03-30
POL-0000297,CLM-00000297,CUST-65302,Victor James,917-62-3681,sarah11@example.org,001-525-510-5585x878,80465 Howard Crescent Suite 384,16499,FL,life,1343565.33,19444.29,8634.23,2021-02-20,2025-02-19,2022-12-11,3323633.406104562,Submitted,,,2024-10-20
POL-0000298,,CUST-41144,Christopher Garner,978-12-6955,fharrison@example.net,5182178895,146 Raymond Junction,73453,CA,Commercial,1090914.59,15323.15,8345.9,2021-04-24,2018-10-01,2021-12-05,753741.66,Submitted,,,2025-07-26
POL-0000299,CLM-00000299,CUST-79424,Brianna Price,660-19-5359,johnchandler@example.org,(633)634-4385x43893,356 Butler Junctions,40760,GA,Health,1151510.67,13638.11,9846.68,2023-06-15,2028-06-13,2023-08-05,446714.25,Under Review,Wendy Smith,,2026-01-07
POL-0000300,CLM-00000300,CUST-71396,Amber Smith,680-98-5956,leahnewman@example.net,9592125810,75244 Krystal Oval Suite 991,21072,NY,Auto,527538.41,3192.43,8032.36,2022-01-31,2024-01-31,2022-09-01,187403.93,Submitted,,,2024-06-12
POL-0000301,,CUST-88696,Ronald Cook,507-33-2434,slopez@example.com,(326)427-7484x3509,11086 Kayla Mall Suite 932,69694,NY,Life,1647170.06,24447.58,2549.33,2023-06-16,2027-06-15,2024-04-23,496349.81,Rejected,Kenneth White,,2025-07-14
POL-0000302,CLM-00000302,CUST-60406,Michael Short,184-15-4183,wileymarissa@example.org,864.483.6685,082 Mary Viaduct,ABCDE,FL,Health,753271.46,5345.91,8549.55,2020-11-01,2025-10-31,2022-07-14,69108.33,Settled,Renee Patel,60992.27,2026-02-01
POL-0000303,CLM-00000303,CUST-53514,Jesse Mitchell,774-19-2875,kwagner@example.net,001-460-645-6722,995 Kelly Avenue Apt. 115,16733,CO,Life,924485.79,12004.5,5467.78,2025-01-09,2030-01-08,2025-10-04,279986.96,Rejected,Ashley Mcclain,,2025-12-29
POL-0000304,,CUST-97215,Daniel Price,581-33-2350,edwardsbobby@example.com,(501)931-2479x7538,297 Smith Drive Apt. 940,,CO,Life,46874.67,99.73,1508.66,2025-01-13,2030-01-12,2025-01-24,12876.27,Settled,Ashley Mcclain,8176.6,2025-05-27
POL-0000305,CLM-00000305,CUST-39788,Cody Gordon,213-20-8184,susan56@example.net,+1-765-812-0163x393,458 Lisa Loop,86862,GA,Auto,737630.26,9808.16,5039.98,2022-03-25,2027-03-24,2022-12-10,1190744.3744720824,Approved,Kenneth White,,2025-07-11
POL-0000306,CLM-00000306,CUST-13101,Angel Harrison,816-41-9459,andrew05@example.org,001-419-304-8285x7044,85184 Johnson Center Suite 300,08664,IL,Health,556478.26,1508.02,9407.83,2021-04-14,2023-04-14,2022-04-04,69804.96,Rejected,Dr. Tina Reyes MD,,2025-11-11
POL-0000307,CLM-00000307,CUST-34479,Mark Noble,263-33-5335,kathleennorman@example.com,842-755-1538,36567 Morales Manor Suite 005,80611,CO,Life,1612108.39,17696.93,2895.64,2022-01-01,2024-12-31,2022-02-21,749328.18,Settled,John Meyer,457802.75,2024-12-06
POL-0000308,CLM-00000308,CUST-85189,Terri Perez,744-32-3096,paul04@example.com,264-919-6177x262,23042 Harper Street Suite 914,98985,FL,Health,869925.21,11643.12,5034.25,2023-08-01,2027-07-31,2025-10-20,629421.82,Submitted,,,2025-09-09
POL-0000309,CLM-00000309,CUST-82317,Teresa Wolfe,292-81-3752,owilliams@example.net,(610)721-0881,71377 Macdonald Ford,98112,WA,Auto,1404934.98,15387.51,1408.52,2021-04-20,2025-04-19,2025-01-07,311906.82,Settled,Jesse Tyler,209168.11,2024-05-30
POL-0000310,CLM-00000310,CUST-59472,Chase Anderson,853-17-6637,wmora@example.com,001-381-516-6921x8732,7153 Le Dam,84963,TX,Commercial,1592686.22,6806.26,5389.92,2020-04-30,2021-04-30,2020-09-14,902575.5,Under Review,Ashley Mcclain,,2026-02-14
POL-0000311,CLM-00000311,CUST-10275,Lindsay Hubbard,638-73-2818,theresaflores@example.net,+1-414-441-8524,283 Michael Oval Apt. 293,94513,NY,Auto,833682.83,4094.62,5303.12,2021-03-23,2026-03-22,2022-11-05,538788.41,Rejected,Brian Hernandez,,2024-12-01
POL-0000312,CLM-00000312,CUST-17799,Samuel Torres,807-55-8606,combsjennifer@example.org,+1-223-591-9081x795,0488 Park Village,87658,CA,Life,1725557.68,13115.05,5794.94,2021-01-13,2025-01-12,2022-03-09,206537.93,Approved,Louis Moyer,,2026-03-20
POL-0000313,CLM-00000313,CUST-72846,James Stewart,962-93-3574,vtaylor@example.net,(878)329-1018,68482 Smith Extensions Suite 084,81864,CO,Health,381729.31,4235.81,7156.91,2022-10-24,2027-10-23,2025-11-17,146079.61,Rejected,Dr. Tina Reyes MD,,2025-12-09
POL-0000314,CLM-00000314,CUST-19110,Michael Ortega,845-66-3349,vwilkins@example.org,001-377-407-4817x20709,12028 Shaffer Orchard,36954,TX,Life,1080760.41,8907.18,2015.44,2024-10-19,2029-10-18,2025-06-21,764308.1,Submitted,,,2025-04-02
POL-0000315,CLM-00000315,CUST-72264,Alejandro Martin,285-73-1876,mmorton@example.net,(392)584-9973x4638,36363 Michael Heights Suite 130,50163,FL,Life,1450710.95,16680.22,1022.79,2020-10-20,2019-02-26,2021-11-04,444459.72,Submitted,,,2025-07-28
POL-0000316,CLM-00000316,CUST-82036,Nicholas Hill,311-33-1306,cory09@example.net,+1-720-222-0255x8786,244 Briggs Estate,,CO,Health,841466.22,5006.63,2457.08,2023-09-15,2025-09-14,2024-07-02,65742.05,Settled,Brett White,61461.76,2025-05-06
POL-0000317,CLM-00000317,CUST-53191,James Ruiz,920-41-2480,tylerbell@example.com,+1-459-224-7684,895 Moore Course,30960,TX,Commercial,1076469.35,10466.78,2490.37,2024-03-25,2026-03-25,2025-03-03,716405.51,Approved,,,2025-02-21
POL-0000318,CLM-00000318,CUST-78089,Dominic Henson,583-32-9669,ramirezkevin@example.com,+1-633-277-8533x34370,010 Woodard Forge,52982,AZ,Home,168549.94,496.72,9166.32,2021-07-29,2023-07-29,2023-06-25,79343.68,Under Review,Ashley Mcclain,,2025-07-11
POL-0000319,CLM-00000319,CUST-76103,Henry Higgins,123-85-1112,jroman@example.net,+1-309-867-7636x3625,06429 Shannon Estate Apt. 062,88365,CA,Home,290001.73,3646.51,7448.82,2023-05-18,2026-05-17,2023-12-13,53995.88,Rejected,Michelle Davis,,2025-04-11
POL-0000320,CLM-00000320,CUST-89471,Michael Reyes,573-77-7033,lisa90@example.org,001-801-993-4347,2873 Holt Walks Suite 044,72625,FL,Auto,570624.38,2965.06,9684.96,2024-12-05,2028-12-04,2025-06-21,327805.35,Rejected,Dr. Tina Reyes MD,,2024-09-25
POL-0000321,CLM-00000321,CUST-50416,Kathryn Patterson,169-38-3007,latoyalevy@example.net,001-401-845-4743,20830 Priscilla Brooks,06364,AZ,Auto,1974481.53,10372.84,6808.09,2024-12-26,2029-12-25,2025-01-07,297399.4,Settled,Victor Morgan,274636.27,2026-01-16
POL-0000322,CLM-00000322,CUST-97962,Meredith Baker,328-36-5263,donaldking@example.net,(622)316-2910,31356 Amanda Mountain,95094,IL,Health,1592348.53,6811.57,7247.38,2022-12-29,2023-12-29,2023-06-01,456930.56,Approved,Renee Patel,,2024-10-10
POL-0000323,CLM-00000323,CUST-89471,Thomas Taylor,255-91-2694,sanchezgregory@example.net,001-846-726-7333,98182 Erin Avenue,96764,AZ,Health,1587798.21,23747.46,8947.51,2020-08-06,2023-08-06,2022-01-19,1161490.47,Submitted,,,2025-04-04
POL-0000324,CLM-00000324,CUST-92706,Alex Jackson,904-86-8100,jacob84@example.net,820.857.2470x827,140 Jessica Village,97863,IL,Home,554154.32,6136.91,5701.37,2022-10-26,2018-11-15,2023-03-26,144193.38,Submitted,,,2025-06-14
POL-0000325,CLM-00000325,CUST-74999,Mary Graham,610-52-4869,maria58@example.net,479-867-4145x711,877 Eric Pines,85431,NC,Commercial,1364111.93,4826.59,4636.98,2020-10-09,2024-10-08,2024-02-21,899667.42,Approved,Randy Brown,,2022-06-10
POL-0000326,CLM-00000326,CUST-20445,Adriana Harris,927-24-1189,sandra90@example.com,771-950-0280,28501 Amy Village,63533,TX,Home,457163.98,1812.65,9751.39,2025-02-28,2030-02-27,2025-05-15,69524.6,Approved,Renee Patel,,2024-06-18
POL-0000327,CLM-00000327,CUST-36415,Rebecca Carter,192-63-2455,joseph20@example.net,(570)723-7562x010,378 Kayla Meadow,45219,WA,Health,1741920.93,12277.51,6254.84,2021-06-10,2026-06-09,2022-04-26,669420.66,Approved,Michelle Davis,,2025-09-26
POL-0000328,CLM-00000328,CUST-88549,Derrick Frank,807-58-5728,jenniferadams@example.com,994-915-6738x442,25320 Shawn Springs,97129,CO,Life,992056.97,5063.16,493.52,2023-06-15,2024-06-14,2024-02-15,2746624.6450769287,Approved,Randy Brown,,2024-11-09
POL-0000329,,CUST-95619,Don Gilbert,378-76-5806,philip26@example.net,426-428-9438x203,43581 Murphy Crossroad Suite 927,23737,FL,Auto,1701789.49,6974.53,8618.81,2024-12-17,2025-12-17,2025-07-05,1286020.81,Submitted,,,2024-10-23
POL-0000330,CLM-00000330,CUST-95289,Casey Pittman,920-47-8988,ssmith@example.org,958-299-9647x0981,4901 Olsen Bypass,87581,NY,Commercial,247497.36,573.73,5408.22,2025-02-15,2029-02-14,2025-12-16,43243.63,Rejected,Louis Moyer,,2026-02-28
POL-0000331,CLM-00000331,CUST-45813,Brenda Davis,313-52-6919,ehines@example.com,(516)833-0734x225,07363 Henderson Radial Suite 848,27397,TX,Life,686961.99,3077.62,924.51,2023-11-24,2025-11-23,2025-08-11,359414.0,Settled,Randy Brown,322439.84,2025-02-28
POL-0000332,CLM-00000332,CUST-64433,Alison Garza,680-38-6746,bhicks@example.com,+1-369-769-6211x725,4355 Golden Lock Suite 011,57706,WA,Health,1815551.64,13507.05,5088.74,2022-05-15,2025-05-14,2022-05-25,285302.0,Under Review,Renee Patel,,2024-09-24
POL-0000333,CLM-00000333,CUST-30692,Matthew Scott,878-16-6046,cohenmolly@example.org,215-700-1818,70237 Rowe Terrace,34821,NY,Commercial,1317307.73,19710.74,8597.44,2020-09-02,2022-09-02,2021-10-23,3596890.5441309675,Rejected,Renee Patel,,2026-04-03
POL-0000334,CLM-00000334,CUST-59273,Marie Weiss,841-89-7970,zdavis@example.net,+1-991-703-8890x02197,303 Julie Pike,19861,WA,Home,1102047.17,6242.18,3713.6,2022-11-08,2027-11-07,2023-09-01,240752.81,Rejected,Karen Miller,,2025-01-04
POL-0000335,,CUST-36630,Jason Rodriguez,372-72-8087,shannon78@example.org,+1-420-749-3147x042,815 Gary Estates Apt. 620,88728,CO,Home,1719136.34,10138.08,3866.94,2021-10-22,2026-10-21,2025-01-05,223335.44,Approved,John Meyer,,2024-06-17
POL-0000336,CLM-00000336,CUST-49299,Joanne Horn,253-53-4551,jeffrey44@example.com,(661)895-3172x361,389 Erin Spur Apt. 928,89537,FL,Commercial,10881.93,48.48,5923.25,2023-11-13,2026-11-12,2025-07-01,3482.48,Settled,Jennifer Reid,3299.09,2023-06-10
POL-0000337,CLM-00000337,CUST-24862,Debra Hill,766-34-9905,williamsonmolly@example.net,830.503.8575x97527,678 Jeffrey Curve Suite 674,38078,NY,Health,69891.42,975.89,598.98,2023-09-05,2028-09-03,2025-11-27,5572.05,Settled,Jennifer Reid,5149.25,2024-12-07
POL-0000338,CLM-00000338,CUST-80374,Katherine Atkinson,539-95-3016,wadevalerie@example.org,379.715.4391,741 Roy Villages,,GA,Health,1257975.28,3762.43,8259.3,2024-05-12,2028-05-11,2025-02-14,343688.27,Under Review,Caleb West,,2024-09-13
POL-0000339,CLM-00000339,CUST-17761,Matthew Robinson,806-62-6449,odavis@example.com,(502)521-2405x6464,849 Alvarado Flats,61169,NC,Health,224985.61,2737.12,3772.21,2022-11-04,2027-11-03,2024-05-13,153431.03,Rejected,Caleb West,,2026-01-07
POL-0000340,CLM-00000340,CUST-41629,Nicholas Santos,462-14-4859,trujillojudy@example.net,(418)565-6352x046,64220 Boyer Trafficway,39884,TX,Commercial,1639885.11,20017.31,3194.41,2024-10-28,2029-10-27,2025-04-03,60987.87,Rejected,Denise Green,,2025-05-11
POL-0000341,CLM-00000341,CUST-50993,Mark Cole,463-62-4662,ginawarren@example.com,(334)955-7594,1390 Anthony Square Suite 480,22987,NY,Home,137262.5,1001.9,8521.63,2022-10-28,2025-10-27,2023-09-05,24642.93,Under Review,Jennifer Reid,,2025-06-19
POL-0000342,CLM-00000342,CUST-85200,Whitney Hansen,773-27-2730,laurenbailey@example.org,+1-632-227-5222,3147 Evans Village Apt. 671,86595,TX,Commercial,453903.23,1936.44,5462.1,2021-04-14,2023-04-14,2022-08-20,53394.82,Submitted,,,2024-06-12
POL-0000343,,CUST-30320,Amy Garcia,564-20-1289,zkey@example.org,+1-608-389-8742x958,8781 Collins Court Apt. 612,47493,WA,Commercial,503275.25,1579.34,4732.58,2021-02-15,2022-02-15,2021-08-24,327223.03,Approved,Dr. Tina Reyes MD,,2024-09-04
POL-0000344,,CUST-38433,Justin Edwards,136-85-5187,jimmy49@example.org,729-216-7324x442,661 Snow Ridge Apt. 846,60374,AZ,Commercial,1338799.46,15571.99,7151.16,2022-09-17,2026-09-16,2025-05-17,758502.44,Rejected,Denise Green,,2024-06-03
POL-0000345,CLM-00000345,CUST-94302,Michael Sanders,494-45-6322,smithsarah@example.org,626-920-6985x12468,0581 Lee Forges,23254,NC,Life,1898874.98,18867.96,2772.25,2021-09-07,2019-02-10,2023-10-29,800108.49,Approved,Karen Miller,,2022-10-20
POL-0000346,,CUST-10903,Cassandra Sexton,378-68-2623,lianthony@example.org,(808)574-1678,19820 Danielle Ports,31906,GA,Home,423447.65,5318.0,1727.88,2023-10-24,2027-10-23,2023-10-30,74473.42,Submitted,,,2025-12-11
POL-0000347,CLM-00000347,CUST-16123,Adam Johnson,223-26-9623,matthewli@example.net,(337)990-5296x8770,46207 Timothy Summit,42690,TX,Commercial,1995097.93,11463.1,7582.2,2025-02-18,2028-02-18,2026-01-14,281943.28,Under Review,Brett White,,2025-02-18
POL-0000348,CLM-00000348,CUST-75887,Michael Boyd,204-78-9110,ohill@example.com,001-247-290-9339x319,369 Arellano Junctions Suite 006,61901,IL,Health,280754.08,1668.69,3642.47,2022-05-08,2023-05-08,2023-02-09,77319.25,Submitted,,,2021-06-13
POL-0000349,,CUST-44172,Michelle Archer,885-98-4861,ywatkins@example.net,001-948-852-5673x3911,599 Mcdaniel Ferry Suite 292,05771,AZ,life,1306155.31,15609.95,4695.41,2020-06-28,2024-06-27,2020-10-12,470880.68,Rejected,Louis Moyer,,2026-02-10
POL-0000350,CLM-00000350,CUST-56074,Jennifer Thompson,859-43-8012,adamlopez@example.com,001-457-642-5590,23335 Paul Pines,18632,FL,life,517912.51,2061.57,5470.4,2021-01-16,2022-01-16,2021-12-17,154913.61,Under Review,Brian Hernandez,,2025-12-16
POL-0000351,,CUST-73826,David Lara,414-83-1023,joshuagarner@example.com,851-827-4861x91613,03600 Kendra Via Suite 484,15959,CO,Health,1528279.74,15899.72,3960.86,2024-09-23,2028-09-22,2026-03-10,494662.15,Submitted,,,2024-11-21
POL-0000352,,CUST-22658,Kimberly Moses,657-57-5870,karen45@example.org,969.784.8570x870,270 Adrian Grove Suite 909,62308,CA,Health,460608.72,2782.42,5218.51,2022-12-23,2027-12-22,2024-04-20,204511.69,Approved,Michelle Davis,,2025-01-30
POL-0000353,CLM-00000353,CUST-58358,Tiffany Hudson,377-95-5458,vramsey@example.com,(433)546-8839x3545,5475 Horton Harbors Suite 369,62488,CO,Auto,676957.07,9327.57,7507.12,2020-05-13,2024-05-12,2022-09-07,4316.2,Approved,Dr. Tina Reyes MD,,2024-09-10
POL-0000354,CLM-00000354,CUST-18715,Jennifer Herrera,264-41-5779,lhughes@example.org,842-792-5773x41094,47304 Denise Mountains Suite 977,29561,CA,Health,1915520.24,28324.74,7609.26,2024-09-03,2028-09-02,2024-12-25,552587.34,Rejected,Victor Morgan,,2025-11-11
POL-0000355,,CUST-21732,Justin Ruiz,465-13-8908,lewislaura@example.net,001-697-387-5563x80416,148 Hodges Glens,92461,GA,Life,365699.89,3553.32,8150.91,2023-03-21,2025-03-20,2024-02-02,7790.73,Approved,,,2026-03-28
POL-0000356,,CUST-34308,Joseph Conrad,143-85-5924,pkoch@example.org,001-321-991-4656x6747,70501 Edward Curve Suite 973,55561,NY,Auto,205503.36,876.01,488.34,2025-02-09,2026-02-09,2025-09-22,122580.15,Rejected,Eric Butler,,2025-03-15
POL-0000357,CLM-00000357,CUST-57114,Haley Paul,574-68-9389,hkennedy@example.org,001-892-573-2480x4241,345 Hogan Terrace Suite 463,66585,AZ,Life,1930245.23,11107.71,6776.95,2024-09-29,2027-09-29,2025-10-03,1539305.69,Settled,Jesse Tyler,1514806.23,2025-09-09
POL-0000358,CLM-00000358,CUST-74621,Ashley Davidson,201-91-4472,marcusblake@example.com,246.550.3248x182,54005 Macdonald Keys Apt. 792,78345,GA,health,423768.9,3608.3,4796.93,2021-02-12,2023-02-12,2022-04-16,243275.0,Rejected,Dr. Tina Reyes MD,,2026-01-10
POL-0000359,CLM-00000359,CUST-99487,Daryl Hill,472-30-6258,skelly@example.org,(530)790-8387x84322,21080 Debbie Way Apt. 870,23909,NC,Auto,1032876.6,13724.11,8134.58,2025-02-06,2029-02-05,2025-12-13,699342.59,Approved,Victor Morgan,,2024-11-20
POL-0000360,,CUST-48209,Matthew Gonzalez,354-63-1885,monroepatrick@example.org,442-605-4105,006 Melissa Road Apt. 469,75640,IL,Life,1145377.31,10444.52,1489.76,2021-02-06,2026-02-05,2025-12-01,109974.12,Approved,Brian Hernandez,,2025-12-26
POL-0000361,CLM-00000361,CUST-63003,Tracy Munoz,848-14-7982,cooleyalexis@example.com,+1-456-221-1346x12154,4041 Valerie Lakes Suite 091,94063,IL,Health,14532.45,204.47,3159.51,2023-02-17,2025-02-16,2023-07-22,6330.58,Approved,,,2025-09-22
POL-0000362,CLM-00000362,CUST-98780,Toni Dennis,490-84-4147,christopher03@example.com,+1-898-251-9121x821,999 Waters Alley Apt. 245,22089,NY,Home,1495459.0,9444.5,4986.35,2022-02-05,2025-02-04,2022-06-07,1059560.52,Submitted,,,2025-02-10
POL-0000363,CLM-00000363,CUST-10130,Monique Olsen,988-64-4310,catherine23@example.com,232.696.4135x653,2731 Farmer Plaza,ABCDE,CO,AUTO,210816.47,1848.35,3490.11,2024-09-24,2025-09-24,2025-04-15,161295.53,Submitted,,,2025-02-26
POL-0000364,CLM-00000364,CUST-89043,Frank Sanchez,498-54-4914,xshah@example.com,878.519.4744x7336,720 Nelson Port Suite 094,81329,AZ,Health,23427.71,304.61,9224.56,2021-01-07,2019-02-24,2023-06-18,6077.09,Under Review,,,2025-08-24
POL-0000365,CLM-00000365,CUST-61954,Brandi May,661-40-6125,schmittdenise@example.org,537-669-2390,4108 Zachary Dam,51469,CA,Auto,1453708.11,4755.1,5377.0,2021-06-06,2025-06-05,2024-04-14,1031082.51,Settled,John Meyer,745668.28,2024-10-14
POL-0000366,CLM-00000366,CUST-98677,Joseph Diaz,154-25-5520,tammy51@example.net,417.673.9551x7663,726 Reed Trail Apt. 284,49007,FL,Commercial,372691.79,2390.56,2592.82,2021-06-04,2022-06-04,2022-01-01,108113.69,Approved,Karen Miller,,2026-04-12
POL-0000367,CLM-00000367,CUST-30262,Lindsay Owen,997-23-3018,barnold@example.net,554.590.8699,556 Keith Extension Apt. 533,37675,CA,Auto,1155904.8,7508.46,7585.38,2024-05-13,2028-05-12,2024-09-08,352207.15,Under Review,Renee Patel,,2024-05-26
POL-0000368,CLM-00000368,CUST-61723,Tiffany Castaneda,468-34-6019,bonnierhodes@example.org,+1-583-250-5550x033,3949 Stephens Islands,93399,CO,Life,1259836.14,2856.98,4374.11,2024-12-26,2025-12-26,2025-10-27,840406.38,Approved,Randy Brown,,2025-03-24
POL-0000369,CLM-00000369,CUST-58993,Jennifer Green,860-51-9076,mortonjennifer@example.net,(303)734-3143x956,45262 Lisa Vista Apt. 063,,AZ,Life,626699.42,8176.61,5856.17,2020-11-30,2022-11-30,2021-03-10,62399.11,Rejected,John Meyer,,2025-04-22
POL-0000370,CLM-00000370,CUST-39102,Sandra Evans,297-20-4467,jhamilton@example.com,847-868-7475x672,43374 Harris Plaza,13483,TX,Life,679493.5,7419.62,7254.68,2021-01-01,2024-01-01,2022-03-07,160851.92,Rejected,Wendy Smith,,2024-12-08
POL-0000371,CLM-00000371,CUST-74106,Tracey Pineda,582-34-9980,gonzalezjasmine@example.net,001-577-984-4464x691,5646 Susan Heights,83463,CA,Health,243909.12,3491.06,7472.17,2020-10-08,2021-10-08,2020-12-24,188149.67,Submitted,,,2025-09-07
POL-0000372,CLM-00000372,CUST-62814,Marcia Smith,665-67-1177,matthew14@example.net,954-996-1036,268 Santos Viaduct Suite 329,20664,GA,Home,1206772.94,17183.03,5216.06,2020-08-15,2025-08-14,2022-12-20,793370.44,Submitted,,,2025-05-27
POL-0000373,CLM-00000373,CUST-66825,Steven Allen,428-14-9895,john63@example.net,(764)593-1637x074,811 Bailey Hills Apt. 699,26469,NY,Life,603717.15,8261.68,893.76,2023-08-10,2028-08-08,2023-12-14,96641.11,Under Review,Kenneth White,,2022-09-19
POL-0000374,,CUST-45316,Jason Coleman,155-56-5995,kimberly05@example.org,(688)581-5744,80051 Kyle Walks,69069,NY,Commercial,289135.43,1443.58,3921.87,2021-01-14,2025-01-13,2024-05-02,67938.95,Submitted,,,2025-11-17
POL-0000375,CLM-00000375,CUST-77535,Michael Bruce,996-46-5065,tchristian@example.org,801.317.1359x486,96499 Trevino Summit Apt. 543,92631,CO,Auto,1038160.34,13086.53,8609.28,2022-02-21,2027-02-20,2024-05-25,432890.73,Rejected,Kenneth White,,2023-11-14
POL-0000376,CLM-00000376,CUST-97313,Arthur Brown,477-76-5609,matthewmedina@example.com,(355)829-2626,785 Curry Flats Apt. 676,56538,CO,Home,1446100.72,5764.57,422.7,2022-09-02,2025-09-01,2025-03-21,14781.08,Approved,Karen Miller,,2024-07-24
POL-0000377,,CUST-89733,Christopher Levine,238-58-9780,brookseric@example.net,638.615.5123,3008 William Extension,79284,GA,Health,1681475.63,21837.39,5039.21,2024-05-07,2026-05-07,2024-06-03,47573.23,Submitted,,,2026-02-12
POL-0000378,CLM-00000378,CUST-55300,Michael Lopez,197-90-9911,ostewart@example.com,6739118631,8926 Conrad Springs,75550,TX,Home,716148.91,9330.05,9269.04,2023-02-07,2028-02-06,2025-06-24,395138.23,Approved,Caleb West,,2024-05-01
POL-0000379,CLM-00000379,CUST-39702,Jonathan Reid,521-73-8822,steven02@example.net,701.928.9124x63988,8237 Stacey Square,16578,CA,Auto,326844.28,3328.1,7065.93,2020-10-04,2023-10-04,2020-11-19,206936.04,Under Review,Caleb West,,2025-11-16
POL-0000380,CLM-00000380,CUST-61515,Beth Taylor,382-89-2689,davismatthew@example.com,843.705.5881x1463,91667 Linda Haven,00610,NY,Auto,1007531.96,10612.23,4896.51,2023-07-23,2024-07-22,2023-09-03,43102.79,Under Review,Renee Patel,,2024-10-23
POL-0000381,CLM-00000381,CUST-74442,James Thompson,446-37-2478,amosley@example.org,(868)710-3149x4968,0042 Nicholas Plain Apt. 683,13175,AZ,Home,724654.57,8553.5,9364.94,2023-12-03,2028-12-01,2025-03-13,234607.55,Under Review,,,2022-11-03
POL-0000382,CLM-00000382,CUST-60449,Andrea Joseph,329-36-9137,tiffanymurphy@example.com,876.782.1338x32631,32351 Michael Flat Suite 474,73806,NY,Auto,1554422.91,6978.41,3247.07,2022-10-02,2025-10-01,2023-08-13,549438.68,Approved,Wendy Smith,,2025-10-11
POL-0000383,CLM-00000383,CUST-32085,Lisa Davis,356-32-1363,antonio20@example.net,778-382-9834x48837,6777 Phillips Turnpike Suite 288,00000,TX,Life,157626.78,1235.82,3911.13,2024-09-27,2029-09-26,2025-09-05,7726.35,Submitted,,,2026-01-26
POL-0000384,CLM-00000384,CUST-86308,Shane Lambert,479-70-9913,greenkenneth@example.org,+1-724-983-4452x11953,19068 Eric Mission,45702,AZ,Auto,784342.97,4610.59,1197.13,2023-02-22,2024-02-22,2023-09-22,249711.96,Under Review,Renee Patel,,2025-11-29
POL-0000385,CLM-00000385,CUST-32992,Dennis Brown,908-72-5153,donnaweiss@example.com,245.724.9963,1037 Jenkins Rapid Suite 661,82448,FL,Health,1007529.48,14871.18,6314.34,2024-08-18,2027-08-18,2025-04-05,140853.17,Rejected,Ashley Mcclain,,2025-12-07
POL-0000386,CLM-00000386,CUST-98014,Steven Rowe,188-35-8086,michael28@example.org,638.906.4951x2254,3463 Amber Trail,17385,AZ,Health,1965390.24,15087.67,6398.19,2023-03-09,2026-03-08,2025-09-07,743520.32,Settled,Renee Patel,735591.16,2025-12-11
POL-0000387,CLM-00000387,CUST-19875,Joseph Lawrence,748-29-7288,nbriggs@example.org,436-750-3504x969,665 Meyer Burgs,60165,NY,Commercial,1340021.4,14662.63,1487.31,2020-05-07,2025-05-06,2025-05-05,540048.54,Settled,Michelle Davis,390679.85,2023-03-23
POL-0000388,,CUST-71027,Jeff Delgado,344-37-4206,sheltonamanda@example.net,3453665331,285 Debra Canyon,73915,CA,Commercial,707301.72,9895.32,4896.81,2024-05-19,2027-05-19,2025-02-09,517931.79,Approved,,,2024-07-01
POL-0000389,CLM-00000389,CUST-81648,Ryan Blackburn,468-29-9130,jmurphy@example.net,001-299-304-5121,67908 Wood Key Apt. 790,49547,CA,Auto,331414.62,3312.62,6363.14,2021-05-28,2026-05-27,2022-02-28,72703.57,Under Review,Jesse Tyler,,2022-09-22
POL-0000390,CLM-00000390,CUST-96361,Lori Jones,401-59-5274,charleschristian@example.net,5396636104,6755 Sherry Forks,,AZ,Auto,619126.88,5820.13,8550.47,2024-05-31,2027-05-31,2024-11-15,151544.93,Rejected,Dr. Tina Reyes MD,,2024-09-24
POL-0000391,CLM-00000391,CUST-58802,Rachel Hardin,230-31-2212,russell26@example.net,+1-770-251-9234x76323,2808 Cobb Crescent Suite 972,41749,NC,Health,506311.47,3323.7,7616.6,2021-07-10,2022-07-10,2021-10-04,828187.554692834,Submitted,,,2025-07-16
POL-0000392,CLM-00000392,CUST-83517,Kristie Werner,639-62-7294,hpalmer@example.org,557-590-3107x38520,73578 Adam Drives Suite 809,,CA,Commercial,1875956.28,19778.72,9795.26,2022-03-07,2025-03-06,2023-03-20,799268.62,Under Review,Jesse Tyler,,2026-02-02
POL-0000393,CLM-00000393,CUST-86764,Justin Ellis,436-31-3828,drichardson@example.com,(835)615-6746,17063 Joanna Freeway Suite 046,12014,WA,Auto,481968.53,4569.01,8007.92,2024-11-20,2026-11-20,2025-05-21,143279.68,Submitted,,,2025-10-18
POL-0000394,CLM-00000394,CUST-96386,Angelica Pearson,205-17-2419,abigail97@example.net,(494)705-1230x335,45503 Brittany Lakes,86522,NY,Life,904680.28,5081.19,775.06,2021-04-14,2024-04-13,2021-05-20,151365.76,Rejected,Phillip Sherman,,2025-05-20
POL-0000395,CLM-00000395,CUST-39207,Geoffrey Turner,549-55-8179,jonesrobin@example.net,001-558-271-5709x11319,7223 Heidi Walks,,IL,Auto,122732.48,1331.41,9919.17,2021-08-11,2023-08-11,2022-03-31,9802.7,Submitted,,,2024-10-19
POL-0000396,CLM-00000396,CUST-40382,Zachary Schmitt,875-92-4174,stephanie96@example.net,275-330-4800x41467,016 Michelle Garden,47373,CA,Health,1727939.54,12586.63,7054.42,2023-01-09,2026-01-08,2024-11-24,4862326.721428187,Rejected,John Meyer,,2024-07-03
POL-0000397,,CUST-58701,Joshua Cox,854-82-2205,ramirezcarol@example.com,+1-284-467-2760,96539 Becky Extensions,41348,GA,Home,916559.91,12934.5,9691.14,2024-12-03,2029-12-02,2025-08-22,270536.21,Settled,Louis Moyer,198656.12,2021-08-13
POL-0000398,CLM-00000398,CUST-30207,Molly Lopez,178-37-8113,eric87@example.net,277-655-6681x4617,3511 Warren Rapids Apt. 627,41847,CA,Health,1583462.74,13051.22,1157.19,2023-05-10,2024-05-09,2024-05-03,183828.98,Settled,Phillip Sherman,177297.52,2026-03-11
POL-0000399,CLM-00000399,CUST-47227,Denise Duke,438-35-2618,amy52@example.org,+1-949-276-7263x26199,354 Lauren Station,57563,CO,Home,1761083.22,19689.51,3344.44,2021-08-21,2023-08-21,2023-08-07,244593.51,Under Review,Douglas Ferguson,,2026-02-23
POL-0000400,CLM-00000400,CUST-12044,Ashley Green,900-52-5392,pattonjordan@example.org,685-752-9795,075 Michelle Turnpike Suite 308,42095,CA,Health,1587192.04,13883.61,7331.83,2021-06-15,2024-06-14,2023-06-12,1115845.62,Submitted,,,2025-08-25
POL-0000401,CLM-00000401,CUST-30906,Mrs. Linda Smith MD,119-69-7518,davidrogers@example.com,001-745-950-1712,859 Garcia Estates,06294,TX,Commercial,1474038.07,14276.94,8640.09,2021-02-03,2026-02-02,2021-06-05,948840.32,Settled,Michelle Davis,745045.65,2024-09-29
POL-0000402,CLM-00000402,CUST-39643,Joel Lowe,203-23-9185,ericalawson@example.com,747.237.7429,8066 Austin Plaza Apt. 980,71650,CA,Commercial,1589254.71,12667.02,7475.71,2024-02-13,2029-02-11,2025-12-04,541617.49,Settled,Victor Morgan,421954.55,2025-06-09
POL-0000403,CLM-00000403,CUST-73700,Gregory Griffin,168-64-6251,alec76@example.net,+1-258-934-1363x4912,418 Luis Heights Apt. 515,1234,GA,Home,1391229.3,3670.92,5859.08,2022-11-20,2025-11-19,2024-04-04,1035718.59,Submitted,,,2025-05-18
POL-0000404,CLM-00000404,CUST-25498,Donna Huff,849-64-3914,selenafrank@example.com,485-488-6863x3037,203 Hayden Flats,88753,CA,Life,866520.4,12607.24,9937.64,2020-11-11,2024-11-10,2023-06-19,562959.85,Settled,Louis Moyer,370642.4,2022-08-30
POL-0000405,,CUST-54193,Elizabeth Jefferson MD,395-99-2366,xmelendez@example.net,716.630.9027x39955,10161 Hendrix Rue,66025,WA,Health,738158.67,5304.82,7905.2,2024-06-16,2029-06-15,2024-08-07,361418.84,Submitted,,,2022-01-13
POL-0000406,CLM-00000406,CUST-20548,Kara Young,489-96-9031,huntkeith@example.com,568-499-8884x79954,604 Eric Square,43872,NC,Home,686462.83,3155.11,5235.4,2023-08-05,2028-08-03,2024-09-04,58128.97,Settled,,47886.55,2025-09-10
POL-0000407,CLM-00000407,CUST-69350,Jennifer Scott,483-68-2640,murphydorothy@example.com,001-715-301-1327x9282,1728 Yvonne Garden,46828,GA,Commercial,242297.18,1481.41,486.79,2024-10-25,2027-10-25,2025-03-05,48996.35,Rejected,Karen Miller,,2025-05-03
POL-0000408,CLM-00000408,CUST-99962,Catherine Weeks,494-81-4217,wnorton@example.net,961-271-4839,38056 Nancy Drives Suite 555,74507,CO,Home,1975597.78,19047.81,3604.86,2024-11-05,2025-11-05,2025-09-14,1538717.2,Approved,Brett White,,2024-07-19
POL-0000409,CLM-00000409,CUST-70814,Rebecca Allen,122-15-2742,cindy04@example.net,345.287.8995x52256,724 Santiago Port Suite 147,38157,GA,Commercial,1628205.05,23977.19,3639.51,2022-04-04,2024-04-03,2023-07-05,827267.35,Settled,Eric Butler,552071.35,2025-03-20
POL-0000410,CLM-00000410,CUST-68343,Tiffany Ferguson,927-78-4098,patriciamcclure@example.org,7138702977,26572 Justin Expressway,17369,CA,Life,1770210.41,15904.03,9046.48,2021-11-10,2024-11-09,2023-07-26,2033717.3688432586,Under Review,Denise Green,,2025-06-07
POL-0000411,CLM-00000411,CUST-34113,Michelle Gonzalez,855-64-3362,beasleysteven@example.net,299-841-3956,3621 Abigail Parkway Suite 056,12534,CO,Life,1895390.92,7502.1,7861.49,2024-07-09,2028-07-08,2025-11-04,77937.58,Submitted,,,2025-04-26
POL-0000412,CLM-00000412,CUST-32039,Stacey Burns,221-10-6892,ebony62@example.org,001-259-749-3894,684 Kevin Parks,84208,NY,Life,1569894.06,17746.78,1511.8,2020-09-08,2025-09-07,2024-08-23,893005.31,Under Review,Eric Butler,,2025-12-24
POL-0000413,CLM-00000413,CUST-94869,Peter Curtis,115-56-9155,hdavis@example.net,+1-662-466-1686x43005,36753 Harper Coves,45456,NY,Health,870656.07,4463.48,3405.58,2023-08-12,2018-10-24,2024-01-18,322545.95,Approved,Jesse Tyler,,2026-02-25
POL-0000414,CLM-00000414,CUST-77699,Carrie Reid,308-10-7564,mcclaintodd@example.org,4529216894,563 Hill Manor Suite 404,41228,NC,Life,1552813.19,14484.16,5284.06,2022-03-26,2026-03-25,2023-12-19,465272.84,Submitted,,,2024-09-10
POL-0000415,CLM-00000415,CUST-73978,Tasha Mejia,252-84-5891,gabrielle57@example.com,001-649-320-2614,90365 Brewer Crossroad Apt. 747,92907,FL,Home,1847068.34,20985.72,7707.31,2021-05-27,2025-05-26,2022-04-21,76328.4,Settled,Dr. Tina Reyes MD,74403.75,2024-05-07
POL-0000416,CLM-00000416,CUST-90712,Ryan Sims,635-13-1585,vanessastein@example.net,592.397.8779,2998 Rose Fork,52148,IL,Home,1816305.66,7083.79,1874.36,2020-08-26,2024-08-25,2023-06-29,1265416.89,Under Review,Renee Patel,,2024-07-03
POL-0000417,CLM-00000417,CUST-83728,Daniel Wolf,985-72-1044,jcastro@example.com,850-309-1825,295 Kelly Drives,14375,NC,Home,1117798.54,9153.86,8650.93,2022-12-31,2027-12-30,2024-10-20,150987.23,Under Review,Victor Morgan,,2025-10-18
POL-0000418,CLM-00000418,CUST-47177,Leah Brown,354-21-1727,cford@example.org,+1-575-445-6977x709,207 Lynn Throughway,19186,FL,Commercial,1787847.28,16905.39,8159.69,2023-08-28,2025-08-27,2024-11-27,429391.31,Under Review,Brett White,,2025-01-06
POL-0000419,CLM-00000419,CUST-44605,Taylor Reed,936-14-1582,nicole79@example.com,+1-236-808-2560,10466 Steven Ranch,76729,CO,Life,1791696.5,26851.99,3571.59,2022-04-20,2023-04-20,2023-03-29,1428407.03,Rejected,John Meyer,,2024-06-28
POL-0000420,CLM-00000420,CUST-77381,Jacqueline Rogers,974-25-9931,cory16@example.net,610-933-7880x1400,482 Anthony Mission Suite 237,65216,CA,Life,998851.42,12079.06,2083.72,2023-06-23,2025-06-22,2025-03-08,634025.57,Settled,Denise Green,406952.61,2025-05-26
POL-0000421,CLM-00000421,CUST-50263,John Mason,453-13-3163,gkemp@example.net,772.812.0573x79090,089 Sean Squares,33661,AZ,Auto,1567010.19,17099.4,6090.79,2020-08-07,2025-08-06,2021-08-14,805080.97,Submitted,,,2022-04-09
POL-0000422,CLM-00000422,CUST-74648,Joel Hall,386-74-5896,thomas89@example.org,506.275.5383x479,6400 Chelsea Summit,17080,GA,Home,1041703.85,5581.01,8830.6,2023-02-25,2027-02-24,2025-12-10,2282787.511804806,Submitted,,,2025-03-24
POL-0000423,CLM-00000423,CUST-43288,Shannon Wolf,269-52-1136,davischristy@example.net,001-576-616-5463x450,579 Howard Street,51396,IL,Home,388016.67,2181.65,4752.11,2024-02-26,2026-02-25,2025-09-03,245526.4,Rejected,Phillip Sherman,,2026-03-31
POL-0000424,CLM-00000424,CUST-49116,Mikayla Perez,154-62-8134,amyjohns@example.com,001-757-269-2146x604,466 Jill Spur Suite 865,13368,TX,Life,285998.83,1575.44,498.59,2020-05-31,2023-05-31,2022-05-24,82847.85,Settled,Caleb West,64056.67,2025-06-19
POL-0000425,CLM-00000425,CUST-25033,Kathy Mason,953-80-2721,debbiemartinez@example.net,(803)979-4437x6626,96504 Grant Plaza,94537,TX,Home,1622839.63,4359.16,4122.94,2023-12-27,2024-12-26,2024-12-05,203872.83,Approved,Brett White,,2023-01-15
POL-0000426,CLM-00000426,CUST-31363,Brandon Brown,518-33-2513,brandon54@example.com,(545)971-4083x684,88116 Silva Islands,04293,GA,Commercial,1173096.15,6482.77,2010.89,2023-07-20,2024-07-19,2023-09-14,765618.87,Settled,Jennifer Reid,507290.94,2024-08-25
POL-0000427,CLM-00000427,CUST-87526,David Patterson,233-45-5208,christopher08@example.org,(482)380-5492x06259,100 Young Forest Apt. 875,ABCDE,NY,Life,397888.7,3822.31,7533.65,2022-06-24,2026-06-23,2025-09-23,249491.28,Submitted,,,2024-07-03
POL-0000428,CLM-00000428,CUST-61192,Tiffany Allison DDS,392-28-7452,lisa71@example.net,001-354-381-9356x280,51532 Ramirez Walk Suite 725,,TX,Home,18409.38,78.19,2951.51,2024-07-22,2027-07-22,2026-01-28,5132.41,Rejected,Denise Green,,2023-07-18
POL-0000429,CLM-00000429,CUST-82824,Rebekah Kelley,683-72-1607,davisapril@example.org,782-809-3043x5213,67582 Christina Views Apt. 566,15612,GA,Health,1609518.42,9678.13,4045.7,2021-06-03,2023-06-03,2022-04-28,869107.15,Submitted,,,2022-09-17
POL-0000430,CLM-00000430,CUST-72328,Pamela Rollins,175-83-2248,vferguson@example.org,(969)651-3504,308 Penny Springs,,GA,Home,429440.71,1975.22,7058.7,2022-09-06,2023-09-06,2022-09-25,96834.79,Approved,Caleb West,,2024-09-15
POL-0000431,,CUST-95998,Stacy May,671-19-4784,ashley92@example.net,375-359-4205,416 Benjamin Meadows Apt. 561,92172,GA,Home,297734.63,3774.47,6075.95,2021-08-19,2024-08-18,2022-11-08,21887.46,Approved,Dr. Tina Reyes MD,,2023-10-21
POL-0000432,CLM-00000432,CUST-48270,Joseph Wilkinson,277-69-2876,griffinjustin@example.org,3916564402,6986 David Junctions Apt. 408,01176,NY,AUTO,994283.74,3836.62,5022.3,2023-12-12,2024-12-11,2024-01-16,152530.84,Under Review,Randy Brown,,2024-11-02
POL-0000433,CLM-00000433,CUST-51230,Shawn Ramirez,811-66-2593,jaclyn32@example.org,+1-614-332-4307x3528,53078 Brian Brooks Apt. 157,78099,GA,Auto,1334303.17,3528.3,525.74,2020-12-09,2023-12-09,2021-10-17,607301.74,Under Review,,,2025-11-21
POL-0000434,CLM-00000434,CUST-93514,Kelly Jones,387-98-6959,josephlara@example.com,(314)613-0561x17239,015 Green Spur Suite 176,76042,GA,Auto,726496.04,5308.61,4097.18,2021-01-08,2026-01-07,2021-01-26,94840.7,Submitted,,,2024-06-05
POL-0000435,CLM-00000435,CUST-28279,Douglas Cole,849-15-7318,tjones@example.com,+1-333-903-9232x175,40701 Stephen Branch Suite 490,06987,NY,life,967366.94,6384.89,9499.65,2021-01-21,2026-01-20,2024-07-29,629841.63,Submitted,,,2025-03-10
POL-0000436,CLM-00000436,CUST-88330,Brian Martin,578-50-7631,nicolesmith@example.net,246-705-4429x6258,8268 Anderson Valley Apt. 958,84712,AZ,Auto,1276949.44,9502.43,3942.19,2023-03-30,2026-03-29,2026-03-05,625677.42,Rejected,,,2026-04-10
POL-0000437,CLM-00000437,CUST-22160,Daniel Morgan,325-48-9362,brownlisa@example.com,+1-265-520-3475x51723,80376 Natalie Mills,70568,TX,Home,760489.95,10585.7,7702.98,2020-06-03,2024-06-02,2021-01-15,569160.81,Approved,John Meyer,,2024-07-14
POL-0000438,CLM-00000438,CUST-65473,James Henderson,818-42-6785,christensenamanda@example.org,814-281-4192,8275 Barker Trafficway,66441,NY,Life,432886.05,5774.35,3016.02,2022-10-01,2023-10-01,2023-03-02,104570.73,Under Review,Brian Hernandez,,2024-10-02
POL-0000439,,CUST-84998,Mr. Christopher Freeman MD,626-34-6167,michaellarson@example.net,271-606-4513,706 Butler Expressway Suite 833,86938,CO,Health,248790.02,3203.5,3509.93,2025-03-23,2027-03-23,2025-04-28,79495.45,Submitted,,,2023-10-19
POL-0000440,CLM-00000440,CUST-57936,Jeremiah Stuart,177-47-7558,michaelblevins@example.org,357-450-9369x26940,143 Rebecca Gardens Apt. 110,77039,CO,Health,209481.48,1297.71,6744.55,2022-01-15,2027-01-14,2022-03-18,103630.81,Settled,Wendy Smith,99761.97,2024-07-13
POL-0000441,CLM-00000441,CUST-14347,Mrs. Summer Berg,137-51-8517,smithmichelle@example.org,307.264.2508x05120,6028 Johnson Land Suite 809,12680,NC,Life,831348.97,9937.03,1139.57,2023-01-24,2027-01-23,2026-03-28,136091.69,Rejected,Wendy Smith,,2025-09-08
POL-0000442,CLM-00000442,CUST-96228,Daniel Garza,316-51-5462,ronald76@example.com,+1-987-649-6154x05723,12080 James Passage Apt. 338,90149,WA,HEALTH,1000896.62,4727.53,4440.62,2024-07-16,2025-07-16,2024-12-13,28827.99,Settled,John Meyer,17727.68,2025-11-14
POL-0000443,CLM-00000443,CUST-15712,John English II,781-96-6449,carol81@example.org,001-363-442-2384x860,60030 Daniel Passage Suite 439,15413,CO,Auto,1781162.94,3622.06,2114.23,2021-11-17,2026-11-16,2022-07-20,249813.69,Under Review,Brett White,,2025-05-17
POL-0000444,CLM-00000444,CUST-85150,Jennifer Briggs,465-83-7035,michaeloneal@example.net,+1-314-781-0012,99804 Carol Hollow,48002,CO,Life,1586245.14,21999.85,933.56,2022-03-17,2024-03-16,2023-03-17,885949.45,Submitted,,,2025-01-30
POL-0000445,CLM-00000445,CUST-38405,Veronica Kidd,488-15-2934,hoffmanhunter@example.com,(643)640-4583,112 Solomon Port Suite 675,30236,NC,Health,231308.3,790.91,4836.35,2021-08-17,2025-08-16,2024-08-18,72492.19,Approved,Jennifer Reid,,2025-06-15
POL-0000446,CLM-00000446,CUST-56548,Kevin Rodriguez,305-78-4273,hansenkelsey@example.com,4032474649,0597 Michelle Parkways,35051,GA,HEALTH,268372.08,3594.41,2858.28,2023-01-21,2025-01-20,2024-04-07,9591.63,Under Review,Michelle Davis,,2025-06-05
POL-0000447,CLM-00000447,CUST-54293,Cassandra Butler,175-49-9936,diazjill@example.net,001-597-359-0330x242,992 Hill Pike,63140,TX,Health,944789.21,3111.7,9495.42,2020-07-16,2021-07-16,2020-09-29,1566800.1070774167,Submitted,,,2025-10-22
POL-0000448,CLM-00000448,CUST-59727,Mary Shaw,218-25-9087,ricky06@example.net,466-473-1881x9126,5245 Tonya Hills,35842,NY,Home,1796041.83,3930.25,1440.62,2021-02-28,2024-02-28,2021-03-20,586890.4,Rejected,Karen Miller,,2024-11-30
POL-0000449,,CUST-36752,Regina Delgado,471-51-7508,robert74@example.org,319.606.9016,061 Linda Passage,36262,AZ,Life,1667046.62,5241.34,6725.85,2021-04-01,2026-03-31,2021-08-11,1180329.32,Approved,Eric Butler,,2025-03-23
POL-0000450,CLM-00000450,CUST-34203,Ryan Torres,417-35-5180,sarahswanson@example.org,001-574-932-7531x71715,8742 Johnson Lane,44658,GA,Home,413783.42,4577.6,1499.34,2021-04-20,2022-04-20,2021-04-29,285316.37,Submitted,,,2024-12-20
POL-0000451,CLM-00000451,CUST-20258,Jennifer Edwards,442-39-5521,wgoodman@example.org,+1-399-952-6493x3166,49924 Carter Mills Apt. 212,27969,IL,Health,231404.9,2758.3,271.57,2021-02-18,2026-02-17,2021-07-23,37350.61,Rejected,Brian Hernandez,,2025-08-17
POL-0000452,CLM-00000452,CUST-82510,Jessica Johnson,381-86-5610,hendricksashley@example.net,9918933516,4821 Brandon Forges,16271,IL,Home,1458396.17,9974.82,6286.03,2022-05-21,2026-05-20,2024-03-08,811540.97,Submitted,,,2025-04-09
POL-0000453,CLM-00000453,CUST-36486,Jeffery Bennett,970-97-4094,paulkent@example.org,537-567-3179,950 Cynthia Lake Suite 768,43625,WA,Life,1815970.38,8615.83,7016.04,2024-09-19,2028-09-18,2025-08-20,40549.06,Approved,Randy Brown,,2025-08-12
POL-0000454,,CUST-13852,Robert Carter,789-10-8345,danielreynolds@example.org,001-323-626-8786x2206,16422 Makayla View,55505,WA,Home,557883.14,3781.2,1634.08,2025-03-05,2030-03-04,2025-03-17,388758.13,Approved,,,2026-01-27
POL-0000455,CLM-00000455,CUST-59244,Alex Harris,190-28-4255,katie07@example.net,(938)758-3898x33341,3571 Smith Mountains,31132,WA,Commercial,1026213.59,8542.5,270.76,2020-12-04,2023-12-04,2023-01-04,196090.34,Rejected,Victor Morgan,,2024-07-10
POL-0000456,,CUST-26686,Andrew French,679-42-9664,dawsonryan@example.org,001-499-424-4016x741,864 Chelsea Ramp Suite 251,62516,WA,Home,963790.47,14184.76,2671.16,2020-07-17,2021-07-17,2021-05-26,158704.65,Settled,Randy Brown,120858.55,2024-11-19
POL-0000457,CLM-00000457,CUST-33399,John Lee,806-76-7496,rachael73@example.net,842.817.5005x689,49806 Cheryl Park Suite 456,85662,NY,Life,204667.73,1858.93,4724.14,2022-03-01,2024-02-29,2022-07-01,151057.29,Settled,Brian Hernandez,120204.58,2024-12-07
POL-0000458,CLM-00000458,CUST-57000,Christopher Sanchez,722-34-4724,nsmith@example.net,001-887-703-4483x711,32730 Joel Club Apt. 479,93172,CO,Auto,1340527.39,5489.98,4588.13,2020-11-22,2021-11-22,2021-09-30,194815.44,Approved,Kenneth White,,2025-07-12
POL-0000459,CLM-00000459,CUST-25781,Grant Branch,886-54-7826,antonio41@example.net,807-200-1312,44312 Christopher Union Suite 868,ABCDE,WA,Commercial,1655011.01,19652.39,3973.88,2022-10-13,2027-10-12,2025-09-14,1022464.89,Settled,Brian Hernandez,635466.05,2025-06-20
POL-0000460,CLM-00000460,CUST-12443,Peter Howard,493-45-9895,grahamruben@example.com,3776734822,704 Scott Tunnel Suite 408,ABCDE,TX,Life,1318866.91,6748.22,5120.75,2022-12-13,2027-12-12,2025-07-09,297181.85,Rejected,Kenneth White,,2025-05-31
POL-0000461,CLM-00000461,CUST-47220,Mr. Christopher Sullivan,233-39-6326,pamela16@example.org,+1-740-973-5606x59728,683 Potts Square,36814,CA,Home,1694838.57,15426.27,3294.66,2023-04-19,2028-04-17,2025-03-23,1076509.04,Approved,Dr. Tina Reyes MD,,2025-05-27
POL-0000462,CLM-00000462,CUST-61383,Ana Wood,816-28-7918,amcdonald@example.org,001-598-700-1622x53530,7949 Cohen Villages Suite 225,71556,NY,Commercial,1185177.89,13208.88,2493.61,2021-09-21,2023-09-21,2022-09-01,211429.34,Settled,Brett White,177564.0,2025-05-11
POL-0000463,CLM-00000463,CUST-71701,Jessica Stewart,385-55-5201,sextonlaura@example.com,2848925158,84831 Ian Common,54794,WA,Home,598386.04,6771.4,7170.12,2024-01-31,2029-01-29,2024-08-18,666069.1452273618,Settled,Jennifer Reid,416818.46,2026-04-10
POL-0000464,CLM-00000464,CUST-60533,Isaac Butler,469-84-3997,mathismichael@example.net,001-306-493-0778x90570,88179 Green Throughway Apt. 085,15463,AZ,Commercial,1301577.88,16584.41,8801.18,2020-08-13,2021-08-13,2021-02-26,873510.15,Settled,Renee Patel,563924.71,2024-11-27
POL-0000465,CLM-00000465,CUST-47305,Richard Smith,632-26-8546,mackenzie02@example.net,001-935-471-0017x8722,51997 Nelson Ford Suite 914,74342,AZ,Health,1216167.71,11380.32,7338.08,2020-08-22,2022-08-22,2022-07-26,401147.64,Approved,Michelle Davis,,2024-07-25
POL-0000466,CLM-00000466,CUST-39793,Rachel Hall,508-48-6082,jacobmiles@example.org,894.363.0838,290 Amy Spurs Apt. 647,67885,AZ,Home,1903869.83,7787.31,1190.54,2020-05-28,2021-05-28,2021-02-14,185368.71,Settled,Wendy Smith,148478.36,2026-01-28
POL-0000467,CLM-00000467,CUST-68613,Heather Robinson,898-99-1031,john24@example.org,(942)695-8175,3833 Angelica Pines Suite 731,38446,NC,Life,1727057.04,25185.74,1108.27,2023-06-30,2026-06-29,2023-07-25,60017.76,Submitted,,,2024-07-15
POL-0000468,CLM-00000468,CUST-81569,Diane Anderson,236-97-9456,smitchell@example.net,6775087155,590 Angela Cliffs,12586,IL,Auto,1573806.06,21870.86,1913.44,2021-11-11,2026-11-10,2024-03-16,138918.67,Under Review,,,2026-02-26
POL-0000469,CLM-00000469,CUST-52725,Gabriel Johnson,726-21-3879,matthewcherry@example.org,579.485.0211x09099,6340 Mary Centers,88497,NC,Commercial,1281860.16,11985.94,1379.91,2023-01-12,2024-01-12,2023-02-07,520000.73,Submitted,,,2025-02-05
POL-0000470,CLM-00000470,CUST-93678,Daniel Fisher,415-66-7131,meganwilkins@example.net,(452)580-9498,42776 Timothy Run Suite 677,82630,GA,Life,1275624.03,9044.14,1460.34,2020-08-05,2021-08-05,2021-03-21,688154.63,Rejected,Renee Patel,,2024-11-30
POL-0000471,CLM-00000471,CUST-31500,Stephanie Jimenez,297-68-3017,valerie70@example.org,688-742-2414x0313,888 Joseph Roads,58478,FL,Auto,1569278.57,3600.05,7914.66,2021-09-15,2023-09-15,2022-08-19,589222.06,Approved,Kenneth White,,2026-01-14
POL-0000472,CLM-00000472,CUST-58251,Jesus Snow,626-25-4936,jacqueline76@example.com,(673)251-0718,56902 Ramirez Locks Apt. 465,98067,CO,Home,1468119.68,21764.28,6286.69,2022-04-05,2023-04-05,2022-12-15,161345.18,Under Review,Victor Morgan,,2026-01-13
POL-0000473,CLM-00000473,CUST-44597,Carrie Jones,483-29-5335,mullenkathryn@example.net,873-724-2786x91633,268 John Glen Suite 219,99637,CA,Auto,1248668.9,8376.47,5772.37,2021-10-12,2022-10-12,2022-09-04,856529.69,Rejected,Kenneth White,,2024-10-18
POL-0000474,CLM-00000474,CUST-84488,Jon Sims,782-89-9402,desireeherrera@example.com,(626)845-6001x526,49898 Smith Estates Apt. 489,42321,NC,Auto,1642932.63,19848.93,3741.29,2021-03-12,2023-03-12,2022-01-26,477511.33,Submitted,,,2024-07-04
POL-0000475,CLM-00000475,CUST-33860,Christopher Holmes,473-90-5644,hernandeztyler@example.com,001-802-219-3134x5731,0809 Robert Village Suite 870,42512,WA,Commercial,1204539.19,15073.87,9154.28,2023-01-02,2025-01-01,2023-01-29,589192.94,Rejected,Brian Hernandez,,2025-02-04
POL-0000476,CLM-00000476,CUST-75796,Carlos Perry,842-67-3912,floydkatie@example.org,+1-464-853-8811,875 Sara Dale,23095,CO,Health,323916.02,1430.28,5163.69,2022-06-16,2024-06-15,2023-02-15,9953.55,Approved,Dr. Tina Reyes MD,,2023-12-18
POL-0000477,CLM-00000477,CUST-40893,Taylor Park,566-13-8019,megan19@example.org,001-460-322-9961x3971,4281 Daniel Harbors,64540,NY,Life,901385.54,4217.86,284.38,2024-03-15,2028-03-14,2025-02-20,179248.45,Approved,Caleb West,,2024-10-16
POL-0000478,CLM-00000478,CUST-56669,Sharon Fields,996-71-8047,obishop@example.org,651-340-6498,44440 Davenport Tunnel Suite 477,66921,NY,LIFE,180165.41,1754.88,3898.37,2024-08-02,2028-08-01,2025-03-19,140542.61,Approved,Brett White,,2024-08-28
POL-0000479,CLM-00000479,CUST-93270,Benjamin Stevens,967-70-5422,nunezcheyenne@example.com,(676)310-6697,5403 Juarez Greens Apt. 825,80218,NC,Home,1708788.44,7974.6,3005.98,2021-06-02,2025-06-01,2022-01-09,172690.46,Approved,Phillip Sherman,,2025-08-01
POL-0000480,CLM-00000480,CUST-77700,Marisa Griffin,537-95-1883,thomasnelson@example.org,(318)459-3634x4566,0907 Roy Lane,96729,FL,Home,481164.31,4880.92,4686.18,2023-01-12,2024-01-12,2023-02-19,6375.02,Rejected,Brett White,,2025-08-04
POL-0000481,CLM-00000481,CUST-18749,Charles Rosario,644-90-7661,ereid@example.com,(209)607-1084x5789,4067 Reese Pine,62830,WA,Commercial,673808.18,4201.17,2067.29,2024-05-18,2028-05-17,2026-02-16,270997.98,Submitted,,,2025-09-10
POL-0000482,CLM-00000482,CUST-70573,Melissa Burch,379-63-1949,katie14@example.net,+1-838-438-3249x737,766 Vega Walks,51220,CA,Life,1281028.12,17176.99,1126.28,2022-01-04,2018-11-25,2025-06-17,400014.87,Submitted,,,2026-04-13
POL-0000483,CLM-00000483,CUST-79224,Kaitlin Singleton,561-13-4860,phyllispitts@example.org,+1-653-625-8139,07040 Jones Mountains,05857,WA,Health,1732598.7,14204.28,5991.5,2024-05-16,2027-05-16,2026-03-08,1306111.05,Settled,John Meyer,1134501.68,2025-07-25
POL-0000484,CLM-00000484,CUST-16518,Victoria Holmes,537-44-5225,stevengillespie@example.com,9873978229,30233 Moss Avenue,95298,CA,Home,895352.29,9472.94,949.96,2020-05-03,2025-05-02,2020-12-25,242667.5,Submitted,,,2025-03-20
POL-0000485,CLM-00000485,CUST-23943,John Brown,199-51-6383,tayloraaron@example.com,+1-878-466-7693x29540,41517 Joseph Place,33142,WA,Life,1364301.3,17529.1,2787.15,2024-01-19,2026-01-18,2025-02-08,249738.62,Approved,Jennifer Reid,,2025-05-09
POL-0000486,,CUST-57435,Kristen Lane,665-18-2876,deleonmargaret@example.org,(269)449-3952x1551,6283 Baker Center Suite 417,91647,NY,Health,1895760.64,25819.05,9750.06,2020-07-13,2022-07-13,2020-11-12,849558.12,Under Review,Jesse Tyler,,2025-05-07
POL-0000487,CLM-00000487,CUST-52373,Phillip Hurst,750-97-3021,grant28@example.org,286.316.7970,068 Collins Springs Suite 712,87011,WA,Life,707991.83,2767.88,7617.26,2020-06-16,2025-06-15,2023-10-17,63098.87,Rejected,Karen Miller,,2025-02-14
POL-0000488,CLM-00000488,CUST-13821,Mark Campbell,803-71-2228,zwiggins@example.org,547.731.0138,2098 Barker Divide,81129,NY,Home,661559.47,8700.92,7730.95,2024-06-18,2027-06-18,2025-08-30,407617.42,Settled,Douglas Ferguson,376277.8,2025-01-30
POL-0000489,CLM-00000489,CUST-11306,Ernest Johnson,538-16-6627,fmeyer@example.net,660-595-1973x82259,28699 Brenda Hill Suite 012,60843,CA,Home,1317980.46,7600.71,3709.32,2024-05-11,2025-05-11,2024-06-04,591209.19,Submitted,,,2025-07-08
POL-0000490,,CUST-22747,Elizabeth Nguyen,775-47-5594,jacobrodriguez@example.com,773.454.5715x3995,90630 Moore Crossroad,72873,CA,Home,1085384.27,10923.19,2915.81,2021-08-27,2022-08-27,2021-09-01,154637.04,Approved,Renee Patel,,2024-04-17
POL-0000491,CLM-00000491,CUST-69574,Brianna May,294-28-5764,darrylibarra@example.org,001-335-345-5123x0065,03389 Margaret Expressway,23605,GA,Health,1777075.61,11660.92,6778.1,2022-12-13,2027-12-12,2024-07-24,1161982.06,Approved,Kenneth White,,2026-01-09
POL-0000492,CLM-00000492,CUST-44145,Paul Harris,180-47-2703,john32@example.org,(929)336-2459x80102,164 Odonnell Knolls Apt. 618,23945,FL,Home,587708.27,6768.14,5771.66,2021-12-25,2023-12-25,2023-07-01,333551.47,Submitted,,,2025-03-25
POL-0000493,CLM-00000493,CUST-32871,Timothy Martinez MD,583-40-9794,mariah84@example.com,001-238-212-0580x8064,096 Jason Camp,73926,NY,Commercial,746136.46,5468.97,5130.87,2024-12-26,2028-12-25,2025-08-31,415260.18,Approved,Victor Morgan,,2023-11-02
POL-0000494,CLM-00000494,CUST-63170,Jeffrey Atkins,622-90-5486,matthew04@example.com,001-625-682-3255x562,5844 Moreno Fall,13515,AZ,Health,63527.97,920.56,8557.69,2024-10-04,2028-10-03,2024-11-24,47064.4,Settled,Caleb West,39901.37,2025-09-12
POL-0000495,CLM-00000495,CUST-33648,Lance Johnson,747-41-5143,debra21@example.org,+1-816-600-4704x963,1915 Sharon Hollow,ZIP-NA,IL,Commercial,1139545.89,6056.71,2372.25,2022-03-06,2026-03-05,2024-04-17,537677.16,Approved,Denise Green,,2025-06-19
POL-0000496,CLM-00000496,CUST-88130,Meredith Wang,766-17-3762,oflores@example.com,973-563-9180x5374,165 Barber Mill Apt. 114,77856,NY,Health,624787.17,5150.8,8784.4,2025-01-03,2030-01-02,2025-06-20,227262.81,Settled,Brett White,216213.41,2023-06-09
POL-0000497,CLM-00000497,CUST-98488,Jill Hill,253-81-7912,pwallace@example.net,001-656-312-8581x1373,2504 Arthur Radial,01957,CA,Health,1314690.39,19695.34,5199.65,2023-12-06,2026-12-05,2025-03-14,866848.72,Submitted,,,2025-12-31
POL-0000498,,CUST-19529,Joseph Greer,903-79-9842,kathleensexton@example.com,426-251-6553,69345 Sanders Path,,TX,Life,823090.18,6704.95,786.49,2025-03-03,2029-03-02,2026-02-20,405743.6,Submitted,,,2025-04-16
POL-0000499,CLM-00000499,CUST-45086,Jeff Wade,383-99-5145,xthomas@example.com,(522)899-7012x855,927 Lopez Fort,88632,IL,Auto,97453.28,1280.91,2495.44,2024-01-09,2025-01-08,2024-02-28,35842.17,Settled,Eric Butler,26510.5,2025-04-21
POL-0000500,CLM-00000500,CUST-53491,Marco Franklin,177-21-1124,jeffreytaylor@example.net,6408193879,85983 Massey Curve Apt. 360,62111,CO,Auto,276407.32,1854.54,6941.11,2025-02-26,2029-02-25,2025-11-23,215210.15,Submitted,,,2025-03-24
POL-0000501,CLM-00000501,CUST-27400,John Long,172-62-6594,heather23@example.com,+1-754-973-0742x4229,591 Donald Circles Apt. 994,18318,WA,health,810001.58,4779.46,4478.02,2021-07-06,2023-07-06,2022-04-29,582169.75,Settled,Jennifer Reid,547241.22,2025-01-26
POL-0000502,CLM-00000502,CUST-71797,Rhonda Miller,757-63-5888,mitchellbilly@example.org,(917)793-5201x237,952 Solis Via Apt. 203,46087,TX,AUTO,1070902.5,5482.48,8991.42,2021-03-21,2022-03-21,2022-02-27,439019.63,Settled,Kenneth White,291526.97,2025-11-09
POL-0000503,CLM-00000503,CUST-99765,Andrew Carpenter,294-20-5570,jackvaldez@example.org,472.509.1259x6518,379 Beverly Orchard Suite 107,73593,CO,Life,743730.87,4919.91,5478.85,2020-06-07,2025-06-06,2023-01-04,560541.0,Rejected,Caleb West,,2024-09-12
POL-0000504,CLM-00000504,CUST-19455,Steven Burke,705-96-1668,hhenderson@example.net,(226)613-2531x837,70613 Virginia Estates Apt. 400,58920,NY,Home,1444990.9,20875.17,4650.24,2024-10-20,2025-10-20,2024-10-31,569089.06,Under Review,Caleb West,,2024-06-07
POL-0000505,CLM-00000505,CUST-35322,Sara Jones,901-68-6216,dhatfield@example.org,(863)329-2871x05260,7268 Walker Crossing,28241,CO,Life,28612.8,134.75,9408.73,2024-11-29,2025-11-29,2025-03-28,3974.38,Approved,Victor Morgan,,2025-12-26
POL-0000506,CLM-00000506,CUST-85314,Mr. Harold Watts,380-15-1327,jsullivan@example.com,814.887.5439x9814,366 Brandon Port,46629,AZ,Auto,1392307.04,19486.6,4457.91,2021-12-27,2022-12-27,2022-02-25,386515.15,Submitted,,,2024-02-06
POL-0000507,CLM-00000507,CUST-78384,Linda Yang,649-20-2705,fryemichelle@example.com,264-891-8598,706 Kenneth Bridge Apt. 153,29219,NC,Commercial,277353.94,1075.54,7626.41,2020-07-27,2024-07-26,2022-06-26,130429.09,Settled,Ashley Mcclain,101172.92,2024-05-21
POL-0000508,CLM-00000508,CUST-51697,Stephen Morales,648-94-8588,iperry@example.com,801-461-9669x99870,3874 Lee Village,38446,CA,Auto,655081.5,2537.3,2427.28,2024-02-23,2025-02-22,2024-10-12,513335.7,Settled,Denise Green,494637.19,2024-05-01
POL-0000509,CLM-00000509,CUST-27167,Katrina Patterson,960-57-5443,lindahicks@example.org,001-390-732-3743x370,26264 Robert Run Apt. 494,42098,CO,Home,1190503.5,8294.51,9020.44,2022-05-30,2026-05-29,2024-06-05,950412.14,Rejected,,,2024-07-21
POL-0000510,CLM-00000510,CUST-74943,Holly Davis,959-26-4429,dillonlyons@example.org,837-770-4743x762,159 Cheryl Skyway Suite 269,03270,NC,Health,360270.07,2410.21,1388.55,2020-12-05,2021-12-05,2021-05-10,182832.93,Under Review,Eric Butler,,2025-12-02
POL-0000511,CLM-00000511,CUST-60389,Abigail English,788-59-9559,chelsea44@example.com,+1-322-941-4395x40556,9212 Susan Roads Apt. 941,71881,FL,Home,812075.63,4040.15,1898.81,2022-01-27,2023-01-27,2022-02-16,546823.11,Rejected,Dr. Tina Reyes MD,,2025-12-10
POL-0000512,CLM-00000512,CUST-99943,Darren Bates,398-47-7457,johnsonkatelyn@example.net,(483)480-9142x3743,08724 Martin Crescent,36391,CA,Home,1310910.86,19618.71,5389.18,2024-08-28,2025-08-28,2024-12-25,278558.48,Rejected,Victor Morgan,,2025-01-23
POL-0000513,CLM-00000513,CUST-19216,Miranda Kennedy,738-19-4759,thomas65@example.org,388.208.8283,6136 Rebecca Tunnel,63716,NY,Health,1943592.84,27161.86,3149.08,2020-09-23,2025-09-22,2024-03-30,946093.99,Under Review,Brett White,,2025-05-18
POL-0000514,CLM-00000514,CUST-79729,Lauren Shaw,897-54-7820,janetarnold@example.org,+1-631-893-4220x509,76277 Brooks Mission,03552,IL,Auto,1213943.5,14233.4,3011.34,2022-05-21,2026-05-20,2024-05-25,966893.76,Approved,Randy Brown,,2025-09-15
POL-0000515,CLM-00000515,CUST-95064,Troy Moore,398-22-7631,jacobroman@example.com,433-985-5094x99357,3471 Cooley Meadow Apt. 304,23371,NY,health,523832.84,3940.43,6686.48,2021-11-03,2023-11-03,2022-06-09,358937.53,Approved,Douglas Ferguson,,2025-03-09
POL-0000516,,CUST-38697,Cheyenne Lynch,551-85-1260,david39@example.net,001-554-925-0927x43106,185 Ryan Skyway,69898,IL,Home,1688221.41,9209.07,1468.95,2020-04-27,2023-04-27,2022-05-03,657661.64,Submitted,,,2024-04-26
POL-0000517,,CUST-98372,Brendan Ball,875-74-1428,troy25@example.com,981-880-9376x976,85191 Sellers Coves Suite 294,06360,NC,Auto,1499606.49,11163.31,9267.74,2021-06-22,2023-06-22,2023-03-15,47022.79,Rejected,Eric Butler,,2026-04-08
POL-0000518,,CUST-76440,Ruben Garza,614-11-8191,emolina@example.com,888-375-6013x6401,50217 Mcclain Way Suite 109,28845,FL,Auto,1336634.6,5286.07,854.72,2022-12-25,2027-12-24,2023-10-30,103595.09,Rejected,Victor Morgan,,2024-05-19
POL-0000519,CLM-00000519,CUST-29121,Joel Miranda,255-58-7941,hensonbryan@example.org,(303)385-8468x438,53511 Peter Keys,50843,GA,Home,45472.27,224.36,6288.0,2020-08-29,2022-08-29,2021-03-12,27492.11,Rejected,Renee Patel,,2025-10-21
POL-0000520,CLM-00000520,CUST-15872,Paula Warren,641-57-6285,lcontreras@example.com,285.630.9620x97227,52604 Alexa Meadows,90183,IL,Commercial,1947842.73,5602.57,3089.3,2023-12-03,2027-12-02,2025-10-20,139286.09,Approved,Douglas Ferguson,,2024-06-28
POL-0000521,CLM-00000521,CUST-24481,Michelle Lewis,246-66-2067,mchristian@example.org,(858)886-8331,9097 Laura Springs,48457,CO,Auto,144379.44,554.84,1154.22,2025-01-16,2028-01-16,2025-04-06,103562.9,Settled,,83398.05,2025-06-29
POL-0000522,CLM-00000522,CUST-72202,Deborah Crawford,243-13-2109,nsingh@example.com,+1-889-822-2731x27915,349 Christopher Radial,02789,GA,Auto,129652.04,1171.61,8795.76,2021-10-24,2025-10-23,2022-12-09,60722.52,Settled,John Meyer,47669.7,2025-02-27
POL-0000523,,CUST-86680,Steven Meyer,821-62-4420,wlee@example.org,652-561-8228x6378,8762 Gonzalez Hollow Suite 917,81694,IL,Commercial,445343.22,5993.15,2474.16,2021-01-17,2023-01-17,2023-01-16,237279.1,Settled,Ashley Mcclain,171192.3,2026-03-12
POL-0000524,CLM-00000524,CUST-61243,Elizabeth Evans,680-24-6457,nicolemccullough@example.org,521.916.2287x8833,019 Samuel Lane Suite 032,89405,NY,Commercial,1768960.46,23390.29,2585.81,2020-09-18,2022-09-18,2022-04-09,1243338.19,Approved,Victor Morgan,,2023-02-03
POL-0000525,CLM-00000525,CUST-59792,Samuel Miller,269-46-1054,samuelsmith@example.org,994-971-8587x75346,14374 Nathan Flat Apt. 755,08091,IL,Home,1578272.88,10911.36,520.26,2023-09-30,2028-09-28,2025-02-21,101453.07,Settled,Caleb West,62289.14,2024-12-10
POL-0000526,CLM-00000526,CUST-22001,Krystal Blankenship,641-88-4321,brandi89@example.com,+1-400-793-0121x750,02242 David Port,59483,FL,Commercial,1149646.57,12704.24,4452.2,2021-06-11,2022-06-11,2021-09-13,683654.21,Submitted,,,2024-12-15
POL-0000527,CLM-00000527,CUST-12271,Darrell Cooper,786-19-2175,heiditran@example.net,001-698-348-3870x3847,7350 Wilson Center,65589,NC,Home,1994934.66,18489.24,8779.67,2023-06-09,2025-06-08,2025-03-31,1581407.01,Submitted,,,2024-12-10
POL-0000528,CLM-00000528,CUST-19804,Andrew Blanchard,281-53-2074,adam33@example.org,(846)595-3641x237,293 Rogers Viaduct Suite 958,75309,IL,Life,1630849.11,19329.66,6684.87,2024-03-28,2026-03-28,2025-08-22,392534.45,Under Review,Douglas Ferguson,,2024-11-13
POL-0000529,CLM-00000529,CUST-27096,Jeff Johnson,419-18-6371,rperez@example.com,382-551-4341x63350,50535 Perez Meadow Suite 872,63736,FL,Health,1928646.22,7757.59,7994.18,2021-11-12,2022-11-12,2022-10-26,1419551.57,Settled,Michelle Davis,988083.55,2024-11-29
POL-0000530,CLM-00000530,CUST-15101,Tara Dunn,915-40-3616,wesley76@example.org,729-679-4325,49260 Kelly Path Apt. 871,63656,NC,Commercial,1097168.12,8525.61,7878.4,2024-01-14,2026-01-13,2024-10-13,181612.1,Submitted,,,2025-03-08
POL-0000531,CLM-00000531,CUST-92624,Mr. Michael Chandler,403-92-2685,colemanchristopher@example.org,671-811-8551,91463 Taylor Garden,01988,CA,Commercial,1894971.46,18331.69,3253.21,2020-06-16,2023-06-16,2021-01-31,344480.08,Rejected,,,2025-01-03
POL-0000532,CLM-00000532,CUST-45714,Karen Thompson,862-10-4162,flopez@example.com,+1-387-696-1931x562,7499 Michael Underpass Suite 037,42969,AZ,Home,962733.63,5206.91,3164.37,2023-05-15,2024-05-14,2024-02-26,745878.87,Approved,Caleb West,,2025-12-19
POL-0000533,CLM-00000533,CUST-43351,Amy Chambers,849-50-6914,crystal67@example.org,+1-285-526-6431x469,8448 Graves Knoll Suite 980,84607,FL,LIFE,1960050.94,24886.17,3406.39,2021-04-23,2023-04-23,2021-11-22,1475290.87,Settled,Michelle Davis,1302062.34,2025-04-13
POL-0000534,CLM-00000534,CUST-40808,Allen Johnston,870-60-4320,melissa13@example.net,834.293.2290,196 Ray Stream,35872,FL,Auto,346447.98,4660.69,5397.13,2021-04-18,2023-04-18,2021-07-27,94611.08,Submitted,,,2025-03-01
POL-0000535,CLM-00000535,CUST-37991,Carol Schneider,111-54-8005,robertjones@example.net,+1-200-941-4999,860 Shawna Ports Apt. 376,09759,TX,Life,1714959.79,5835.29,1457.5,2022-05-24,2026-05-23,2025-09-22,322755.56,Under Review,Jesse Tyler,,2024-10-17
POL-0000536,CLM-00000536,CUST-91325,Erin Stone,155-75-3955,leahmartinez@example.org,001-910-775-3957x748,858 Virginia Stream Apt. 377,17230,TX,Life,287961.86,3350.88,3861.71,2023-11-02,2027-11-01,2025-11-05,47681.76,Rejected,Kenneth White,,2024-07-01
POL-0000537,CLM-00000537,CUST-13927,Antonio Ellison,686-80-4539,amberburke@example.net,324-821-6551,009 Noble Neck,41256,CA,Commercial,162049.19,1339.64,5807.3,2022-08-27,2024-08-26,2023-11-13,15281.06,Submitted,,,2024-05-20
POL-0000538,CLM-00000538,CUST-95087,Douglas Lopez,719-20-7926,saragibson@example.com,+1-951-631-2100x0820,77621 Oneill Landing Apt. 747,66789,CA,Life,421155.13,940.2,7641.84,2022-11-17,2024-11-16,2023-03-13,202558.54,Submitted,,,2023-10-24
POL-0000539,CLM-00000539,CUST-81512,Mrs. Lauren House,222-44-4870,kallen@example.net,(552)589-1351,55164 Samantha Mills,,NY,AUTO,314970.6,4408.65,6531.91,2022-09-27,2027-09-26,2024-09-28,142108.49,Settled,Renee Patel,109233.55,2023-12-29
POL-0000540,CLM-00000540,CUST-11096,Joshua Smith,471-79-9596,donnawilliamson@example.org,001-229-906-5571,154 Shawna Corner Suite 489,52040,AZ,Home,503809.01,5323.69,8246.85,2022-01-25,2027-01-24,2023-04-01,379923.05,Settled,Randy Brown,303975.73,2025-05-25
POL-0000541,CLM-00000541,CUST-47186,Candice Hamilton,528-43-5479,johnsonkristen@example.com,(795)303-1096,57283 Parks Grove Suite 652,39599,FL,Life,821631.63,8651.04,9366.43,2022-09-26,2026-09-25,2022-12-28,325374.12,Submitted,,,2025-09-16
POL-0000542,CLM-00000542,CUST-45827,Michael Robinson,128-98-4043,amanda68@example.org,+1-372-205-2511x8280,2418 Mcdonald Ridge Suite 641,15435,AZ,Health,1447416.4,19466.64,5873.92,2020-05-16,2025-05-15,2022-05-03,733853.76,Rejected,Phillip Sherman,,2025-07-26
POL-0000543,CLM-00000543,CUST-93947,Eric Aguirre,369-80-1605,michaeloconnell@example.net,001-434-672-0900x282,1649 Nunez Trail,49802,TX,Auto,518737.8,4164.05,5523.61,2024-05-09,2019-02-18,2025-05-30,60218.36,Under Review,Wendy Smith,,2026-02-14
POL-0000544,CLM-00000544,CUST-54022,Amy Harrison,737-60-6850,michaelsmith@example.net,357-517-5687x87799,15824 Sarah Cove Apt. 297,,NC,Home,1651429.76,12246.24,5366.92,2022-09-12,2024-09-11,2023-01-24,251398.52,Settled,Brett White,178307.27,2023-03-17
POL-0000545,CLM-00000545,CUST-46335,Christine Jones,432-40-7903,jeffrey79@example.net,(994)648-3337,56148 Megan Way Apt. 711,26337,AZ,Commercial,1671448.62,21092.29,8467.3,2023-02-14,2025-02-13,2024-05-31,720474.42,Approved,Kenneth White,,2024-11-09
POL-0000546,,CUST-97758,Andre Frost,172-19-8765,garciaaustin@example.net,465.770.5356x325,87165 Nicole Point,94353,WA,Commercial,388217.75,2683.14,8100.71,2023-03-31,2027-03-30,2024-05-04,81002.57,Rejected,Brian Hernandez,,2024-10-11
POL-0000547,CLM-00000547,CUST-86717,Aaron Ramirez,160-77-6740,darinmalone@example.org,769.318.9159,789 Meyer Mission,75277,AZ,Health,1323272.65,3491.82,671.73,2024-01-19,2027-01-18,2025-06-03,411850.03,Settled,Brett White,262910.71,2025-11-21
POL-0000548,CLM-00000548,CUST-54485,Alicia Rogers,959-85-7845,ewilliams@example.com,5583015283,609 Bethany Lock,,CA,Home,1878313.61,26262.5,5329.95,2023-03-25,2024-03-24,2023-11-03,250654.95,Under Review,Louis Moyer,,2026-03-29
POL-0000549,,CUST-98041,Rebecca May,408-46-4513,smithjustin@example.com,746-283-2750x09657,168 Price Dale Suite 367,97319,GA,Health,363731.32,4519.22,2895.48,2024-10-17,2026-10-17,2025-06-19,221305.58,Approved,Renee Patel,,2024-12-30
POL-0000550,CLM-00000550,CUST-18692,Anthony Ferrell,645-23-9122,jonesgabriel@example.org,436.823.7359x190,83866 Walter Trafficway Suite 670,88122,IL,Auto,1072301.07,8273.01,3333.15,2023-07-31,2026-07-30,2026-03-27,603010.79,Rejected,,,2025-05-10
POL-0000551,CLM-00000551,CUST-88434,Michelle Kim,814-96-1194,xhernandez@example.org,+1-962-757-7265x1165,34458 Christine Course,46546,CA,Commercial,1905432.7,18201.25,4895.19,2020-10-12,2025-10-11,2022-03-16,658984.62,Under Review,Jesse Tyler,,2026-01-06
POL-0000552,CLM-00000552,CUST-14592,Judith Ray,576-69-5505,lsmith@example.com,+1-946-756-6023x350,761 Smith Lodge Apt. 556,45466,GA,Home,449295.44,5626.82,2695.22,2022-04-11,2023-04-11,2022-05-16,127729.05,Settled,Karen Miller,91834.31,2025-05-30
POL-0000553,CLM-00000553,CUST-54202,Sarah Smith,908-13-2805,william82@example.net,001-317-762-6240,0244 Karla Park Apt. 996,,NY,Life,1137591.17,5154.36,9747.29,2024-09-08,2025-09-08,2024-11-12,1660062.3647955754,Submitted,,,2024-07-23
POL-0000554,CLM-00000554,CUST-71594,Deanna Brown,842-27-8976,seanfranklin@example.org,360-509-3546x775,50308 Williams Center,74395,IL,Commercial,1729844.8,24634.88,7031.03,2022-05-26,2025-05-25,2024-04-29,1382767.16,Submitted,,,2025-02-20
POL-0000555,CLM-00000555,CUST-12653,Cassandra Wu,881-28-7409,mendozaamy@example.com,750.979.3316x7641,930 Frederick Stream,57295,TX,Health,1006963.76,3615.53,7516.84,2021-03-20,2022-03-20,2021-09-11,408128.13,Under Review,Victor Morgan,,2025-05-26
POL-0000556,CLM-00000556,CUST-16027,Kathleen Brown,555-99-9522,autumnsimmons@example.net,+1-556-492-7344x729,0845 Gomez Underpass Suite 320,98159,WA,Home,768415.51,6269.27,6953.97,2022-06-15,2024-06-14,2023-02-21,555018.11,Under Review,Brian Hernandez,,2024-12-30
POL-0000557,,CUST-21495,Sierra Castillo,192-76-7873,theresahayes@example.com,+1-682-298-5764,56396 Brown Ranch,27242,GA,Commercial,290659.53,1234.94,1855.9,2022-10-18,2026-10-17,2026-03-26,7535.0,Approved,,,2025-08-19
POL-0000558,,CUST-84085,Thomas Sampson,548-66-5196,stephanie50@example.com,001-212-393-6673x27145,9247 Knight Vista,02457,TX,Commercial,101945.73,1411.16,8260.83,2023-12-23,2026-12-22,2024-11-04,63673.93,Settled,Eric Butler,50001.09,2025-07-13
POL-0000559,CLM-00000559,CUST-24417,John Moran,704-44-9613,juliemeyer@example.com,+1-822-370-0874x172,69905 Michael Port Suite 945,93773,FL,Commercial,1909344.86,17727.54,1616.97,2024-03-16,2027-03-16,2025-07-09,1208735.96,Submitted,,,2023-06-16
POL-0000560,CLM-00000560,CUST-40541,James Mann,480-67-2710,gallen@example.org,6489976875,90378 Saunders Harbors,11080,NC,Commercial,1400255.74,10116.32,5489.37,2022-03-16,2026-03-15,2024-03-23,302635.22,Settled,Karen Miller,219996.76,2026-01-05
POL-0000561,CLM-00000561,CUST-70404,David Barnes,213-49-8326,veronica21@example.net,+1-343-584-9702x460,45294 Morris Forges Apt. 036,32812,FL,Home,950304.3,5163.6,6823.75,2021-02-28,2024-02-28,2022-12-13,175609.66,Rejected,Denise Green,,2025-05-15
POL-0000562,CLM-00000562,CUST-67959,Wendy Snyder,175-26-5059,aperry@example.org,(660)849-7694,5371 Angela Harbors Apt. 443,,NY,Home,1847526.92,14340.31,1255.55,2020-07-20,2025-07-19,2021-12-30,183254.5,Settled,Eric Butler,163024.91,2025-10-14
POL-0000563,CLM-00000563,CUST-67532,Rachel Griffin,351-85-8401,uhanson@example.org,382.310.8539x31661,38225 Bailey Camp,53555,AZ,Health,715634.99,3953.37,1254.21,2023-02-01,2026-01-31,2026-01-21,536545.13,Under Review,,,2026-04-12
POL-0000564,CLM-00000564,CUST-35514,David Davis,254-41-7027,brownbrian@example.net,+1-417-658-4626x3970,758 Harrison Roads Apt. 718,44733,CO,Health,1071393.2,7692.91,1494.06,2024-08-25,2029-08-24,2024-10-02,354618.52,Under Review,Renee Patel,,2023-07-20
POL-0000565,CLM-00000565,CUST-75666,Keith Stevens,392-14-1255,flynnchristopher@example.com,+1-541-741-7717,260 Russell Tunnel,15609,IL,Life,908998.67,2619.63,286.82,2022-11-26,2026-11-25,2023-02-22,550877.56,Approved,Michelle Davis,,2023-07-31
POL-0000566,CLM-00000566,CUST-63399,Timothy Leonard,827-10-2131,watkinsmelissa@example.org,(345)906-1258x81066,62821 Ellis Expressway,1234,CO,Home,977719.57,11062.64,9159.89,2025-03-29,2030-03-28,2025-09-26,544467.63,Settled,Douglas Ferguson,476332.18,2024-12-08
POL-0000567,CLM-00000567,CUST-80449,Mia Bonilla,789-34-7367,zmcdaniel@example.net,+1-588-735-2927x313,42858 Aaron Radial Apt. 477,74884,CA,Home,417220.67,3988.81,6073.67,2022-12-30,2027-12-29,2023-02-07,194117.85,Under Review,Dr. Tina Reyes MD,,2023-07-12
POL-0000568,CLM-00000568,CUST-12146,Valerie Oconnell,611-94-9381,amymccoy@example.com,308.632.8642,639 Wilson Mission,44763,NY,Life,1474602.46,12923.86,8827.44,2021-10-09,2025-10-08,2025-03-07,1103906.86,Settled,Brett White,1062015.2,2025-10-01
POL-0000569,CLM-00000569,CUST-35024,Patricia Bowman,183-88-6477,derrickphillips@example.net,371-672-8629x514,83628 Daniel Park,05366,FL,Home,813591.52,4385.06,4103.76,2023-07-25,2025-07-24,2023-12-19,84899.3,Submitted,,,2024-05-20
POL-0000570,CLM-00000570,CUST-35332,Steven Campbell,844-32-3368,jason94@example.com,(707)701-4561x092,6198 Wesley Avenue,05929,WA,Health,1750917.15,11820.56,6574.61,2024-05-17,2027-05-17,2025-08-29,1297341.93,Rejected,Denise Green,,2025-11-05
POL-0000571,CLM-00000571,CUST-82847,Ernest Kelly,962-11-7133,alexander35@example.net,375.507.9356x848,597 Robert Isle Apt. 343,81507,CO,Auto,1730351.57,9355.84,3046.7,2023-07-18,2028-07-16,2026-04-03,1148745.61,Approved,Jennifer Reid,,2023-04-14
POL-0000572,CLM-00000572,CUST-38951,William King,777-67-2541,davidflores@example.net,812.262.3097,242 Cain Cliff Apt. 515,95852,IL,life,263940.33,3447.14,3021.71,2021-11-02,2022-11-02,2022-07-05,210037.49,Under Review,Renee Patel,,2024-12-30
POL-0000573,CLM-00000573,CUST-33346,Joseph Huber,775-44-3570,michael72@example.org,(928)407-3862x1524,29940 Kathleen Springs Suite 671,,NC,Commercial,129676.7,1720.13,8311.81,2024-11-01,2029-10-31,2026-03-08,12821.74,Rejected,Dr. Tina Reyes MD,,2026-01-27
POL-0000574,CLM-00000574,CUST-54122,Samuel Murphy,339-90-8625,pjohnson@example.com,001-529-369-9781x93327,18794 Daniel Green,52403,WA,Health,1217778.31,5218.72,1722.45,2022-11-10,2026-11-09,2025-10-11,408522.02,Rejected,Phillip Sherman,,2021-09-02
POL-0000575,CLM-00000575,CUST-93024,Gregory Walker,148-52-7295,sharon88@example.net,963.320.5268x5926,99564 Cook Mills,13414,CA,Life,180888.19,2512.31,1713.82,2024-08-25,2026-08-25,2026-04-09,123761.98,Settled,Phillip Sherman,106530.89,2024-07-15
POL-0000576,CLM-00000576,CUST-35002,Stephen Cherry,575-78-1276,melanieherring@example.org,615-981-7560x9189,3128 Johnson Lock Apt. 438,19800,CA,Home,345826.42,3107.81,350.19,2024-01-24,2026-01-23,2024-10-26,254959.92,Submitted,,,2024-08-29
POL-0000577,CLM-00000577,CUST-83448,Kimberly Love,971-56-6351,matthewclark@example.org,+1-566-754-9048x4448,5407 Heather Crossroad,07737,WA,Health,562740.16,4335.68,5970.64,2025-02-17,2029-02-16,2025-12-19,449610.38,Settled,Kenneth White,410038.02,2025-06-28
POL-0000578,,CUST-26769,James Jackson,920-48-5380,brucemoody@example.net,+1-878-207-5881x57997,00461 Santiago Meadows Suite 858,36793,CO,Health,85497.72,415.45,6373.57,2022-07-21,2023-07-21,2022-08-16,48427.46,Settled,Brett White,29059.3,2025-12-25
POL-0000579,CLM-00000579,CUST-85859,Paul Nichols,292-62-5172,dannywilson@example.net,717-683-3706x611,31838 Kevin Lake,ABCDE,CA,Home,642321.96,3573.73,1211.29,2021-09-19,2024-09-18,2024-07-22,415911.11,Submitted,,,2025-12-02
POL-0000580,CLM-00000580,CUST-47680,Angelica Fernandez,215-38-3704,leah78@example.com,958.912.8113x743,4110 Salazar Lights,59927,CO,Auto,1936963.6,5428.41,498.72,2024-04-14,2025-04-14,2024-04-19,192037.37,Under Review,Jesse Tyler,,2024-01-06
POL-0000581,CLM-00000581,CUST-85715,Thomas Miller,752-97-3224,robertlewis@example.net,001-962-535-2767x4123,987 Johnson Rue,07807,NC,Auto,397454.06,5581.83,8414.22,2024-04-29,2026-04-29,2025-11-25,235150.68,Submitted,,,2025-12-10
POL-0000582,CLM-00000582,CUST-32552,Erika Riley,240-22-5403,richard72@example.com,+1-977-908-5707x4780,545 Joshua Passage,82095,CO,Health,573412.62,4073.14,1157.71,2021-10-19,2022-10-19,2022-09-07,85690.05,Under Review,Caleb West,,2021-05-28
POL-0000583,CLM-00000583,CUST-22036,Donna Galvan,100-52-8854,gonzaleskeith@example.net,001-342-839-4453x24287,2882 Dickerson Villages,76431,NC,Auto,1647546.84,24712.67,7956.87,2023-07-16,2028-07-14,2025-02-12,765466.61,Under Review,,,2026-03-03
POL-0000584,CLM-00000584,CUST-25807,Stephanie Kramer,828-93-5991,barberevelyn@example.net,303.965.3402x742,525 Makayla Cliff Apt. 820,01405,TX,Commercial,1598847.18,21036.98,4816.15,2021-04-21,2022-04-21,2021-05-29,1192394.1,Under Review,Michelle Davis,,2024-09-09
POL-0000585,,CUST-23907,Rebecca Hernandez,708-93-2680,wfrank@example.org,001-934-836-5037x691,38561 Frank Ville Suite 014,09018,TX,Auto,1738964.16,9725.43,9234.54,2023-07-16,2028-07-14,2025-12-04,675482.56,Under Review,Brett White,,2024-05-10
POL-0000586,CLM-00000586,CUST-24376,Jamie Fuller,101-48-9549,burkecharles@example.net,683.582.9827,330 Smith Views,45418,FL,Health,1384811.78,10086.44,6729.06,2024-10-09,2028-10-08,2026-01-23,1107285.22,Submitted,,,2024-09-04
POL-0000587,CLM-00000587,CUST-90760,Joanne Moore,660-34-3890,yhubbard@example.org,001-310-628-5738x643,836 Miranda Parks,67560,AZ,Life,1905095.83,14543.95,3838.8,2020-08-27,2024-08-26,2021-09-26,987104.8,Submitted,,,2026-02-28
POL-0000588,CLM-00000588,CUST-93635,Cody Hansen,847-99-3068,oburton@example.net,(478)715-2567,749 Matthew Rue Apt. 905,97750,CA,Auto,1946774.89,13478.6,4267.18,2021-07-23,2026-07-22,2023-06-19,949911.54,Under Review,Denise Green,,2026-02-10
POL-0000589,CLM-00000589,CUST-19402,Brian Bowen,245-69-6090,rebecca93@example.com,569-936-3619x7908,60840 Jonathan Ridge,79154,IL,Health,1436378.84,4682.55,461.93,2021-08-10,2026-08-09,2021-10-09,1011628.02,Rejected,Dr. Tina Reyes MD,,2025-05-30
POL-0000590,CLM-00000590,CUST-31637,William Russell,416-90-8448,kevin99@example.com,001-483-540-5977x90209,6842 Jackson Burgs,51882,CA,Home,269894.88,2882.32,409.37,2024-10-14,2028-10-13,2025-08-31,172283.35,Under Review,Wendy Smith,,2025-09-06
POL-0000591,CLM-00000591,CUST-25182,Brian Miller,688-33-1995,camacholauren@example.net,001-940-874-5638x163,56619 Nolan Rest,00000,FL,Life,1734590.91,15716.25,3610.19,2023-01-05,2027-01-04,2024-11-21,707166.89,Settled,Ashley Mcclain,500137.86,2024-06-11
POL-0000592,CLM-00000592,CUST-78140,Katherine Powell,772-42-6237,michael21@example.com,981-396-9270x5666,6468 Gibbs Stravenue,16572,CA,Health,812684.86,4998.38,4459.98,2021-07-20,2023-07-20,2023-07-14,60115.94,Rejected,Eric Butler,,2025-08-05
POL-0000593,,CUST-12342,John Harrison,517-11-5758,avalencia@example.com,+1-914-413-5723,797 Tammy Road Suite 247,54682,WA,Commercial,691481.5,6267.93,7138.15,2021-03-31,2023-03-31,2022-10-03,299150.86,Settled,Wendy Smith,187266.27,2025-06-16
POL-0000594,CLM-00000594,CUST-70429,Kayla Williams,793-22-8925,nwallace@example.org,+1-614-296-0660x9349,147 Shannon Forge,49474,FL,Commercial,1952178.54,7047.56,4152.06,2024-02-16,2028-02-15,2024-12-23,533404.16,Rejected,Renee Patel,,2025-04-27
POL-0000595,CLM-00000595,CUST-57099,Cory Ballard,330-34-9919,gileslisa@example.com,490-536-7160,3325 Scott Fields Apt. 365,97805,IL,Life,634097.45,1440.62,6459.28,2024-06-23,2025-06-23,2024-12-02,123763.33,Approved,Randy Brown,,2024-05-12
POL-0000596,CLM-00000596,CUST-16604,Lance Peterson,829-32-1818,reynoldschristina@example.org,001-464-361-9151,08720 Lindsay Rapids,81870,NC,Auto,912873.0,9985.62,672.05,2022-07-20,2027-07-19,2026-02-15,372415.41,Under Review,Louis Moyer,,2025-05-05
POL-0000597,CLM-00000597,CUST-43845,James Lawson,361-16-6581,nicholas54@example.org,001-284-495-8948x3526,5545 Douglas Camp,32027,NC,Auto,524960.13,4033.0,7408.73,2022-03-22,2026-03-21,2023-02-28,258050.71,Submitted,,,2023-06-14
POL-0000598,CLM-00000598,CUST-89391,Jennifer Mcdaniel,889-54-1569,aaronwyatt@example.net,734-542-9421x5333,5865 Elliott Plains,85491,IL,Auto,167158.63,1969.22,9966.73,2020-09-06,2023-09-06,2022-08-20,109056.09,Approved,,,2025-12-06
POL-0000599,CLM-00000599,CUST-46702,Jessica Robinson,427-56-5429,owilliams@example.net,513-889-5478,5649 Rivera Park Suite 657,17872,CO,Health,1466674.11,6414.5,5381.45,2023-06-05,2028-06-03,2025-09-04,932261.61,Submitted,,,2025-12-18
POL-0000600,CLM-00000600,CUST-86502,Sheri Howell,400-44-3152,khenry@example.com,441-703-8671,34866 Kevin Parks Apt. 814,62481,FL,Commercial,1671077.16,8481.87,6334.39,2022-06-21,2023-06-21,2023-04-06,1077794.32,Settled,Dr. Tina Reyes MD,791124.46,2024-07-03
POL-0000601,CLM-00000601,CUST-88598,Phillip Abbott,945-62-4597,john39@example.net,001-408-457-2574,86822 Daniel Drive,93962,CA,Auto,1781442.87,17808.48,3377.52,2024-01-28,2029-01-26,2024-10-12,1410606.2,Approved,Victor Morgan,,2026-04-03
POL-0000602,CLM-00000602,CUST-79659,Amy Coffey,767-96-7223,heather38@example.org,739-934-6618x31947,513 Carlos Trafficway Suite 041,09815,IL,Health,1139476.87,15338.14,2173.06,2022-08-16,2023-08-16,2022-10-11,721120.42,Approved,Wendy Smith,,2026-03-09
POL-0000603,CLM-00000603,CUST-54095,Julie Reyes,837-82-3634,johnsonemily@example.org,220-812-4055,65612 Williams Lakes,99443,WA,Health,1017420.68,4206.0,1422.2,2025-02-08,2027-02-08,2026-02-08,1687456.7862863678,Submitted,,,2025-10-14
POL-0000604,CLM-00000604,CUST-23800,Nathan Mcguire,185-65-7160,theresa88@example.net,239.693.2456x98405,443 Beck Mountain Apt. 566,82784,WA,Auto,1186231.74,8389.65,8936.92,2024-08-31,2029-08-30,2025-04-10,830843.75,Rejected,Randy Brown,,2025-10-18
POL-0000605,CLM-00000605,CUST-35343,Emily Fisher,307-50-1664,holmesamanda@example.org,705.804.6360,2767 William Islands Apt. 115,02254,TX,Auto,10911.26,78.06,3129.36,2021-03-06,2018-11-06,2021-12-31,8166.86,Approved,Denise Green,,2025-05-06
POL-0000606,CLM-00000606,CUST-22027,Michelle Riley,370-59-8258,matthew45@example.org,+1-765-980-2903x3268,497 Joseph Grove Apt. 352,81876,NY,Auto,1675646.56,16835.83,9797.25,2022-04-22,2025-04-21,2022-11-05,1014470.32,Rejected,Renee Patel,,2024-12-14
POL-0000607,CLM-00000607,CUST-58306,Rachel Adams,872-70-8491,tracy85@example.org,801.782.8595,2300 Daugherty Stream Suite 686,,IL,Health,1446582.04,15243.24,1444.87,2024-12-03,2026-12-03,2026-03-11,965205.76,Rejected,Randy Brown,,2024-07-16
POL-0000608,CLM-00000608,CUST-62690,Donald Smith,417-11-7511,bhoward@example.org,537.951.4531,4268 Smith Mountain,66643,NY,Life,838179.77,5847.94,3568.01,2020-10-14,2023-10-14,2021-06-08,263775.21,Approved,Douglas Ferguson,,2025-02-24
POL-0000609,CLM-00000609,CUST-63580,James Garrison,570-83-7392,anne66@example.org,917.952.3427,79223 Sheryl Common,22016,CO,Life,900754.99,9012.43,9700.2,2024-12-11,2025-12-11,2025-01-11,60790.4,Rejected,John Meyer,,2025-06-01
POL-0000610,CLM-00000610,CUST-36326,Stephanie Gibbs,533-86-3820,gabriel89@example.org,001-672-810-7231x995,300 Harold Square,94298,NC,Auto,1288748.83,3976.46,4301.73,2023-05-25,2028-05-23,2024-06-23,958000.23,Under Review,Renee Patel,,2025-10-18
POL-0000611,CLM-00000611,CUST-92686,Olivia Elliott,396-18-9187,qochoa@example.net,+1-600-507-4930x934,3234 Sharp Cove,16189,NY,LIFE,1998482.93,22169.56,4293.42,2020-09-06,2019-01-16,2022-04-05,956899.74,Approved,Ashley Mcclain,,2025-04-16
POL-0000612,CLM-00000612,CUST-72634,Samantha Campos,492-97-1739,zacharyrogers@example.org,+1-761-309-6342,126 Allen Walks Suite 769,53240,WA,Life,115911.28,657.89,9981.59,2020-07-21,2021-07-21,2021-02-20,43614.97,Settled,Ashley Mcclain,29743.8,2025-10-05
POL-0000613,CLM-00000613,CUST-96929,Jill Harvey,779-56-6068,keithjames@example.net,364-784-8173,52087 Vaughn Rest Apt. 910,19508,CO,Commercial,1680807.8,17076.81,6465.81,2022-02-23,2027-02-22,2022-12-23,1048717.83,Submitted,,,2025-10-03
POL-0000614,CLM-00000614,CUST-74750,Todd Lee,485-10-9569,bhanson@example.net,977-229-1095x9656,95754 Taylor Summit,53184,WA,Home,227104.65,3116.29,3232.33,2020-10-28,2018-11-15,2021-05-27,153730.34,Rejected,Jennifer Reid,,2024-09-01
POL-0000615,CLM-00000615,CUST-47107,Cynthia Willis,233-78-8062,grace04@example.com,280-723-3969x4130,777 Miller Stravenue Suite 997,09091,GA,Life,1705387.53,6595.39,1210.28,2022-09-24,2024-09-23,2023-04-20,1195787.3,Under Review,Michelle Davis,,2025-02-01
POL-0000616,CLM-00000616,CUST-54122,Austin Tyler,545-63-8488,edwardsstephanie@example.com,209.246.8004,48120 Maureen Walks Suite 865,42309,NY,Commercial,183496.66,500.28,9151.11,2022-12-31,2024-12-30,2023-02-26,32917.56,Rejected,Ashley Mcclain,,2024-05-10
POL-0000617,CLM-00000617,CUST-97329,Erika Morales,299-62-7118,michael16@example.com,756-625-1557x77626,8489 Joseph Road,06607,AZ,Home,1807377.98,5381.17,2773.72,2022-01-07,2026-01-06,2023-04-13,719905.33,Rejected,Randy Brown,,2026-03-09
POL-0000618,CLM-00000618,CUST-64614,Emily Wilson,361-13-3562,fraziersteven@example.org,(604)859-8735x911,03627 James Pike,92159,FL,Home,711741.64,2441.49,7205.43,2022-10-14,2026-10-13,2024-08-04,456533.99,Rejected,Eric Butler,,2024-10-01
POL-0000619,CLM-00000619,CUST-54479,Melissa Solis,844-67-3855,craigerika@example.org,912-665-0905,70917 Rhonda Mission Suite 172,40597,IL,Auto,518243.72,5042.8,1101.59,2024-04-19,2026-04-19,2024-11-20,379343.27,Approved,Randy Brown,,2024-09-04
POL-0000620,,CUST-78853,Melissa Peterson,751-19-1422,haley60@example.net,001-313-518-3734,8521 Banks Circle,98127,CO,Commercial,1080654.49,14872.91,3566.92,2024-12-26,2019-01-13,2025-03-01,785332.13,Rejected,Phillip Sherman,,2025-07-27
POL-0000621,CLM-00000621,CUST-93598,Emily Crawford,879-12-9046,reillyshawna@example.com,442.937.7967x667,66320 Michele Mission,64719,CA,Life,1615296.95,16501.94,7550.06,2023-10-04,2028-10-02,2024-09-17,2552328.54654789,Under Review,Louis Moyer,,2024-10-15
POL-0000622,CLM-00000622,CUST-42564,Derek Davis,762-95-1659,flopez@example.com,671-706-5674,71357 Kelley Underpass,00000,NC,Auto,1530783.66,4786.09,5471.73,2022-09-15,2026-09-14,2024-08-06,1187202.68,Submitted,,,2025-12-30
POL-0000623,CLM-00000623,CUST-33954,Tammy Gilmore,414-89-9970,jonesderrick@example.com,+1-908-868-6299,7435 Anderson Course,83928,CO,Auto,1356913.73,10064.25,5827.01,2024-03-05,2029-03-04,2024-09-20,62520.55,Settled,Caleb West,38585.47,2025-07-30
POL-0000624,CLM-00000624,CUST-56986,Carol Rodriguez,640-59-4488,leah50@example.com,445.982.7429x4572,202 Wilson Center Suite 352,39350,NC,Health,36772.24,519.67,786.17,2020-08-26,2022-08-26,2020-09-05,16005.93,Settled,Brian Hernandez,14532.07,2024-12-06
POL-0000625,CLM-00000625,CUST-98510,Renee Schultz,200-35-1058,kristiemartinez@example.com,001-628-337-4751x769,21655 Hayes Harbors Suite 528,44306,GA,Life,1864189.73,11674.34,5380.18,2024-08-15,2025-08-15,2024-10-11,5449837.413943425,Rejected,Karen Miller,,2025-08-15
POL-0000626,CLM-00000626,CUST-77493,Jennifer Arroyo,905-12-9437,lauriescott@example.org,847.506.6349x84851,0707 Robert Lake,,NC,Health,1871874.93,11396.48,6611.78,2021-12-23,2026-12-22,2023-10-30,132095.15,Submitted,,,2025-12-30
POL-0000627,CLM-00000627,CUST-73543,Brandon Garcia,468-77-5146,moralesrebecca@example.net,(829)798-3625x067,33469 Galvan Crest Apt. 526,84423,CA,Life,1991000.16,11749.71,6001.36,2022-08-06,2025-08-05,2023-03-18,1083045.93,Settled,,849021.7,2025-05-03
POL-0000628,CLM-00000628,CUST-40138,Alejandra Smith,446-95-5608,taylorandre@example.org,488-329-0374x94008,27252 Young Highway Suite 733,73309,IL,AUTO,1081540.63,6896.42,9187.65,2024-09-26,2026-09-26,2024-10-24,517771.24,Under Review,Michelle Davis,,2026-01-03
POL-0000629,CLM-00000629,CUST-26359,Gloria Perkins,705-86-6281,william92@example.com,776-344-2445,58863 Nicholas Loaf,19192,FL,Home,690427.98,2053.5,2953.19,2022-09-05,2023-09-05,2023-08-09,405776.14,Under Review,Louis Moyer,,2025-03-17
POL-0000630,CLM-00000630,CUST-93901,Kelly Shaffer,511-64-4740,dmartinez@example.net,001-422-817-8631x13011,22063 Figueroa Shoals,97356,GA,Life,1283764.08,3351.92,1327.47,2023-10-06,2027-10-05,2025-05-18,2893838.9057239117,Approved,Renee Patel,,2025-08-13
POL-0000631,CLM-00000631,CUST-39960,Harold Perry,191-68-4970,erica59@example.org,219.361.0768,55926 Leslie Court,15245,NY,Life,828313.66,12358.69,5708.85,2022-02-21,2023-02-21,2022-08-29,550518.84,Settled,Louis Moyer,417512.33,2024-10-04
POL-0000632,CLM-00000632,CUST-92932,John Johnson,161-24-6394,steven28@example.net,001-827-321-0492x0898,517 Gina Stravenue Suite 181,82600,CA,Life,794996.52,4385.28,1414.83,2024-05-05,2026-05-05,2024-11-01,485975.26,Approved,Randy Brown,,2025-03-13
POL-0000633,CLM-00000633,CUST-26222,Justin Grant,973-40-5290,wilcoxdaniel@example.com,+1-280-927-4468x8205,299 Perez Harbor,81754,NY,Life,1222731.63,8321.02,4606.59,2022-11-14,2024-11-13,2024-06-29,196851.07,Approved,Kenneth White,,2025-11-12
POL-0000634,CLM-00000634,CUST-19025,Gary Lopez,324-91-9762,gtaylor@example.org,(371)247-7877,5169 Gilmore Streets,87257,GA,Health,1780154.94,12351.8,2072.78,2023-11-18,2024-11-17,2024-08-21,459626.31,Approved,Michelle Davis,,2023-07-16
POL-0000635,CLM-00000635,CUST-28615,Richard Hansen,358-57-7576,chavezjohn@example.com,+1-661-528-1785x975,092 Jennifer Lodge Suite 565,37641,IL,Auto,1535372.15,20649.7,2524.37,2021-02-20,2025-02-19,2023-07-24,2809768.8189367377,Settled,Brett White,842329.62,2024-07-31
POL-0000636,CLM-00000636,CUST-11967,Kathryn Thompson,884-96-7318,hernandezangela@example.org,001-509-390-6576x224,6670 Morgan Prairie Suite 583,45672,CA,Commercial,946128.34,8952.74,4782.47,2023-01-28,2024-01-28,2023-03-24,483868.41,Submitted,,,2025-05-20
POL-0000637,CLM-00000637,CUST-46406,Dr. Jonathan Wright,472-93-9074,lawrencekeith@example.net,671-249-6185,6911 Erica Unions Apt. 375,33916,TX,Home,463371.7,5149.55,1351.73,2023-12-21,2026-12-20,2026-01-22,337409.96,Settled,Louis Moyer,321036.15,2025-11-29
POL-0000638,CLM-00000638,CUST-20630,Patrick Stone,117-99-2290,stacey75@example.org,(472)258-7957,2227 Goodwin Grove Suite 598,81283,NY,Life,421306.58,2009.5,2003.24,2022-10-21,2026-10-20,2025-01-15,131279.24,Rejected,Jennifer Reid,,2024-11-12
POL-0000639,CLM-00000639,CUST-67825,Melanie Sullivan,334-15-9888,kimberly52@example.org,001-645-541-3948x96882,06375 Walker Plains Suite 382,48324,TX,Home,1781998.83,17339.57,661.86,2022-11-14,2024-11-13,2023-03-18,708576.3,Rejected,Victor Morgan,,2025-06-19
POL-0000640,,CUST-29110,Lonnie Daniels,619-88-6626,ruth97@example.com,+1-673-212-3384x37749,492 Megan Corner Suite 976,31489,NC,Health,422445.42,2352.68,3095.57,2021-11-16,2022-11-16,2022-04-13,252370.53,Under Review,Wendy Smith,,2025-08-10
POL-0000641,CLM-00000641,CUST-78865,Christopher Mayo,836-81-4650,jerome76@example.net,225.958.7990x57793,029 Jensen Drive Suite 502,03010,CO,Life,1629323.61,4804.01,885.65,2022-04-08,2025-04-07,2023-02-24,1187623.07,Submitted,,,2025-11-05
POL-0000642,CLM-00000642,CUST-79218,Melissa Greer,562-39-4179,leonardchristopher@example.net,441-428-9566x76720,9967 Daniel Lights Apt. 437,90797,IL,Home,1581440.82,10944.96,9273.13,2021-02-18,2024-02-18,2022-12-24,801051.07,Rejected,Phillip Sherman,,2026-02-03
POL-0000643,CLM-00000643,CUST-17137,Rebecca Williams,126-72-4420,julian93@example.org,(268)879-4575x43604,2541 Teresa Extensions,42507,AZ,Health,1865006.69,9550.33,5174.42,2023-10-01,2027-09-30,2023-12-06,595710.22,Under Review,Denise Green,,2025-09-07
POL-0000644,CLM-00000644,CUST-96989,Charles Rodriguez,449-12-9598,paulallen@example.com,+1-635-528-3607,4881 Price Shore,65845,NC,Life,588364.25,4022.19,4646.84,2023-04-13,2027-04-12,2024-02-05,203642.14,Approved,Brian Hernandez,,2025-10-19
POL-0000645,CLM-00000645,CUST-83138,Erica West,351-57-9386,martinezelizabeth@example.net,(697)437-1304x9510,962 Anita Roads,98937,NC,Home,1800399.5,18315.14,1926.53,2020-04-15,2023-04-15,2021-10-23,1089663.04,Approved,Ashley Mcclain,,2024-04-21
POL-0000646,CLM-00000646,CUST-46896,Regina Robertson,802-68-5325,michaellove@example.org,+1-974-415-1778x279,219 Lauren Light,74445,NC,Commercial,540340.02,4670.49,314.31,2024-11-26,2029-11-25,2025-02-19,370642.52,Submitted,,,2025-12-10
POL-0000647,CLM-00000647,CUST-13756,Daniel Gomez,890-69-7022,markadams@example.org,9926684730,49793 Victor Station,27380,NY,Commercial,1046863.04,5214.82,7105.76,2022-11-14,2023-11-14,2023-10-15,695109.67,Submitted,,,2025-10-03
POL-0000648,CLM-00000648,CUST-65532,Regina Moore,902-11-1472,nicholas99@example.org,359.551.9244x556,541 Anna Villages,92128,IL,Life,1109395.56,9128.18,6002.31,2024-08-15,2029-08-14,2026-01-23,320180.3,Rejected,Jesse Tyler,,2025-05-19
POL-0000649,CLM-00000649,CUST-78885,Jason Bowen,998-90-5912,pmoore@example.org,(575)905-4780,39570 Shaw Vista Suite 404,,NY,Life,1960888.25,23862.05,5260.67,2022-09-10,2027-09-09,2025-06-06,1176911.04,Approved,Jennifer Reid,,2025-07-24
POL-0000650,CLM-00000650,CUST-92640,Brandon Davis,181-98-7344,liumatthew@example.org,+1-814-674-2147x319,0547 Tiffany Throughway Suite 305,50291,AZ,Commercial,442024.24,1118.07,7861.77,2020-11-23,2023-11-23,2021-09-30,317527.72,Under Review,Denise Green,,2021-08-30
POL-0000651,CLM-00000651,CUST-27188,Savannah Goodwin,699-31-7072,arios@example.com,001-719-852-8024x6125,46994 Mitchell Expressway Apt. 595,32976,NC,Life,133025.38,1899.15,5908.3,2021-09-01,2026-08-31,2023-08-20,67102.18,Approved,Brian Hernandez,,2025-02-03
POL-0000652,CLM-00000652,CUST-22676,Anthony Hardin,766-74-4316,kylie55@example.com,(352)500-8468x88867,082 Amy Gardens,94458,TX,Health,23245.99,151.22,8915.97,2024-02-11,2029-02-09,2025-10-30,27965.824002260724,Approved,Douglas Ferguson,,2025-09-07
POL-0000653,CLM-00000653,CUST-18587,Michelle Love,662-45-2356,fsanders@example.org,943-630-3198x3761,8157 Lamb Harbor,45720,GA,Auto,805602.36,9290.05,859.74,2022-09-12,2027-09-11,2022-11-04,387623.42,Approved,Brett White,,2025-08-14
POL-0000654,CLM-00000654,CUST-97907,Morgan Rodriguez,833-25-1490,stephanie76@example.net,001-311-515-7962x350,90686 Kyle Land,76976,WA,Home,1801727.86,13238.85,8827.15,2023-01-18,2027-01-17,2023-11-16,973877.8,Approved,Randy Brown,,2026-03-03
POL-0000655,CLM-00000655,CUST-54580,Sean Garrett,871-97-9075,halljoshua@example.net,961-740-7867x2670,10541 Jennifer Branch Suite 903,76214,NC,Home,1689319.79,10779.59,2518.95,2021-10-07,2023-10-07,2022-12-02,571538.24,Submitted,,,2025-10-04
POL-0000656,CLM-00000656,CUST-65905,Erica Lopez,958-13-4586,rebecca00@example.org,(954)738-6550,774 Kimberly Meadow,38250,FL,Health,1107769.93,3817.09,6844.31,2022-05-31,2026-05-30,2024-01-26,371458.99,Rejected,Kenneth White,,2025-09-16
POL-0000657,CLM-00000657,CUST-73241,Debra Yates,725-83-9309,nmurphy@example.net,+1-400-755-6727x46241,49660 Cody Spurs,61382,IL,Auto,649867.36,7123.53,1237.6,2024-03-06,2027-03-06,2026-02-12,223350.58,Approved,Louis Moyer,,2025-12-12
POL-0000658,CLM-00000658,CUST-73026,Dawn Harris,859-63-3312,smithhannah@example.org,+1-983-754-0929,761 Melanie Drives,33272,NC,Commercial,1200103.95,12250.02,5232.7,2023-01-24,2024-01-24,2023-07-23,394725.87,Under Review,Jesse Tyler,,2025-06-12
POL-0000659,,CUST-31548,Jennifer Good,302-38-9349,cochranbrad@example.com,807-474-6347x166,78622 Alan Orchard Suite 375,09889,CA,Auto,228107.29,1777.9,9935.21,2024-05-18,2028-05-17,2026-02-25,68260.15,Rejected,Eric Butler,,2024-09-01
POL-0000660,CLM-00000660,CUST-74151,James Meyer,423-79-2603,john01@example.org,(260)380-4395x5712,17483 Christopher Bypass,00000,TX,Home,1575413.16,5894.71,5840.09,2020-12-27,2024-12-26,2023-01-15,231312.91,Approved,Michelle Davis,,2025-09-09
POL-0000661,,CUST-97789,Erin Roberts,552-66-8630,davidmiller@example.org,001-706-756-8621x53552,069 Ronald Fort,82434,TX,Home,1883296.4,8725.84,6956.86,2023-08-02,2027-08-01,2024-02-04,758688.46,Submitted,,,2025-10-11
POL-0000662,CLM-00000662,CUST-28655,Taylor Perez,766-69-9379,harrislaura@example.org,+1-295-941-6084x2041,59865 Wilson Overpass Suite 614,70827,GA,Health,1942754.41,6245.05,7534.53,2022-05-24,2027-05-23,2024-03-01,813845.71,Settled,Caleb West,672562.95,2025-01-01
POL-0000663,,CUST-27118,Justin Thomas,544-92-1744,gonzaleztammy@example.com,+1-920-543-8530x960,591 Simmons Key,27037,NC,Life,468716.42,2965.77,5663.55,2023-04-25,2028-04-23,2025-07-14,268105.0,Approved,Wendy Smith,,2026-01-17
POL-0000664,CLM-00000664,CUST-50027,Felicia Johnson,162-75-6161,coltonholland@example.com,+1-298-580-0090x1715,777 Billy Brook Suite 266,61425,NC,Auto,934472.44,3802.33,263.88,2021-10-14,2026-10-13,2023-06-08,474126.91,Under Review,Michelle Davis,,2025-02-20
POL-0000665,CLM-00000665,CUST-60939,Daniel Evans,578-95-6554,johnsonsarah@example.net,+1-523-942-5322x448,64570 Lawrence Path Apt. 593,02895,GA,Home,1260777.07,7698.08,7562.91,2020-11-20,2023-11-20,2022-10-30,931562.4,Under Review,Randy Brown,,2025-05-15
POL-0000666,CLM-00000666,CUST-37857,James Evans,873-85-3131,josephhenry@example.com,(713)710-0977x65077,82191 Michael Fields,24647,IL,Health,1125486.63,16663.26,9962.39,2024-07-03,2028-07-02,2024-10-09,68694.03,Approved,Karen Miller,,2025-09-06
POL-0000667,CLM-00000667,CUST-96347,Jose Cook,410-16-9527,snyderdouglas@example.org,+1-776-876-6180,7692 Judy Divide,85570,TX,Commercial,981966.54,10078.0,3273.87,2024-03-30,2018-04-30,2025-07-08,147846.78,Under Review,Wendy Smith,,2024-12-01
POL-0000668,,CUST-48881,Raymond Hudson,243-69-4827,ostewart@example.net,442-365-2765,09683 Chase Valley Suite 881,24965,WA,Commercial,1924153.83,18395.39,5824.23,2023-05-03,2028-05-01,2025-08-02,1182119.08,Under Review,Eric Butler,,2025-04-24
POL-0000669,CLM-00000669,CUST-43711,Cheryl Miller,821-45-9696,jeremy61@example.org,001-205-866-6560,52920 Steven Fort,66417,FL,Commercial,638179.27,9117.47,1023.08,2023-07-15,2024-07-14,2023-11-11,505113.92,Settled,Kenneth White,305614.52,2025-05-01
POL-0000670,,CUST-25755,Sabrina Mcdaniel,688-16-7171,shannonwalsh@example.org,001-325-910-5097x1749,3204 George Gardens,47010,FL,Auto,304917.31,2301.23,7590.17,2021-03-22,2024-03-21,2023-03-18,215997.62,Rejected,Eric Butler,,2025-07-14
POL-0000671,CLM-00000671,CUST-30129,Sarah Larson,358-47-4586,simonanthony@example.net,956.998.1720,820 Krista Lakes,27246,AZ,Home,1260347.63,15628.18,8424.04,2022-10-24,2023-10-24,2023-06-11,792199.08,Under Review,Eric Butler,,2024-10-27
POL-0000672,CLM-00000672,CUST-64336,Jeff Nelson,758-91-7890,udunn@example.org,769-510-3309,169 Elliott Mountains Apt. 021,03348,AZ,Health,853446.13,11939.94,4543.73,2024-09-27,2025-09-27,2025-04-06,630530.03,Approved,Ashley Mcclain,,2025-12-18
POL-0000673,CLM-00000673,CUST-59114,Roberto Scott,833-56-8922,richardfrench@example.com,436-319-4063x075,98865 Harris Lodge Suite 666,23708,WA,Life,103530.32,1429.8,8833.87,2022-11-18,2026-11-17,2024-03-08,68361.63,Settled,Eric Butler,67906.04,2026-03-31
POL-0000674,,CUST-23477,Deborah Williams,586-92-2175,lauraferguson@example.com,+1-839-729-2125x33117,6055 Jensen Forks Suite 314,69996,NC,Auto,1115707.11,14613.93,7041.25,2024-12-17,2028-12-16,2025-04-06,613918.13,Rejected,Douglas Ferguson,,2021-09-29
POL-0000675,CLM-00000675,CUST-81629,Daniel Simmons DVM,182-74-8990,hbrandt@example.net,(985)591-5659,676 Stacey Road,46823,WA,Commercial,222728.8,2649.79,3754.37,2020-07-19,2025-07-18,2020-11-05,11245.11,Rejected,Dr. Tina Reyes MD,,2024-07-25
POL-0000676,CLM-00000676,CUST-36920,Denise Lawrence,577-76-5379,qproctor@example.com,(979)778-3344,99306 Burns Meadow Apt. 172,82791,CA,Commercial,1061681.45,11065.19,909.76,2021-06-18,2022-06-18,2021-11-04,767023.09,Under Review,Louis Moyer,,2025-01-06
POL-0000677,CLM-00000677,CUST-11254,Nicole Smith,150-12-5232,jeffrey62@example.net,557.707.8524x33805,13025 Karen Lake Suite 420,11743,AZ,Health,167279.48,2050.0,7611.13,2023-08-10,2027-08-09,2025-07-09,114838.4,Under Review,Ashley Mcclain,,2022-08-02
POL-0000678,CLM-00000678,CUST-87557,Heidi Vazquez,139-17-4173,wescobar@example.org,987.439.0378x9728,321 Simmons Mews,22682,AZ,Health,1314761.68,17820.15,9352.04,2020-12-21,2024-12-20,2022-10-29,942165.63,Settled,Caleb West,914369.89,2025-07-15
POL-0000679,,CUST-70278,Kathleen Little,748-47-3840,amandalopez@example.org,356-732-7336x269,4097 Hudson Roads Suite 911,55763,NY,Home,851811.74,10519.67,5186.39,2022-09-11,2025-09-10,2023-01-30,139950.63,Submitted,,,2025-09-19
POL-0000680,,CUST-46052,Jeffrey Newman,583-10-2520,erica75@example.org,2716125512,4005 Thomas Skyway Apt. 202,,FL,Home,1970945.24,21503.65,7538.96,2021-10-29,2025-10-28,2021-12-24,667896.07,Under Review,Randy Brown,,2025-11-14
POL-0000681,CLM-00000681,CUST-40646,Daniel Kelley,497-27-1855,ejackson@example.org,618-363-3912x389,21915 Matthew Ways Suite 015,77659,TX,Life,1996379.19,11495.86,8719.01,2022-12-10,2024-12-09,2023-04-02,205814.81,Rejected,John Meyer,,2025-09-25
POL-0000682,,CUST-87613,Mr. David Gallagher,612-60-3146,hroth@example.net,+1-406-217-3307,0975 Brown Squares Apt. 303,ABCDE,NC,health,1640203.56,5008.9,423.88,2022-03-23,2027-03-22,2023-08-16,573655.42,Submitted,,,2024-11-24
POL-0000683,CLM-00000683,CUST-57804,James Gonzalez,704-18-4143,tina59@example.com,987-820-1130x52440,8926 Amy Canyon Apt. 556,33409,WA,Commercial,1180281.24,5224.99,4425.63,2023-12-12,2024-12-11,2024-09-28,649274.35,Settled,Phillip Sherman,625508.29,2025-02-19
POL-0000684,CLM-00000684,CUST-48930,Katherine Edwards,439-97-3040,martin83@example.net,001-778-229-0864,367 Heather Forge,07589,CO,Commercial,898772.92,7620.44,1349.88,2021-01-06,2024-01-06,2022-02-02,660433.34,Settled,,452622.01,2025-02-16
POL-0000685,CLM-00000685,CUST-30676,Brian Taylor,758-38-3999,qrussell@example.org,(528)494-8402x34033,75461 Kayla Lake Suite 953,95913,AZ,Auto,1578337.42,9439.16,7821.05,2021-04-06,2022-04-06,2022-03-02,187694.66,Under Review,,,2025-08-12
POL-0000686,CLM-00000686,CUST-13523,Spencer Hawkins,916-52-5871,joseph53@example.org,222-315-6697x975,13915 Hays Court,46965,AZ,Auto,108602.48,714.01,2033.22,2022-04-24,2026-04-23,2023-10-03,80177.8,Approved,,,2025-08-24
POL-0000687,CLM-00000687,CUST-14484,Michele Johnson,915-30-5904,david57@example.org,001-851-258-9271x25972,100 Shawn Squares Apt. 160,49391,CO,Commercial,847821.56,12156.12,2954.86,2020-08-22,2022-08-22,2020-10-09,1250306.894790959,Submitted,,,2024-04-19
POL-0000688,CLM-00000688,CUST-82220,Jeffery Holder,570-75-7892,aguirreolivia@example.org,+1-928-425-8628x9006,6628 Miller Causeway,86147,AZ,Auto,35070.8,407.36,6962.53,2023-06-09,2024-06-08,2024-05-16,13232.03,Submitted,,,2025-09-14
POL-0000689,CLM-00000689,CUST-49821,Lisa Allen,450-73-5619,eperkins@example.org,+1-944-485-7815x774,926 Jones Meadows,61780,FL,Home,11087.97,146.36,2494.84,2021-11-15,2022-11-15,2022-10-13,7410.77,Approved,Karen Miller,,2025-07-13
POL-0000690,CLM-00000690,CUST-36361,Keith Martin,561-28-5189,rickrussell@example.org,001-239-426-4985,7948 Garcia Glen,27418,IL,Auto,423200.96,3979.08,4893.97,2020-07-27,2024-07-26,2024-04-06,305648.06,Settled,Brett White,203369.16,2024-09-30
POL-0000691,CLM-00000691,CUST-93510,Beth Gaines,347-63-3657,vanessajohnson@example.org,561.990.6573,75502 Andrea Forges,60954,CA,Health,761561.17,7263.23,7821.06,2023-06-07,2025-06-06,2024-10-07,360459.47,Submitted,,,2021-05-28
POL-0000692,CLM-00000692,CUST-16698,Angelica Baker,237-86-8937,hodgealexis@example.com,883-482-6816x066,839 Marcus Track Apt. 414,70450,CA,Commercial,1439787.51,20151.36,3707.68,2021-08-29,2024-08-28,2023-01-07,588573.54,Under Review,Renee Patel,,2024-10-15
POL-0000693,,CUST-36911,Mrs. Susan Park,982-73-5415,lindsay14@example.net,(945)353-9738x4605,5394 Phillips Stream Suite 599,29197,NC,Commercial,949611.75,6738.64,5122.62,2020-11-07,2025-11-06,2021-04-29,713315.98,Approved,Eric Butler,,2024-12-08
POL-0000694,CLM-00000694,CUST-44459,William Thornton,507-18-1102,daleabbott@example.org,+1-996-429-1661x8138,96018 Christina Walk,83380,WA,Commercial,1674891.41,17065.71,6552.73,2021-10-24,2025-10-23,2022-10-30,1212814.23,Rejected,Brett White,,2025-12-16
POL-0000695,CLM-00000695,CUST-89838,Megan Collins,391-13-6367,wujorge@example.net,503.406.0660,9048 Rodriguez Fords Apt. 376,63501,CA,Auto,1816650.85,22154.34,3501.08,2022-01-28,2027-01-27,2025-10-18,428113.53,Approved,John Meyer,,2025-04-18
POL-0000696,CLM-00000696,CUST-65027,Jeremy Smith,748-30-8557,andreawhite@example.net,716.950.6537,845 Robin Turnpike,81775,CA,Home,35396.76,105.5,6653.75,2024-01-15,2029-01-13,2024-09-17,80193.7989597647,Under Review,Ashley Mcclain,,2025-03-18
POL-0000697,CLM-00000697,CUST-91277,Cole Mccormick,743-56-5008,wwhite@example.net,7268535881,78953 Angela Lake,99311,AZ,Life,1977316.44,18248.51,1186.82,2021-01-15,2022-01-15,2021-04-12,947899.53,Rejected,Phillip Sherman,,2026-04-09
POL-0000698,CLM-00000698,CUST-85686,Melissa Solis,552-56-4476,wesley94@example.com,375.949.5575,741 Carpenter Centers Apt. 199,81153,TX,Health,22102.61,148.38,8620.47,2023-06-11,2026-06-10,2026-02-04,10916.49,Settled,Victor Morgan,10674.03,2025-10-04
POL-0000699,CLM-00000699,CUST-87254,Christopher Spencer,641-26-9512,swilson@example.net,+1-980-512-8530x341,91236 Michael Gateway Suite 345,82582,NC,Life,847908.14,5947.8,7951.28,2021-06-23,2022-06-23,2022-05-24,145620.15,Under Review,Denise Green,,2025-01-15
POL-0000700,CLM-00000700,CUST-82371,Jean Bass,661-63-3249,udelgado@example.com,+1-922-531-3915x103,213 Allen Gateway Apt. 831,65993,NC,Home,90659.22,1042.02,5023.03,2023-08-01,2024-07-31,2024-05-03,33063.08,Submitted,,,2026-02-27
POL-0000701,CLM-00000701,CUST-34524,Lisa Stone,749-97-4168,elizabethpatel@example.org,+1-615-945-8412x7365,965 Orozco Crescent Suite 820,87201,CA,Home,1179316.75,7586.26,9265.51,2024-10-17,2025-10-17,2025-03-07,942206.23,Settled,Phillip Sherman,877690.34,2026-01-07
POL-0000702,CLM-00000702,CUST-43052,Steven Smith,202-35-1107,garciarebecca@example.net,001-901-738-6300x65124,724 Alyssa Circles,16398,CA,Commercial,1654968.62,7706.11,1819.68,2023-02-16,2027-02-15,2024-04-16,124710.32,Approved,Jennifer Reid,,2024-07-01
POL-0000703,CLM-00000703,CUST-73977,Martin Rodriguez,276-88-9212,rachelwalters@example.com,440.366.1761,599 Rachael River Apt. 954,49051,NY,Home,591686.32,7184.96,6024.01,2024-06-20,2028-06-19,2026-01-22,84294.79,Rejected,Brian Hernandez,,2023-10-29
POL-0000704,CLM-00000704,CUST-33272,Samantha Robinson,711-61-4297,jordanbuchanan@example.com,+1-894-555-8178,3287 Taylor Valley Apt. 196,44310,NC,Health,1449896.67,6229.24,3292.17,2021-01-04,2022-01-04,2021-06-05,33696.68,Settled,Michelle Davis,31972.67,2025-03-06
POL-0000705,CLM-00000705,CUST-55414,Heather Wood,209-90-3640,andersontara@example.org,(862)958-5398x7945,775 Tina Divide,10135,FL,Home,1668277.0,10177.17,7885.89,2021-02-17,2023-02-17,2022-12-23,1022283.25,Submitted,,,2024-06-29
POL-0000706,CLM-00000706,CUST-94586,Robert Hill,761-33-6651,velasquezlori@example.org,+1-939-321-3592,6311 Ferrell Plaza Suite 095,60340,AZ,Commercial,1403310.38,6404.05,2532.48,2023-03-04,2024-03-03,2023-08-29,495886.13,Under Review,Randy Brown,,2024-07-01
POL-0000707,CLM-00000707,CUST-29464,David Bass,962-51-3267,hchandler@example.org,8512464240,8010 Cynthia Track,08725,GA,Health,223079.69,564.39,6442.2,2021-10-27,2026-10-26,2024-06-23,39792.01,Approved,Wendy Smith,,2024-12-25
POL-0000708,CLM-00000708,CUST-72935,Elizabeth Grant,317-77-9622,jordanwilliams@example.net,(582)792-9169,576 Jessica Groves Apt. 823,04806,NC,Health,1778251.82,25156.37,995.48,2022-05-19,2023-05-19,2022-06-27,1305724.05,Under Review,Eric Butler,,2024-09-26
POL-0000709,CLM-00000709,CUST-99423,Karen Phillips,910-63-6737,franciscovalenzuela@example.org,593.512.0897,8051 Anderson Junctions Suite 051,76601,FL,Health,183739.37,511.23,559.43,2021-06-13,2023-06-13,2022-01-28,38866.62,Under Review,John Meyer,,2025-01-22
POL-0000710,CLM-00000710,CUST-14513,Melissa Miller,703-83-2310,melissafranklin@example.com,+1-397-729-1703x5398,689 Ayala Village,52516,TX,Commercial,365163.84,3714.54,4749.67,2024-01-09,2027-01-08,2025-08-16,851082.9273255396,Approved,Victor Morgan,,2026-01-28
POL-0000711,,CUST-18285,Kevin Melendez,957-51-1380,sawyerjames@example.org,847-713-1687x5286,3423 Willie Underpass,70900,IL,Health,65976.3,273.94,1825.61,2024-10-25,2029-10-24,2025-02-08,42429.15,Submitted,,,2024-06-13
POL-0000712,CLM-00000712,CUST-69718,Pamela Taylor,896-52-1982,twright@example.org,+1-678-978-4860x9544,5307 Lawrence Expressway Suite 758,01631,NC,life,128598.8,918.02,8070.33,2023-05-12,2026-05-11,2025-04-01,7891.81,Under Review,Karen Miller,,2023-02-20
POL-0000713,,CUST-90802,Ana Garcia,703-22-5657,courtneykey@example.com,451-914-0483x573,1628 Nicholson Springs Apt. 555,999,CO,Life,119418.96,1003.96,8961.69,2020-12-07,2025-12-06,2025-05-31,46387.81,Settled,Brett White,38971.66,2025-05-26
POL-0000714,CLM-00000714,CUST-80526,Christopher Johnson,613-25-9107,cookmichael@example.com,(770)417-6939x15048,499 Shelton Park,86164,WA,Home,558959.16,1584.52,5768.71,2021-05-10,2022-05-10,2022-04-28,49648.17,Submitted,,,2024-12-30
POL-0000715,CLM-00000715,CUST-54474,Jeffery Green,710-18-3608,jocampos@example.org,001-220-612-2337x3666,906 Kari Terrace Apt. 510,55254,AZ,Auto,462471.7,6190.92,9615.23,2023-12-08,2028-12-06,2025-05-21,358627.47,Settled,,258380.45,2025-03-07
POL-0000716,CLM-00000716,CUST-40088,Mark Blair,799-34-6044,jonesheather@example.org,738.818.0582,15083 Little Vista,26666,AZ,Auto,1232077.86,2680.5,7792.07,2022-03-11,2026-03-10,2023-03-26,608850.43,Submitted,,,2024-09-17
POL-0000717,CLM-00000717,CUST-65274,Tara Elliott,296-92-7179,tmoses@example.org,+1-616-965-6433x7607,4804 Bryant Valleys,86081,IL,Health,1702702.02,25220.77,9372.05,2022-08-27,2027-08-26,2024-09-12,3786661.398210572,Settled,Louis Moyer,987291.21,2025-08-01
POL-0000718,CLM-00000718,CUST-69009,Jaime Tran,586-20-8715,jwarren@example.org,+1-264-440-0780x94475,09085 Hughes Gardens,74484,CA,Home,1016928.76,13186.64,3768.24,2023-05-03,2026-05-02,2026-02-12,59529.78,Settled,,59458.17,2025-02-12
POL-0000719,,CUST-61110,Roger Lawson,205-14-5670,patrickbaker@example.com,922.297.7320x5815,37163 Jose Vista Apt. 443,71432,FL,Health,1819692.79,9550.72,4859.51,2024-12-05,2028-12-04,2026-01-01,1435992.45,Rejected,Louis Moyer,,2024-08-02
POL-0000720,,CUST-91604,Christine Smith,949-69-9787,nicolashale@example.net,237.389.1345,2093 Williams Meadow,33295,CA,Health,1128062.11,12831.69,9327.83,2022-12-01,2024-11-30,2024-05-23,477381.42,Settled,Wendy Smith,359780.06,2025-05-18
POL-0000721,,CUST-78251,Stephen Johnson,425-41-5269,taylorcombs@example.com,779-925-1306,094 Long Rest Apt. 021,28603,AZ,Auto,1839083.4,11201.46,7528.0,2022-05-25,2023-05-25,2023-01-25,631047.86,Submitted,,,2025-12-14
POL-0000722,CLM-00000722,CUST-41061,Mr. Joseph Hogan,881-85-5295,pamela15@example.net,624.657.3035x174,165 Duncan Brook,95663,IL,Home,1930082.17,22560.39,1889.4,2020-12-31,2023-12-31,2021-08-11,153656.97,Approved,Douglas Ferguson,,2025-06-26
POL-0000723,,CUST-78459,Shannon Anderson,210-39-9753,alvaradobrandon@example.com,(266)747-6297,5856 Joann Circle,98642,NY,Life,833984.88,4696.07,7080.67,2021-09-08,2023-09-08,2022-03-11,144639.86,Approved,Michelle Davis,,2024-10-15
POL-0000724,CLM-00000724,CUST-85212,Catherine Roberts,858-89-3608,ramirezdesiree@example.org,687-982-6675x23255,4909 Riley Bypass Suite 914,62861,AZ,Home,1899102.98,15426.14,6860.65,2020-04-28,2023-04-28,2022-07-13,484488.14,Approved,Caleb West,,2025-06-01
POL-0000725,,CUST-61416,Kevin Parks,123-17-2325,acostasarah@example.net,267.647.1653x80859,557 Ricky Park,,NY,HEALTH,745325.28,2619.99,8264.64,2021-06-19,2023-06-19,2022-03-12,368199.36,Rejected,,,2025-05-23
POL-0000726,CLM-00000726,CUST-89384,Kim Price,904-69-9593,qgarcia@example.net,420-447-7229x75796,5839 Reynolds Course Apt. 339,19896,CO,Life,895312.91,8443.79,2604.31,2020-09-07,2025-09-06,2021-06-04,573606.12,Settled,Dr. Tina Reyes MD,357359.74,2025-02-02
POL-0000727,CLM-00000727,CUST-16375,Joseph Archer,935-16-1087,lynn39@example.net,+1-799-814-3480x95451,843 Jones Lake Suite 408,61266,GA,Life,1903963.48,19485.43,503.02,2022-06-24,2026-06-23,2023-03-17,214508.35,Approved,,,2026-03-10
POL-0000728,CLM-00000728,CUST-10244,Destiny Joseph,526-76-1430,martinsteven@example.org,356-722-5926x3497,134 Davis Alley Suite 617,64957,FL,Auto,1412529.28,16431.27,7407.8,2023-11-20,2027-11-19,2025-12-18,753366.85,Submitted,,,2025-07-20
POL-0000729,CLM-00000729,CUST-93651,Amy Taylor,672-43-1418,kimberlysuarez@example.com,(849)679-8649x24659,0015 Stephens Land Suite 600,63023,AZ,Health,1046562.2,5672.52,1371.66,2023-10-29,2028-10-27,2025-12-23,628407.91,Rejected,Jennifer Reid,,2025-07-15
POL-0000730,CLM-00000730,CUST-23650,Keith Lambert,607-67-3239,scott82@example.net,(413)234-9168x538,41688 Medina Place,30041,NY,Home,1999489.88,18817.39,4544.11,2020-05-31,2022-05-31,2021-05-05,1315059.82,Rejected,Jesse Tyler,,2025-12-05
POL-0000731,CLM-00000731,CUST-35518,Jason Gibson,878-17-2898,patricialewis@example.com,(313)511-0770,13424 Kim Circle,24758,CO,Life,1140749.16,7171.02,8517.38,2024-02-07,2025-02-06,2024-07-25,13687.3,Under Review,Renee Patel,,2025-10-08
POL-0000732,CLM-00000732,CUST-51615,Dawn Martin,146-31-4344,jeremygutierrez@example.net,001-869-500-5555x37948,6882 Ryan Path,02298,TX,Life,571616.71,6941.28,9709.84,2021-12-26,2025-12-25,2024-02-15,9041.84,Settled,Brian Hernandez,7990.84,2025-12-27
POL-0000733,CLM-00000733,CUST-38605,Donna Bennett,940-70-2623,maria10@example.org,(578)822-2973x73674,1225 Richard Plain Suite 457,33120,WA,Health,249317.44,533.22,2752.35,2024-10-30,2028-10-29,2025-01-14,68779.57,Rejected,Renee Patel,,2025-09-10
POL-0000734,,CUST-17238,Sherry Cooke,183-28-1564,cliffordharris@example.com,817.501.8366x6609,47068 Catherine Forge,18021,FL,Health,1783276.09,24670.54,8119.33,2022-06-21,2024-06-20,2023-02-11,212598.92,Settled,Douglas Ferguson,207194.95,2024-05-14
POL-0000735,CLM-00000735,CUST-85047,Michael Rogers,473-73-6128,cindypalmer@example.net,366-578-7229x774,54395 Smith Summit Apt. 092,80601,AZ,Health,105536.72,1212.63,5179.21,2021-11-23,2023-11-23,2023-10-20,55702.28,Rejected,Michelle Davis,,2025-04-11
POL-0000736,CLM-00000736,CUST-88026,Paige Rios,577-41-7943,gilbertjuan@example.com,672-635-3709,53284 Clay Spur Apt. 984,94933,WA,Commercial,289967.77,2269.81,7244.89,2021-03-27,2025-03-26,2021-10-08,835136.1029709365,Submitted,,,2025-05-03
POL-0000737,,CUST-55435,Susan Farmer,210-24-1130,george07@example.org,997-592-8812x21552,19569 Matthew Stream Suite 918,35957,NC,Health,529326.15,6608.26,5247.51,2022-08-18,2027-08-17,2023-06-22,294887.39,Under Review,Caleb West,,2025-09-12
POL-0000738,,CUST-35835,Candice Hayes,809-62-7967,michael84@example.net,(686)936-0430,389 Kenneth Route Suite 627,,TX,Home,666638.76,9868.75,3764.86,2020-05-19,2022-05-19,2022-01-10,244605.2,Settled,Renee Patel,155155.26,2025-04-12
POL-0000739,CLM-00000739,CUST-12816,Jennifer Trevino,531-18-8383,amandaburns@example.com,001-642-837-7793x761,35042 Schwartz Estates,83889,TX,Life,1773767.65,25501.07,3577.75,2024-05-13,2029-05-12,2025-09-26,1163562.1,Rejected,Ashley Mcclain,,2026-01-21
POL-0000740,CLM-00000740,CUST-97828,Crystal Bailey,590-78-3614,floresbrittany@example.com,795-229-3497x658,1340 Dawn Mews,15365,GA,Auto,694958.84,9975.65,7895.1,2022-07-23,2026-07-22,2025-05-11,147748.86,Under Review,Karen Miller,,2025-06-12
POL-0000741,CLM-00000741,CUST-33997,Jessica Randolph,629-76-6486,cdunn@example.com,(710)262-8574x759,25260 James Flat Suite 236,22884,WA,Commercial,1862889.86,18119.79,1077.81,2021-09-26,2024-09-25,2023-06-27,2188319.6046683416,Under Review,Renee Patel,,2024-09-13
POL-0000742,CLM-00000742,CUST-99393,Dr. Michael Soto,352-50-9025,nicholas03@example.org,790-916-6696,9791 Laurie Stravenue Apt. 510,49083,CO,Health,910555.63,11796.68,8324.36,2020-09-12,2024-09-11,2022-04-26,355905.21,Rejected,Renee Patel,,2025-01-31
POL-0000743,CLM-00000743,CUST-11250,Trevor Barber,578-36-7435,sierrasanchez@example.com,001-645-751-3108,29625 Elizabeth Turnpike Suite 612,10245,WA,Auto,1082543.83,5448.83,282.58,2022-04-01,2023-04-01,2022-05-22,658846.09,Under Review,Brett White,,2021-07-21
POL-0000744,CLM-00000744,CUST-89850,Jason Lewis,570-92-3234,jessicacortez@example.net,001-994-608-9797,709 Wilson Wells Apt. 681,72278,FL,Auto,1928772.01,18202.25,4589.32,2020-09-15,2022-09-15,2021-11-29,1253633.99,Settled,Caleb West,1230158.91,2025-09-10
POL-0000745,CLM-00000745,CUST-60013,Sarah Cunningham,144-22-4634,debbie64@example.net,+1-397-602-3865x3722,639 Chase Hill Apt. 986,46445,TX,Health,627484.31,7076.33,5449.05,2022-05-18,2024-05-17,2022-09-18,268585.31,Rejected,,,2025-05-22
POL-0000746,CLM-00000746,CUST-74545,Jonathan Weber,208-79-3282,veronica65@example.com,001-576-455-8151x961,385 Michael Camp Apt. 544,78470,GA,Auto,529527.2,1984.61,8696.65,2023-09-05,2025-09-04,2024-08-01,83667.78,Submitted,,,2025-12-18
POL-0000747,CLM-00000747,CUST-67182,Morgan Walker,465-63-6999,freemanruth@example.com,2975663025,866 Barbara Common Apt. 147,73470,NC,Auto,1386763.13,3359.48,2040.3,2023-08-22,2024-08-21,2024-06-09,446548.64,Approved,,,2024-09-27
POL-0000748,CLM-00000748,CUST-69144,Michael Rowe,298-64-5905,davisvanessa@example.org,(634)536-3936x58980,67918 Morgan Bypass Apt. 158,35762,WA,Home,1292627.7,10915.44,968.34,2021-07-22,2022-07-22,2022-04-23,222434.68,Rejected,Caleb West,,2023-08-31
POL-0000749,CLM-00000749,CUST-49429,John Bauer,176-51-6763,wlopez@example.net,(790)668-5878x6181,29325 Wells Ville Suite 079,83223,AZ,Life,605800.01,2166.16,2668.35,2024-09-06,2026-09-06,2025-10-15,267700.77,Rejected,Caleb West,,2026-03-31
POL-0000750,CLM-00000750,CUST-41685,Christina Mays,921-85-1783,katrina59@example.com,+1-246-283-3368x28501,247 Jones Creek Apt. 178,89611,FL,Commercial,175205.57,714.45,4649.16,2024-11-08,2029-11-07,2026-04-06,81709.13,Rejected,Phillip Sherman,,2024-08-26
POL-0000751,CLM-00000751,CUST-94294,Amber Fisher,178-37-6995,suttonjeff@example.org,496-717-1536x39849,10407 Harris Brook,88270,CA,Life,365630.8,1629.19,4273.88,2022-01-20,2024-01-20,2023-03-27,4882.27,Submitted,,,2025-02-20
POL-0000752,,CUST-83470,Melissa Roberts,310-64-8792,diazdiana@example.net,807.978.5875x334,047 Christina Pine Apt. 689,18035,AZ,Auto,581875.38,3405.64,2078.42,2024-02-25,2029-02-23,2024-04-26,283212.83,Settled,Brian Hernandez,207510.0,2024-04-21
POL-0000753,CLM-00000753,CUST-57918,Walter Cruz,377-82-8129,xcarter@example.net,4339557373,4612 Sandra Fords Apt. 094,40887,NC,Auto,1901993.05,15564.08,9914.8,2024-01-08,2025-01-07,2024-04-13,870835.76,Approved,Douglas Ferguson,,2025-02-26
POL-0000754,CLM-00000754,CUST-22159,Amy Thompson,589-73-2808,lewislynn@example.com,591-764-2567x3601,3060 Jones Center,06908,AZ,Health,528477.85,3703.47,5962.7,2024-03-27,2025-03-27,2024-10-19,388863.99,Under Review,Brian Hernandez,,2026-03-27
POL-0000755,CLM-00000755,CUST-59613,Cynthia Gillespie,318-32-5457,randy91@example.org,001-413-960-8126,016 Wade Trace,1234,AZ,Health,626846.63,8612.28,3275.21,2021-07-10,2024-07-09,2022-10-15,324088.08,Settled,Dr. Tina Reyes MD,282816.81,2024-10-23
POL-0000756,CLM-00000756,CUST-71526,Robert Singh,218-31-1813,anthonyward@example.org,+1-540-958-4047,76036 Boyd Creek,16317,CA,Home,1937590.06,9717.75,9629.83,2024-09-05,2027-09-05,2026-01-29,1456424.14,Approved,Douglas Ferguson,,2024-07-06
POL-0000757,CLM-00000757,CUST-28483,Glenn Smith,351-89-8765,brittanyterry@example.org,756.703.5682,898 Walker Road,24459,AZ,Home,94801.82,1044.27,9684.67,2024-12-04,2029-12-03,2024-12-13,3410.43,Settled,Karen Miller,2219.73,2026-02-11
POL-0000758,,CUST-72969,Karen Harding,818-53-1839,qgreen@example.com,813-672-1013x95384,29084 Cathy Tunnel,28113,WA,Commercial,1140059.88,10126.69,9428.43,2022-03-26,2027-03-25,2023-02-27,489272.49,Settled,Dr. Tina Reyes MD,442608.11,2024-10-29
POL-0000759,CLM-00000759,CUST-25110,Alicia Forbes,168-77-9550,lejulia@example.net,344.236.0082x37333,57817 Thomas Highway,77135,CA,Life,1030341.13,11776.96,4163.18,2024-09-23,2027-09-23,2025-01-16,1788596.083380586,Approved,Ashley Mcclain,,2026-03-02
POL-0000760,CLM-00000760,CUST-44773,Nicholas Cruz,602-40-9375,brianna22@example.org,799-936-7285x869,2942 Price Drive,35931,TX,Health,851076.43,10117.18,4114.11,2023-12-01,2024-11-30,2024-02-21,511446.97,Settled,Phillip Sherman,480678.01,2025-05-22
POL-0000761,CLM-00000761,CUST-27940,Brittany Miller,502-18-7547,cristianmiranda@example.com,+1-370-888-2037x820,25908 Allison Bypass,67091,NY,Auto,344446.66,894.96,2998.64,2021-01-24,2025-01-23,2023-04-16,154924.98,Submitted,,,2025-01-28
POL-0000762,,CUST-24665,Jennifer Smith,587-54-3793,lmoreno@example.com,449.921.1120,0743 Abigail Flat,01643,IL,Health,1227273.71,13596.38,326.65,2023-10-20,2026-10-19,2024-11-07,955460.09,Settled,Denise Green,713193.82,2026-01-23
POL-0000763,CLM-00000763,CUST-25089,Jerry Griffin,395-21-3478,spencer95@example.org,316.976.1269,633 Knapp Row Apt. 124,26552,AZ,Home,592865.29,1369.93,8433.66,2025-01-09,2026-01-09,2025-07-27,315551.03,Approved,Louis Moyer,,2024-07-30
POL-0000764,CLM-00000764,CUST-27715,Lisa Young,777-78-4911,roberta78@example.com,001-978-708-6238,7807 Bob Loop,23457,CO,Life,395192.44,3843.11,9106.39,2022-06-09,2024-06-08,2023-09-14,878604.4881864308,Rejected,Jesse Tyler,,2021-07-07
POL-0000765,CLM-00000765,CUST-74267,Kimberly Jones,384-93-1741,xsmith@example.net,001-308-883-9411,0348 Barbara Green,82043,CA,Home,1347488.03,7109.8,7599.11,2023-07-25,2028-07-23,2024-08-02,791008.42,Submitted,,,2021-06-07
POL-0000766,CLM-00000766,CUST-39318,Christine Alexander MD,776-72-7298,caldwellkim@example.com,(267)480-4041,619 Vanessa Trafficway,61862,CA,Life,337419.71,2076.14,4870.46,2020-11-24,2024-11-23,2022-03-08,243511.81,Approved,Eric Butler,,2024-09-23
POL-0000767,CLM-00000767,CUST-32575,Deborah Leon,978-27-3576,ysmith@example.com,727-582-9851x08076,4816 Brittany Keys Apt. 185,45868,GA,Auto,565690.24,7986.86,1705.05,2020-11-07,2025-11-06,2023-04-27,409610.3,Approved,Jesse Tyler,,2024-01-22
POL-0000768,CLM-00000768,CUST-15766,Nicole Campbell DDS,891-97-4552,olopez@example.org,375.775.4228,886 Melissa Ramp,71210,FL,Life,446383.63,1762.92,4593.64,2021-08-19,2023-08-19,2023-02-11,266650.75,Under Review,Douglas Ferguson,,2024-09-07
POL-0000769,CLM-00000769,CUST-50003,Faith Anderson,798-44-2173,osalazar@example.com,001-743-637-6903x86604,640 Gillespie Cliff,61751,AZ,Life,1002812.11,2335.83,8174.25,2022-05-21,2023-05-21,2023-02-21,713718.19,Approved,Renee Patel,,2025-05-14
POL-0000770,CLM-00000770,CUST-85275,Justin Dunn,826-28-5734,kball@example.com,001-360-495-6737x27535,3083 Linda Harbor Apt. 940,66491,FL,Auto,1464372.64,5012.06,8533.84,2020-09-08,2021-09-08,2021-05-25,604007.05,Submitted,,,2025-12-18
POL-0000771,CLM-00000771,CUST-31095,Sandra Maynard,240-75-9327,ramirezcharles@example.org,693-745-6415x11437,32011 Joshua Mountain Suite 571,53031,NY,LIFE,880275.3,2117.01,6290.97,2024-03-15,2029-03-14,2025-08-26,159527.16,Settled,Dr. Tina Reyes MD,126988.48,2025-01-22
POL-0000772,CLM-00000772,CUST-89447,Samantha Lee,280-88-4776,jacqueline87@example.com,530-370-6117x027,5754 Maria Corner Apt. 655,93776,GA,Home,1239458.3,9549.72,3835.53,2024-05-04,2027-05-04,2025-09-30,35877.43,Submitted,,,2025-11-15
POL-0000773,CLM-00000773,CUST-87867,Laura Everett,419-46-5478,fhurley@example.net,001-421-531-7530x161,07508 Brown Knoll Suite 128,99303,IL,Life,558422.83,6816.05,6104.46,2022-03-14,2023-03-14,2022-11-02,156214.65,Approved,Denise Green,,2024-09-14
POL-0000774,CLM-00000774,CUST-40295,Tiffany Parsons,309-42-9732,ana12@example.com,+1-234-788-4903,59965 Dawn Island,08675,NY,Life,983620.66,8171.34,3691.67,2025-04-02,2027-04-02,2025-11-01,337132.94,Under Review,Denise Green,,2024-12-29
POL-0000775,CLM-00000775,CUST-35676,Kyle Nguyen,178-23-7379,larry96@example.net,+1-811-878-0747x16466,010 Meyer Point,97295,WA,Life,990240.38,3446.2,8635.16,2025-01-23,2027-01-23,2025-08-09,269629.34,Under Review,Randy Brown,,2024-08-18
POL-0000776,CLM-00000776,CUST-56136,David Morales,959-66-1572,andrearice@example.com,570-714-2554x92301,5975 Holloway Views Suite 844,60111,WA,Home,699228.83,2371.76,8708.74,2020-11-16,2023-11-16,2021-07-18,213315.13,Settled,Caleb West,158851.01,2024-08-07
POL-0000777,CLM-00000777,CUST-39688,Krystal Franco,337-56-7479,rmyers@example.org,269-422-1545x78486,0290 Linda Pines Suite 299,88019,FL,auto,1307929.35,8341.92,1443.34,2020-07-07,2021-07-07,2021-01-09,233519.23,Under Review,Victor Morgan,,2024-06-15
POL-0000778,CLM-00000778,CUST-41820,Tanner Santos,846-43-2362,jfields@example.org,8173375314,77778 Crystal Heights,21972,TX,Life,617118.58,4773.09,8262.39,2022-10-07,2027-10-06,2023-07-22,1038165.3017929831,Submitted,,,2025-03-09
POL-0000779,,CUST-20881,Jennifer Evans,566-39-9848,bensonangela@example.net,(837)466-7356x39516,623 Park Key Apt. 646,96194,FL,Life,57018.48,581.56,7802.93,2020-05-24,2022-05-24,2022-01-22,30224.11,Under Review,Ashley Mcclain,,2021-06-25
POL-0000780,CLM-00000780,CUST-94231,Christina Pierce,523-63-4774,pearsonmatthew@example.com,(516)550-7778x162,7525 Anderson View Suite 963,33339,CA,Home,1082502.36,2397.11,6319.18,2021-12-02,2025-12-01,2024-10-07,545153.98,Settled,Randy Brown,502997.53,2025-12-04
POL-0000781,CLM-00000781,CUST-90029,John Marshall,621-67-6124,obailey@example.org,422.956.9923x894,590 Casey Isle Apt. 607,79189,GA,Commercial,1923757.22,27526.25,5867.63,2021-11-26,2026-11-25,2023-05-20,627276.63,Under Review,Michelle Davis,,2024-08-27
POL-0000782,,CUST-12359,Timothy Oconnor,231-89-9609,dkaufman@example.org,3208119349,692 Miller Keys,18765,IL,Commercial,1524839.07,15929.18,5378.71,2023-06-26,2028-06-24,2024-03-30,700436.41,Submitted,,,2025-03-01
POL-0000783,,CUST-68100,Jasmine Cochran,477-34-3105,charris@example.org,001-868-352-8657x7813,991 Angela Pass,03059,CO,Home,646464.77,6390.85,8519.51,2021-12-14,2023-12-14,2023-02-17,421787.42,Under Review,,,2023-11-06
POL-0000784,CLM-00000784,CUST-20716,Tammy Boyd,964-41-1214,rlin@example.org,(223)951-3401,19989 Miller Union,88466,GA,Auto,1746433.04,21210.3,2215.22,2023-09-10,2025-09-09,2025-08-22,922718.19,Submitted,,,2024-06-03
POL-0000785,,CUST-22810,Matthew Palmer,777-81-7181,kenneth11@example.com,295.826.6805,707 Dustin Crescent Apt. 281,47731,GA,Auto,1205047.68,16259.14,7703.88,2021-08-02,2023-08-02,2022-12-01,916868.03,Settled,Caleb West,674431.52,2025-10-15
POL-0000786,CLM-00000786,CUST-53676,Richard Koch,719-28-4143,albert17@example.org,690.670.2747,816 Thomas Highway,16067,CO,Home,593923.67,7186.9,9289.37,2020-07-12,2024-07-11,2021-11-15,333422.58,Approved,Michelle Davis,,2025-02-24
POL-0000787,,CUST-11936,Marcus Thomas,103-46-8460,monica51@example.com,(298)503-0321x1383,46778 Michael Ramp,12597,CA,LIFE,1127294.44,4999.81,4307.95,2021-11-04,2025-11-03,2025-06-26,390127.31,Submitted,,,2024-06-29
POL-0000788,CLM-00000788,CUST-96520,Timothy Adams,294-82-2324,cassandra88@example.org,(548)634-6104,96783 David Rue Apt. 869,94862,NY,Auto,1656054.89,16651.98,2640.41,2024-01-24,2025-01-23,2024-08-27,667719.56,Settled,Jennifer Reid,658894.3,2025-11-19
POL-0000789,CLM-00000789,CUST-31099,Christopher Osborn,738-11-6095,suzanne04@example.org,406.682.8126,171 Bass Locks Suite 394,33019,IL,Life,1128740.63,9636.54,8372.22,2024-12-23,2026-12-23,2025-11-27,477699.05,Settled,Eric Butler,332132.51,2022-08-30
POL-0000790,,CUST-91460,Patrick Mcclure,603-28-4388,nancymiller@example.com,288-801-6598x4377,30313 Jared Plain,74032,NC,Life,257852.07,745.56,8500.53,2023-03-28,2027-03-27,2026-03-27,6956.89,Submitted,,,2024-06-25
POL-0000791,,CUST-64391,Tammy Wagner,148-86-9030,uwright@example.com,206-245-9340,0965 Randy Gateway,32490,NC,Auto,88038.66,820.86,6843.9,2020-12-11,2021-12-11,2021-01-07,68100.0,Submitted,,,2026-03-05
POL-0000792,CLM-00000792,CUST-98238,Daniel Reeves,976-68-7641,catherine50@example.com,686.602.4896x9148,0274 Shane Pines Apt. 019,97127,GA,Life,1877072.42,6256.76,573.28,2022-10-17,2025-10-16,2023-06-07,961210.42,Submitted,,,2022-07-06
POL-0000793,CLM-00000793,CUST-92865,Willie Sanchez,385-27-3203,qjones@example.net,001-375-756-3338x7180,19748 Pamela Stream,03914,NY,Home,1910434.24,11942.89,8131.98,2022-08-27,2027-08-26,2025-04-18,510648.06,Submitted,,,2022-01-18
POL-0000794,CLM-00000794,CUST-33415,Stephanie Alvarez,759-96-6670,sjoseph@example.net,218.517.5753,5377 Gonzalez Spurs,36567,CA,Home,950957.32,13568.75,8159.11,2020-06-13,2022-06-13,2022-06-06,196764.81,Rejected,Karen Miller,,2024-08-16
POL-0000795,CLM-00000795,CUST-58816,James Weaver,140-84-5476,knighteric@example.com,621-733-4102,5160 Rowland Fort Apt. 612,13214,IL,auto,1640736.23,14257.49,1060.92,2024-10-24,2026-10-24,2025-10-15,1281003.23,Rejected,,,2024-09-05
POL-0000796,,CUST-19635,Jeremy Adams,507-20-8147,jamesjohnson@example.com,+1-741-723-0785x31853,099 Warner Harbor Suite 549,51393,NC,Home,1755164.77,25097.84,7888.69,2024-06-15,2029-06-14,2025-04-17,300759.16,Rejected,Douglas Ferguson,,2021-12-25
POL-0000797,CLM-00000797,CUST-29922,Jordan Acevedo,960-94-6179,stricklandjames@example.net,470.897.4466,54581 Tabitha Shoals Apt. 448,45590,AZ,Auto,1474483.63,13400.46,5423.74,2021-10-03,2023-10-03,2022-10-11,1092895.61,Under Review,Douglas Ferguson,,2025-03-07
POL-0000798,,CUST-37751,Heidi Martin,906-75-9933,richardsonsusan@example.net,001-557-833-8071x558,8443 Susan Landing Suite 895,86771,TX,Health,1203440.48,4653.4,3382.64,2022-02-18,2024-02-18,2023-04-22,427438.53,Submitted,,,2022-10-12
POL-0000799,CLM-00000799,CUST-40418,Shelley Preston,793-53-9679,smithrobert@example.org,503-765-0705,4931 Victoria Causeway Suite 214,43354,GA,Life,1114823.0,5335.95,9820.92,2022-07-31,2026-07-30,2025-08-29,112915.63,Under Review,Eric Butler,,2025-09-26
POL-0000800,,CUST-49597,Eric Valentine,177-12-2992,belinda39@example.com,426-678-8165,58332 Thornton Vista Suite 487,62823,IL,Auto,463111.63,6663.89,1625.92,2024-02-07,2026-02-06,2025-06-06,108148.18,Under Review,Jennifer Reid,,2025-12-02
POL-0000801,CLM-00000801,CUST-69243,Jonathan Hunter,531-11-7616,yvettewhite@example.org,533.475.1879,72021 Kaitlyn Views,00974,TX,Life,768252.71,5103.59,1461.59,2021-04-01,2024-03-31,2021-06-19,240053.21,Approved,John Meyer,,2025-03-23
POL-0000802,CLM-00000802,CUST-90895,Sheila King,649-75-4275,shelby97@example.org,382-912-1427,73586 Angela Wells,79395,CO,Health,610569.16,3197.0,1227.7,2021-04-28,2023-04-28,2022-05-31,61007.27,Settled,Michelle Davis,46656.22,2025-02-05
POL-0000803,CLM-00000803,CUST-61434,Katie Mejia,780-81-8790,tracieevans@example.net,(283)495-0635,5794 Laura Extensions Suite 052,,IL,Commercial,869562.0,5645.37,6390.68,2023-07-24,2027-07-23,2025-06-11,359756.68,Under Review,Brett White,,2024-05-13
POL-0000804,,CUST-46743,Candice Diaz,603-97-7154,kim34@example.net,490-928-4096x4239,320 Justin Mill Apt. 568,45115,NC,Auto,1655513.13,20216.02,5960.83,2024-09-13,2028-09-12,2025-03-14,561848.31,Rejected,Douglas Ferguson,,2024-08-07
POL-0000805,CLM-00000805,CUST-58182,Regina Fisher,712-96-1657,aferguson@example.net,565.316.8256,9734 Megan Summit Suite 138,21968,FL,Commercial,611200.47,8801.82,4863.05,2021-12-08,2025-12-07,2024-10-04,209247.91,Under Review,Denise Green,,2025-10-15
POL-0000806,CLM-00000806,CUST-81404,Ana Roy,287-52-5766,wtapia@example.org,808-883-9682,920 Keller Orchard Apt. 974,74464,WA,Home,827072.45,5729.63,3120.79,2024-04-10,2027-04-10,2026-03-26,645258.94,Approved,Denise Green,,2026-02-21
POL-0000807,CLM-00000807,CUST-96889,Andrew Knapp,495-75-5049,andrewstanner@example.org,001-414-528-6364,76472 Williams Wells Apt. 272,27851,WA,Life,1994744.37,29159.2,7475.98,2023-03-13,2028-03-11,2023-12-25,65262.43,Submitted,,,2024-04-14
POL-0000808,CLM-00000808,CUST-16060,Bryan Barton,394-63-7007,pateljennifer@example.org,(859)635-5544,4570 Elizabeth Row Apt. 520,48061,NY,Auto,163891.17,665.24,6639.97,2024-10-15,2029-10-14,2025-05-20,63649.53,Approved,Ashley Mcclain,,2026-01-06
POL-0000809,CLM-00000809,CUST-74876,Eric Nash,565-83-4160,uwebb@example.com,001-778-628-9406x041,35962 Jessica Knolls,02355,CA,Health,1621530.74,6300.13,7531.63,2024-07-03,2027-07-03,2025-07-09,1070900.04,Under Review,,,2024-09-08
POL-0000810,CLM-00000810,CUST-12325,Robert Davis,839-13-2508,brandibaker@example.com,7802214718,84196 Davis Light Suite 108,00664,FL,Health,544251.16,7032.75,8845.26,2025-03-11,2026-03-11,2025-10-17,87496.26,Rejected,Kenneth White,,2023-11-14
POL-0000811,CLM-00000811,CUST-58561,Maria Thompson,446-11-8033,katie53@example.org,267.227.9891x695,93032 Sara Hollow,28485,FL,Home,1010209.58,3632.37,1453.47,2023-08-18,2025-08-17,2025-07-02,249673.12,Settled,Douglas Ferguson,169765.14,2024-12-21
POL-0000812,,CUST-60985,Lauren Gonzales,560-58-5438,emilymay@example.com,5575488966,64858 Karen Passage,76099,GA,Life,1073641.76,11029.42,8005.8,2025-03-28,2030-03-27,2025-07-03,244778.3,Settled,Ashley Mcclain,212001.22,2025-10-30
POL-0000813,,CUST-62594,Kathy Bell,426-42-8806,alexissantiago@example.org,(742)356-0914x58734,6180 Wilson Orchard Suite 090,,NY,Home,651927.71,1619.32,1851.77,2022-11-16,2026-11-15,2022-12-13,208169.17,Submitted,,,2025-11-18
POL-0000814,CLM-00000814,CUST-68962,Stephanie Wong,549-77-9073,lisa41@example.org,904-386-2021x063,9267 Charles Shores Apt. 638,56403,CA,Health,1574106.91,3275.84,5414.74,2021-09-30,2022-09-30,2022-06-13,150329.81,Under Review,,,2024-07-30
POL-0000815,CLM-00000815,CUST-91984,Angela Benson,586-61-4935,timothy01@example.net,947.366.7407,07263 Jessica Valley,24557,NY,Commercial,121454.51,1604.58,1392.15,2023-08-20,2026-08-19,2026-01-23,61939.25,Under Review,Karen Miller,,2025-01-06
POL-0000816,CLM-00000816,CUST-95552,Raymond Bailey,319-65-1764,nathanduncan@example.org,(687)335-2089x037,543 Alyssa Stream Suite 766,33999,GA,Life,1664371.44,3452.25,5061.15,2022-06-20,2025-06-19,2025-01-09,1259418.87,Under Review,,,2025-08-25
POL-0000817,,CUST-42307,Ashley Washington,581-40-7481,christinafowler@example.com,974.353.7932,2629 Cole Knolls Apt. 466,57050,GA,Commercial,267595.87,686.0,1133.06,2025-03-29,2026-03-29,2025-06-22,523797.87797933357,Rejected,Michelle Davis,,2025-08-07
POL-0000818,,CUST-60394,Ebony Brown,759-65-1357,xsutton@example.org,001-935-460-0330,937 Jessica Villages,62156,CA,Auto,876446.82,5572.53,7645.12,2025-03-30,2029-03-29,2025-11-25,2318825.8953330596,Settled,Caleb West,262375.88,2025-10-27
POL-0000819,CLM-00000819,CUST-89648,Amber Skinner,169-93-7369,mistyburgess@example.net,+1-531-655-2328,525 Smith Brook,20502,TX,Auto,1151626.35,11549.04,2070.67,2023-10-10,2026-10-09,2025-02-09,173436.11,Approved,Wendy Smith,,2024-10-06
POL-0000820,CLM-00000820,CUST-32656,Robert Hughes,242-51-6510,michaelgarrison@example.com,001-712-650-5435x6772,34302 Nicole Highway Apt. 320,77083,WA,Home,1222918.41,16566.9,8840.97,2023-08-23,2027-08-22,2025-09-27,549265.18,Under Review,,,2024-12-26
POL-0000821,CLM-00000821,CUST-90271,Jennifer Brown,139-65-7288,myersrobin@example.com,611.336.4195x5628,2176 Steven Well Suite 821,78465,CA,Life,1824158.98,13503.53,2840.03,2024-02-14,2029-02-12,2025-11-25,1049387.63,Submitted,,,2024-12-07
POL-0000822,CLM-00000822,CUST-20244,Tonya Shepard,526-82-4575,virginiamiller@example.org,981-419-6782,829 Kristen Garden,35048,TX,Life,1293879.1,18212.92,8692.86,2024-04-19,2029-04-18,2025-01-20,734471.06,Rejected,Jesse Tyler,,2026-02-07
POL-0000823,CLM-00000823,CUST-45228,Jacqueline Alvarado,781-38-4094,gary05@example.com,001-745-636-2812x26311,03955 Ashley Grove Apt. 713,41207,FL,Home,409452.34,2190.89,2852.0,2023-09-27,2027-09-26,2026-03-13,105824.35,Under Review,Louis Moyer,,2024-06-19
POL-0000824,CLM-00000824,CUST-22574,Kelli Stout,909-52-3590,crystal31@example.org,481.323.4315,408 Gloria Shores,85277,NC,Home,199695.38,1831.3,3446.58,2024-06-26,2029-06-25,2025-05-03,468875.17861833813,Approved,Michelle Davis,,2025-10-18
POL-0000825,CLM-00000825,CUST-87020,Melvin Dyer,358-83-2564,lewisbrandon@example.org,001-317-418-2702,400 Brandon Ramp Apt. 589,30317,AZ,Commercial,729669.77,10737.63,534.57,2023-09-08,2024-09-07,2023-10-30,272265.07,Submitted,,,2025-07-04
POL-0000826,,CUST-67625,Mary Mahoney,976-17-7437,johnsonann@example.net,(978)774-2607,487 Willie Cliff Suite 538,42584,CA,Life,1341730.69,14824.76,5427.04,2025-03-07,2026-03-07,2025-07-29,1065544.98,Submitted,,,2023-03-13
POL-0000827,CLM-00000827,CUST-67393,Victoria Martin,168-49-8798,jmoore@example.net,436.692.1229x289,1016 Sanchez Falls,76383,CA,Home,1902085.5,15875.84,6184.95,2021-12-13,2023-12-13,2022-01-23,404141.12,Settled,Victor Morgan,247806.38,2025-07-22
POL-0000828,CLM-00000828,CUST-99053,Bonnie Thompson,682-67-8303,erikcampbell@example.net,(363)385-5381,7525 Reyes Squares Suite 464,23925,GA,Auto,1552779.54,19179.89,4587.91,2023-04-28,2024-04-27,2023-08-15,818184.71,Under Review,Brian Hernandez,,2025-01-07
POL-0000829,CLM-00000829,CUST-19089,Patrick Tucker,245-49-8150,daniel27@example.com,(499)328-0790x7120,93048 Alexis Fall Suite 661,60991,GA,Life,825178.92,5214.39,9976.51,2022-09-19,2027-09-18,2024-12-17,19052.75,Rejected,Louis Moyer,,2021-09-20
POL-0000830,CLM-00000830,CUST-27758,Jessica Johnson,613-90-1481,mendozacharles@example.org,001-614-892-7664x8786,26181 Glenn Stream Apt. 939,71892,FL,Home,290018.73,4000.14,7920.71,2021-10-08,2022-10-08,2022-04-18,86302.78,Rejected,John Meyer,,2024-11-24
POL-0000831,CLM-00000831,CUST-60401,Cathy Trujillo MD,700-72-9543,whitney68@example.org,+1-810-866-7854,557 Melvin Plains,37898,WA,Health,1837322.55,8701.53,9614.88,2024-04-06,2026-04-06,2025-08-08,1195038.94,Approved,Caleb West,,2025-05-16
POL-0000832,CLM-00000832,CUST-44940,Diana Mccormick,851-58-4800,mreyes@example.org,654-464-5639x285,70878 Ortega Trafficway,75842,WA,Commercial,555470.74,8051.63,8231.97,2025-02-04,2030-02-03,2025-07-01,344642.33,Submitted,,,2024-11-25
POL-0000833,CLM-00000833,CUST-68537,Jeffrey Good,204-44-3037,chad99@example.org,287.356.7463x91599,4234 Janet Alley Suite 785,ZIP-NA,TX,Life,1865539.43,6380.36,2010.42,2023-07-28,2025-07-27,2025-07-01,671914.24,Under Review,Ashley Mcclain,,2025-12-04
POL-0000834,CLM-00000834,CUST-86478,Jonathan Carlson,300-60-3759,adamswendy@example.org,901.564.5436,614 Kaitlin Cove,61254,GA,Life,1048865.76,3335.99,2410.58,2024-10-08,2027-10-08,2025-02-03,785483.08,Settled,Brian Hernandez,655135.18,2026-03-21
POL-0000835,CLM-00000835,CUST-54250,Cynthia Robinson,231-23-4869,michelle33@example.net,6548683674,85285 Mills Trail Suite 438,22133,NC,Auto,64691.74,267.07,1869.71,2020-10-19,2024-10-18,2021-01-07,26553.5,Settled,Michelle Davis,18250.1,2025-03-10
POL-0000836,,CUST-57511,William Vasquez,993-49-8915,uwilliams@example.com,(641)766-5712x63860,760 Allen Well Suite 389,47409,CO,Home,629090.78,6409.71,8743.77,2022-11-01,2023-11-01,2023-02-25,93292.01,Under Review,Jennifer Reid,,2025-03-07
POL-0000837,CLM-00000837,CUST-96820,Monique Serrano,622-94-4730,markpeters@example.net,549.493.7797,813 Alvarez Lights,70696,TX,Life,1743917.93,3880.07,6695.17,2023-05-03,2026-05-02,2026-03-24,2702050.4676857535,Settled,,950300.6,2025-07-28
POL-0000838,CLM-00000838,CUST-31879,Matthew West,626-45-6682,perrydiane@example.net,+1-872-381-9629x510,1418 Rivera Flats Apt. 424,29022,TX,Life,690710.68,8869.33,6729.58,2022-09-08,2027-09-07,2024-03-09,438524.06,Under Review,Dr. Tina Reyes MD,,2024-10-18
POL-0000839,CLM-00000839,CUST-20052,Timothy Johnson,103-66-5794,stephaniemartin@example.com,872.305.0111x40533,74420 Stephen Pine Apt. 703,90130,CO,Health,1076133.85,5828.22,9916.68,2024-12-23,2026-12-23,2026-02-14,599419.37,Settled,Denise Green,459049.27,2025-06-03
POL-0000840,CLM-00000840,CUST-16836,Faith Poole,953-22-9735,thompsonstephanie@example.com,2765979115,55320 John Turnpike,84749,NC,Home,365396.15,1019.76,7836.24,2024-05-27,2027-05-27,2025-03-21,63481.45,Submitted,,,2025-04-06
POL-0000841,CLM-00000841,CUST-29368,Patrick Lowe,933-44-1915,patrickford@example.org,8155836204,2027 Barr Courts,ABCDE,TX,Health,1494060.01,10318.36,8466.87,2025-02-16,2030-02-15,2025-08-02,650403.4,Under Review,Jennifer Reid,,2025-12-25
POL-0000842,CLM-00000842,CUST-70860,Jo Rasmussen,347-31-9496,daniel65@example.com,400.528.8936x0374,831 Chen Island,88789,TX,Commercial,1554634.28,12481.65,3826.24,2023-03-03,2024-03-02,2023-06-19,672495.59,Submitted,,,2024-08-22
POL-0000843,CLM-00000843,CUST-82948,Terri Wilson,735-12-8059,mfoster@example.com,7824638864,721 Roman Flats,43944,GA,Auto,914699.95,9475.56,6723.13,2024-02-22,2025-02-21,2024-07-28,110076.1,Settled,Randy Brown,81970.08,2025-03-25
POL-0000844,,CUST-29668,Connor Carroll,545-97-9078,smithvanessa@example.com,(931)508-6992x342,107 Rowland Isle Suite 522,80373,TX,Home,474344.89,1372.16,1564.34,2021-10-06,2024-10-05,2023-01-06,370119.07,Submitted,,,2024-07-22
POL-0000845,CLM-00000845,CUST-53391,Hannah Watson,365-36-2533,lisa00@example.org,(553)466-5744,4569 Christensen Drive Suite 468,14148,GA,Health,895525.32,11526.69,5513.78,2022-08-14,2026-08-13,2023-09-18,167740.68,Settled,Dr. Tina Reyes MD,135345.34,2024-06-29
POL-0000846,CLM-00000846,CUST-85567,Antonio Ferrell,284-82-4956,markmontes@example.org,+1-903-569-5220x576,753 Brittany Key,63571,CA,Health,1556185.49,20893.11,6841.34,2021-06-27,2024-06-26,2022-08-18,1121190.94,Submitted,,,2025-07-10
POL-0000847,CLM-00000847,CUST-82287,Megan Lopez,739-69-7570,josephmiller@example.org,9774683498,378 George Land Suite 358,60374,TX,Home,1216451.18,15435.11,7815.6,2020-04-17,2023-04-17,2020-09-23,152650.61,Settled,Brett White,124287.42,2025-10-26
POL-0000848,CLM-00000848,CUST-30561,Ronald James,161-70-4783,jlarson@example.org,4575263032,117 Larson Way,47935,AZ,Commercial,82255.23,1142.04,4507.51,2021-11-21,2025-11-20,2022-01-12,3349.22,Submitted,,,2024-10-09
POL-0000849,CLM-00000849,CUST-89747,David Webb,444-52-8905,michaelwall@example.net,(444)981-7820x0715,59387 Owens Point,11123,FL,Commercial,724455.48,1852.27,2837.03,2021-09-15,2024-09-14,2024-08-01,521308.58,Rejected,Jesse Tyler,,2026-04-09
POL-0000850,CLM-00000850,CUST-75079,Guy Matthews,794-94-4769,jacksonmelody@example.org,+1-759-907-4926x351,563 Barry Row Suite 886,15692,AZ,Life,842306.53,10411.46,1910.56,2020-04-25,2025-04-24,2024-07-21,211346.36,Rejected,Dr. Tina Reyes MD,,2025-08-07
POL-0000851,CLM-00000851,CUST-25856,Tony Mccarty,260-25-6895,darylavila@example.com,387-461-5209x3217,4539 Martin Brook,19619,TX,Health,802646.74,1921.81,6085.1,2020-08-15,2021-08-15,2021-05-10,122941.03,Settled,Michelle Davis,79087.96,2025-06-28
POL-0000852,CLM-00000852,CUST-66693,Jennifer Kim,196-37-2365,angelacosta@example.com,001-240-740-6751x5150,2321 Kelsey Track Suite 712,66684,TX,Health,1724348.84,7709.2,3431.53,2021-02-15,2026-02-14,2024-11-20,727104.76,Approved,,,2025-12-07
POL-0000853,,CUST-87326,Jennifer Lee DDS,194-31-1948,anthony96@example.com,001-221-381-0697x080,477 Patricia Ferry,,IL,Auto,914634.77,11833.52,5908.54,2021-10-12,2022-10-12,2021-12-20,1398674.6085757352,Submitted,,,2024-05-05
POL-0000854,CLM-00000854,CUST-96166,Nichole Garner,409-51-5093,annsmith@example.org,(205)517-9891x230,6084 Schwartz Ridges,98778,WA,Auto,956723.97,12631.7,5581.68,2021-04-25,2026-04-24,2024-05-18,275584.34,Rejected,Brett White,,2025-10-24
POL-0000855,CLM-00000855,CUST-99024,Debra Edwards,148-11-4120,alopez@example.net,(873)353-0980x9442,13030 Tucker Square Apt. 801,71343,AZ,Life,840518.98,5952.87,4789.13,2022-05-12,2027-05-11,2022-06-09,116407.26,Under Review,Louis Moyer,,2025-06-09
POL-0000856,,CUST-18354,Sarah Bonilla,811-78-1201,djuarez@example.org,(656)483-7499,5342 Alvarado Ville Apt. 589,06270,AZ,Home,1865184.75,25026.24,5523.24,2024-09-20,2028-09-19,2025-04-02,4353952.598893756,Settled,Karen Miller,1102948.63,2026-04-11
POL-0000857,CLM-00000857,CUST-56578,Brandon Martinez,473-67-6743,morristimothy@example.com,+1-916-619-0173,821 Arnold Roads Apt. 517,75466,NY,Health,378300.66,1059.58,678.17,2020-09-08,2025-09-07,2022-03-04,19403.41,Approved,Eric Butler,,2024-11-29
POL-0000858,CLM-00000858,CUST-50608,Megan Vance DVM,968-33-8772,lisa67@example.org,227-568-8392x9028,800 Hill Curve,79908,WA,Home,1733642.8,24536.73,2915.84,2021-06-19,2025-06-18,2025-03-09,1324317.77,Settled,Michelle Davis,1304474.68,2024-09-23
POL-0000859,,CUST-63142,Ms. Stacey Clark,453-35-9119,gravesjackie@example.net,+1-282-773-4157x0061,60324 Mcintosh Branch,48354,CO,Auto,1998558.16,11157.37,2702.18,2021-10-18,2023-10-18,2022-12-05,559181.29,Settled,Caleb West,484678.11,2024-08-25
POL-0000860,CLM-00000860,CUST-47034,Jason Gardner,691-31-8284,frankcalhoun@example.net,(211)575-7499,42632 Rodriguez Fields Suite 749,58119,FL,Auto,1107120.14,5900.47,8515.68,2021-02-26,2024-02-26,2023-07-31,365715.0,Rejected,Kenneth White,,2024-10-12
POL-0000861,CLM-00000861,CUST-28123,Andrea Bradshaw,292-14-9543,carlsondavid@example.net,001-815-453-5339x44444,7170 Sydney Gateway,78773,CO,Health,386688.66,1458.85,8842.08,2023-07-09,2028-07-07,2025-06-01,251328.03,Under Review,Dr. Tina Reyes MD,,2024-05-19
POL-0000862,CLM-00000862,CUST-24031,Kayla Mayer,148-29-5044,amberandrews@example.net,+1-982-629-1891x35943,3648 Michelle Mountain Apt. 599,02165,CO,Auto,397179.51,1394.04,6713.39,2022-04-04,2025-04-03,2024-02-24,139867.93,Approved,Dr. Tina Reyes MD,,2026-02-23
POL-0000863,,CUST-73288,Rebecca Marshall,945-43-2599,delgadoallison@example.com,784-524-8388x6597,33714 Brock Turnpike,08769,CO,Life,132833.96,1866.26,2225.58,2023-05-14,2024-05-13,2023-06-15,60453.07,Submitted,,,2025-10-12
POL-0000864,,CUST-65932,Sherry Hernandez,816-67-1505,victoriapugh@example.org,(497)246-1448x5367,14709 Leslie Island,34483,FL,Auto,1136849.49,11479.7,964.34,2022-12-29,2025-12-28,2024-04-23,744148.05,Submitted,,,2022-03-14
POL-0000865,CLM-00000865,CUST-94356,Colton Clark,670-67-8590,danielle74@example.com,(314)877-0760,8814 Charles Springs,49711,GA,Life,1159726.5,11486.73,4852.94,2024-09-05,2028-09-04,2025-10-22,565079.74,Approved,Douglas Ferguson,,2023-01-03
POL-0000866,,CUST-73654,David Wolf,963-80-3877,david23@example.net,652.307.2623,39499 Lee Fall,43622,TX,Commercial,1217526.04,13526.27,9443.61,2021-01-10,2025-01-09,2022-01-05,890157.68,Rejected,Phillip Sherman,,2024-07-04
POL-0000867,CLM-00000867,CUST-77237,Juan Johnson,766-42-7447,kristy51@example.net,(503)627-8723,3544 Duke Mountain,24273,IL,Life,1573137.23,14045.66,9508.51,2020-11-14,2025-11-13,2024-04-19,898771.6,Submitted,,,2021-10-25
POL-0000868,CLM-00000868,CUST-57878,Angela Ward,625-68-4160,berrytiffany@example.com,(578)227-5986x0689,738 Cabrera Dam,20285,TX,Health,737843.15,2295.08,2347.12,2020-08-20,2023-08-20,2021-02-24,260971.79,Rejected,Brian Hernandez,,2026-02-26
POL-0000869,CLM-00000869,CUST-63446,Patrick Brown,912-47-6116,mitchelldavid@example.org,7019567539,52195 Pugh Harbor Suite 470,73181,NY,Health,368881.73,1723.26,9112.72,2022-04-16,2027-04-15,2024-05-28,165788.26,Rejected,,,2025-12-27
POL-0000870,CLM-00000870,CUST-38742,Patricia Brandt,999-40-3380,bentleydennis@example.net,388.465.5671x7343,07393 Fletcher Stravenue,66837,CO,HEALTH,1865030.8,20907.29,9812.64,2020-11-12,2023-11-12,2022-09-08,116123.41,Rejected,Jennifer Reid,,2025-11-13
POL-0000871,CLM-00000871,CUST-14396,James Henry,581-27-5714,iford@example.com,618.544.0926x564,72696 Jessica Motorway,85818,NC,Health,1942246.47,23024.24,1309.98,2020-11-11,2025-11-10,2023-10-01,600092.51,Rejected,,,2026-01-18
POL-0000872,CLM-00000872,CUST-12905,James Rodriguez,653-42-2332,andersonsteve@example.net,347.990.0889x87673,814 Cantrell Light Apt. 696,15631,WA,Life,1246550.38,10437.38,7039.79,2025-03-06,2030-03-05,2025-09-22,481949.38,Rejected,Caleb West,,2025-06-07
POL-0000873,CLM-00000873,CUST-71050,Sarah Turner,749-36-7973,tara53@example.org,+1-613-766-3810x8743,2176 Elizabeth Alley,85203,TX,Life,1472379.29,6530.66,3211.81,2024-04-23,2027-04-23,2025-01-21,191050.37,Approved,Douglas Ferguson,,2025-06-28
POL-0000874,CLM-00000874,CUST-94240,Courtney Farmer,618-22-8477,hartmannicholas@example.org,(639)828-9191,4765 Allen Forges Apt. 225,95250,CO,Commercial,1551716.17,21987.61,1025.83,2021-11-08,2023-11-08,2022-09-17,1042302.96,Under Review,,,2024-11-04
POL-0000875,CLM-00000875,CUST-88590,Madison Solis,821-61-8496,miranda23@example.org,562.381.4159,88098 Michelle Loop Apt. 159,,TX,Commercial,432143.06,3334.07,9571.47,2024-08-27,2025-08-27,2024-12-04,164215.81,Rejected,Randy Brown,,2021-10-12
POL-0000876,CLM-00000876,CUST-74181,Amy Wagner,196-44-2050,kmorrison@example.net,(233)450-4915x46361,257 Jasmine Club Apt. 863,24705,GA,Commercial,882270.23,3757.1,6724.28,2021-09-30,2026-09-29,2024-09-07,47552.66,Under Review,Louis Moyer,,2025-09-22
POL-0000877,CLM-00000877,CUST-24547,Lauren Spencer,929-27-8406,brian23@example.com,+1-865-576-2490,9093 Jane Square Apt. 281,75163,TX,Life,991041.68,3079.7,3704.6,2025-04-02,2030-04-01,2025-09-19,43169.68,Under Review,,,2024-05-02
POL-0000878,CLM-00000878,CUST-30146,Joseph Lee,569-38-2790,marissanolan@example.com,+1-561-474-9406x558,5397 Julie Mission Apt. 090,25822,GA,Home,1780312.67,8266.91,2713.75,2023-08-25,2027-08-24,2024-03-27,1364287.01,Settled,Dr. Tina Reyes MD,1157480.39,2025-04-24
POL-0000879,CLM-00000879,CUST-22092,Samantha Baker,944-67-9195,stephaniemoore@example.org,364-514-6524x86846,7538 Jordan Parkways,00000,IL,Health,1679257.76,10432.56,5533.41,2022-07-28,2027-07-27,2022-10-30,194242.51,Rejected,Brett White,,2025-02-17
POL-0000880,CLM-00000880,CUST-72416,Yvonne Mcbride,997-41-8698,pjordan@example.com,001-750-709-7283x5846,1733 Lori Walks,16973,CA,Health,44376.9,244.81,6281.44,2024-01-20,2026-01-19,2024-08-26,3847.96,Rejected,,,2024-11-22
POL-0000881,CLM-00000881,CUST-89678,Gregory Bailey,863-26-9071,lindseymaxwell@example.net,3544021675,474 Michelle Row Suite 315,84752,NC,Health,973238.93,14251.67,1666.58,2025-02-09,2029-02-08,2025-09-05,706690.75,Approved,,,2025-06-01
POL-0000882,CLM-00000882,CUST-20052,Joshua Daniels,705-72-4504,cody54@example.net,376.290.2518,738 Fisher Prairie Apt. 258,58591,GA,Commercial,1016910.39,7593.71,8238.08,2020-07-09,2025-07-08,2025-02-01,174901.58,Settled,Kenneth White,113167.2,2025-04-12
POL-0000883,,CUST-10900,Joseph Foster,701-18-3212,garciajoseph@example.net,350-428-2907,61073 Lindsey Ford,16145,NC,Life,170569.74,1403.74,3323.8,2023-10-16,2024-10-15,2024-05-15,99442.5,Rejected,Louis Moyer,,2025-07-31
POL-0000884,CLM-00000884,CUST-66081,Donna Randolph,832-90-8653,matthewsscott@example.com,+1-355-451-5510x67606,173 Velasquez Mall,00835,NY,Life,1217734.68,9108.92,8497.79,2024-01-23,2026-01-22,2024-12-27,2958964.451505118,Under Review,Brian Hernandez,,2025-04-14
POL-0000885,CLM-00000885,CUST-13634,Debbie Webb,189-43-3178,xdickerson@example.org,+1-872-944-8802x7087,399 Austin Shoal,35817,NY,Auto,876964.69,9262.15,4986.53,2024-04-10,2026-04-10,2026-01-01,291286.51,Rejected,Michelle Davis,,2026-01-05
POL-0000886,,CUST-63227,Sarah Johnson,245-72-7567,zimmermanronald@example.net,5227838498,43856 Julie Ranch,1234,GA,Auto,486315.16,4012.46,7208.79,2021-12-18,2024-12-17,2022-12-25,14652.3,Rejected,Brian Hernandez,,2023-01-29
POL-0000887,CLM-00000887,CUST-25428,Javier King,334-20-1382,ginalozano@example.org,001-945-377-4774x24506,91237 David Mission Apt. 105,35795,GA,Home,874162.55,6218.49,7840.16,2024-10-04,2029-10-03,2025-08-07,448187.82,Rejected,Eric Butler,,2025-05-28
POL-0000888,CLM-00000888,CUST-25422,Carolyn Hart,307-55-7728,jkhan@example.net,558-798-0963,383 Young Circles Apt. 340,1234,CA,Commercial,1406458.59,13637.71,992.58,2022-01-05,2018-07-05,2022-09-18,558145.15,Settled,John Meyer,512554.09,2025-03-17
POL-0000889,CLM-00000889,CUST-87809,Kevin Rose,952-56-1020,christinaharrington@example.net,230.763.4353x302,616 Mcgee Harbor Suite 081,15346,NY,Home,810482.65,10448.31,6901.21,2020-12-02,2021-12-02,2021-10-30,46600.58,Rejected,Eric Butler,,2025-12-20
POL-0000890,,CUST-92791,Sean Armstrong,400-36-3523,shelbysmith@example.org,001-840-533-4418x6074,724 Jeremy Fork Apt. 225,88829,FL,Home,351540.41,749.09,1793.92,2023-11-02,2027-11-01,2024-07-07,63847.77,Approved,,,2026-01-24
POL-0000891,CLM-00000891,CUST-17289,Mike Osborn,484-98-9465,michaelmartin@example.org,274.552.4120,904 Peterson Motorway Suite 572,23488,NY,Home,1796759.24,22606.73,6051.46,2021-06-20,2024-06-19,2024-06-01,1357127.49,Under Review,John Meyer,,2024-08-14
POL-0000892,CLM-00000892,CUST-38003,Rachel Mooney,869-12-8717,jacksonmarie@example.net,001-755-370-0723x53187,67083 Frederick Ranch Suite 499,36547,TX,Health,1055405.58,12396.69,3925.25,2025-03-23,2028-03-22,2025-11-20,715804.11,Submitted,,,2025-07-10
POL-0000893,,CUST-78780,Jerry Miller,494-73-6213,carterbrian@example.com,733.943.5613,0629 Heather Ways,69168,FL,Auto,1484593.95,16970.16,6422.74,2024-02-17,2025-02-16,2024-03-20,490109.81,Approved,Phillip Sherman,,2025-05-07
POL-0000894,CLM-00000894,CUST-12222,Kathleen Harrington,564-52-9058,clee@example.org,(721)296-6077x8500,442 Silva Plains,89997,GA,Auto,1674337.94,10012.97,3918.07,2023-02-08,2026-02-07,2023-08-15,423423.04,Approved,Jesse Tyler,,2024-08-09
POL-0000895,CLM-00000895,CUST-50708,Michael Evans,270-45-2011,rvance@example.org,6343786556,635 James Spur Suite 109,98463,IL,Life,373513.09,2692.01,3085.72,2023-02-24,2028-02-23,2024-01-06,90961.79,Submitted,,,2026-04-07
POL-0000896,,CUST-93961,Ryan Blankenship,281-27-3486,jennifer13@example.org,204-367-2742x93111,378 Mary Branch Apt. 314,51357,GA,Auto,167686.38,2316.76,4364.35,2024-09-21,2027-09-21,2026-03-07,134030.35,Rejected,Michelle Davis,,2025-06-18
POL-0000897,CLM-00000897,CUST-46441,Hunter Buckley,834-22-8595,chelseamorales@example.net,759.824.3114x2119,6265 Wayne Coves,56781,NC,Health,322139.76,4200.35,5348.14,2022-09-18,2027-09-17,2024-05-02,96815.83,Approved,Ashley Mcclain,,2024-05-31
POL-0000898,CLM-00000898,CUST-95168,Katherine Hunter,671-58-2693,duncancarol@example.org,+1-605-722-6539x7462,80367 John Lodge,61863,IL,Home,1224584.73,12207.07,6655.36,2020-06-05,2025-06-04,2021-07-28,927433.54,Approved,Brett White,,2025-09-07
POL-0000899,CLM-00000899,CUST-57497,Brett Peters,590-45-2477,ryanchristian@example.org,922.477.3228x096,089 Mike Road Apt. 078,13378,FL,Life,1696933.03,19147.46,4865.81,2023-01-23,2024-01-23,2023-12-03,301895.23,Rejected,,,2025-08-09
POL-0000900,CLM-00000900,CUST-80623,Christina Dominguez,496-82-5859,michaelgraves@example.org,001-415-947-2492x6409,287 Bennett Ramp Suite 398,23012,TX,Life,1359806.83,18546.88,755.25,2021-03-17,2022-03-17,2021-05-04,290554.15,Rejected,Ashley Mcclain,,2024-06-08
POL-0000901,CLM-00000901,CUST-78244,Holly Ward,878-39-6200,ruthgill@example.org,937.351.4100,2101 Williams Heights,92015,WA,Home,114042.07,377.82,2044.38,2023-09-05,2028-09-03,2024-07-20,196229.83263549604,Under Review,Ashley Mcclain,,2024-12-02
POL-0000902,CLM-00000902,CUST-18370,Jeffrey Fletcher,254-52-6488,wrightann@example.net,+1-795-222-5128,650 Jessica Drives Apt. 876,39666,NY,Auto,443613.01,2123.84,1563.59,2024-04-19,2029-04-18,2025-07-10,29849.93,Submitted,,,2025-09-07
POL-0000903,CLM-00000903,CUST-33308,April Hamilton,772-15-7975,webbjeffrey@example.net,(435)931-9095x6534,642 Pope Lane Apt. 387,999,NC,Auto,247367.43,1755.41,7876.12,2021-12-07,2024-12-06,2022-03-16,170832.36,Rejected,Ashley Mcclain,,2025-01-19
POL-0000904,CLM-00000904,CUST-49812,Keith Contreras,170-18-2263,qolson@example.org,(653)431-8452,0908 Reyes Junction,02793,TX,Life,17024.57,40.43,3747.89,2023-05-09,2028-05-07,2023-12-10,2158.45,Settled,Eric Butler,1969.94,2024-07-07
POL-0000905,CLM-00000905,CUST-70778,Charles White,807-67-2493,brendahoward@example.net,623-921-7657x225,0778 Jordan Turnpike,22648,IL,Health,1724284.08,23468.86,3288.05,2021-06-28,2022-06-28,2022-03-26,462561.96,Approved,,,2024-12-19
POL-0000906,CLM-00000906,CUST-66595,Robert Cline,619-75-1350,vsmith@example.com,582-797-4240,44525 Long Greens,49492,CO,Health,1747950.78,19580.3,2709.29,2022-12-20,2024-12-19,2023-10-21,749742.05,Rejected,Michelle Davis,,2025-06-15
POL-0000907,CLM-00000907,CUST-75786,Kyle Silva,477-47-7299,mark12@example.org,766.944.7728x9415,9118 Mike Mountain Apt. 950,94875,IL,Health,320888.36,4257.43,4991.03,2024-02-22,2027-02-21,2024-04-11,7202.71,Submitted,,,2024-08-16
POL-0000908,,CUST-44358,Heather West,671-78-7652,rogercastillo@example.net,275-649-6529x888,3000 Mark Ports,90226,NY,Home,223636.66,1677.78,573.31,2023-10-31,2028-10-29,2026-01-18,22919.98,Under Review,Michelle Davis,,2026-01-15
POL-0000909,CLM-00000909,CUST-83874,Charles Thompson,820-91-8327,millerjoyce@example.com,9405464045,0717 Wilson Courts,33902,WA,life,741482.8,9739.82,3630.08,2023-10-26,2026-10-25,2025-12-07,546255.12,Approved,Phillip Sherman,,2024-05-13
POL-0000910,CLM-00000910,CUST-47969,Dr. Jocelyn King,390-34-3392,denise87@example.org,937.525.2473x8069,1519 Choi Garden Apt. 637,34870,CO,Health,1648299.52,18523.09,9016.37,2023-07-18,2024-07-17,2024-07-12,456777.39,Under Review,Caleb West,,2026-03-18
POL-0000911,CLM-00000911,CUST-33331,Jeffery Davidson,729-97-5033,ekelley@example.com,455-439-0490,81621 West Mount,30692,CO,Auto,857922.16,9835.3,8871.97,2022-09-30,2023-09-30,2022-11-17,489430.05,Settled,Randy Brown,311561.95,2025-04-28
POL-0000912,CLM-00000912,CUST-10945,Johnny Sanchez,308-73-5225,kathryncarter@example.org,792-971-8339,9397 Heather Stream,18591,CO,Life,195190.28,705.23,1713.94,2022-06-29,2026-06-28,2023-03-31,351847.33487660624,Submitted,,,2024-09-17
POL-0000913,CLM-00000913,CUST-14769,Scott Murphy,150-98-9128,dparsons@example.net,413-914-5677x51032,06255 Eric Underpass Apt. 607,61330,AZ,Auto,1242905.6,9712.33,1159.1,2021-06-17,2022-06-17,2021-12-22,923285.41,Settled,Louis Moyer,844316.2,2024-08-13
POL-0000914,CLM-00000914,CUST-47219,Sabrina Rodriguez,608-63-6057,joan54@example.net,279.860.0271x520,551 Matthews Fort,,GA,Commercial,777611.95,2191.59,2999.57,2020-06-06,2023-06-06,2021-11-01,618768.28,Under Review,Victor Morgan,,2025-01-21
POL-0000915,CLM-00000915,CUST-25741,Mark Walker,716-80-1474,valentinecraig@example.com,+1-679-598-5375x0301,39700 Aguirre Fork,41491,CO,Auto,1025356.11,10001.81,7784.43,2023-12-05,2027-12-04,2026-01-25,306905.57,Submitted,,,2025-04-29
POL-0000916,CLM-00000916,CUST-61085,Joshua Eaton,959-61-3195,harrisonchristine@example.org,+1-969-288-6789x7090,157 Owens Lights,07829,WA,Health,722943.72,1960.4,1195.75,2020-05-08,2021-05-08,2021-03-13,10330.48,Under Review,Jesse Tyler,,2025-03-16
POL-0000917,CLM-00000917,CUST-31263,Gregory Wells,382-62-8930,grayrebecca@example.org,717.550.0942x66384,9950 Heather Fords,07356,AZ,Home,1023275.76,10886.34,7519.57,2020-08-01,2021-08-01,2021-01-13,665130.26,Under Review,Wendy Smith,,2024-02-01
POL-0000918,CLM-00000918,CUST-48496,Monica Wilson,191-17-9322,tblake@example.org,682.393.8673x9528,968 Wilkerson Field Suite 091,73132,CA,Commercial,1842812.99,19523.2,897.3,2020-12-11,2025-12-10,2025-10-20,657213.32,Submitted,,,2025-03-04
POL-0000919,CLM-00000919,CUST-74943,Fernando Erickson,275-32-5649,fjenkins@example.com,808-931-4872x43155,2499 Sarah Avenue Apt. 396,32396,NC,Auto,1314967.02,8634.91,3577.36,2022-07-29,2026-07-28,2023-03-01,943518.16,Settled,Denise Green,579657.07,2024-10-17
POL-0000920,,CUST-20054,Tim Luna,779-16-1865,ythomas@example.com,(468)226-0716,5128 Grant Divide Suite 336,42203,NY,Auto,523870.45,6609.63,9655.54,2021-07-07,2023-07-07,2023-06-08,414174.56,Settled,Ashley Mcclain,303930.14,2025-02-12
POL-0000921,CLM-00000921,CUST-46812,Vincent Acevedo,350-90-8991,ianguerrero@example.net,565-787-6119,48219 Costa Ford Suite 815,31614,IL,Home,461623.22,3172.92,4438.81,2023-02-15,2028-02-14,2024-10-01,81055.09,Approved,Douglas Ferguson,,2024-10-11
POL-0000922,CLM-00000922,CUST-34127,Alexis Garza,619-61-4358,pschwartz@example.net,266.257.1893x72209,65108 Amanda Camp,68883,GA,Commercial,1916109.28,20079.5,9177.46,2025-01-19,2030-01-18,2025-04-21,319872.93,Settled,,224139.08,2024-06-17
POL-0000923,CLM-00000923,CUST-45260,Katrina Chambers,909-22-7542,dsmith@example.net,(806)242-3945x940,1965 Peterson Orchard,73378,WA,Health,1942785.05,14783.09,8459.54,2023-08-01,2024-07-31,2024-03-07,1254933.96,Under Review,Karen Miller,,2025-09-01
POL-0000924,,CUST-62960,Kevin Grimes,683-64-7058,inoble@example.net,669-826-7187x20465,96406 Andrew Stravenue,56066,TX,Auto,1665644.58,14402.0,4005.54,2024-09-18,2026-09-18,2025-11-30,3648754.3334448645,Approved,,,2026-02-10
POL-0000925,CLM-00000925,CUST-42468,Sonya Burton,137-17-3423,kelly69@example.org,001-520-796-6408x771,1337 Dustin Port,35671,FL,Auto,917619.55,12110.22,957.74,2023-01-16,2025-01-15,2023-12-05,248940.76,Under Review,Phillip Sherman,,2025-12-11
POL-0000926,CLM-00000926,CUST-74314,James Berry,347-24-8921,cferguson@example.com,001-742-347-2215x5223,1954 Caitlyn Falls Apt. 674,999,IL,Life,245262.57,2995.3,1265.89,2021-08-11,2025-08-10,2022-05-05,69123.43,Under Review,Eric Butler,,2026-02-25
POL-0000927,CLM-00000927,CUST-30839,Theresa Rice,938-65-4890,thomas48@example.net,512.282.8478,3324 Thomas Court,74898,GA,Health,1534369.57,14593.67,5079.08,2022-10-07,2023-10-07,2023-05-08,972729.63,Settled,Phillip Sherman,657637.23,2024-03-11
POL-0000928,,CUST-41532,Jeremy Manning,745-82-9823,whitemark@example.com,417-530-6505,31730 John Pines,,GA,Commercial,1243971.2,10903.28,7754.29,2022-06-01,2027-05-31,2025-02-16,362263.76,Under Review,Karen Miller,,2022-10-02
POL-0000929,,CUST-71912,Margaret Pratt,988-55-7206,gonzalesjacqueline@example.net,(665)490-4382,2384 Brian Rapid,,AZ,Auto,1194192.69,7242.84,4788.64,2021-01-23,2024-01-23,2022-05-08,96016.12,Under Review,,,2024-01-28
POL-0000930,,CUST-64208,Philip Bradley,313-75-6961,nsingleton@example.com,+1-434-870-9570x28872,854 Nicholas Meadows,00000,TX,Home,1218831.5,2890.05,2183.83,2020-08-27,2021-08-27,2021-06-04,247326.25,Under Review,Eric Butler,,2023-12-09
POL-0000931,CLM-00000931,CUST-35144,Miss Catherine Smith,654-20-6106,erica70@example.com,320-716-9098x51305,716 Whitney Fords Suite 820,29151,WA,auto,1553995.84,4253.6,1595.57,2022-12-14,2023-12-14,2023-03-12,1241544.19,Approved,John Meyer,,2025-12-26
POL-0000932,CLM-00000932,CUST-58469,Craig Day,681-27-3235,john16@example.org,(419)412-5588,5543 Brown Pine Apt. 676,92770,AZ,Health,691798.47,9484.33,2036.98,2025-04-08,2026-04-08,2025-09-22,1138395.592312131,Under Review,Jennifer Reid,,2025-06-23
POL-0000933,CLM-00000933,CUST-77902,Stephanie Jimenez,494-30-8977,nicole86@example.org,+1-754-580-8314x97091,38288 Thomas Squares,12859,NC,Life,612243.15,9053.65,6466.4,2021-09-09,2025-09-08,2024-07-31,38396.06,Submitted,,,2024-05-17
POL-0000934,CLM-00000934,CUST-26359,Cristian Padilla,742-65-8108,jacobsmason@example.com,281.560.0024x00716,902 Rachel Motorway,83316,CA,Auto,653035.19,7218.56,8998.58,2020-10-26,2023-10-26,2021-06-12,1400851.519537131,Under Review,Jennifer Reid,,2026-03-22
POL-0000935,CLM-00000935,CUST-68859,Margaret Shah,142-18-8701,ycarter@example.net,001-295-785-2460x448,180 Castro Parkways,,FL,Health,1119047.34,16071.05,7017.05,2020-09-24,2025-09-23,2021-02-26,2450773.6380476407,Rejected,Wendy Smith,,2024-12-24
POL-0000936,CLM-00000936,CUST-47097,Lisa Crawford,365-15-2017,pbrewer@example.org,272.399.7704,8365 Jason Valleys,44941,CA,auto,1296147.22,6864.67,9804.59,2021-11-10,2024-11-09,2022-04-08,919348.76,Rejected,Caleb West,,2025-03-16
POL-0000937,CLM-00000937,CUST-34349,Melinda Miles,326-29-8245,christopherthompson@example.org,804-980-4586,994 Anna Mountain,44265,FL,Auto,262819.47,2692.81,7839.14,2024-03-08,2026-03-08,2025-08-07,149872.79,Rejected,Louis Moyer,,2025-04-26
POL-0000938,CLM-00000938,CUST-49927,Isaac Carson,592-64-5587,carterkenneth@example.net,+1-275-421-4721,3472 Norman Prairie,23112,CO,Commercial,1759479.21,10852.79,7173.48,2025-01-10,2026-01-10,2025-10-20,312217.71,Settled,Karen Miller,206220.14,2024-07-01
POL-0000939,CLM-00000939,CUST-30665,Danielle Butler,755-62-8243,ballardjames@example.com,001-663-563-6399x660,2585 Carl Gardens,48577,TX,Home,406478.42,2334.17,2741.39,2021-12-02,2024-12-01,2022-04-29,153842.44,Approved,,,2024-05-05
POL-0000940,,CUST-15238,Anthony Perry,430-53-4748,uball@example.net,(298)220-0497,03936 Brock Lake Suite 168,16509,NC,Auto,580475.35,7901.94,3660.56,2025-02-11,2026-02-11,2025-09-12,422970.1,Rejected,Renee Patel,,2024-11-08
POL-0000941,CLM-00000941,CUST-18180,Wendy Davis,325-44-8728,mike75@example.org,+1-301-357-1852,90687 Mckee Falls,38544,AZ,auto,1970063.23,10944.83,6263.87,2022-07-29,2025-07-28,2022-08-02,3359492.9540997865,Settled,Louis Moyer,849533.41,2024-12-20
POL-0000942,,CUST-19211,Gregory Hughes,328-16-9731,kristen65@example.org,001-314-600-7486x205,05327 Morgan Rapid Suite 327,76989,NY,Life,675400.86,7817.5,9216.24,2021-09-20,2026-09-19,2025-10-24,380543.99,Submitted,,,2025-11-23
POL-0000943,,CUST-94938,Alexander Benitez,563-63-3283,hendersonjeffrey@example.org,821.385.2380x0363,073 Mark Summit,83050,WA,health,218334.11,2593.08,5852.91,2021-12-14,2023-12-14,2023-11-20,333338.30771695485,Rejected,Karen Miller,,2021-06-12
POL-0000944,CLM-00000944,CUST-42572,Joy Acosta,323-22-3350,debramaldonado@example.org,(303)980-7384x2432,1861 Dickerson Inlet,53418,GA,Auto,1282334.72,18101.57,1627.55,2024-06-20,2025-06-20,2025-03-23,151918.2,Settled,Renee Patel,96954.33,2021-12-02
POL-0000945,CLM-00000945,CUST-96637,Kenneth Gaines,769-78-8850,amandacarey@example.org,+1-407-938-0884x8738,795 Larson Club Apt. 072,97741,TX,Health,1806743.27,11981.18,5348.12,2022-03-18,2023-03-18,2022-04-30,409743.7,Settled,Ashley Mcclain,290749.68,2024-04-30
POL-0000946,,CUST-59877,Mr. Mark Cole,518-62-6419,hgarrison@example.net,(416)391-0438x46249,9129 Thomas Island Suite 454,76498,NC,Health,1746212.73,10633.14,2286.29,2020-08-07,2022-08-07,2021-02-03,1129804.77,Submitted,,,2023-12-08
POL-0000947,CLM-00000947,CUST-41670,Robert Woods,889-40-4454,eporter@example.com,001-914-830-7973x89918,1115 Lawrence Grove Suite 028,16288,GA,Auto,1903762.08,22956.65,5836.85,2021-12-22,2023-12-22,2022-11-18,575793.97,Under Review,,,2025-01-25
POL-0000948,CLM-00000948,CUST-83805,Nancy Cervantes,978-28-1247,nicholasbradford@example.net,001-548-352-9008x044,23567 Eric Track Apt. 723,34931,WA,Auto,1363025.92,11993.44,5359.43,2023-05-07,2028-05-05,2025-11-13,469968.68,Approved,Ashley Mcclain,,2024-12-24
POL-0000949,CLM-00000949,CUST-63575,Jamie Lee,289-94-1932,chavezdale@example.net,650-227-0314x2740,51046 Gregory Harbors,73892,AZ,Home,1804479.95,7494.38,6158.64,2024-06-02,2028-06-01,2024-11-01,217018.85,Rejected,Louis Moyer,,2026-01-16
POL-0000950,CLM-00000950,CUST-63057,Jill Wilson,527-28-8407,xwalker@example.org,001-216-278-3233x7381,7718 Nunez Lane Suite 073,51868,FL,Auto,427923.41,5246.16,4997.14,2021-01-28,2023-01-28,2022-11-15,44367.34,Settled,Caleb West,29021.41,2025-03-15
POL-0000951,CLM-00000951,CUST-78011,Rebecca Jackson,624-30-3135,thomas11@example.org,001-287-446-2670x142,606 David Burgs,02364,FL,Home,34877.11,127.35,3295.78,2023-05-12,2024-05-11,2023-09-14,15385.73,Submitted,,,2025-03-26
POL-0000952,CLM-00000952,CUST-53825,Lisa Andrews,617-70-9275,allison79@example.org,+1-576-926-7486,0328 Taylor Dale,87198,AZ,Life,1189517.2,6602.35,9983.57,2022-03-11,2025-03-10,2022-08-07,213078.29,Submitted,,,2024-12-10
POL-0000953,CLM-00000953,CUST-11597,Joan Clark,792-34-8877,krystal77@example.net,202-771-9272x391,8943 Angela Unions Apt. 492,27980,NY,Home,1084770.39,10146.53,4197.63,2023-11-16,2025-11-15,2025-08-06,790075.8,Rejected,Phillip Sherman,,2025-02-28
POL-0000954,CLM-00000954,CUST-26058,Brian Davis,826-83-5110,crossbarbara@example.org,+1-800-858-4240x51525,0809 George Unions Suite 626,23370,GA,Auto,1115354.85,14206.58,1110.06,2024-02-29,2026-02-28,2025-07-04,35032.43,Rejected,Karen Miller,,2025-04-28
POL-0000955,CLM-00000955,CUST-90767,Sierra Lucas,378-88-8552,john67@example.com,(870)331-0861x0948,8626 Dixon Burg Apt. 022,69221,CA,Commercial,971430.65,4723.21,725.08,2021-12-26,2024-12-25,2022-11-10,2560665.856412881,Under Review,Eric Butler,,2025-10-25
POL-0000956,CLM-00000956,CUST-50493,Derrick Alexander,174-44-9827,pfleming@example.org,(711)967-8841,9344 Derek Freeway,37325,AZ,Home,290133.23,2240.48,6429.28,2020-07-25,2024-07-24,2022-11-17,85614.55,Under Review,Victor Morgan,,2025-01-27
POL-0000957,CLM-00000957,CUST-59685,Justin Morales,627-10-9875,toddkathleen@example.net,8809789295,36788 Smith Walks,25113,CO,Commercial,1467437.46,20514.1,5359.21,2020-04-19,2025-04-18,2020-07-01,323602.05,Settled,Ashley Mcclain,270030.53,2025-01-02
POL-0000958,CLM-00000958,CUST-79046,Joshua Mitchell,883-18-8795,balljoseph@example.org,(369)293-3418,25446 Moreno Mall,77060,WA,Auto,340727.33,4936.52,8193.65,2023-01-23,2025-01-22,2023-03-02,119679.63,Rejected,Jesse Tyler,,2025-11-06
POL-0000959,CLM-00000959,CUST-52068,Matthew Howard,128-13-4153,uscott@example.net,(489)542-5993x06908,3219 Victor Plains Apt. 394,64614,CA,Commercial,1931077.05,18317.1,8003.75,2021-11-25,2026-11-24,2023-03-12,967765.89,Approved,Karen Miller,,2024-11-16
POL-0000960,CLM-00000960,CUST-77942,Randy Conrad MD,585-17-4259,fburgess@example.org,(607)474-2396,784 Robert Alley,05174,NY,Life,1739559.01,23455.51,1358.01,2021-10-25,2025-10-24,2023-08-09,70662.53,Under Review,Victor Morgan,,2025-01-18
POL-0000961,,CUST-91787,Sherry Snyder,228-75-6650,xyu@example.org,+1-792-724-2148,86464 Curry Meadows,00560,NC,Home,1548490.24,12466.18,2895.85,2023-12-23,2028-12-21,2025-10-21,779721.03,Under Review,Douglas Ferguson,,2025-10-02
POL-0000962,CLM-00000962,CUST-41630,David Johnson,501-27-9987,sharonphillips@example.com,320.784.6424,9452 Shane Cove Apt. 801,17746,TX,Home,591052.05,6808.8,3337.14,2021-07-31,2022-07-31,2022-02-10,323888.69,Settled,Randy Brown,315673.97,2024-10-21
POL-0000963,CLM-00000963,CUST-18533,Derek Bryant,647-75-9471,williamsvictoria@example.net,(439)811-9494,97300 Brenda Wells Suite 919,10176,CA,Home,1378426.11,14826.0,6506.1,2020-10-12,2021-10-12,2021-09-19,323763.31,Rejected,Louis Moyer,,2025-03-17
POL-0000964,,CUST-46111,Michael Young,267-82-7658,amyschultz@example.com,223-386-9013,87524 Kenneth Spring Apt. 878,35668,AZ,Life,1693915.19,20533.94,4605.67,2021-04-06,2022-04-06,2022-01-01,315048.07,Settled,Douglas Ferguson,289877.23,2026-01-23
POL-0000965,CLM-00000965,CUST-48861,Claudia Holder MD,498-19-1996,martinezdanielle@example.net,6435270646,91960 Brian Haven,88590,AZ,Commercial,1457747.48,15991.69,1214.06,2023-04-17,2028-04-15,2025-01-01,4067462.8526923438,Settled,Denise Green,675476.88,2025-03-26
POL-0000966,CLM-00000966,CUST-51932,Adrian Horton,624-88-9336,anthony65@example.org,4179747373,26979 Clark Burg,28640,FL,Life,521518.11,7088.5,884.59,2021-09-30,2026-09-29,2022-10-16,51158.54,Rejected,Eric Butler,,2025-01-29
POL-0000967,CLM-00000967,CUST-25592,Ashley Smith,634-56-7818,bellamanda@example.org,001-354-282-4697x41817,880 Coleman Cape Apt. 293,00000,FL,Life,78414.46,398.31,2261.49,2024-11-04,2028-11-03,2025-04-02,39238.8,Approved,,,2025-01-20
POL-0000968,,CUST-69283,Jimmy Peterson,243-97-6026,tyronefrank@example.com,(646)581-4724x87777,39372 Mendoza River Suite 740,99603,AZ,Health,808735.98,9387.18,5949.87,2022-05-22,2023-05-22,2023-02-12,116289.46,Submitted,,,2023-02-18
POL-0000969,CLM-00000969,CUST-35637,Ashley Grimes,153-72-5874,stephencase@example.net,700-549-5598,12629 Fox Burgs,49851,WA,Auto,247013.7,966.57,6094.07,2023-08-13,2026-08-12,2025-09-01,120866.69,Approved,Jennifer Reid,,2024-08-24
POL-0000970,CLM-00000970,CUST-72675,David Sellers,762-14-4218,fbrown@example.org,992.875.4288x472,73704 Wolf Tunnel,71860,CO,life,707910.06,9020.55,1763.73,2022-12-06,2024-12-05,2023-01-13,491570.43,Submitted,,,2025-05-23
POL-0000971,,CUST-76169,Tyler Shaw,976-39-9142,woliver@example.net,7353045065,0910 Alexandra Tunnel,26339,TX,Home,1596997.36,19528.75,1688.76,2022-03-14,2024-03-13,2022-11-26,2887.99,Under Review,Michelle Davis,,2024-08-30
POL-0000972,CLM-00000972,CUST-56256,April Mcdonald,761-72-9772,mhill@example.com,889.753.6025x674,854 Kevin River Suite 071,39102,TX,Life,1560873.69,6953.08,7871.89,2021-01-02,2024-01-02,2023-09-30,502948.85,Under Review,Brett White,,2024-07-12
POL-0000973,CLM-00000973,CUST-90233,Sarah Thompson,715-33-7091,emilygonzales@example.com,+1-859-730-8503x4611,985 Joy Spring,63741,GA,Life,1958753.52,26663.08,1028.28,2020-10-05,2024-10-04,2023-10-23,1294345.7,Submitted,,,2024-05-23
POL-0000974,CLM-00000974,CUST-55837,Marie Smith,314-16-9337,balexander@example.net,940.368.4502,529 Jones Glens,06732,CA,Auto,590895.15,1606.65,4725.14,2024-12-09,2025-12-09,2025-07-25,10267.95,Under Review,Randy Brown,,2024-12-24
POL-0000975,CLM-00000975,CUST-77212,Jim Woods,703-41-5020,kgreene@example.net,728-282-0341x269,253 Yang Camp Suite 779,70913,FL,Life,938823.45,5241.77,3887.43,2024-12-16,2025-12-16,2025-02-23,367184.94,Submitted,,,2024-10-12
POL-0000976,CLM-00000976,CUST-21177,Taylor Schwartz,865-71-9181,dana99@example.net,001-560-671-6830x277,248 Young Prairie Suite 324,32902,NC,Health,1326444.69,18616.58,1982.5,2021-10-22,2023-10-22,2022-01-07,2464023.8386114114,Under Review,Brett White,,2024-05-13
POL-0000977,CLM-00000977,CUST-54380,Jordan George,548-12-8827,racosta@example.net,001-239-964-4824x867,22270 Brooke Square Suite 328,67322,GA,Life,1907112.64,5489.17,2731.29,2023-06-16,2026-06-15,2025-08-08,724939.65,Approved,Brett White,,2025-02-12
POL-0000978,,CUST-34544,Tracey Williams,184-12-7180,ricardoparker@example.com,3277323885,88250 Cook Expressway Suite 982,92040,TX,Health,444965.48,5819.79,8786.95,2024-06-03,2028-06-02,2025-01-29,111508.28,Under Review,Ashley Mcclain,,2025-06-09
POL-0000979,CLM-00000979,CUST-13252,Christian Anderson,799-83-5173,richard31@example.org,(789)740-3815,65405 Fuller Dam Apt. 557,68188,TX,Life,1917023.99,23438.12,2722.15,2024-01-06,2028-01-05,2024-09-03,493300.05,Settled,Brett White,370038.82,2026-01-19
POL-0000980,CLM-00000980,CUST-10320,Brandon Cruz,739-29-4568,torresjohn@example.com,(250)213-8164x210,1866 Andrade Key,35648,NC,Home,621449.37,6155.23,5302.67,2024-04-01,2029-03-31,2024-11-16,202677.34,Under Review,,,2025-05-26
POL-0000981,CLM-00000981,CUST-67808,Michelle Watson,550-13-7072,jamespeck@example.org,001-471-583-4898x1648,261 Hughes Points Suite 810,18956,NY,Auto,1254177.72,18583.74,3702.26,2022-10-27,2024-10-26,2022-11-23,170161.57,Under Review,Caleb West,,2025-11-21
POL-0000982,CLM-00000982,CUST-21961,Kent Lee,794-30-2978,sabbott@example.com,(861)226-9441x3912,4812 Parker Way,20288,WA,Auto,129418.02,1809.63,9273.52,2025-02-07,2029-02-06,2025-02-07,19974.94,Approved,Eric Butler,,2025-07-24
POL-0000983,CLM-00000983,CUST-76206,Stephanie Vaughn,583-25-4343,edwardsjonathan@example.net,001-744-387-5350x6896,1756 Joseph Street Suite 398,54672,CA,Health,1122796.53,8146.16,8775.28,2022-12-11,2025-12-10,2023-04-29,555962.84,Submitted,,,2024-09-04
POL-0000984,,CUST-33770,Mary Clark,986-18-3138,ricardo07@example.net,718.341.5429,19994 Tyler Mall Suite 242,73875,GA,Health,1915093.05,5073.12,6787.03,2020-11-26,2025-11-25,2023-06-30,473043.5,Submitted,,,2024-06-12
POL-0000985,CLM-00000985,CUST-61102,Cory Harris,582-44-7855,llopez@example.org,+1-537-304-2139x172,456 Stephen Underpass,13039,CO,Home,855978.5,6596.18,496.06,2022-05-15,2023-05-15,2022-08-29,81157.1,Under Review,Brian Hernandez,,2021-08-18
POL-0000986,CLM-00000986,CUST-38198,Rachel Perez,812-48-9909,marthajohnson@example.net,626.539.2495x26011,23030 Melinda Walk,91205,NY,Auto,1567150.64,10535.28,3291.95,2024-11-13,2029-11-12,2025-01-28,131460.51,Under Review,Jennifer Reid,,2025-04-15
POL-0000987,,CUST-68000,Melanie Carpenter,209-50-6478,logan57@example.com,278-679-5016,4017 Heather Shoal,95032,GA,Auto,689829.99,6057.85,6983.05,2021-12-01,2018-09-21,2024-07-11,165493.99,Rejected,John Meyer,,2025-02-14
POL-0000988,CLM-00000988,CUST-40502,Antonio Hancock,209-78-2649,lesliebowman@example.org,620.218.1362x10079,79892 Michelle Fords Suite 689,05043,WA,Commercial,313645.13,3054.58,4349.51,2021-06-22,2023-06-22,2021-09-05,179016.06,Rejected,Dr. Tina Reyes MD,,2026-01-01
POL-0000989,CLM-00000989,CUST-42967,Tyler Fleming,300-16-3452,kristenmay@example.org,(796)433-5100x64785,7297 Richard Pines,94144,GA,Life,401705.66,905.18,3007.3,2020-09-03,2025-09-02,2022-11-09,312964.77,Under Review,Eric Butler,,2025-03-17
POL-0000990,,CUST-69047,Jacob Hughes,885-36-9842,sherry96@example.com,846-474-0600,898 Tracy Mews,83949,TX,Health,49739.87,143.09,5337.59,2021-10-09,2024-10-08,2021-12-27,32079.35,Approved,,,2025-05-23
POL-0000991,CLM-00000991,CUST-72553,Diane Avila,200-53-3660,greenerachel@example.net,(325)771-5440x082,3855 Jones Valleys Apt. 728,67488,WA,Commercial,484485.94,6943.42,9883.42,2021-01-30,2025-01-29,2023-01-12,79807.61,Under Review,Dr. Tina Reyes MD,,2024-09-14
POL-0000992,CLM-00000992,CUST-40666,Cameron Patton DDS,729-17-4111,khammond@example.com,(977)296-4465x9408,133 Jennifer Ville,,TX,Home,1981132.56,18615.75,7831.79,2021-07-04,2026-07-03,2022-08-08,962478.98,Rejected,,,2024-08-30
POL-0000993,CLM-00000993,CUST-80011,John Summers,356-14-8488,leetimothy@example.net,+1-949-737-9696,15351 Michael Hollow Suite 768,74435,NY,Auto,1890749.1,9407.01,5823.64,2020-08-31,2021-08-31,2021-08-21,1170952.09,Settled,Wendy Smith,868672.89,2025-12-30
POL-0000994,CLM-00000994,CUST-77590,Antonio Ross,999-65-8557,ucooke@example.org,991.765.9530,2660 Zimmerman Fort,,WA,Commercial,1403834.94,17697.08,4869.09,2020-05-29,2024-05-28,2022-05-27,310207.73,Settled,Caleb West,308217.06,2024-05-26
POL-0000995,CLM-00000995,CUST-92341,Christopher Miller,604-15-7025,wbaker@example.org,001-399-404-3982x471,592 Rose Ports Suite 028,84800,WA,Home,1848523.63,14637.12,6602.49,2023-10-29,2026-10-28,2024-10-06,1315396.11,Under Review,Kenneth White,,2022-09-06
POL-0000996,CLM-00000996,CUST-64396,Desiree Jackson,896-80-9598,garciaryan@example.net,378-665-8737,56579 Hurley Parkway,35847,CO,Health,1774436.14,16328.96,4463.35,2023-07-08,2024-07-07,2024-03-06,1249254.88,Approved,,,2025-01-06
POL-0000997,CLM-00000997,CUST-33099,Erin Hester,132-23-9837,justin77@example.net,(750)286-2614x044,154 Williams Cape,74164,AZ,Home,1827117.77,13465.86,7036.48,2022-11-28,2025-11-27,2023-12-26,1099414.48,Under Review,Kenneth White,,2025-07-16
POL-0000998,CLM-00000998,CUST-19090,Sheila Steele,479-38-1034,wgarcia@example.com,908-660-3315,010 Morgan Green,84789,CO,Health,545031.48,2150.86,5063.25,2021-06-25,2026-06-24,2023-04-01,284341.41,Approved,Ashley Mcclain,,2024-10-29
POL-0000999,,CUST-63664,Brent Alexander,761-29-9137,edward56@example.net,4807091937,481 Robert Stream Suite 602,94211,FL,Auto,394787.48,5703.19,2965.69,2024-05-26,2028-05-25,2024-08-07,121879.63,Under Review,Jennifer Reid,,2025-01-28
POL-0001000,CLM-00001000,CUST-57797,Jessica Campbell,113-68-2061,guerrerohunter@example.com,877.929.6371x6299,7351 Osborne Summit,59759,GA,Life,1167151.3,5867.78,1762.72,2022-11-14,2027-11-13,2025-10-15,712654.32,Rejected,Louis Moyer,,2025-12-24
POL-0001001,CLM-00001001,CUST-92890,Karen Blake,554-53-8274,beasleymichelle@example.com,(405)876-3574x9016,9691 Jeffery Harbor Apt. 017,20480,GA,Commercial,875650.76,3147.52,1836.25,2024-04-11,2026-04-11,2024-07-19,243340.0,Approved,Jennifer Reid,,2023-07-03
POL-0001002,CLM-00001002,CUST-55342,Kimberly Hamilton,349-16-5129,tayloradams@example.org,8414516804,110 Barnes Gateway Apt. 016,12053,CA,Home,1741560.46,21554.72,2961.93,2022-08-15,2023-08-15,2023-08-12,584356.62,Approved,Michelle Davis,,2024-06-05
POL-0001003,CLM-00001003,CUST-72312,Bryan Wood,769-56-4516,crawfordlisa@example.org,+1-668-910-1889x366,96001 George Pike Apt. 299,69074,NY,Auto,1066306.2,10716.15,8179.12,2022-11-09,2024-11-08,2023-07-05,134752.64,Rejected,,,2024-04-20
POL-0001004,CLM-00001004,CUST-26973,Bradley Bennett,352-98-3464,danielwhite@example.org,(338)513-9849x49949,8832 Miller Viaduct,80201,NC,Commercial,397985.14,861.08,7502.99,2022-04-12,2024-04-11,2023-04-12,95481.85,Settled,,58690.26,2026-01-02
POL-0001005,CLM-00001005,CUST-78440,Bryan Mitchell,929-85-4977,johnsonjill@example.com,+1-261-758-8324x399,7276 Bobby Estate,79933,NC,Life,978706.68,9389.76,7114.93,2023-03-08,2025-03-07,2024-05-04,736206.39,Submitted,,,2025-06-06
POL-0001006,CLM-00001006,CUST-75427,Steven Lin,811-98-2274,ynguyen@example.com,001-899-942-6248x001,745 York Port Suite 711,45364,FL,Commercial,1540719.7,8786.36,8137.54,2023-01-20,2026-01-19,2025-05-07,235437.37,Approved,Renee Patel,,2024-08-15
POL-0001007,CLM-00001007,CUST-70806,Sean Thomas,901-10-5123,nicoleduncan@example.org,3405853976,782 Nunez Fall Apt. 427,56788,CO,Health,1510838.27,14165.85,8158.3,2024-01-12,2027-01-11,2024-09-26,1049893.13,Settled,Wendy Smith,903687.07,2025-10-01
POL-0001008,,CUST-53072,Kathryn Sanders,153-88-7787,klinejennifer@example.net,(336)650-1531x790,8838 Antonio Throughway,81022,FL,Life,268355.91,3471.67,3220.81,2021-10-29,2023-10-29,2023-09-24,158856.78,Approved,Jennifer Reid,,2026-01-01
POL-0001009,CLM-00001009,CUST-97608,Richard Martinez,350-80-9913,wnelson@example.net,001-921-757-6530x76799,332 Peter Stream Apt. 799,,NY,Life,1935038.7,28193.07,2297.89,2023-01-19,2026-01-18,2024-11-18,1158272.52,Settled,Renee Patel,920435.25,2026-03-13
POL-0001010,CLM-00001010,CUST-82018,Erica Newton,265-88-9698,jessica13@example.com,+1-497-267-5024x18519,0053 Ryan Islands,62637,CO,Auto,659673.98,6194.58,5161.84,2023-09-03,2025-09-02,2025-02-20,276770.96,Approved,Brian Hernandez,,2026-01-31
POL-0001011,CLM-00001011,CUST-55874,Lindsay Sullivan,450-62-8997,lawrence49@example.org,(723)743-2177x42965,748 Dunn Avenue Apt. 450,69360,IL,Home,1077142.15,6369.3,8495.11,2022-12-01,2027-11-30,2025-10-04,278804.47,Settled,Kenneth White,218872.99,2024-10-24
POL-0001012,CLM-00001012,CUST-46422,Christina Perez,924-77-8845,bmacias@example.net,001-263-939-4952,601 Webb Fort,31816,CA,Auto,84023.67,1079.81,5421.72,2023-02-09,2024-02-09,2023-10-09,16185.94,Approved,Ashley Mcclain,,2025-07-07
POL-0001013,,CUST-28468,Peter Hill,735-47-5425,jonesdaniel@example.org,+1-816-646-1344x77150,4154 Mitchell Streets,74450,AZ,Home,1854533.35,8879.96,6446.73,2024-08-12,2027-08-12,2024-08-26,802501.01,Settled,Denise Green,638341.29,2025-01-10
POL-0001014,CLM-00001014,CUST-68772,Maria Jones,903-15-2859,maddoxrhonda@example.org,001-601-722-5241x3601,276 Williams Cape Suite 340,42261,NY,Health,1148832.06,5272.91,4673.47,2021-07-31,2018-06-13,2024-06-25,220229.67,Submitted,,,2024-05-03
POL-0001015,CLM-00001015,CUST-74636,Benjamin Johnson,709-82-8666,jacob50@example.com,+1-860-693-6730x333,9592 Angela Lakes,69870,CA,Auto,1833614.61,14517.99,8977.35,2025-04-06,2026-04-06,2025-08-25,868619.94,Settled,,596389.68,2024-05-19
POL-0001016,CLM-00001016,CUST-39893,Martin Young,532-31-3982,jamesfletcher@example.com,577-884-0317x5529,89840 Cortez Green,28278,WA,Auto,1013302.9,8430.84,3002.5,2023-10-09,2024-10-08,2024-09-05,593164.65,Rejected,Dr. Tina Reyes MD,,2024-12-07
POL-0001017,,CUST-76433,Sheri Villanueva,620-64-2114,martinjonathan@example.net,534-657-1685x094,967 Kevin Inlet,95168,NC,Home,505926.55,3862.17,544.69,2023-01-01,2024-01-01,2023-01-05,52043.14,Submitted,,,2025-01-05
POL-0001018,CLM-00001018,CUST-86241,Kathryn Turner,429-73-3612,ekelly@example.org,001-786-242-5945x48946,6696 Tyler Park,30628,IL,Health,38854.52,544.44,5684.96,2024-02-09,2028-02-08,2024-12-04,24724.83,Submitted,,,2024-10-20
POL-0001019,CLM-00001019,CUST-37345,Donald Villa,843-59-9332,jackcarrillo@example.com,935.877.4539,8921 Brittany Cliff Suite 135,95237,TX,Health,1911825.1,27975.44,3655.61,2023-11-10,2028-11-08,2025-11-27,974116.17,Approved,Brian Hernandez,,2025-06-09
POL-0001020,CLM-00001020,CUST-93923,Tami Lawson,945-37-1681,gentrychristina@example.org,(305)761-9457x95107,358 Clark Course,50389,NC,Health,733677.5,8801.08,4843.39,2021-11-21,2022-11-21,2022-04-25,172574.27,Approved,Michelle Davis,,2024-06-27
POL-0001021,CLM-00001021,CUST-56879,Melanie Carroll,173-38-1432,hornsteven@example.com,001-981-208-4887,89637 Powell Crossing Suite 916,22015,AZ,Life,1804692.02,12716.7,8344.53,2021-10-15,2026-10-14,2025-09-07,1222534.29,Approved,,,2022-11-21
POL-0001022,CLM-00001022,CUST-85213,Deborah Foster,707-82-2281,longjohn@example.org,001-898-737-5520x6843,9107 Tracy Crossroad,49363,AZ,Commercial,1466950.55,19000.55,6619.99,2022-09-27,2024-09-26,2023-07-13,721596.67,Under Review,Kenneth White,,2024-12-30
POL-0001023,CLM-00001023,CUST-73143,Matthew Kennedy,975-99-3642,damon71@example.org,266-556-8704,8042 Jessica Plains,1234,FL,Home,205869.3,945.89,7678.94,2025-03-06,2029-03-05,2025-06-13,30716.49,Under Review,Renee Patel,,2026-02-12
POL-0001024,CLM-00001024,CUST-18293,James Smith,297-80-4104,bgeorge@example.org,+1-442-866-8323,87898 Anthony Orchard,37262,WA,Commercial,232178.87,777.41,5048.93,2020-10-04,2024-10-03,2024-09-21,185638.88,Submitted,,,2025-02-24
POL-0001025,CLM-00001025,CUST-52032,Daniel Roberts,112-34-6145,christina90@example.net,533-357-6323x094,6214 Brady Harbor Apt. 244,84453,AZ,Commercial,68054.27,323.32,3279.08,2022-05-23,2023-05-23,2023-04-23,19604.88,Approved,Caleb West,,2025-07-19
POL-0001026,CLM-00001026,CUST-61765,Paul Hill,193-49-5289,nthompson@example.net,(739)375-7627x86537,558 Rush Camp,20551,IL,health,1870621.83,5211.63,4712.87,2023-06-27,2024-06-26,2024-06-25,1308835.24,Approved,Dr. Tina Reyes MD,,2024-09-19
POL-0001027,CLM-00001027,CUST-32465,Matthew Blanchard,266-72-2381,barbara12@example.net,+1-775-530-1263,1045 Shelby Mountains Suite 014,61493,TX,Health,1213045.52,13127.66,3223.75,2020-08-01,2024-07-31,2021-05-19,293986.16,Submitted,,,2023-05-28
POL-0001028,CLM-00001028,CUST-41023,Kimberly Anderson,109-32-1110,ashley91@example.net,731-680-1020,4253 Linda Track Suite 300,82513,CA,Home,688573.58,6187.06,4199.96,2022-09-27,2025-09-26,2023-05-27,22362.78,Approved,Louis Moyer,,2025-11-06
POL-0001029,CLM-00001029,CUST-94119,Harold Morris,395-30-3426,lmills@example.org,378.215.5089x4136,115 Melissa Run,74972,IL,Home,385519.0,5285.17,343.65,2024-09-15,2026-09-15,2025-05-29,15654.86,Under Review,Kenneth White,,2024-11-21
POL-0001030,CLM-00001030,CUST-16367,Martha Lewis,177-35-7610,deantimothy@example.net,001-642-681-7966x7700,61858 Roberson Lake Apt. 002,22578,AZ,Life,1876915.13,10968.95,445.16,2022-02-03,2027-02-02,2025-10-15,1492501.79,Settled,,1037017.53,2025-10-21
POL-0001031,CLM-00001031,CUST-68026,Jennifer Pearson,430-28-2063,lgrimes@example.org,001-465-634-5945x91436,6459 Williams Lock,46235,CO,Life,1693606.07,6910.64,6158.12,2022-10-03,2023-10-03,2023-03-19,715272.47,Settled,John Meyer,618375.49,2024-04-26
POL-0001032,,CUST-27649,Cheyenne Oconnor,127-82-9017,mikaylacummings@example.com,001-412-469-5614,8853 Catherine Center Apt. 861,13801,GA,AUTO,447222.9,6234.3,2337.01,2022-06-11,2025-06-10,2025-03-30,504817.6346669651,Settled,Louis Moyer,5672.7,2022-03-15
POL-0001033,,CUST-87952,Randall Gray,276-68-9107,cherylsullivan@example.com,426-552-9160x89790,6709 Andres Ville Apt. 917,80490,CO,Life,1780754.68,9366.37,2327.47,2023-03-20,2027-03-19,2024-07-17,1087121.38,Under Review,Dr. Tina Reyes MD,,2025-05-25
POL-0001034,CLM-00001034,CUST-91867,Paige Tate,109-25-8329,osbornecharles@example.com,+1-570-436-7082x4236,479 Miller Port,,WA,Health,1044088.68,3381.92,4908.94,2022-12-02,2025-12-01,2023-04-01,411325.35,Under Review,John Meyer,,2025-06-15
POL-0001035,CLM-00001035,CUST-92922,Douglas Rogers,924-98-9439,gshaw@example.org,001-940-242-6657x7333,153 Ibarra Streets Apt. 862,96623,TX,Auto,1694383.41,13470.93,4417.21,2023-10-16,2027-10-15,2024-02-04,43988.35,Submitted,,,2026-03-21
POL-0001036,CLM-00001036,CUST-83412,Margaret Rios,106-24-3876,amanda65@example.com,703-654-9363,8887 Dillon Mews Apt. 789,74276,CA,Health,1455647.71,6890.89,451.91,2023-08-16,2026-08-15,2026-03-31,779611.52,Settled,Renee Patel,670738.49,2025-08-06
POL-0001037,CLM-00001037,CUST-68072,Dustin Cook,515-53-6443,robinsongregory@example.com,598.729.4113x22855,1956 Franco Estates Suite 091,20029,IL,Auto,1407053.07,19193.31,5696.76,2023-07-22,2024-07-21,2024-07-13,518538.94,Submitted,,,2026-02-03
POL-0001038,CLM-00001038,CUST-31305,Bobby Robinson,169-83-4358,brian83@example.org,503.372.3998x1597,48561 Heath Forks Suite 899,52096,CA,Auto,1006298.79,13301.35,5664.18,2022-07-18,2027-07-17,2024-07-26,2450274.3531133193,Under Review,Jennifer Reid,,2024-11-10
POL-0001039,CLM-00001039,CUST-12245,Richard Curry,830-46-7879,cynthia82@example.net,460.922.9983,18662 Jennifer Dam Suite 934,71669,FL,Health,1309985.92,16449.36,5616.27,2021-08-28,2026-08-27,2022-07-02,584330.56,Settled,Jesse Tyler,549793.19,2021-09-02
POL-0001040,CLM-00001040,CUST-40228,Jennifer Johnson,908-47-4262,mcdanielmichael@example.org,528.253.9889x0579,362 Angel Pine,80085,CO,Home,448898.39,3352.73,5162.11,2022-08-17,2025-08-16,2024-03-25,60397.45,Approved,,,2025-05-18
POL-0001041,CLM-00001041,CUST-72035,John Diaz,414-36-3801,greenandrew@example.com,313.467.4338x6759,3499 Kevin Rue,23566,CO,Commercial,1647065.68,10923.13,3422.57,2020-06-17,2022-06-17,2022-02-02,668109.22,Approved,Denise Green,,2025-10-24
POL-0001042,CLM-00001042,CUST-14093,Heather Blake,546-54-5136,banksbradley@example.com,(537)214-9976x58121,197 Elizabeth Burg Suite 196,40055,TX,Life,632721.74,7783.05,8193.24,2023-07-09,2026-07-08,2025-11-13,399414.08,Settled,Phillip Sherman,341896.72,2023-12-03
POL-0001043,CLM-00001043,CUST-27322,John Dudley,806-10-4043,mdavies@example.com,001-675-590-4147x14662,412 Jay Drive Suite 284,89947,FL,Life,1744691.28,6289.13,1658.85,2021-05-11,2024-05-10,2021-09-17,346728.08,Settled,Denise Green,331839.95,2024-04-22
POL-0001044,CLM-00001044,CUST-79955,Amanda Anderson,722-70-1969,amanda02@example.org,+1-717-955-1591,8072 Archer Turnpike Apt. 177,74867,FL,Home,1318042.47,3155.86,6441.56,2022-06-02,2023-06-02,2023-05-10,164685.42,Under Review,Eric Butler,,2022-07-14
POL-0001045,CLM-00001045,CUST-78714,Lori Monroe,394-23-1396,tburns@example.org,464-389-9515x7166,5957 Shields Crescent Suite 679,84166,GA,Commercial,852703.74,11790.69,6990.07,2023-06-27,2024-06-26,2023-10-26,519008.86,Submitted,,,2026-04-11
POL-0001046,CLM-00001046,CUST-41749,Elizabeth Solis,662-60-4140,prestonandrea@example.net,888-327-0003,25981 Ayala Mission,07235,AZ,Home,1377103.56,6433.92,4180.3,2021-10-24,2025-10-23,2023-08-04,509010.19,Under Review,Brian Hernandez,,2025-01-11
POL-0001047,CLM-00001047,CUST-32187,Vincent Holmes,627-95-1316,inewman@example.org,+1-751-990-0204x911,36968 Lang Port Apt. 231,23424,IL,Life,241480.48,1726.1,1125.25,2020-12-25,2022-12-25,2021-03-07,105605.65,Rejected,Brian Hernandez,,2024-05-27
POL-0001048,CLM-00001048,CUST-95071,Dennis Wallace,648-65-2455,vincent84@example.org,530-997-1216,891 Martinez Forest Suite 418,22216,CO,Health,1478606.2,13000.67,5840.39,2020-12-03,2022-12-03,2021-01-01,655783.15,Submitted,,,2024-12-23
POL-0001049,CLM-00001049,CUST-27161,Jennifer Lee,831-67-6243,landrydavid@example.org,936.935.8784,9089 David Club,59538,NY,Home,216882.21,2859.33,8918.75,2023-04-01,2028-03-30,2024-02-19,82389.03,Approved,John Meyer,,2024-04-20
POL-0001050,CLM-00001050,CUST-60674,Rebecca Patel DDS,891-30-7196,heidizuniga@example.org,215-404-1691,212 Carlos Grove Apt. 042,,IL,Health,1834522.35,5307.11,8840.32,2024-09-06,2025-09-06,2025-05-31,254398.49,Under Review,Eric Butler,,2025-06-01
POL-0001051,CLM-00001051,CUST-98843,Danny Calderon,838-19-4669,joshua37@example.org,(662)452-8670,1396 Walker Field Suite 635,25760,GA,Auto,948263.51,9070.14,8101.92,2024-07-31,2028-07-30,2024-09-07,37604.73,Settled,Randy Brown,33271.58,2025-11-08
POL-0001052,CLM-00001052,CUST-87317,Anna Hendricks,766-38-2180,michaelhines@example.org,767-552-7128x6872,4139 Mark Forest Apt. 906,30410,CO,Health,160010.84,476.83,9158.22,2022-10-27,2026-10-26,2023-12-12,67596.33,Settled,,49985.22,2025-10-29
POL-0001053,CLM-00001053,CUST-47548,Sharon Johnson,628-72-1374,jessica55@example.org,(288)661-1912x0116,638 Clark Parks Apt. 705,09228,NY,Commercial,550381.62,1714.92,8994.76,2023-03-28,2026-03-27,2025-05-16,165121.54,Rejected,Brett White,,2024-07-02
POL-0001054,CLM-00001054,CUST-12920,David Weeks,915-70-3991,vmunoz@example.org,349-649-4263x597,7759 Jones Ranch,12631,NY,Life,1634041.47,14439.74,2228.04,2022-01-07,2026-01-06,2022-07-20,3232187.078236777,Settled,Phillip Sherman,442134.82,2026-02-11
POL-0001055,CLM-00001055,CUST-16575,Michael Burke,819-69-3729,marissa72@example.org,001-351-380-9864x5904,3199 Rose Way,73768,GA,Home,405608.17,5126.37,6132.68,2021-12-04,2023-12-04,2022-04-27,224850.78,Rejected,Brett White,,2024-10-24
POL-0001056,CLM-00001056,CUST-95290,Kathryn Leonard,203-76-8133,wisedaniel@example.net,001-220-323-1340x24940,092 Ochoa Ferry,13132,FL,Auto,1436688.26,7014.17,3741.67,2023-11-19,2028-11-17,2025-11-06,919051.84,Approved,Douglas Ferguson,,2025-12-05
POL-0001057,CLM-00001057,CUST-34363,Jeremy Tran,236-42-4339,margaretwagner@example.org,348.556.2341x9835,00084 Johnny Flats,60821,IL,Commercial,1166170.11,3202.01,8368.39,2021-07-05,2023-07-05,2021-07-07,878468.98,Settled,Karen Miller,807728.64,2025-07-18
POL-0001058,CLM-00001058,CUST-50251,Elizabeth Diaz,360-48-4445,yjones@example.org,+1-424-618-0028,50232 Ford Tunnel,17029,CA,Auto,778461.13,2685.31,427.41,2024-04-07,2026-04-07,2026-03-22,477934.78,Under Review,,,2026-01-22
POL-0001059,CLM-00001059,CUST-11425,Charles Foster,171-86-4693,scottbaldwin@example.com,(782)574-0694x357,47949 Rice Brook Apt. 944,59726,AZ,Home,681203.03,8311.8,1898.51,2023-04-27,2026-04-26,2024-10-30,471890.46,Settled,,469728.98,2022-09-16
POL-0001060,CLM-00001060,CUST-74407,Amanda Stephens,299-49-6545,randolphzachary@example.com,338.470.9848x3584,98194 Ramirez Village Suite 222,00000,AZ,Health,1287594.08,2965.4,1269.2,2024-06-20,2027-06-20,2025-04-09,447105.24,Settled,Renee Patel,272234.6,2025-01-29
POL-0001061,CLM-00001061,CUST-27585,Kristen Day,236-35-2258,jonesjames@example.org,603-227-5350x82021,584 Reynolds Turnpike Suite 510,88895,IL,Home,654171.13,7098.78,7952.61,2022-06-17,2025-06-16,2024-11-03,19708.5,Rejected,Ashley Mcclain,,2024-10-15
POL-0001062,CLM-00001062,CUST-85184,Julia Lopez,540-60-8457,ssmith@example.com,(979)848-5956,8732 Karen Haven Suite 884,35372,WA,Commercial,35289.48,107.57,2264.74,2024-11-20,2026-11-20,2025-01-02,12646.49,Approved,Jesse Tyler,,2025-03-15
POL-0001063,CLM-00001063,CUST-59827,Courtney Petty,864-31-4799,brianbeck@example.org,406.543.4272,564 Levine Islands Apt. 084,42360,GA,Commercial,1389399.55,9729.08,6813.33,2025-02-04,2028-02-04,2025-12-07,515290.99,Rejected,Denise Green,,2024-10-16
POL-0001064,CLM-00001064,CUST-10685,Heather Williamson,959-43-6791,orichardson@example.com,(415)246-3803x733,32742 Lindsay Brooks,02818,CO,Home,1803773.37,15263.05,4247.93,2024-03-15,2029-03-14,2025-02-03,616932.15,Under Review,John Meyer,,2025-07-25
POL-0001065,CLM-00001065,CUST-94227,Alyssa Gonzalez,712-31-6717,fostercarolyn@example.org,+1-227-578-9880x0859,38306 Watson Trace,32693,TX,Commercial,512597.81,7274.62,9335.62,2020-07-25,2018-05-02,2021-05-16,143026.57,Submitted,,,2025-10-31
POL-0001066,CLM-00001066,CUST-33262,Don Kennedy,731-28-8456,bhughes@example.org,4414122636,7384 Sullivan Curve Apt. 378,64239,NC,Health,700411.45,7139.23,4201.3,2021-02-02,2022-02-02,2021-07-25,209121.55,Approved,John Meyer,,2024-07-31
POL-0001067,CLM-00001067,CUST-89769,Regina Perkins,324-35-4878,tinawilson@example.org,427.585.5291,278 Ross Path Apt. 734,49115,CO,Auto,31424.31,384.61,774.38,2024-04-15,2029-04-14,2024-12-03,17806.45,Rejected,,,2025-11-02
POL-0001068,CLM-00001068,CUST-60501,Lisa Ward,306-96-2772,davidmcintosh@example.org,+1-301-277-8854,5161 Brian Forges Apt. 785,22010,IL,Health,778957.7,3871.93,7498.28,2024-11-24,2029-11-23,2025-09-26,412271.5,Under Review,Ashley Mcclain,,2025-03-30
POL-0001069,CLM-00001069,CUST-51077,Derrick Smith,183-48-2161,rtorres@example.com,788-380-9802x9320,2927 Aaron Rue Suite 488,03961,FL,Health,1381588.52,17896.67,902.07,2024-12-22,2026-12-22,2026-03-08,669395.0,Settled,Dr. Tina Reyes MD,408172.59,2023-05-24
POL-0001070,CLM-00001070,CUST-32924,Erik Nixon,792-40-8451,brockjohn@example.com,+1-905-525-7887x67602,916 Chambers Inlet,38836,IL,Home,1898749.93,14057.32,1377.1,2022-05-20,2026-05-19,2024-01-06,349626.57,Rejected,,,2025-04-22
POL-0001071,CLM-00001071,CUST-76486,Megan Rivas,994-48-1159,leestephanie@example.org,(519)931-1742,400 Andrew Route,23425,CA,Commercial,1471141.73,5068.04,8324.97,2021-07-29,2026-07-28,2024-01-21,687504.77,Rejected,Louis Moyer,,2025-03-16
POL-0001072,CLM-00001072,CUST-64051,Alyssa Walters,593-76-7196,billy21@example.com,429-211-4192,879 Cynthia Vista Apt. 348,76896,TX,Commercial,191239.81,1704.37,7664.59,2022-07-16,2024-07-15,2023-09-24,40543.36,Rejected,Douglas Ferguson,,2024-05-20
POL-0001073,CLM-00001073,CUST-36747,Nichole Dalton,225-15-8191,bondhaley@example.com,993-423-0374,8388 Fox Freeway Apt. 264,,IL,Home,713152.27,5133.93,9858.96,2024-07-05,2027-07-05,2024-09-20,138981.34,Under Review,Caleb West,,2025-05-02
POL-0001074,CLM-00001074,CUST-85746,Thomas Sanchez,519-43-2297,martinanna@example.net,(883)803-7495,560 Howe Centers,03502,IL,Auto,944608.4,3000.54,4938.21,2024-04-10,2025-04-10,2024-10-19,346031.48,Approved,Louis Moyer,,2026-02-13
POL-0001075,,CUST-69975,Kenneth Smith,871-27-1935,coreyjimenez@example.com,001-585-407-8632x9646,76291 Mack Spring,29774,CO,Commercial,1634399.18,21258.77,2173.26,2025-03-04,2029-03-03,2025-05-23,743767.4,Settled,Kenneth White,714664.82,2025-02-22
POL-0001076,CLM-00001076,CUST-56965,Troy Glover,448-49-7557,sloankimberly@example.org,933.590.9332x40507,548 Christine Center Apt. 712,,AZ,Health,317419.28,678.1,4877.69,2023-03-18,2024-03-17,2023-03-29,242343.61,Settled,Wendy Smith,189955.12,2024-10-22
POL-0001077,,CUST-83635,Daniel Ramirez,569-14-4139,jamiebradshaw@example.com,975.948.3641,42010 Felicia Loop,70116,IL,Health,1988409.06,27953.48,8830.22,2024-04-26,2025-04-26,2024-05-12,1252695.08,Settled,Douglas Ferguson,849905.55,2025-09-05
POL-0001078,CLM-00001078,CUST-23541,Eric Mendoza,480-34-6621,dgreene@example.org,(385)334-0512,2589 Bradley Plains,08222,FL,Home,157065.97,2304.31,463.61,2020-08-17,2024-08-16,2021-10-25,11531.89,Settled,,8803.69,2026-04-07
POL-0001079,CLM-00001079,CUST-47813,Justin Mueller,187-86-7300,michaelhill@example.com,415.742.5619,1076 James Mills,30461,FL,Commercial,1022529.37,6189.94,1282.76,2023-10-22,2024-10-21,2024-07-27,333685.34,Settled,,235123.41,2024-07-03
POL-0001080,CLM-00001080,CUST-31801,Allen Smith,354-31-2032,joseph42@example.org,491.690.8976,3633 Kyle Freeway,95964,NC,Life,570345.2,5376.68,4938.51,2022-11-28,2026-11-27,2025-08-04,283110.99,Approved,Wendy Smith,,2025-10-30
POL-0001081,CLM-00001081,CUST-26519,Kristin Clements,816-44-2844,wilsontammy@example.org,001-639-211-8485x5944,1548 Cathy Viaduct,89867,CO,Auto,400834.38,1232.75,9060.78,2021-12-07,2024-12-06,2022-05-14,194387.61,Under Review,Wendy Smith,,2026-01-21
POL-0001082,CLM-00001082,CUST-70672,Marisa Gutierrez,630-58-6995,tanya19@example.org,514.343.6726,27449 Miller Turnpike Suite 562,75095,GA,Commercial,477151.69,3862.65,8619.65,2024-12-08,2028-12-07,2025-01-16,207664.51,Settled,Douglas Ferguson,198249.69,2025-05-11
POL-0001083,CLM-00001083,CUST-90350,Jessica Henderson,471-59-9756,chadromero@example.com,259-350-7515x1536,1840 Morales Island,36723,NC,Health,1406785.95,16175.8,5298.59,2024-03-14,2028-03-13,2025-02-11,523554.5,Settled,Michelle Davis,452075.66,2024-12-02
POL-0001084,CLM-00001084,CUST-38615,Ann Carlson,804-91-5982,ncervantes@example.org,527.284.5230,026 Fry Track Apt. 604,74521,NC,Home,878575.18,8067.4,8223.54,2022-12-15,2026-12-14,2023-01-18,100629.8,Rejected,John Meyer,,2025-02-28
POL-0001085,CLM-00001085,CUST-76278,Ronald Harding,391-27-7146,carrolldavid@example.org,(782)533-4720x4226,5815 Derek Crossroad,17865,IL,Health,57379.16,667.45,1780.4,2023-03-09,2028-03-07,2023-05-11,2455.72,Submitted,,,2025-08-10
POL-0001086,CLM-00001086,CUST-52348,Gregory Graves,751-70-9572,anneflores@example.net,001-419-545-2932x6148,10808 Shawna Mission Apt. 160,99152,CA,Commercial,737773.03,3617.81,1557.17,2021-01-22,2022-01-22,2021-06-08,141317.88,Settled,Kenneth White,125847.48,2024-11-30
POL-0001087,CLM-00001087,CUST-61963,Richard Miller,946-12-8148,wilsonmelissa@example.net,(301)818-3166,0039 Webster Square,44876,AZ,Health,496158.08,3559.11,3820.07,2020-11-24,2024-11-23,2021-04-29,365195.75,Settled,,354970.52,2025-01-18
POL-0001088,CLM-00001088,CUST-62872,Jacob Hernandez,200-22-9826,amberfarrell@example.org,224-256-5808,20068 Campbell Ports,41490,CA,Commercial,1751131.44,21629.13,9137.54,2020-12-06,2021-12-06,2021-01-10,660411.7,Settled,Ashley Mcclain,604178.95,2025-08-25
POL-0001089,,CUST-35435,James Juarez,541-72-4935,timothygutierrez@example.org,6479855940,741 Wilson Pines Apt. 344,60462,GA,Auto,1222803.02,13362.7,7283.66,2021-01-12,2026-01-11,2025-12-31,709012.72,Under Review,Ashley Mcclain,,2024-06-05
POL-0001090,CLM-00001090,CUST-19139,Diane Gray,191-31-1370,aaron31@example.net,001-886-818-2366x64622,7577 Rebecca Radial Apt. 902,79740,FL,Home,1504892.78,6318.87,1357.1,2020-11-29,2021-11-29,2021-06-13,1193483.84,Rejected,Jesse Tyler,,2025-07-26
POL-0001091,CLM-00001091,CUST-39187,Andrew Garrison,660-82-3100,ngillespie@example.net,(359)542-5990,0077 Macdonald Flat,49721,AZ,Life,982137.63,4823.36,2971.84,2020-09-04,2021-09-04,2021-07-16,525606.7,Submitted,,,2025-01-08
POL-0001092,CLM-00001092,CUST-48094,Jennifer Cummings,547-84-4034,emilymejia@example.com,415.914.0554,933 Hernandez Burgs Suite 396,25118,NY,Life,1216144.04,8492.97,8024.8,2024-02-13,2025-02-12,2024-05-18,326468.51,Rejected,Randy Brown,,2024-04-08
POL-0001093,CLM-00001093,CUST-65663,Vickie Cisneros,485-38-1281,powelljoel@example.net,895.887.2500,945 Nicole Tunnel,66957,AZ,Auto,522977.56,1940.64,4005.77,2022-05-04,2024-05-03,2023-12-27,243322.98,Settled,Karen Miller,166516.6,2025-02-26
POL-0001094,,CUST-39164,Carlos Robertson,757-70-1903,gregorywashington@example.org,+1-378-945-1181x3541,097 Thompson Station Suite 073,58058,GA,Health,177421.51,1794.39,9784.94,2022-07-26,2027-07-25,2023-10-20,21108.97,Submitted,,,2025-09-29
POL-0001095,CLM-00001095,CUST-42625,Shelby Chung,498-24-3621,sandovaljames@example.com,(899)479-4681,15114 Foley Walk,39371,NY,Commercial,151938.16,733.6,5587.28,2022-12-15,2024-12-14,2023-11-01,8159.3,Under Review,Wendy Smith,,2025-10-16
POL-0001096,CLM-00001096,CUST-86428,Jenny Green,552-54-2330,vberry@example.com,552-320-9681x30389,8312 Brian Inlet Suite 091,,WA,Life,521274.66,2677.11,5417.78,2024-07-30,2029-07-29,2024-11-10,416004.35,Approved,Victor Morgan,,2025-01-25
POL-0001097,CLM-00001097,CUST-60141,Devin Werner,567-19-4680,isparks@example.com,+1-404-453-3612,2354 Veronica Views,30204,FL,Life,1154122.74,15317.1,7657.53,2020-12-31,2025-12-30,2021-12-04,139476.59,Submitted,,,2024-06-18
POL-0001098,CLM-00001098,CUST-41223,Shelly Jenkins,207-40-6063,garmstrong@example.net,978-950-2812x44963,2776 Farrell Flats,06220,GA,Auto,1636836.15,9478.61,2467.51,2021-09-06,2025-09-05,2022-03-10,921967.98,Submitted,,,2024-11-13
POL-0001099,CLM-00001099,CUST-53966,Ashley Collier,673-38-4097,aaron67@example.net,+1-500-867-3219x260,63595 Mullins Estates,92099,FL,Home,1407971.09,9420.18,8280.06,2022-12-28,2023-12-28,2023-04-12,370678.76,Under Review,,,2024-11-10
POL-0001100,CLM-00001100,CUST-79897,Monica Bass,727-38-7348,gclark@example.net,(320)986-3902x5806,697 Chavez Mount,93136,IL,Auto,357120.93,3503.25,8126.93,2024-02-09,2025-02-08,2024-05-25,150842.22,Settled,Jesse Tyler,143217.57,2025-07-01
POL-0001101,CLM-00001101,CUST-95524,John French,998-35-5653,flee@example.com,+1-385-592-4534,94426 Conner Ports,47304,GA,Commercial,1531869.47,17748.95,3971.21,2023-05-30,2024-05-29,2024-04-29,474881.07,Settled,Jennifer Reid,357857.52,2025-04-24
POL-0001102,CLM-00001102,CUST-71858,Keith Fitzgerald,242-62-8946,jordanjoseph@example.com,+1-414-285-4137x458,511 David Shoal Suite 801,97261,FL,Life,138512.1,824.0,626.86,2021-05-19,2025-05-18,2025-04-15,12523.04,Rejected,Randy Brown,,2025-05-26
POL-0001103,,CUST-54360,Dustin Chambers,755-35-9979,conniehorn@example.net,628-592-5648x1732,719 Harper Forge Suite 948,82811,GA,Home,1097474.62,10033.18,6974.23,2021-09-11,2026-09-10,2022-11-29,629454.85,Rejected,Ashley Mcclain,,2024-07-21
POL-0001104,,CUST-12126,Veronica Willis,844-75-4346,nelsonmitchell@example.com,(649)517-7750x922,02638 Walsh Junction,96246,TX,Home,424219.28,5929.48,6149.74,2023-11-18,2027-11-17,2023-11-28,247317.33,Under Review,Eric Butler,,2025-03-11
POL-0001105,CLM-00001105,CUST-42032,Kathleen Oconnor,831-48-3191,vwilliams@example.org,501-594-5621,77509 Owen Prairie Suite 294,19371,CA,Auto,1444067.31,10599.58,5149.63,2023-05-13,2025-05-12,2023-08-21,666017.68,Settled,Denise Green,459340.65,2026-02-13
POL-0001106,CLM-00001106,CUST-60922,Joel Edwards,461-32-9832,adamsbrian@example.net,453-759-4472,713 Bailey Mountain,18503,CA,Auto,1625605.72,8383.18,9778.02,2023-04-14,2026-04-13,2023-12-16,223577.09,Rejected,Ashley Mcclain,,2025-05-06
POL-0001107,CLM-00001107,CUST-92170,Robin Jenkins,545-90-1331,kelly82@example.net,860-826-2867x60140,75062 Tanya Key Apt. 205,47616,WA,Health,800544.93,1623.65,474.11,2022-08-22,2024-08-21,2024-05-10,5861.37,Submitted,,,2025-12-17
POL-0001108,CLM-00001108,CUST-83093,Christina Miller,863-70-3778,bethbartlett@example.net,(742)254-4974,9560 Moore Cliffs,999,GA,Auto,1439866.61,19201.05,1647.99,2021-03-26,2026-03-25,2021-12-30,393504.92,Submitted,,,2026-01-09
POL-0001109,CLM-00001109,CUST-57352,Katherine Willis,687-41-6461,julieconner@example.net,(660)926-0294x82501,92332 Vanessa Trail,30039,IL,Health,841150.56,5719.76,5099.06,2022-06-11,2023-06-11,2022-12-13,306617.94,Under Review,Kenneth White,,2025-04-21
POL-0001110,CLM-00001110,CUST-47103,William Patterson,252-93-6330,nicholas68@example.com,(495)827-0405x2393,365 Ruiz Lake Suite 634,95329,NC,Commercial,1162461.13,3774.45,8612.21,2020-04-18,2022-04-18,2021-12-19,241775.61,Approved,Victor Morgan,,2024-06-09
POL-0001111,CLM-00001111,CUST-52728,Chad Collier,191-83-9727,sanchezderek@example.org,001-900-885-3004x6827,917 Mitchell Pike,54956,IL,Home,1782184.01,19348.27,3899.73,2023-07-31,2028-07-29,2025-04-25,701119.61,Approved,Karen Miller,,2026-02-12
POL-0001112,CLM-00001112,CUST-83478,William Campbell,777-80-9379,elizabethsmith@example.com,598-347-5108x46258,70142 Connie Garden,,CO,Auto,1575246.34,16891.81,9601.21,2023-10-02,2024-10-01,2024-08-13,37385.7,Under Review,Phillip Sherman,,2025-10-21
POL-0001113,CLM-00001113,CUST-74729,Roberto Sanchez,229-65-4711,jennifer73@example.com,576.925.2881x6210,2483 Smith Fields Suite 940,53411,WA,Life,1658123.01,14505.55,1590.93,2024-10-05,2029-10-04,2025-03-21,811423.7,Submitted,,,2025-12-17
POL-0001114,CLM-00001114,CUST-22767,Kaylee Hill,419-34-1624,fisherrachael@example.com,+1-619-358-4766x66554,08560 Schneider Springs,99559,FL,Auto,30716.61,120.93,362.94,2022-04-22,2027-04-21,2024-11-17,16877.37,Under Review,Eric Butler,,2025-09-23
POL-0001115,,CUST-31194,Jon Morrow,786-63-9967,opatel@example.com,001-541-513-5796x73637,595 Pena Villages Suite 032,,CA,Commercial,1510594.4,12414.56,1939.02,2023-02-19,2028-02-18,2024-04-30,1024878.55,Settled,Victor Morgan,711877.88,2024-01-15
POL-0001116,CLM-00001116,CUST-96650,Drew Clark,616-52-1605,james69@example.org,(700)425-8221,10815 Tran Meadows Suite 140,11457,GA,Health,995320.86,6947.99,2679.81,2022-11-26,2026-11-25,2024-03-19,477.68,Settled,Eric Butler,466.12,2024-12-11
POL-0001117,CLM-00001117,CUST-98257,Nicolas Martin,835-90-2415,nwilson@example.com,592-385-0510,368 Garcia Court,71431,GA,Life,1852344.13,13152.05,9387.85,2024-06-09,2019-01-23,2025-01-18,791194.36,Settled,Michelle Davis,635489.0,2024-11-02
POL-0001118,CLM-00001118,CUST-39835,James Coffey,642-46-5989,sheltonroger@example.net,001-942-260-6251x7769,696 Justin Mall,37055,IL,Home,1514719.49,4376.6,4739.86,2021-10-01,2024-09-30,2024-03-27,169683.24,Under Review,Victor Morgan,,2026-01-09
POL-0001119,CLM-00001119,CUST-99189,Lori Ferguson,943-20-8226,zcollins@example.org,574.225.4061x384,73117 Austin Alley,08450,CA,Auto,1191856.97,11930.28,2746.57,2022-07-09,2025-07-08,2024-03-24,350957.28,Rejected,Brian Hernandez,,2025-07-04
POL-0001120,CLM-00001120,CUST-19430,Robert Lopez,803-95-9875,matthewwise@example.org,001-740-536-4891x78559,0431 Singleton Course Apt. 012,78005,NY,Health,733173.07,10182.11,2485.1,2021-05-03,2022-05-03,2021-05-12,112931.99,Submitted,,,2024-05-12
POL-0001121,CLM-00001121,CUST-15207,Danielle Torres,408-84-2702,austin07@example.net,(631)288-2824x6173,095 Garcia Vista Apt. 299,60979,WA,Home,1677589.42,21567.99,358.99,2024-06-24,2025-06-24,2025-06-16,706865.19,Rejected,Ashley Mcclain,,2026-01-08
POL-0001122,CLM-00001122,CUST-56094,Chad Maddox,172-63-5769,tbeck@example.net,+1-537-781-1221x850,5285 Michael Plaza,19881,CA,Home,264546.38,1519.36,9980.58,2022-02-13,2026-02-12,2025-05-12,13194.97,Rejected,,,2024-05-21
POL-0001123,CLM-00001123,CUST-55489,James Eaton,205-27-9234,hernandezallen@example.org,(936)946-2512x124,7417 Nancy Shore Apt. 885,60312,FL,Home,1106920.62,13458.65,1616.23,2024-01-20,2027-01-19,2025-07-21,815604.2,Approved,John Meyer,,2025-01-05
POL-0001124,,CUST-65408,Paul Santiago,542-46-8793,gflores@example.com,876-512-0877x8320,74387 Fernandez Bridge Apt. 580,86331,FL,Auto,1788236.95,15776.23,2652.26,2024-02-08,2026-02-07,2025-01-11,888526.3,Submitted,,,2024-07-02
POL-0001125,CLM-00001125,CUST-82279,Michael Miller,474-89-2778,christensenjennifer@example.org,+1-374-408-5967x262,9881 Michelle Ridge,82683,NY,Life,638048.09,8866.3,3679.01,2024-01-04,2026-01-03,2025-12-16,306842.97,Rejected,Dr. Tina Reyes MD,,2025-02-07
POL-0001126,CLM-00001126,CUST-37153,Deborah Cruz,661-78-2448,marybriggs@example.org,821-689-1458,93222 Tanner Throughway,84307,NC,Home,454944.08,1571.03,6012.65,2023-03-12,2025-03-11,2024-04-28,133682.28,Settled,Douglas Ferguson,120066.86,2024-06-23
POL-0001127,CLM-00001127,CUST-27823,Mark Miller,868-87-3976,emilyhopkins@example.net,001-714-563-4639x302,67186 Wright Port,37375,IL,Home,870436.96,6340.91,562.31,2022-05-27,2025-05-26,2022-06-01,617392.88,Settled,Eric Butler,451877.72,2025-09-18
POL-0001128,CLM-00001128,CUST-52434,Michael Ford,863-45-7853,espinozajamie@example.net,(770)394-8102,151 Hunt Terrace Suite 821,90662,NY,Home,890595.2,7554.81,4367.15,2022-06-26,2027-06-25,2024-03-27,599958.62,Submitted,,,2026-01-02
POL-0001129,CLM-00001129,CUST-90744,Vicki Brown,391-85-5515,qhall@example.net,(338)882-0964x022,2107 Shawn Place,07737,IL,Home,216827.26,2202.62,2036.28,2021-08-18,2023-08-18,2022-07-12,118973.53,Submitted,,,2025-08-18
POL-0001130,CLM-00001130,CUST-86979,John Kirby,698-78-9183,stephen03@example.net,406.993.0513x4307,333 Sanders Flats,00000,WA,Health,278974.32,937.61,3030.75,2023-12-19,2027-12-18,2025-12-12,79194.67,Rejected,Dr. Tina Reyes MD,,2024-05-28
POL-0001131,CLM-00001131,CUST-37462,Mrs. Megan Sanchez,731-82-8071,gary09@example.net,001-307-374-8541x92328,03878 Tran Street Apt. 410,13298,CA,Health,1352222.12,8187.27,2898.84,2023-09-16,2025-09-15,2025-01-26,776283.04,Rejected,Brett White,,2024-12-21
POL-0001132,CLM-00001132,CUST-74974,Brian Sexton,774-19-5236,jenniferjames@example.net,001-995-957-8649x45019,7109 Randolph Shore,,IL,Auto,1906921.91,19251.29,9967.06,2020-05-20,2023-05-20,2022-02-05,1129135.05,Settled,Michelle Davis,854816.6,2025-05-18
POL-0001133,CLM-00001133,CUST-50492,Jason Ramos,186-75-5612,cheyennelozano@example.com,(765)464-2398x7644,6107 Thomas Port,84575,TX,life,86904.5,1211.87,2707.37,2023-02-28,2026-02-27,2024-07-29,42681.82,Rejected,Jennifer Reid,,2024-05-10
POL-0001134,,CUST-88373,Peter Murray,326-32-3209,ryang@example.com,+1-425-749-5843,250 Jesse Land,68722,AZ,Home,1700631.69,16378.63,4985.57,2022-02-06,2025-02-05,2022-10-30,336125.32,Approved,Ashley Mcclain,,2025-02-28
POL-0001135,CLM-00001135,CUST-54210,Keith Allen,934-96-4624,jeanne08@example.com,687-413-6431,981 Anderson Circle,49096,FL,Home,1573160.42,5033.17,4170.12,2020-10-23,2023-10-23,2021-02-27,227329.14,Settled,Caleb West,179016.49,2024-08-03
POL-0001136,CLM-00001136,CUST-94230,Melinda Huff,266-31-8323,tiffanymiller@example.com,(724)842-5091x009,11364 York Flats Suite 600,99203,CO,Health,1149717.92,10030.68,355.06,2022-09-10,2025-09-09,2024-07-29,204284.69,Settled,Victor Morgan,186801.28,2025-10-25
POL-0001137,CLM-00001137,CUST-83235,Mrs. Jennifer Saunders,641-72-4876,ustanton@example.com,8609736095,69399 Lisa Neck,70238,CA,Life,111135.37,1393.6,4319.22,2020-10-27,2024-10-26,2021-12-13,62944.17,Rejected,Eric Butler,,2021-07-18
POL-0001138,CLM-00001138,CUST-61249,Sarah Garcia,977-43-1785,michael44@example.org,(681)399-1809,89918 Francisco Canyon Apt. 622,82682,CO,Home,1634622.72,11942.3,7585.95,2022-04-08,2023-04-08,2023-03-04,962958.56,Under Review,,,2025-08-03
POL-0001139,CLM-00001139,CUST-63760,Kim Chapman,350-25-1321,margaretsmith@example.org,898.796.5328,931 Kyle Court,82571,CO,Home,179469.22,2117.39,4693.39,2021-02-17,2025-02-16,2023-05-20,94829.78,Settled,Kenneth White,71078.63,2026-02-12
POL-0001140,CLM-00001140,CUST-79460,Tracy Rose,839-19-7806,rebeccawright@example.org,+1-564-334-9083,855 Mueller Islands Apt. 871,,NC,Life,102585.58,1447.48,2969.17,2022-09-01,2025-08-31,2025-01-11,40500.45,Approved,Kenneth White,,2025-04-17
POL-0001141,CLM-00001141,CUST-69676,Renee Kelley,873-69-5850,mtanner@example.org,2279505336,62986 Hutchinson Rest,79730,FL,Home,192412.94,1725.74,9771.18,2020-08-19,2025-08-18,2025-05-16,153809.42,Rejected,John Meyer,,2025-03-04
POL-0001142,CLM-00001142,CUST-28162,Sydney Burch,572-54-9210,johnny72@example.com,(324)856-7802x21169,410 Craig Pike Suite 337,31937,TX,AUTO,961598.78,2235.89,3977.6,2023-02-04,2025-02-03,2024-05-16,523789.16,Rejected,Ashley Mcclain,,2025-06-10
POL-0001143,CLM-00001143,CUST-38099,Brittany Schwartz,210-64-5878,sandrasmith@example.com,674.713.8482x80736,43986 Jordan Keys,13739,AZ,Health,1096581.43,7521.96,8999.1,2022-04-21,2025-04-20,2023-02-01,726298.49,Settled,John Meyer,595535.88,2025-06-15
POL-0001144,CLM-00001144,CUST-14705,Samantha Kelly,594-92-4543,doncooley@example.org,001-704-277-2661x78640,7157 Quinn Mountains Suite 411,83040,FL,Commercial,1724169.82,17696.79,3612.75,2022-06-15,2027-06-14,2023-07-10,643101.19,Under Review,Wendy Smith,,2025-06-09
POL-0001145,CLM-00001145,CUST-78765,Robin Bush,166-91-8860,osmith@example.net,+1-536-935-2235x2551,6645 Wright Place,37146,TX,Health,1351316.98,12340.53,1644.5,2024-03-14,2029-03-13,2026-01-07,254320.71,Under Review,Wendy Smith,,2025-11-18
POL-0001146,CLM-00001146,CUST-72913,Russell Fischer,568-55-5060,walkerjason@example.org,(679)847-7076x83666,92221 Marshall Place Apt. 862,68530,NY,Home,1135219.69,8803.85,5540.53,2023-05-26,2024-05-25,2024-02-09,51056.16,Under Review,Louis Moyer,,2026-03-22
POL-0001147,CLM-00001147,CUST-98165,Kristina Davis,657-62-8997,kthomas@example.org,685-617-1187x436,86516 Bradley Junction,59385,NC,Health,1106337.95,5225.58,6838.67,2022-03-06,2027-03-05,2023-09-09,249706.32,Approved,Eric Butler,,2025-08-12
POL-0001148,CLM-00001148,CUST-75494,Tracy Miller,895-60-5606,melissa96@example.org,(690)306-4715x054,790 Michael Highway,86839,AZ,Auto,1383709.87,14755.34,7472.14,2020-07-10,2022-07-10,2021-12-29,115879.64,Submitted,,,2024-08-31
POL-0001149,CLM-00001149,CUST-77589,Randall Bailey PhD,787-31-9358,ykane@example.org,786-626-4211x422,230 Meyers Mountain,32165,FL,Life,1777412.5,13872.98,9941.48,2020-12-08,2022-12-08,2021-12-02,506424.0,Rejected,Dr. Tina Reyes MD,,2024-10-24
POL-0001150,CLM-00001150,CUST-50928,Jeffrey Morris,284-84-9285,debra53@example.com,(880)702-7146,8811 Mikayla Overpass Apt. 924,00000,WA,Health,1003291.22,7882.03,4518.22,2023-08-06,2027-08-05,2023-08-19,389907.98,Submitted,,,2026-01-29
POL-0001151,CLM-00001151,CUST-43978,David Cordova,990-64-4791,millerbrian@example.net,+1-856-471-1168x70360,176 Bass Parkway,89760,GA,Life,432391.54,1659.96,435.99,2021-10-16,2023-10-16,2023-09-10,186549.73,Submitted,,,2025-12-15
POL-0001152,,CUST-86860,Tyler Bonilla,966-21-3879,wattssandra@example.com,894-241-6228x8165,3770 Rivera Alley Suite 423,20169,FL,Commercial,1629326.99,24391.36,6441.99,2020-09-10,2023-09-10,2020-10-08,489681.8,Under Review,Denise Green,,2025-01-29
POL-0001153,CLM-00001153,CUST-95827,Jordan Mclaughlin,690-42-3442,hbeard@example.com,001-334-615-2481x604,206 Sean Loop,05785,GA,Auto,216770.1,2347.64,1401.52,2024-12-25,2026-12-25,2025-09-01,492551.3809734433,Submitted,,,2026-01-07
POL-0001154,CLM-00001154,CUST-10823,Samantha Lee,285-93-4482,robertsonmallory@example.org,001-412-245-2965x444,7062 Vega Trail Suite 146,64285,TX,Auto,1402035.09,14302.51,6549.71,2022-12-31,2025-12-30,2025-12-24,1073432.55,Submitted,,,2023-01-22
POL-0001155,,CUST-63842,Melinda Morgan,171-29-6086,zgardner@example.com,+1-614-486-3562x300,1206 Stephen Port,49377,CO,Life,1337706.95,3749.41,1343.93,2022-01-12,2023-01-12,2022-12-19,2339862.2517929133,Settled,Brian Hernandez,712659.55,2025-03-27
POL-0001156,,CUST-91317,Jesus Oliver,633-16-7714,davisjose@example.com,813.262.0828,9722 Linda Way Suite 726,29016,WA,Home,1471303.53,5731.06,8840.97,2024-10-08,2027-10-08,2025-02-11,700046.79,Under Review,Renee Patel,,2024-11-23
POL-0001157,CLM-00001157,CUST-57374,Karen Morton,528-34-3987,ublackwell@example.org,696-595-9571x463,757 Robert Common,63164,IL,Auto,215777.24,1239.93,317.27,2024-11-23,2025-11-23,2025-01-30,120463.43,Settled,Louis Moyer,83180.38,2025-06-14
POL-0001158,CLM-00001158,CUST-44187,Thomas Jordan,740-11-9529,kellyrichards@example.net,838-274-1165,1049 Melissa Crest,24994,WA,Life,805526.68,2621.14,7106.85,2024-05-20,2025-05-20,2024-12-10,272039.33,Submitted,,,2026-01-09
POL-0001159,CLM-00001159,CUST-85801,Benjamin Huerta,290-39-5639,rbell@example.org,(220)736-3565x42249,600 Randall Knolls,13582,GA,Home,1269304.3,4306.39,3183.25,2023-08-01,2025-07-31,2024-07-25,574872.76,Under Review,Randy Brown,,2024-08-03
POL-0001160,CLM-00001160,CUST-13320,Stacy Williams,774-66-7461,lunaelizabeth@example.org,+1-569-988-1366x522,270 Jill Mill Apt. 168,,GA,Home,1318770.2,17179.85,2708.01,2021-02-17,2022-02-17,2021-04-22,200136.68,Rejected,Jennifer Reid,,2025-10-01
POL-0001161,CLM-00001161,CUST-97641,Mary Pratt,993-92-7988,michellethomas@example.com,262-317-2714x0168,076 Bush Well,05840,GA,Commercial,208064.47,2034.26,7521.49,2024-05-13,2025-05-13,2024-07-02,86451.51,Approved,Karen Miller,,2024-07-08
POL-0001162,,CUST-17005,Anthony Velasquez,663-42-8777,kellermichele@example.com,738-928-5941x2270,46555 Parsons Squares Suite 151,48383,GA,Auto,1147963.52,12751.99,8815.18,2023-11-17,2026-11-16,2025-12-10,21663.12,Submitted,,,2023-10-23
POL-0001163,CLM-00001163,CUST-26382,Jonathan Allen,645-17-4072,uroberts@example.net,(448)570-3954,17218 Shelley Rapid,50160,NC,Commercial,769236.91,9780.96,8109.59,2024-07-05,2027-07-05,2025-09-24,113572.86,Approved,Brian Hernandez,,2025-10-22
POL-0001164,CLM-00001164,CUST-51552,Michelle Harris,758-76-4065,jasonmoreno@example.com,7005483505,5702 Kimberly Port Suite 820,32561,GA,HEALTH,917994.65,8898.15,7507.84,2020-05-15,2022-05-15,2021-08-24,44277.15,Approved,Jennifer Reid,,2026-02-10
POL-0001165,CLM-00001165,CUST-28994,Michele Williams,264-19-8466,matthewalvarez@example.org,001-212-756-2986,32817 Catherine Grove Apt. 991,52573,NC,Health,637628.43,4696.45,5064.79,2020-08-23,2024-08-22,2022-05-17,234536.48,Settled,Brian Hernandez,220549.41,2025-10-14
POL-0001166,CLM-00001166,CUST-18796,Phillip Mcgee,508-35-8058,jenkinsbreanna@example.org,857.328.8440,8837 Matthews Mountains,87889,NC,Auto,1028002.2,3731.9,8477.09,2022-06-22,2023-06-22,2023-06-01,805616.14,Submitted,,,2025-12-29
POL-0001167,CLM-00001167,CUST-81711,Jane Schneider,976-85-2550,michelle86@example.com,583.646.5528x7104,002 Kevin Rapid Suite 151,61592,NY,Auto,1759888.91,11314.17,6060.78,2023-04-16,2027-04-15,2024-09-12,2160990.235365335,Under Review,,,2025-08-20
POL-0001168,CLM-00001168,CUST-82372,Justin Reynolds,215-94-9260,kristen35@example.org,729.746.7221x5606,539 Ruth Stravenue Suite 815,75425,IL,Health,919988.36,10496.19,8589.72,2023-12-02,2026-12-01,2024-02-02,342561.63,Settled,Douglas Ferguson,230873.16,2022-01-11
POL-0001169,,CUST-87889,Jason Shaw,396-62-2141,qkim@example.org,(838)540-9353,67279 Nguyen Plaza Suite 465,73149,NC,Home,1023575.38,8197.91,4967.87,2023-10-11,2025-10-10,2024-09-03,129309.86,Rejected,,,2025-04-20
POL-0001170,,CUST-96765,Wanda Rose,789-83-2426,daniel72@example.com,001-248-867-1562x33474,02465 Lopez Station,55570,FL,Commercial,154567.07,1637.14,2416.46,2022-01-30,2025-01-29,2022-04-09,15382.99,Rejected,Karen Miller,,2025-04-01
POL-0001171,CLM-00001171,CUST-88765,Bradley Nelson,925-75-1074,bradytanya@example.com,(583)419-8784,01359 Poole Haven,77120,TX,Life,302780.39,3606.49,4986.33,2020-11-29,2018-08-18,2021-04-13,7248.03,Under Review,Ashley Mcclain,,2024-10-23
POL-0001172,CLM-00001172,CUST-65308,Matthew Chan,496-71-6650,wbuck@example.net,527.818.4523x102,193 Rodriguez Pines Apt. 940,44860,TX,Commercial,873636.55,6643.35,2295.61,2024-05-25,2029-05-24,2026-02-28,634808.8,Settled,Douglas Ferguson,632361.09,2025-11-01
POL-0001173,CLM-00001173,CUST-91372,Kimberly Thompson,709-20-5864,harriselizabeth@example.com,(748)375-5349,6953 Debra Wall,03031,NY,Commercial,492232.01,2500.02,9553.64,2024-05-12,2025-05-12,2024-07-07,245774.93,Under Review,Victor Morgan,,2025-09-25
POL-0001174,CLM-00001174,CUST-35167,Phillip Fox,317-58-1605,hclark@example.org,6158053867,19801 Flores Mount,95470,TX,Auto,692140.01,5248.13,8396.28,2020-07-31,2021-07-31,2020-12-03,121613.78,Settled,Phillip Sherman,117644.37,2024-12-09
POL-0001175,CLM-00001175,CUST-77661,Alicia Rangel,669-33-8996,qmejia@example.net,+1-488-729-6782x00993,6959 Julie Pass Suite 465,56297,CA,Life,160721.95,654.06,8369.71,2023-08-28,2026-08-27,2025-10-18,123104.14,Settled,Brian Hernandez,109416.4,2024-11-29
POL-0001176,CLM-00001176,CUST-68870,Susan Smith,374-54-7048,pamela75@example.org,+1-724-923-7778x554,398 Nelson Junction Apt. 188,13796,AZ,Home,138093.14,1059.43,9985.14,2025-02-10,2030-02-09,2025-05-19,41667.25,Approved,Jesse Tyler,,2023-11-18
POL-0001177,CLM-00001177,CUST-27075,Michael Gonzalez,608-52-9305,gonzalezcarrie@example.com,9465173637,7040 Andrew Circle Suite 276,,IL,Commercial,1720422.54,23921.86,5014.91,2020-08-02,2025-08-01,2022-02-24,24622.43,Submitted,,,2024-05-28
POL-0001178,CLM-00001178,CUST-32394,Justin Johnston,575-95-1854,fmyers@example.org,709-434-2213x714,2120 Crane Squares,86546,TX,Commercial,1189787.31,4712.57,6617.56,2020-05-23,2023-05-23,2020-09-05,860222.8,Rejected,,,2024-05-06
POL-0001179,CLM-00001179,CUST-36942,Christopher Lambert,351-70-2964,vgonzalez@example.com,230.674.4116x648,6881 Stephanie Ranch Suite 227,28943,TX,Commercial,1228412.96,5664.18,1403.26,2024-10-12,2027-10-12,2025-04-05,475790.77,Settled,Denise Green,291316.83,2024-09-24
POL-0001180,,CUST-24393,Darrell Davis,578-16-4339,luke92@example.net,996-621-3783x690,709 Linda Light Suite 206,25268,AZ,Home,916987.68,2648.01,3439.72,2023-12-29,2018-05-29,2024-12-12,81393.32,Approved,Brian Hernandez,,2026-01-29
POL-0001181,CLM-00001181,CUST-53188,Ronald Walker,346-99-9910,daniel57@example.net,(417)976-9233x067,0772 Simmons Plain,33736,IL,Auto,1106610.75,7151.56,1831.86,2021-08-11,2023-08-11,2023-01-29,91173.25,Settled,Denise Green,59573.61,2024-04-14
POL-0001182,CLM-00001182,CUST-92299,Susan Summers,667-67-3177,pattersonsteve@example.org,+1-504-543-9285x42865,827 Scott Mountain,43833,CA,Health,1282725.37,7273.77,9734.96,2025-01-22,2028-01-22,2025-08-21,449441.1,Under Review,Eric Butler,,2025-02-11
POL-0001183,CLM-00001183,CUST-33593,Tyler Lee,475-96-7244,maldonadomatthew@example.com,+1-510-831-9836,280 Hawkins Knoll,70487,NC,Home,344158.85,5034.1,3386.55,2020-11-19,2025-11-18,2024-12-13,265697.19,Settled,Douglas Ferguson,203787.23,2024-10-08
POL-0001184,CLM-00001184,CUST-62269,Heather Sullivan,462-22-2336,stevenchapman@example.com,+1-260-839-9747x692,7427 Barry Cove,15435,WA,Health,1712134.2,8718.26,3800.9,2022-01-25,2023-01-25,2022-12-07,2274667.551933366,Approved,Wendy Smith,,2025-01-12
POL-0001185,CLM-00001185,CUST-99841,Richard Jones,789-16-7815,harrismark@example.net,(728)867-7154x91286,85331 Rebecca Mills Suite 226,29283,GA,Health,1605025.98,10627.6,8525.58,2022-03-01,2023-03-01,2022-08-02,698337.79,Submitted,,,2024-04-17
POL-0001186,CLM-00001186,CUST-67187,Dawn Wilkerson,118-15-9807,nrobinson@example.net,283-885-2406x24514,552 Blair Lodge,16897,IL,Life,965305.32,8706.3,9191.62,2021-12-09,2025-12-08,2024-06-29,615729.12,Submitted,,,2026-01-02
POL-0001187,CLM-00001187,CUST-74755,Daniel Austin,642-27-4994,gina57@example.org,500-996-4743x4171,25135 Payne Meadows Suite 656,62746,GA,Commercial,1952469.11,21719.01,1362.11,2022-05-05,2026-05-04,2026-03-07,1125724.4,Settled,Michelle Davis,981306.79,2022-01-02
POL-0001188,CLM-00001188,CUST-60253,Joseph James,302-95-1108,teresa07@example.org,(513)978-4276x29082,59967 Cooper Heights,,CO,Health,1328390.25,10117.77,1140.5,2024-06-29,2028-06-28,2025-09-12,1793275.9870231987,Submitted,,,2025-02-20
POL-0001189,CLM-00001189,CUST-52812,Krystal Johnson,303-52-8729,nstark@example.net,+1-800-292-6005x3490,094 Thompson Fork,10904,CA,Health,93556.94,932.48,3470.76,2021-11-20,2026-11-19,2024-05-10,20266.48,Rejected,Denise Green,,2026-01-01
POL-0001190,,CUST-96543,Brittany Skinner,844-54-6367,butlernicole@example.net,001-318-821-2946,217 Brown Village,90623,WA,Health,974768.74,10219.84,1308.89,2020-10-27,2021-10-27,2021-03-31,45822.92,Under Review,Wendy Smith,,2024-05-18
POL-0001191,CLM-00001191,CUST-34542,Eugene Stevens,703-87-5317,xgreen@example.com,(515)299-7340x2892,892 Jennifer Park,26963,FL,Life,1885995.91,6985.82,3625.16,2023-05-31,2027-05-30,2023-06-13,873514.5,Submitted,,,2025-11-20
POL-0001192,CLM-00001192,CUST-32429,Matthew Ball,802-36-3852,utorres@example.org,3654592125,4821 Wilkerson Greens Apt. 837,99824,TX,Life,1760661.23,19020.04,2191.24,2021-09-20,2024-09-19,2022-02-10,284585.72,Under Review,Jennifer Reid,,2024-06-19
POL-0001193,CLM-00001193,CUST-12175,Richard Davis,323-61-2196,nguyenjennifer@example.com,297-735-4110,436 Gomez Green,61710,NY,Life,668787.17,2551.8,5040.43,2024-03-19,2018-06-21,2025-02-01,351871.44,Under Review,Randy Brown,,2025-07-20
POL-0001194,CLM-00001194,CUST-44556,Sandra Villarreal,405-73-4767,shirleyweaver@example.org,774-470-0265,90147 Lee Mountain,96272,CA,Commercial,39184.56,400.76,5256.7,2024-12-28,2029-12-27,2025-09-13,8076.24,Rejected,Brett White,,2026-02-02
POL-0001195,,CUST-83192,Tami Ponce,599-63-7239,timothy16@example.org,9712479564,117 Nathan Mountains Suite 991,70381,AZ,Commercial,1681064.29,10026.25,2259.34,2025-02-02,2026-02-02,2026-01-18,598363.95,Settled,Karen Miller,428487.85,2025-09-23
POL-0001196,CLM-00001196,CUST-38718,James Rosario,566-15-2143,zacharycunningham@example.org,909-463-9175x55282,6239 Michelle Divide Apt. 286,30268,TX,Commercial,1460960.7,17353.3,6913.06,2020-05-17,2022-05-17,2021-11-10,409888.91,Rejected,Karen Miller,,2026-01-11
POL-0001197,CLM-00001197,CUST-37860,Karen Davila,592-51-1393,vwilson@example.org,852-707-5806,53193 Valerie Pine Suite 085,94773,GA,Health,1485650.11,9013.7,2401.75,2020-10-20,2022-10-20,2021-02-06,473958.17,Submitted,,,2026-03-29
POL-0001198,CLM-00001198,CUST-96543,Curtis Fox,890-71-5712,ycortez@example.com,+1-248-552-5914x458,8530 Morgan Flat Suite 855,14154,WA,Home,204059.79,2066.58,2540.96,2020-06-10,2023-06-10,2021-07-26,153816.98,Submitted,,,2025-12-08
POL-0001199,CLM-00001199,CUST-96785,Martha Mills,765-26-8093,tylerthompson@example.com,773-725-2342x97817,6123 Adam Squares,12091,CA,LIFE,708872.0,5477.02,2553.72,2020-05-11,2022-05-11,2021-12-12,478733.58,Submitted,,,2025-07-02
POL-0001200,CLM-00001200,CUST-69020,Michael Phillips,238-91-9479,heatherlewis@example.com,655.501.0435x88184,01952 Wise Parkway,27614,AZ,Health,808895.91,2985.41,6141.46,2020-04-13,2022-04-13,2021-09-20,399286.35,Under Review,Jennifer Reid,,2026-03-14
POL-0001201,CLM-00001201,CUST-19141,Brandy Joseph,103-33-4884,jacobhill@example.net,+1-521-687-8657,93835 Dustin Bridge Apt. 712,,CO,Auto,1179027.83,17437.52,5853.95,2023-10-19,2024-10-18,2024-03-28,461503.8,Submitted,,,2026-02-26
POL-0001202,CLM-00001202,CUST-56962,Tara Spencer,746-58-5499,madelineduncan@example.com,388.459.5690x47928,00910 Gomez Inlet Apt. 541,24029,WA,Commercial,831595.91,12175.7,9455.54,2025-01-01,2029-12-31,2026-03-24,278138.42,Settled,Caleb West,251285.48,2025-06-11
POL-0001203,CLM-00001203,CUST-87751,Karen Hamilton,248-81-5781,david16@example.org,306-819-9141x84796,4301 Harrington Manors,17058,IL,Life,137466.48,1561.8,1296.46,2023-06-06,2027-06-05,2023-07-22,96380.95,Submitted,,,2025-11-14
POL-0001204,,CUST-41833,Steven Thomas,999-39-1611,carrieoliver@example.org,923-697-0429,96161 Rebecca Turnpike Apt. 641,87392,CA,Health,591865.21,3409.83,9210.13,2023-07-30,2028-07-28,2025-12-25,96621.55,Under Review,,,2025-10-24
POL-0001205,CLM-00001205,CUST-99459,Nicole Taylor,101-84-6540,ewhite@example.net,+1-308-791-1162x238,13038 Brian Trail,87856,NC,Home,757008.75,7835.29,507.3,2020-08-08,2023-08-08,2020-10-08,115077.8,Under Review,Jennifer Reid,,2024-04-24
POL-0001206,CLM-00001206,CUST-61490,Charles Jenkins DVM,708-37-2373,davidquinn@example.com,001-648-321-2788x541,5453 Johnson Row,28056,NC,Home,717542.2,1500.91,7136.64,2024-11-18,2028-11-17,2025-06-17,28920.66,Under Review,Jesse Tyler,,2026-03-11
POL-0001207,CLM-00001207,CUST-74676,Megan Thompson,971-41-1114,omurphy@example.com,440.424.9041,30603 Martin Court,ZIP-NA,WA,Life,538693.97,7905.64,6254.6,2024-06-17,2025-06-17,2025-05-12,227069.85,Approved,Eric Butler,,2026-01-22
POL-0001208,CLM-00001208,CUST-74245,Lindsay Zamora,491-39-4055,johnsonmelissa@example.org,318-405-3720x5967,53301 White Ports,75220,WA,Life,833149.49,6625.79,2630.77,2021-10-14,2025-10-13,2022-03-17,9643.5,Settled,Denise Green,9273.07,2026-01-02
POL-0001209,,CUST-85777,Richard Torres,196-45-3396,sperez@example.com,001-602-433-5338x387,3674 Howard Overpass,33525,CA,Life,1950281.28,28545.51,3783.69,2020-04-24,2024-04-23,2022-07-14,403804.28,Settled,Douglas Ferguson,341773.07,2023-01-13
POL-0001210,CLM-00001210,CUST-13803,Christopher Brooks,204-40-9652,kterry@example.net,001-576-210-9048x9788,7830 Charles Ferry,,NC,Home,134606.47,1492.15,3259.9,2023-01-25,2026-01-24,2025-01-16,339037.399278305,Submitted,,,2025-06-21
POL-0001211,CLM-00001211,CUST-70549,Matthew May,205-75-5187,flopez@example.com,223.900.0318,252 James Points,37078,FL,Commercial,742190.05,10034.99,365.97,2021-04-25,2026-04-24,2023-08-21,421782.89,Under Review,,,2026-02-16
POL-0001212,CLM-00001212,CUST-98227,Courtney Matthews,327-74-1132,johncraig@example.com,(536)932-6338x752,6143 Dylan Ville Suite 081,90919,FL,Commercial,1528798.57,18518.2,1698.6,2024-03-05,2029-03-04,2024-06-21,1049043.21,Settled,Eric Butler,948070.32,2025-10-19
POL-0001213,CLM-00001213,CUST-82642,Mark Torres,969-99-6892,virginiamiller@example.com,825-278-4081x07209,6887 Kayla Knoll Apt. 418,49182,TX,Auto,1650807.01,10854.72,8600.13,2022-06-22,2023-06-22,2022-06-29,847430.67,Rejected,John Meyer,,2022-07-04
POL-0001214,CLM-00001214,CUST-27750,Larry Boyd,223-76-8589,joelzimmerman@example.org,+1-320-236-8537,5843 Cameron Wells Apt. 035,49369,CA,Life,1837112.44,18327.41,7344.37,2021-07-28,2026-07-27,2023-08-21,1216082.91,Under Review,Wendy Smith,,2024-04-22
POL-0001215,CLM-00001215,CUST-57544,Mark Stewart,732-43-1143,sally93@example.org,4105316442,47693 Kane Forge,92409,FL,Health,1099556.51,8085.83,5521.4,2022-12-22,2027-12-21,2024-12-12,245899.39,Under Review,Ashley Mcclain,,2025-07-20
POL-0001216,CLM-00001216,CUST-60338,Kristine Spencer,981-28-3340,changmary@example.com,(365)398-8805x409,302 Richard Villages,44606,IL,Auto,1108074.29,8449.63,2040.43,2022-05-04,2026-05-03,2025-05-23,201741.98,Rejected,Randy Brown,,2024-06-17
POL-0001217,CLM-00001217,CUST-26817,Donna Lopez,939-39-6537,ocalderon@example.org,+1-614-347-7708x03345,46132 Nicholas Extensions,70333,WA,Health,733947.54,10779.48,1537.95,2024-02-11,2027-02-10,2024-06-01,71514.78,Rejected,John Meyer,,2025-01-30
POL-0001218,CLM-00001218,CUST-56307,Gregory Murphy,692-86-5348,bakercolin@example.org,001-608-988-8350x06583,6910 Crawford Common Suite 173,55787,IL,Home,600109.92,1969.65,2431.17,2024-12-10,2029-12-09,2025-09-21,445606.88,Under Review,Jesse Tyler,,2024-05-12
POL-0001219,CLM-00001219,CUST-75332,Cassandra Brewer,851-97-1044,paula04@example.net,3202534196,8397 Tina Circles Apt. 227,02024,GA,Home,121553.92,728.74,6184.83,2021-11-05,2025-11-04,2024-05-04,68719.06,Approved,Caleb West,,2025-09-08
POL-0001220,CLM-00001220,CUST-93584,Tiffany Hernandez,155-12-8331,ljohnson@example.org,001-302-605-8342,1221 Raymond Crescent Suite 375,37223,TX,Health,777381.66,1816.17,9439.39,2021-12-08,2023-12-08,2022-06-07,95539.5,Settled,Renee Patel,59349.18,2024-08-09
POL-0001221,CLM-00001221,CUST-76629,Dana Wilson,506-82-9354,morenomichael@example.org,819-291-4446x93853,266 Eric Points Apt. 015,17844,CA,Health,1555248.14,18749.72,5471.21,2023-02-18,2025-02-17,2024-06-11,180414.37,Approved,Brett White,,2024-06-24
POL-0001222,CLM-00001222,CUST-99992,Grace Singh,950-52-5294,joseph99@example.com,001-514-904-8415x3003,294 Matthews Villages Apt. 695,67732,TX,Health,1054936.64,4582.43,9954.2,2024-08-23,2027-08-23,2024-11-15,456668.9,Settled,Kenneth White,450077.19,2025-12-24
POL-0001223,CLM-00001223,CUST-20792,Tiffany Anderson,355-81-3968,dylan93@example.net,001-378-602-3003x995,8886 Jessica Coves,03438,TX,Home,828229.2,9321.52,7482.93,2024-10-04,2029-10-03,2025-10-24,631612.57,Rejected,Michelle Davis,,2025-05-23
POL-0001224,CLM-00001224,CUST-68114,Kelly Guerra,629-28-4471,landerson@example.net,5448279721,371 William Lakes Apt. 576,13515,CO,Home,1648151.82,13645.05,4442.33,2025-01-13,2028-01-13,2026-02-19,906588.66,Settled,Denise Green,693338.54,2024-05-14
POL-0001225,CLM-00001225,CUST-68968,Shannon Harris,670-70-9673,thill@example.com,829-344-8872,1150 Meghan Court,14827,WA,Auto,1173711.67,11345.93,4585.37,2023-01-31,2026-01-30,2025-05-12,643094.5,Settled,Brett White,615413.29,2024-11-14
POL-0001226,CLM-00001226,CUST-46993,Willie Cohen,833-76-2863,linda40@example.org,553-291-1713,29929 Denise Ville,26439,NC,Home,1542375.29,3447.32,4476.3,2024-07-21,2025-07-21,2024-11-12,765532.0,Rejected,Karen Miller,,2025-06-08
POL-0001227,CLM-00001227,CUST-30022,Mark Solis,825-62-8255,anne82@example.com,683.476.5522,59069 Tricia View Suite 526,63264,NY,Life,1262777.96,16221.32,7530.26,2024-08-31,2028-08-30,2024-09-28,847098.05,Approved,Brett White,,2023-12-09
POL-0001228,CLM-00001228,CUST-50439,Charles Erickson,148-71-7419,garyjames@example.org,419-992-7180x589,348 Duncan Centers Suite 224,ABCDE,FL,Health,839689.9,9308.78,6391.97,2024-05-26,2026-05-26,2025-02-16,226271.69,Settled,Kenneth White,221518.48,2024-05-15
POL-0001229,CLM-00001229,CUST-92465,Elizabeth Mendoza,701-51-7695,susan06@example.com,4983558012,582 Salinas Plain,37365,FL,Auto,317731.49,1003.5,2647.85,2021-11-06,2026-11-05,2025-03-11,210264.42,Submitted,,,2024-12-22
POL-0001230,CLM-00001230,CUST-41475,Juan Payne,793-19-5678,karenbenjamin@example.com,+1-462-361-8665,05417 Green Circle,83591,TX,Auto,566602.3,2380.83,8162.82,2021-08-12,2023-08-12,2022-04-16,271979.52,Submitted,,,2024-11-17
POL-0001231,CLM-00001231,CUST-54807,Jack Sanchez,853-97-2920,xhoward@example.org,+1-811-582-9387x3380,81974 Sarah Isle,30180,IL,Life,304898.55,1822.47,5533.23,2024-06-13,2029-06-12,2024-11-09,207383.62,Approved,Eric Butler,,2025-04-30
POL-0001232,CLM-00001232,CUST-89187,Melissa Munoz,884-85-3079,anthony61@example.net,(483)986-0086,670 Shepherd Plains Suite 904,81849,CA,Auto,131233.74,380.51,2134.51,2023-06-20,2026-06-19,2025-12-27,55397.42,Rejected,Caleb West,,2024-11-17
POL-0001233,CLM-00001233,CUST-96180,Lauren Miller,880-27-9903,navarromichael@example.net,380.679.2131x4573,47827 Wall Manors,35616,NY,Auto,1188476.38,11335.9,1735.29,2020-08-02,2023-08-02,2022-05-12,714932.93,Settled,Jesse Tyler,529785.12,2025-11-02
POL-0001234,CLM-00001234,CUST-95065,Adam Cook MD,176-45-8841,anthony50@example.org,736-555-7837,071 Lara Cliff,87182,GA,Auto,890619.77,3434.62,4107.69,2023-08-04,2025-08-03,2025-07-03,298813.61,Rejected,Michelle Davis,,2026-03-31
POL-0001235,CLM-00001235,CUST-27260,Robert Alexander,419-32-3984,smithjack@example.org,(261)392-2283x10872,315 Garcia Canyon,55000,NY,Auto,990448.79,2876.15,4730.19,2021-10-26,2022-10-26,2022-03-13,662636.35,Submitted,,,2026-01-20
POL-0001236,CLM-00001236,CUST-20456,Joseph Roman,791-23-8502,paul98@example.net,001-434-220-8884,7953 Malone Loop Suite 391,39629,CA,Health,1178607.01,7951.79,3056.3,2023-03-28,2027-03-27,2024-02-22,673474.37,Under Review,Michelle Davis,,2024-11-25
POL-0001237,CLM-00001237,CUST-25847,Patrick Cabrera,592-31-1622,harold71@example.com,971.491.4651x2038,86535 Oconnell Parkways Suite 161,52414,CO,Commercial,36536.56,210.05,407.64,2022-12-28,2026-12-27,2023-05-16,800.13,Under Review,Denise Green,,2025-08-16
POL-0001238,CLM-00001238,CUST-56052,Kathy Taylor,274-24-2515,devin77@example.org,696.655.4887,5432 Kaitlyn Roads,,CO,Commercial,1289570.07,16470.6,1446.19,2023-12-29,2024-12-28,2024-10-28,593224.48,Under Review,Renee Patel,,2023-06-15
POL-0001239,CLM-00001239,CUST-21858,Robin Moon,476-62-4944,traceyallen@example.net,(638)914-9112x55179,357 Perry Key Apt. 021,00000,GA,Commercial,1445022.89,13088.55,4136.39,2023-12-26,2027-12-25,2025-02-19,398917.51,Rejected,Douglas Ferguson,,2025-07-20
POL-0001240,CLM-00001240,CUST-60744,Joan Dennis,105-63-3621,jakehoward@example.com,654.711.4313x54276,1414 Megan Trafficway,99024,NC,Auto,1297972.4,6439.56,9942.68,2023-01-24,2026-01-23,2023-05-22,295382.73,Approved,Phillip Sherman,,2025-01-03
POL-0001241,CLM-00001241,CUST-71616,Jason Manning,178-19-4304,robert48@example.org,+1-342-949-2995x2003,590 Matthew Divide,61070,GA,Life,1213396.64,7959.43,3066.95,2024-08-24,2027-08-24,2025-08-13,542376.14,Submitted,,,2025-05-08
POL-0001242,CLM-00001242,CUST-74101,Brandy Russell,863-16-8156,dustin25@example.net,(704)225-1061x0412,0383 Bond Isle Suite 310,05026,IL,Auto,472548.82,2846.84,8866.88,2023-02-26,2024-02-26,2023-06-15,358998.04,Submitted,,,2023-09-30
POL-0001243,CLM-00001243,CUST-84286,Emily Brown,958-12-5572,madelineyang@example.com,001-984-247-0580x358,290 Lori Springs Suite 985,,CO,Home,1580672.59,15636.14,1122.01,2020-06-06,2025-06-05,2021-12-03,259070.2,Settled,Jesse Tyler,159583.32,2025-12-11
POL-0001244,,CUST-19303,Jacob Larson,625-52-1024,tammy49@example.com,+1-913-609-6292x349,57294 Moore Lane,03959,FL,Commercial,459139.94,3680.79,4531.09,2021-11-17,2023-11-17,2022-08-23,174407.58,Settled,Randy Brown,122600.04,2025-10-30
POL-0001245,CLM-00001245,CUST-65794,Rebecca Bruce,963-93-2422,llewis@example.com,001-464-825-6624x216,097 Carpenter Ways,51035,IL,Health,1199064.42,8371.53,7474.13,2020-09-29,2021-09-29,2020-10-25,728719.04,Approved,Douglas Ferguson,,2021-09-09
POL-0001246,CLM-00001246,CUST-55566,William Turner,600-45-1627,ysmith@example.com,724-447-5599,85912 Ashley Port,47379,NC,Commercial,96771.09,1277.08,3538.8,2022-02-14,2023-02-14,2022-09-14,22074.26,Settled,Denise Green,15957.21,2024-06-30
POL-0001247,CLM-00001247,CUST-27014,Michelle Adkins,423-79-3965,nathan41@example.com,231.332.9113x5907,083 Zachary Gardens Suite 812,35823,NY,Auto,587271.84,3795.69,4075.85,2023-02-17,2026-02-16,2025-12-17,35192.82,Settled,Denise Green,24010.27,2026-02-17
POL-0001248,CLM-00001248,CUST-74920,Michael Henderson,590-89-9396,juliehess@example.org,(481)559-9956x70248,1940 Ashley Ports Suite 302,69642,CO,Health,1533896.85,8699.74,7664.23,2025-01-30,2030-01-29,2026-03-01,1215294.97,Rejected,,,2025-05-09
POL-0001249,,CUST-51300,Travis Copeland,710-90-6765,ryan76@example.net,709.247.7751,855 Margaret Rue Apt. 615,15410,CA,Home,1827626.85,22237.37,1463.11,2020-10-27,2021-10-27,2021-08-17,3679674.7171881916,Under Review,Jennifer Reid,,2025-12-04
POL-0001250,CLM-00001250,CUST-66843,Leslie White,710-17-8884,rebeccamontgomery@example.org,+1-473-434-5956x78295,77106 Elizabeth Mount,78933,NY,Life,1034147.22,9548.02,8049.56,2022-09-30,2025-09-29,2022-12-14,418711.07,Submitted,,,2024-12-18
POL-0001251,,CUST-46548,Jane Larsen,717-77-3259,sarahmejia@example.com,+1-983-696-7759,0094 Johnson Grove,75245,TX,Home,1204368.4,11094.7,8833.5,2023-03-05,2024-03-04,2024-03-02,51491.76,Settled,Dr. Tina Reyes MD,50842.63,2025-12-05
POL-0001252,CLM-00001252,CUST-78276,Debbie Guzman,957-92-4600,jenkinsstephen@example.net,2586346929,0455 Katelyn Trafficway,,GA,Auto,1681651.78,23128.28,6119.24,2020-11-09,2025-11-08,2025-10-22,376013.55,Settled,Randy Brown,321016.4,2025-01-23
POL-0001253,CLM-00001253,CUST-30346,Aaron Anderson,892-28-4433,daniel29@example.com,2138246768,7998 Black Avenue,999,NC,Life,1230270.17,5382.71,3896.53,2024-11-12,2025-11-12,2025-05-20,35049.51,Under Review,Denise Green,,2024-10-29
POL-0001254,CLM-00001254,CUST-14867,Christina Campbell MD,441-88-3163,martin07@example.org,279-367-1281x61046,134 Kathleen Islands Apt. 664,41019,WA,health,658461.38,6886.77,9506.36,2020-09-27,2023-09-27,2021-05-31,261750.55,Under Review,Wendy Smith,,2025-12-04
POL-0001255,CLM-00001255,CUST-67840,Jordan Hogan,608-61-8977,kpierce@example.org,(393)606-8220,241 Autumn Court Suite 514,62079,AZ,Commercial,311756.67,4325.74,5167.93,2023-09-17,2018-12-09,2024-06-06,102115.82,Rejected,Brett White,,2025-10-05
POL-0001256,CLM-00001256,CUST-75882,Mr. Terry Wright,315-87-9133,fostergary@example.net,+1-826-870-4077,28935 Kelsey Island Apt. 006,1234,FL,Health,1708689.66,23768.97,4070.22,2023-12-29,2025-12-28,2024-02-06,700451.68,Approved,Randy Brown,,2025-06-28
POL-0001257,CLM-00001257,CUST-59276,Connie Parker,462-66-6080,mcdanielstephanie@example.com,(982)704-0529x82616,28868 John Rue,40431,NC,Commercial,268820.82,3199.11,9747.01,2022-10-20,2018-09-19,2023-11-22,72026.46,Settled,Douglas Ferguson,56622.71,2025-04-18
POL-0001258,CLM-00001258,CUST-11077,Emily Lewis,102-37-9584,jameswallace@example.com,001-681-670-1916,383 Tracy Haven,02450,TX,Auto,868757.46,9057.17,2759.43,2023-09-05,2024-09-04,2023-09-24,45696.86,Rejected,,,2025-11-21
POL-0001259,,CUST-10829,James Hart,110-56-9730,jacob13@example.net,679-588-6759x680,1147 Morris Prairie,35522,NY,Auto,14861.41,159.22,3199.25,2022-06-05,2027-06-04,2023-03-25,4267.95,Under Review,Wendy Smith,,2025-01-20
POL-0001260,CLM-00001260,CUST-62120,Michael Edwards,170-45-2036,william14@example.org,650-713-3897x904,166 Smith Keys Apt. 353,28620,AZ,Commercial,1308791.41,7749.38,8861.57,2020-09-13,2023-09-13,2022-07-28,580877.67,Under Review,Denise Green,,2021-07-08
POL-0001261,CLM-00001261,CUST-57049,Andrew Lang,589-96-9380,ruthwu@example.org,+1-249-928-3558x2636,73260 Emily Courts,81371,TX,Home,66099.4,644.67,7038.3,2023-03-20,2027-03-19,2026-03-07,40954.7,Under Review,Jesse Tyler,,2025-04-30
POL-0001262,CLM-00001262,CUST-87754,Angela Kirk,294-97-8005,kimberlycarpenter@example.com,379.796.6172,18421 Shane Mission,34474,CA,Auto,307392.89,3651.14,2041.52,2020-11-04,2023-11-04,2022-11-01,165836.51,Rejected,Dr. Tina Reyes MD,,2025-07-07
POL-0001263,,CUST-41692,Christopher Tanner,687-50-9349,jeremy85@example.com,(490)230-8253,85816 Mary Drive,26627,TX,Commercial,52438.5,600.98,2549.49,2025-01-18,2030-01-17,2026-02-19,31112.62,Submitted,,,2021-08-29
POL-0001264,CLM-00001264,CUST-50716,Stuart Conway,946-39-6111,vargascurtis@example.com,001-468-535-7912,529 Charles Crossroad Suite 670,61088,FL,Auto,566071.9,5480.45,6395.72,2021-03-03,2023-03-03,2022-10-14,445223.81,Approved,Kenneth White,,2024-08-12
POL-0001265,,CUST-39114,Dean Morgan DVM,995-90-9212,danny94@example.com,(646)322-3695,23060 Smith Lane Suite 850,06243,FL,Health,1118335.4,16397.75,4493.55,2020-11-13,2022-11-13,2022-02-04,678782.97,Approved,Wendy Smith,,2026-04-12
POL-0001266,CLM-00001266,CUST-15198,James Lee,820-68-4670,zholland@example.org,(997)274-8492x2864,2903 Ellis Station Suite 426,55985,WA,Commercial,1109577.47,2687.52,2222.21,2021-07-24,2025-07-23,2024-09-01,307444.67,Submitted,,,2024-09-01
POL-0001267,CLM-00001267,CUST-21085,Danielle Turner,914-43-9351,rodney46@example.com,634.674.0172x297,0970 Stephens Circle,21660,FL,LIFE,1698973.51,9565.17,2291.95,2022-08-28,2025-08-27,2024-05-28,627364.51,Approved,,,2021-06-07
POL-0001268,CLM-00001268,CUST-57767,Brandon Hall,946-51-8270,andreanichols@example.net,001-504-364-3203,6722 Kelly Lane Apt. 983,87795,NY,Commercial,1762282.19,22913.95,6154.22,2021-08-07,2023-08-07,2023-04-21,866334.81,Settled,John Meyer,578108.14,2024-11-16
POL-0001269,,CUST-97038,Jonathan Alexander,502-30-7139,trevinojerry@example.net,+1-751-254-9708,99122 Gutierrez Mews,13283,CO,Commercial,24896.36,85.22,7650.68,2021-04-09,2025-04-08,2024-12-18,7212.74,Submitted,,,2021-06-04
POL-0001270,CLM-00001270,CUST-88026,Daniel White,922-50-7672,richard99@example.org,989.903.2405x77205,05032 Conley Stravenue,30697,CO,Health,1686699.23,13567.63,1825.89,2023-10-10,2025-10-09,2024-01-01,427669.22,Settled,Jennifer Reid,337216.02,2026-02-07
POL-0001271,CLM-00001271,CUST-76008,Jennifer Edwards,714-36-8769,leehannah@example.org,+1-685-611-6733x2132,638 Richards Crossroad,85841,NY,Home,876401.04,4260.46,8221.26,2022-11-21,2024-11-20,2023-08-29,2336306.5332151256,Settled,Brett White,251475.56,2025-08-22
POL-0001272,CLM-00001272,CUST-81083,Mark Harris,911-21-3013,nelsonabigail@example.com,509-860-1966x318,4621 Angie Underpass Suite 199,41292,NC,Auto,948740.43,5289.5,5071.26,2022-10-09,2024-10-08,2024-06-14,366900.88,Under Review,Dr. Tina Reyes MD,,2024-05-02
POL-0001273,CLM-00001273,CUST-47935,Gary Barnes,151-82-1370,joshuahammond@example.com,380.432.3250x65220,15676 Michael Fork,08569,CA,Life,721159.22,4649.34,3384.65,2021-04-26,2022-04-26,2021-05-18,331458.25,Settled,,259454.48,2026-04-06
POL-0001274,CLM-00001274,CUST-12912,Brenda Nguyen,283-30-1510,ihernandez@example.com,(432)219-5380,38247 Colon Ramp Suite 413,77678,NY,Home,654826.54,7776.61,2647.13,2025-04-03,2027-04-03,2026-02-12,242869.55,Submitted,,,2025-02-21
POL-0001275,CLM-00001275,CUST-36344,Jordan Garcia,802-97-5141,johnsonnichole@example.org,001-340-441-5038,16404 Martinez Skyway Apt. 498,11235,CA,Health,609948.85,4530.68,9730.58,2022-12-02,2025-12-01,2023-11-19,418390.06,Approved,Denise Green,,2026-03-06
POL-0001276,CLM-00001276,CUST-91838,Jacob Wright,837-39-4243,kellytodd@example.com,818-519-1047,842 Miller Parkway Suite 752,,AZ,Health,1471199.48,14807.65,3959.97,2024-12-31,2029-12-30,2025-08-08,781897.82,Rejected,Renee Patel,,2024-11-08
POL-0001277,CLM-00001277,CUST-47865,Richard Tucker,510-51-5262,crystal84@example.net,(858)664-7580x0265,00558 Deborah Route,69592,NC,Health,151187.72,1410.66,7719.02,2023-07-14,2026-07-13,2025-08-15,15885.52,Submitted,,,2025-01-20
POL-0001278,CLM-00001278,CUST-61303,Joshua Taylor,168-55-3795,rayjamie@example.net,+1-605-466-1950x08115,90656 Carr Islands Suite 716,74205,WA,Health,355070.36,1077.52,8153.99,2021-02-26,2023-02-26,2022-01-29,230018.11,Submitted,,,2024-12-15
POL-0001279,CLM-00001279,CUST-12736,Patrick Carroll,967-48-8636,amorales@example.com,(641)663-9529x4055,09810 John Prairie Suite 526,86048,CA,Health,969878.12,12796.17,4153.77,2020-05-19,2024-05-18,2023-02-17,717406.57,Rejected,,,2025-11-30
POL-0001280,CLM-00001280,CUST-74678,James Nelson,441-88-2272,bryan11@example.org,001-668-538-7613,96663 Hogan Camp Suite 679,91528,AZ,Auto,1630285.34,20281.52,6538.55,2023-05-20,2026-05-19,2024-01-25,1196044.4,Submitted,,,2025-07-22
POL-0001281,CLM-00001281,CUST-38973,Angela Garcia,518-12-6049,samantha40@example.net,899-665-5534,3238 Shannon Stream Apt. 395,72688,IL,Home,1956106.16,4368.07,9732.66,2025-01-22,2026-01-22,2025-04-20,1453184.15,Under Review,Jennifer Reid,,2025-10-17
POL-0001282,CLM-00001282,CUST-52101,Bailey White,231-70-4370,erikaruiz@example.com,499.411.3394,8430 Melissa Islands Suite 000,16135,CO,Commercial,872005.92,4536.52,938.33,2022-12-22,2026-12-21,2023-08-13,507426.53,Rejected,Brett White,,2025-12-26
POL-0001283,CLM-00001283,CUST-28248,Sara Duran,935-20-9444,ystephens@example.com,001-472-327-6585,324 Castro Wall,52376,CO,Commercial,1465794.14,11486.34,332.93,2024-04-03,2026-04-03,2024-08-16,381515.13,Settled,Randy Brown,374348.58,2024-09-09
POL-0001284,CLM-00001284,CUST-63920,Jared Jenkins,184-37-9002,melindamartinez@example.org,(878)565-2744x2780,898 Rachel Crossing Apt. 569,60227,CA,Life,1372118.4,7410.6,8297.68,2022-10-06,2025-10-05,2025-03-16,294940.15,Submitted,,,2026-03-12
POL-0001285,,CUST-15816,Jeanette Blake,919-27-8461,wesleyberg@example.net,+1-689-249-3446x70156,409 Long Point Apt. 112,69907,IL,Life,1215279.36,11328.09,9394.47,2022-08-31,2025-08-30,2024-06-30,506459.03,Under Review,Brett White,,2024-04-22
POL-0001286,CLM-00001286,CUST-87550,Calvin Smith,387-79-1389,shannon28@example.org,(884)253-4398,6750 Andrews Ferry Apt. 765,76210,GA,Life,211439.46,573.47,6797.15,2024-10-19,2029-10-18,2025-01-24,125265.28,Approved,Eric Butler,,2025-07-10
POL-0001287,,CUST-30577,Jeff Arnold,462-17-4113,sullivanmark@example.net,001-995-519-5988,2955 Vickie Isle Apt. 885,76180,NY,Life,1230605.25,15072.46,459.81,2024-07-20,2028-07-19,2025-01-21,492746.39,Rejected,Ashley Mcclain,,2024-05-03
POL-0001288,,CUST-38136,Robert Bowers,904-75-5629,tbaldwin@example.net,380-318-3866x64598,6128 Walker Land Suite 164,07346,WA,Life,1543138.85,14233.86,2264.2,2024-08-30,2028-08-29,2025-03-31,229327.98,Under Review,Dr. Tina Reyes MD,,2025-06-16
POL-0001289,CLM-00001289,CUST-29630,Amber Barton,960-38-3372,gjohnson@example.net,450-749-1254,03460 Melissa Motorway,92346,GA,Home,1033810.88,3221.0,565.5,2020-08-17,2024-08-16,2024-06-06,680736.11,Rejected,Wendy Smith,,2024-05-14
POL-0001290,,CUST-51883,William Park,913-15-3100,edward63@example.com,+1-736-492-3038x6494,99949 Smith Creek,36294,WA,Auto,234781.88,670.46,707.33,2021-03-08,2023-03-08,2021-11-12,98555.9,Under Review,Dr. Tina Reyes MD,,2025-10-03
POL-0001291,CLM-00001291,CUST-97229,Wendy Ramos,517-47-9162,andrew69@example.com,779.205.0707,7814 Grant Brook Apt. 036,89815,AZ,Health,1245515.44,10181.06,2382.79,2023-07-30,2028-07-28,2025-09-05,817966.02,Settled,Victor Morgan,614410.43,2026-01-02
POL-0001292,CLM-00001292,CUST-30081,Kelly Zimmerman,973-24-7543,carolhogan@example.org,282.424.7871x02139,155 Carter Corner Suite 656,68448,CO,Health,718374.68,6892.24,3728.18,2021-02-16,2022-02-16,2021-06-12,190012.84,Rejected,Phillip Sherman,,2024-12-15
POL-0001293,,CUST-84448,Allison Henry,847-11-5110,catherine39@example.com,6503711186,4590 Walker Flats,40618,WA,Auto,1637014.48,21246.47,728.65,2024-02-15,2018-08-30,2025-06-21,1028392.72,Approved,Victor Morgan,,2024-05-07
POL-0001294,CLM-00001294,CUST-49416,Douglas Johns,157-93-9221,sheilawilliams@example.com,867-275-0767x66369,245 Susan Circle,92067,NC,Home,1440488.46,17848.3,4180.98,2021-08-01,2024-07-31,2024-01-29,572621.71,Under Review,Brett White,,2024-07-23
POL-0001295,CLM-00001295,CUST-67450,Mark Cook,375-88-1207,floresjeremy@example.org,829-250-1611x1680,146 Powell Crescent,41474,CA,Home,1738253.95,5541.28,634.56,2023-03-17,2028-03-15,2025-08-04,617564.73,Submitted,,,2022-07-29
POL-0001296,CLM-00001296,CUST-70902,Michael Allen,572-50-4041,sylviagarcia@example.net,(760)908-3254,346 Knight Crest Apt. 550,76489,TX,Home,1827834.47,8298.6,6289.21,2022-07-26,2023-07-26,2023-04-28,168058.11,Approved,Kenneth White,,2025-05-02
POL-0001297,CLM-00001297,CUST-13776,Daniel Smith,561-65-6294,hendersonderrick@example.net,495-977-9067x8193,386 Edwin Common,70750,IL,Home,1471092.8,13038.09,8981.1,2025-03-17,2028-03-16,2026-04-03,354553.63,Approved,Dr. Tina Reyes MD,,2024-09-07
POL-0001298,CLM-00001298,CUST-80168,Joseph Haney,698-69-9046,hensonjennifer@example.org,001-502-358-2014,76024 Sullivan Tunnel Apt. 541,49359,WA,Health,1596936.5,21098.44,1550.21,2020-05-25,2021-05-25,2020-12-05,1013170.8,Settled,Renee Patel,616433.17,2025-04-27
POL-0001299,CLM-00001299,CUST-71475,Carol Myers,861-37-7775,jacqueline29@example.net,808.674.7238x0510,794 Gibson Valleys,99648,CA,Health,298625.45,1009.4,3389.98,2021-07-25,2018-09-09,2021-09-07,27363.8,Submitted,,,2024-12-27
POL-0001300,,CUST-47769,Joseph Kennedy,236-91-1554,sanchezemily@example.org,297-755-8736,8284 Martinez Tunnel Suite 634,28034,IL,Health,361981.93,3017.96,2318.8,2022-01-15,2024-01-15,2023-09-24,38037.31,Settled,Dr. Tina Reyes MD,27813.31,2025-04-14
POL-0001301,,CUST-76926,Sara Hill,411-62-8062,markgarrett@example.org,+1-961-493-5428x9300,9863 Coleman Neck,24351,CA,Commercial,590424.85,1376.38,7227.93,2021-03-08,2026-03-07,2024-09-23,7146.97,Rejected,Brett White,,2025-12-04
POL-0001302,CLM-00001302,CUST-22735,Sharon Neal,353-82-4197,taylorrenee@example.com,935-516-8759x681,055 Villanueva Gardens Suite 444,14020,GA,Health,1198748.12,16537.79,3718.35,2020-04-30,2023-04-30,2023-04-23,627376.11,Under Review,Phillip Sherman,,2023-05-27
POL-0001303,CLM-00001303,CUST-19317,Nicole Benson,469-96-7763,psmith@example.org,820-388-1924x63068,061 Ortiz Estate Suite 841,ABCDE,AZ,Home,1465096.93,15951.18,9349.44,2021-11-04,2023-11-04,2023-03-19,61903.29,Rejected,Renee Patel,,2026-03-03
POL-0001304,CLM-00001304,CUST-22655,Thomas Goodwin,824-58-2271,barbara90@example.com,347-360-1666x5984,8387 Wall Meadows,93078,NC,Health,724201.42,3227.0,9783.35,2022-03-19,2026-03-18,2024-04-02,76918.93,Under Review,Karen Miller,,2025-06-04
POL-0001305,CLM-00001305,CUST-37679,Sandra Snow,790-46-1125,epatel@example.net,+1-560-907-8173x01923,68094 James Square,84256,WA,Auto,881314.58,10424.74,3737.98,2023-01-29,2028-01-28,2024-03-29,409475.85,Approved,Caleb West,,2022-11-03
POL-0001306,CLM-00001306,CUST-30527,Katherine Flores,291-87-2183,mooreemily@example.net,(535)457-1395x9211,89680 Emma Ports Suite 852,50284,NC,Health,1679111.54,6914.46,8790.48,2022-05-06,2025-05-05,2024-03-30,889550.6,Settled,Jennifer Reid,750270.31,2024-07-24
POL-0001307,CLM-00001307,CUST-13766,Crystal Arroyo,182-83-9618,harrisderrick@example.com,631-412-1322x3741,318 Campos Plaza Suite 158,98307,FL,Home,1619257.12,12985.95,9623.27,2024-10-20,2025-10-20,2025-08-04,730110.42,Submitted,,,2025-05-22
POL-0001308,CLM-00001308,CUST-93051,Rachel Reilly,674-66-7500,xanderson@example.com,001-662-473-9400x35463,443 Nicole Canyon,25892,GA,Health,918537.88,3682.91,7184.59,2022-03-29,2023-03-29,2022-11-14,247004.9,Rejected,Phillip Sherman,,2024-10-09
POL-0001309,CLM-00001309,CUST-59492,Aaron Weaver,468-67-5685,scoleman@example.net,+1-685-300-7745x4511,33602 Howard Circles Suite 939,88993,NY,Home,1987171.68,27027.26,3525.03,2024-02-25,2027-02-24,2025-03-26,410565.4,Submitted,,,2024-09-12
POL-0001310,,CUST-29065,Crystal Jackson,651-24-9286,harperangela@example.net,3759916992,99473 Amber Point,29514,CA,Health,1060554.38,15364.4,6255.38,2024-08-09,2029-08-08,2024-08-10,248659.26,Settled,Louis Moyer,184183.06,2024-05-20
POL-0001311,CLM-00001311,CUST-61187,Rachel Floyd,369-14-8326,terri64@example.com,892-314-5158x9830,885 Kevin Drive Suite 460,77650,TX,Auto,1338356.12,17476.54,9299.37,2023-06-23,2026-06-22,2024-12-29,339329.41,Under Review,Caleb West,,2024-08-23
POL-0001312,,CUST-50774,Martha Bender,156-43-6829,pwhite@example.net,001-428-581-2615x121,9821 Seth Isle Suite 935,06387,GA,Auto,224162.54,1383.66,7994.27,2022-05-13,2024-05-12,2022-09-05,47541.47,Approved,Caleb West,,2024-06-21
POL-0001313,CLM-00001313,CUST-23000,Tiffany Wilson,256-85-5182,agray@example.org,001-279-774-7747x5823,0571 Doyle Prairie,40515,AZ,LIFE,1154225.25,10905.2,1531.08,2023-10-23,2025-10-22,2025-05-04,219689.35,Under Review,Jesse Tyler,,2023-02-27
POL-0001314,CLM-00001314,CUST-25890,Bruce Harris,171-37-2361,johnsondavid@example.org,2582031160,2745 Mary Prairie,91014,FL,Life,904492.12,3644.55,7268.31,2022-12-10,2024-12-09,2023-08-03,653197.6,Submitted,,,2026-02-21
POL-0001315,CLM-00001315,CUST-21060,Eric Porter,189-79-8765,smithsharon@example.com,001-467-561-3622x70667,9080 Nancy Ferry,08490,IL,Life,206693.0,836.21,1421.02,2024-06-01,2028-05-31,2025-11-04,91486.55,Under Review,Victor Morgan,,2024-06-16
POL-0001316,CLM-00001316,CUST-73252,Sandra Mccann,459-72-1430,stephanie09@example.com,724-596-6997x8213,52690 Crystal Falls,17095,NY,Auto,439539.56,6140.87,530.8,2023-12-22,2028-12-20,2026-01-27,30872.42,Under Review,Denise Green,,2026-03-29
POL-0001317,CLM-00001317,CUST-80099,Hannah King,478-49-4749,andersonmark@example.com,001-937-667-5407,113 Snyder Roads,ABCDE,GA,Life,1461340.45,15052.14,4536.97,2024-12-14,2025-12-14,2025-01-11,1008026.06,Submitted,,,2025-03-09
POL-0001318,CLM-00001318,CUST-34843,Linda Lawrence,218-71-6149,riveramonica@example.net,928.895.6444,3264 Deanna Junctions Suite 006,81161,FL,Commercial,1045848.65,8605.25,3083.79,2020-12-11,2023-12-11,2022-01-11,799730.42,Submitted,,,2024-09-11
POL-0001319,CLM-00001319,CUST-26286,Jill Gonzalez,704-29-7599,bellchristian@example.net,+1-333-259-8128x26977,70222 Maurice Points,25856,TX,Home,513769.79,5638.26,6737.76,2024-09-07,2029-09-06,2025-08-22,354047.18,Rejected,Louis Moyer,,2025-01-09
POL-0001320,,CUST-47136,Christian Ritter,264-94-1819,cranebrooke@example.net,965-849-9807,393 Baker View Apt. 341,25684,CA,Life,1628837.01,16385.01,1415.98,2023-07-29,2028-07-27,2024-02-10,519722.02,Settled,Brett White,320460.39,2025-04-26
POL-0001321,CLM-00001321,CUST-49325,Kathryn Gomez,120-47-9133,katie65@example.com,3916958373,191 Jacob Coves Suite 626,57165,NC,Home,173228.47,864.8,3167.69,2024-05-23,2029-05-22,2024-10-31,124763.31,Submitted,,,2025-11-06
POL-0001322,CLM-00001322,CUST-26830,Tina Robinson,147-73-4964,lwalker@example.org,884.477.3970,2815 Barbara Overpass Suite 177,06829,CO,Home,753532.16,9030.52,797.71,2024-04-14,2025-04-14,2024-06-13,71232.57,Rejected,Caleb West,,2024-05-26
POL-0001323,,CUST-51356,Laura Walker,626-18-1848,michaelwells@example.com,001-808-742-6186x33366,1157 Fernandez Falls Suite 533,54914,AZ,Home,1361031.06,4701.5,4106.85,2022-05-04,2026-05-03,2025-12-08,1051735.27,Rejected,Phillip Sherman,,2025-04-24
POL-0001324,,CUST-62744,Justin Garcia,493-16-7637,fstone@example.com,+1-598-886-7557x0170,10809 Buckley Villages Suite 873,21493,IL,Commercial,985407.0,6304.31,5606.92,2020-05-27,2024-05-26,2022-12-22,589229.22,Approved,,,2022-12-07
POL-0001325,CLM-00001325,CUST-27848,Dawn Martinez,393-53-1954,courtney21@example.org,001-781-804-0426x83772,49292 Figueroa Keys Apt. 507,47942,IL,Commercial,1310033.31,15336.38,5233.6,2021-06-08,2026-06-07,2023-06-01,824101.69,Approved,Brian Hernandez,,2025-11-25
POL-0001326,CLM-00001326,CUST-32562,Alexis Acosta,526-52-3908,yprice@example.com,001-649-258-9013x77696,932 Roger Hill Suite 012,29079,AZ,Home,452070.91,3381.79,9642.19,2023-07-23,2026-07-22,2023-12-02,152990.41,Approved,Jesse Tyler,,2026-01-21
POL-0001327,,CUST-71102,Lawrence Nguyen,949-79-4486,rochajack@example.org,(862)618-1443x4825,03430 Smith Views Suite 292,27591,FL,Health,692705.99,2093.62,3953.58,2022-12-01,2023-12-01,2022-12-24,95371.86,Approved,,,2025-12-23
POL-0001328,CLM-00001328,CUST-61231,Nathan Garcia,319-48-6338,jamestracy@example.net,(471)895-9141,834 Joshua Inlet,10722,NC,auto,1110062.55,8233.72,6959.79,2025-04-03,2026-04-03,2025-11-05,459537.48,Submitted,,,2024-05-04
POL-0001329,CLM-00001329,CUST-59357,George Evans,616-80-4007,johnmeza@example.org,(804)977-0710,98537 Berry Parkway,85178,GA,Life,1838089.49,10910.05,8213.77,2020-12-04,2024-12-03,2023-08-03,4586209.312602117,Approved,,,2024-10-21
POL-0001330,CLM-00001330,CUST-11516,Alejandro Smith,116-52-3223,fthompson@example.net,747.998.0529x22954,356 Dawn River,27767,WA,Health,725533.92,8962.58,4094.81,2021-07-08,2023-07-08,2021-08-27,107350.74,Settled,Phillip Sherman,103950.88,2025-09-18
POL-0001331,,CUST-34103,Craig Bennett,200-18-5210,amandaharrison@example.org,917-740-9830,18445 Esparza Trail,56487,CA,Commercial,661713.12,3673.97,9450.2,2021-09-11,2023-09-11,2023-03-26,500043.78,Rejected,,,2024-05-13
POL-0001332,CLM-00001332,CUST-50841,Krystal Taylor,578-24-3791,michaelrobinson@example.net,706.830.9380x8957,22703 Hess Knolls Suite 436,86126,TX,Home,524788.1,7455.63,4854.0,2023-01-15,2027-01-14,2025-07-08,173396.44,Approved,Denise Green,,2024-11-07
POL-0001333,,CUST-22473,Michael Arnold,215-92-4656,nathanbaker@example.org,881-220-8213x29137,98501 Hatfield Tunnel Suite 434,92938,GA,Commercial,489811.71,4862.17,9359.11,2023-08-07,2025-08-06,2025-07-17,277893.7,Submitted,,,2025-06-01
POL-0001334,CLM-00001334,CUST-80728,Michelle Sutton,110-31-4181,mercerjoel@example.net,001-210-351-0151x10610,6049 Veronica Trafficway Apt. 321,41834,NY,Auto,1392237.9,5680.2,3360.59,2020-09-14,2025-09-13,2025-04-07,889057.84,Approved,Renee Patel,,2025-11-16
POL-0001335,CLM-00001335,CUST-38117,Tara Turner,781-93-9455,johnreed@example.com,712.321.4222,088 Amber Square Apt. 297,71917,IL,Home,1366389.1,3840.06,3061.99,2022-09-28,2025-09-27,2025-06-23,653148.39,Under Review,Caleb West,,2025-01-09
POL-0001336,CLM-00001336,CUST-52378,Maria Moore,546-23-4170,coxcatherine@example.org,775-764-7642,1650 Jessica Landing,69228,CO,Home,1497681.57,17650.12,750.83,2024-04-06,2028-04-05,2024-11-12,731879.5,Submitted,,,2026-03-15
POL-0001337,CLM-00001337,CUST-10887,Jonathan Harmon,397-33-5403,daniel85@example.com,870-918-6650,9014 Shah Valley,31839,FL,Auto,950217.52,13773.74,2782.86,2023-09-04,2026-09-03,2025-09-14,245861.37,Submitted,,,2025-01-06
POL-0001338,CLM-00001338,CUST-54409,Michael Garcia,588-21-8336,hudsoncrystal@example.com,408.556.2924,826 Susan Drives Apt. 343,,GA,Commercial,1040585.93,12670.68,3761.41,2021-04-20,2024-04-19,2022-12-17,493148.77,Under Review,Renee Patel,,2024-05-30
POL-0001339,CLM-00001339,CUST-45406,Stephanie Thomas,858-67-8612,kristen08@example.org,972.685.9209x252,5336 Alyssa Branch,94882,FL,Home,1184686.68,11833.77,4665.0,2021-03-23,2024-03-22,2021-11-29,752882.03,Submitted,,,2025-12-07
POL-0001340,CLM-00001340,CUST-19640,Thomas David,404-10-1399,wporter@example.org,477.256.1492,290 Keith Plains,84073,IL,Home,58326.71,816.53,762.25,2020-11-01,2025-10-31,2021-11-01,40712.86,Rejected,Phillip Sherman,,2024-08-08
POL-0001341,CLM-00001341,CUST-76709,Angela Weiss,637-53-8373,mwilliams@example.net,448.607.6209x288,07338 Hurley Garden,09585,WA,Life,1088278.4,6004.95,3794.09,2020-09-19,2025-09-18,2025-07-22,2957492.968434458,Under Review,Brett White,,2025-02-24
POL-0001342,CLM-00001342,CUST-22225,Candace Dudley,213-76-1825,crossallison@example.com,+1-887-607-0721x63520,8634 Emily Pine Suite 921,19630,NC,Life,591925.06,7136.54,8359.33,2024-05-24,2028-05-23,2025-06-04,78161.5,Submitted,,,2025-04-23
POL-0001343,,CUST-20712,Steven Morrison,766-27-2843,joshua37@example.com,001-201-514-0971x271,65582 Garcia Hollow,1234,WA,Commercial,658740.33,8912.02,7919.47,2023-02-26,2028-02-25,2024-02-11,332259.34,Approved,Jesse Tyler,,2024-05-24
POL-0001344,CLM-00001344,CUST-97855,Jeffrey Ramos,648-42-3416,qwilliams@example.net,+1-993-630-6153x1124,43026 Dorothy Harbors Apt. 185,91469,AZ,Home,502079.59,6928.99,9098.69,2024-10-20,2026-10-20,2025-12-01,43183.08,Rejected,Brett White,,2025-08-15
POL-0001345,CLM-00001345,CUST-53211,Rebekah Davis,334-35-8659,bakerangela@example.org,(430)742-2824x487,94624 Sanders Burg,99568,CA,Health,939690.44,9201.95,2553.08,2021-04-17,2025-04-16,2022-08-10,666837.44,Settled,Jesse Tyler,561005.67,2025-05-20
POL-0001346,CLM-00001346,CUST-18232,Brandon Ross,365-91-4548,jenniferrojas@example.org,214-950-4360x303,9780 Jeffrey Springs Suite 643,12048,GA,Auto,1050410.99,7969.12,5792.08,2020-04-18,2025-04-17,2024-02-09,662591.44,Rejected,Dr. Tina Reyes MD,,2025-03-30
POL-0001347,,CUST-15278,Holly Pennington,901-84-3725,ashleydonovan@example.net,(905)647-2609x710,7706 Robert Club,43997,GA,Home,696224.87,2517.48,9651.12,2021-03-04,2022-03-04,2022-01-02,399977.32,Under Review,Wendy Smith,,2026-03-27
POL-0001348,CLM-00001348,CUST-76495,Ashley Lewis,773-41-1442,jeromeadams@example.com,597-778-2301x235,9214 Jones Pike,84468,AZ,LIFE,32464.3,204.12,2971.58,2024-09-04,2027-09-04,2024-12-09,20787.54,Rejected,Ashley Mcclain,,2025-10-02
POL-0001349,,CUST-71760,Sarah Bailey,907-65-9455,chungvalerie@example.org,8889643049,989 Orr Dam,00660,WA,Home,1490108.73,8206.14,8407.77,2021-06-10,2022-06-10,2022-02-17,692945.32,Approved,Michelle Davis,,2024-05-25
POL-0001350,CLM-00001350,CUST-43210,Holly Carlson,645-74-7243,guzmankyle@example.org,694.744.4685x175,6743 Joseph Freeway Suite 609,66699,CO,Auto,633019.63,3803.26,5578.73,2021-05-20,2023-05-20,2021-09-03,172148.72,Settled,Jennifer Reid,111926.79,2024-06-08
POL-0001351,CLM-00001351,CUST-36392,Vincent Rios,170-73-7124,elliskathy@example.com,(368)958-5926x58721,60276 Turner Bypass,03376,CO,Auto,1334028.8,12475.93,1547.48,2021-08-08,2022-08-08,2022-04-06,473116.21,Approved,,,2025-01-17
POL-0001352,CLM-00001352,CUST-26009,Joseph Joseph,963-29-9941,amymays@example.org,001-571-510-9983x795,756 Kenneth Radial Suite 588,27694,NY,Auto,264059.08,3348.07,2573.0,2024-11-20,2027-11-20,2025-08-29,45734.67,Approved,,,2026-01-14
POL-0001353,CLM-00001353,CUST-64632,Brittany Brown,624-57-8824,hgreen@example.net,+1-309-293-6376x1333,778 Garcia Meadow,07436,WA,Life,489912.55,6964.73,882.15,2020-09-21,2021-09-21,2021-04-14,133570.02,Rejected,,,2025-11-24
POL-0001354,CLM-00001354,CUST-40233,Julia Johnson,340-26-8935,brianelliott@example.com,4924440112,425 Cynthia Drive Apt. 567,43986,GA,Home,385716.13,5459.6,1109.75,2020-05-02,2021-05-02,2020-11-26,81193.65,Settled,Karen Miller,68936.21,2025-01-30
POL-0001355,CLM-00001355,CUST-29499,Brian Hammond,446-25-3858,gomezmisty@example.org,001-677-704-5967x51600,71050 Douglas Spring Suite 949,24879,WA,Home,1051741.63,6272.44,1402.92,2022-08-20,2025-08-19,2024-02-29,662125.94,Rejected,Louis Moyer,,2025-02-07
POL-0001356,CLM-00001356,CUST-39737,Jessica Browning,719-75-2765,aaguilar@example.net,(669)797-6683,579 Matthew Trail Suite 203,46979,NC,Health,367386.47,3249.58,3671.58,2024-05-05,2026-05-05,2025-05-24,127307.66,Submitted,,,2025-01-09
POL-0001357,CLM-00001357,CUST-42749,Robert Castro,724-90-7468,leerobin@example.org,944.200.0672x8654,4931 Kyle Ports Suite 055,06426,CA,Health,79884.13,892.32,5590.21,2025-03-23,2027-03-23,2025-05-30,25083.04,Settled,John Meyer,20835.74,2024-05-10
POL-0001358,,CUST-73847,Randall Schultz,564-33-4356,candiceperez@example.com,659-681-0413,6833 Christine Pine Suite 765,35618,NC,Life,683943.9,1649.65,3676.51,2020-10-24,2022-10-24,2020-11-22,530460.02,Rejected,Brett White,,2022-06-14
POL-0001359,CLM-00001359,CUST-87476,Jacqueline Hodges,528-81-2842,villegasjesus@example.org,523-485-3114x1006,193 Solis Flats,89324,CA,Life,606891.47,2684.28,1589.33,2024-06-13,2026-06-13,2025-08-04,376261.07,Approved,John Meyer,,2025-01-07
POL-0001360,CLM-00001360,CUST-51835,Brian Lucas,727-98-6278,akramer@example.net,667-280-4463,41014 Galloway Heights Apt. 697,52584,IL,Life,207139.62,2943.11,1640.9,2024-11-20,2025-11-20,2025-09-12,36924.65,Under Review,,,2024-05-29
POL-0001361,CLM-00001361,CUST-49416,Cynthia Trujillo,349-67-9990,kleinandrew@example.net,001-586-816-6933x49884,6369 Fleming Walk Suite 939,79326,TX,Auto,507938.62,1478.53,5942.42,2023-04-20,2027-04-19,2024-05-05,284405.16,Settled,,223778.73,2026-03-12
POL-0001362,CLM-00001362,CUST-40425,Kristen Mason,370-15-7080,christopherholt@example.com,791.603.8900,2037 Johnston Overpass Suite 222,24894,TX,Life,844549.06,2089.0,3656.91,2025-03-06,2027-03-06,2025-12-24,34071.1,Rejected,Kenneth White,,2025-06-01
POL-0001363,CLM-00001363,CUST-24954,Laura Stewart,619-31-4715,angelathompson@example.net,+1-439-503-3466,91050 Jessica Plain Apt. 776,30266,NY,Health,1135080.51,8304.45,1407.42,2025-03-07,2018-12-05,2025-07-17,187187.71,Rejected,Eric Butler,,2024-07-15
POL-0001364,,CUST-71314,Thomas Murphy,893-52-6042,cmontgomery@example.org,2066051727,235 Jacqueline Throughway,38536,NC,Health,1758968.74,10084.93,8217.61,2021-11-16,2026-11-15,2023-11-05,584260.47,Settled,Jesse Tyler,401873.17,2024-10-07
POL-0001365,,CUST-97995,Rita Moss,749-31-5930,woodsjulie@example.com,536.423.0973x97854,024 Obrien Circles Suite 033,45701,AZ,Auto,1335478.94,18638.43,9509.67,2022-09-13,2024-09-12,2023-03-05,336777.1,Submitted,,,2025-01-01
POL-0001366,,CUST-74724,Kristin Martin,187-80-6736,sharon25@example.com,8253488348,780 Edwards Ridges,77524,WA,Health,1888898.98,9423.93,778.95,2022-07-28,2027-07-27,2024-09-01,725430.25,Settled,Louis Moyer,641417.12,2025-07-19
POL-0001367,CLM-00001367,CUST-81061,Alan Taylor,850-12-9097,morrisjames@example.com,7994524894,6769 Jenkins Wall,81100,NC,Auto,909041.94,3001.29,5242.17,2024-02-24,2029-02-22,2024-06-21,615847.95,Rejected,Randy Brown,,2025-09-28
POL-0001368,CLM-00001368,CUST-38260,Jacqueline Johnson,545-86-4607,rchandler@example.net,307.262.0125x958,28261 Jim Spring Suite 421,19009,CO,Auto,1238289.92,14360.46,8853.18,2023-02-11,2027-02-10,2025-06-28,775294.14,Settled,,670929.23,2024-06-02
POL-0001369,CLM-00001369,CUST-31423,Tina Barnes,224-17-5953,riverabrittany@example.org,727-575-7794,031 Emily Extensions,01054,NC,health,378498.61,1340.57,8232.17,2025-04-07,2029-04-06,2025-10-15,39812.99,Under Review,Randy Brown,,2023-08-26
POL-0001370,CLM-00001370,CUST-86998,Lori Johnston,843-39-4994,tiffany80@example.com,238-385-6459x4673,6117 Thomas Ridge,50579,TX,Life,1268352.91,11170.07,2189.33,2021-05-27,2026-05-26,2024-08-03,246033.08,Settled,Brian Hernandez,204189.04,2025-03-07
POL-0001371,CLM-00001371,CUST-89590,Jennifer Leach,301-72-2830,davistiffany@example.net,463.360.2980x62967,289 Thompson Wells,58993,CA,Auto,1587019.59,5225.96,4129.92,2022-06-11,2024-06-10,2022-11-20,882781.76,Under Review,,,2024-10-28
POL-0001372,CLM-00001372,CUST-42765,Teresa Christensen,765-10-2157,pbaker@example.org,+1-313-450-1174x73373,7895 Braun Fields Apt. 320,31636,GA,Auto,1677020.26,21646.99,7455.4,2024-07-04,2027-07-04,2025-01-22,1195102.38,Submitted,,,2025-02-21
POL-0001373,CLM-00001373,CUST-96173,Erika Anderson,509-26-2890,qblack@example.net,(310)223-9729,589 James Cove Suite 750,29613,TX,Commercial,463339.7,6402.2,447.77,2021-05-15,2022-05-15,2022-03-20,227467.22,Rejected,Michelle Davis,,2025-05-11
POL-0001374,CLM-00001374,CUST-24130,Jason Sutton,411-92-9397,bernardkelly@example.org,+1-834-890-0666,7206 Anderson Burg,17384,FL,Health,560368.77,5553.66,5870.57,2022-02-08,2023-02-08,2022-04-19,377818.91,Settled,Brett White,252323.77,2025-10-28
POL-0001375,,CUST-51384,Nicole Drake,868-12-2133,meyersjoseph@example.com,001-211-932-6730,744 Lewis Pike,29966,GA,Home,301819.76,3473.85,9775.59,2021-06-30,2025-06-29,2022-05-09,231915.66,Approved,Caleb West,,2025-10-26
POL-0001376,CLM-00001376,CUST-74812,Lori Mckenzie,859-52-7321,pbrown@example.org,001-558-218-7306x2721,2214 Logan Square Apt. 301,17248,NC,Health,1645393.55,4873.29,2479.43,2021-03-13,2024-03-12,2022-03-24,24194.21,Settled,Jesse Tyler,15261.05,2025-04-15
POL-0001377,CLM-00001377,CUST-40452,Stephanie Martinez,719-27-9475,lindsay25@example.net,970-301-5898x1629,7982 Carl Prairie Suite 497,82470,FL,Life,1668378.56,7844.3,7115.04,2025-02-01,2027-02-01,2025-12-05,802326.09,Submitted,,,2025-09-01
POL-0001378,CLM-00001378,CUST-31912,Matthew Wilkerson,891-64-3725,boyleedward@example.com,+1-992-353-6072x0673,8351 Anna Wells Suite 837,14499,IL,Home,491984.35,1650.13,6043.66,2023-12-04,2027-12-03,2024-11-21,350757.92,Rejected,Jesse Tyler,,2024-06-29
POL-0001379,CLM-00001379,CUST-67956,Frank Spencer,977-35-1089,gary67@example.net,729-265-2450,9575 Matthew Courts Apt. 655,ZIP-NA,NC,Home,198135.58,2203.18,6835.07,2021-08-26,2026-08-25,2024-03-19,288810.53696935787,Under Review,Jennifer Reid,,2025-08-17
POL-0001380,,CUST-31646,Nicholas Lucas,780-55-5706,tbishop@example.com,001-595-674-2578x21016,139 Carpenter Lights,34046,CA,Home,798042.95,8956.21,9045.47,2020-05-29,2022-05-29,2020-11-04,335241.21,Submitted,,,2021-05-23
POL-0001381,CLM-00001381,CUST-74485,Gerald Kaufman DDS,249-71-9179,jacksonmargaret@example.org,876-820-8925,963 Amber Isle Apt. 780,74306,WA,Life,1341860.27,5423.2,1351.2,2020-09-12,2019-01-11,2021-03-20,486711.19,Approved,Eric Butler,,2026-03-21
POL-0001382,CLM-00001382,CUST-43882,Katie Garcia,211-43-4213,rachel29@example.com,(521)355-4619x379,060 Ashley Streets,95856,CA,Health,1275936.38,3752.02,8257.18,2023-06-11,2025-06-10,2024-02-16,331284.52,Approved,,,2024-01-16
POL-0001383,CLM-00001383,CUST-41198,Daniel Cook,148-84-3689,meyersteve@example.org,001-743-356-4275x507,539 Fritz Fall Suite 495,02381,FL,Commercial,445296.69,2186.76,3266.18,2021-03-19,2022-03-19,2021-06-30,199632.88,Approved,Douglas Ferguson,,2025-01-02
POL-0001384,CLM-00001384,CUST-87788,Gary Lawrence,912-93-1728,jwebb@example.com,001-610-200-2962,64971 Anita Field Apt. 420,33283,GA,Home,1927635.49,18160.76,5606.54,2023-04-28,2026-04-27,2026-03-06,569878.12,Rejected,Brian Hernandez,,2024-08-31
POL-0001385,CLM-00001385,CUST-49504,Lisa Vargas,418-62-7042,zbrown@example.org,+1-410-718-3199,8366 Knight Lodge,83172,TX,Auto,548804.22,4401.41,4982.51,2023-05-04,2028-05-02,2025-12-01,405417.15,Rejected,Dr. Tina Reyes MD,,2025-02-20
POL-0001386,CLM-00001386,CUST-78909,Marvin Rios,615-35-5551,christinayu@example.net,302-493-2657x37469,6944 David Inlet,44302,CO,Life,1391906.1,19283.59,2851.58,2021-07-25,2023-07-25,2023-05-01,1094034.47,Submitted,,,2025-07-02
POL-0001387,CLM-00001387,CUST-94538,Scott Zimmerman,934-31-9438,martinezjuan@example.org,001-689-960-2129x88093,394 Davis Isle Suite 422,23685,FL,Commercial,670052.46,1516.54,7190.54,2024-08-12,2027-08-12,2026-02-20,404705.6,Submitted,,,2025-11-25
POL-0001388,,CUST-10481,Danny Rice,436-65-9690,gainesricardo@example.com,488-487-7509,4442 Le Mission,,CO,Home,1371751.31,11197.64,741.36,2024-08-10,2029-08-09,2025-05-06,294173.81,Submitted,,,2026-02-28
POL-0001389,CLM-00001389,CUST-49514,Sarah Fox,237-95-3504,pughmichael@example.net,(410)309-2367x27281,644 Yoder Road,45779,TX,Home,1663710.49,15922.65,8346.08,2021-10-19,2025-10-18,2024-02-05,1203116.25,Settled,Renee Patel,1013945.4,2024-11-13
POL-0001390,CLM-00001390,CUST-69482,Drew Price,932-84-4833,emilypotter@example.org,001-895-490-0123x50199,1287 Troy Glen Apt. 498,93407,IL,Commercial,1393213.53,18528.97,3367.5,2023-04-09,2025-04-08,2025-02-15,482063.07,Rejected,Randy Brown,,2024-06-29
POL-0001391,CLM-00001391,CUST-97284,Peter Kelly,304-20-6175,williamsbenjamin@example.org,439-809-5125,21229 Tyler Summit,69502,FL,Home,1707931.74,4155.94,6960.16,2022-12-14,2018-11-19,2024-02-25,647290.23,Under Review,Denise Green,,2024-12-18
POL-0001392,CLM-00001392,CUST-25668,Gregory Walker,124-14-2267,ramosjesse@example.net,470-816-4407x25288,53577 Stacey Glen,,WA,auto,578607.98,3477.03,3757.81,2023-06-25,2028-06-23,2023-12-15,977118.1952881068,Rejected,Kenneth White,,2024-04-24
POL-0001393,CLM-00001393,CUST-80909,Michelle George,374-75-1621,taylor89@example.org,237.774.1076x310,76869 Carol Plaza Suite 594,99824,CA,LIFE,1970141.45,24495.77,8129.97,2021-11-25,2024-11-24,2021-12-24,772718.38,Rejected,Jesse Tyler,,2026-01-09
POL-0001394,CLM-00001394,CUST-78475,Erin Cameron,892-83-7297,uruiz@example.org,872-571-7300,514 Barbara Ridge,70753,TX,Home,1711277.44,15138.5,8773.86,2023-03-01,2025-02-28,2024-09-01,709888.34,Submitted,,,2026-01-11
POL-0001395,CLM-00001395,CUST-17606,Julie Hodge,712-23-7034,cantrellmary@example.org,(370)246-0045x42777,72294 Trevino Shoal,30105,WA,Home,1596525.51,7954.42,1982.94,2024-01-30,2026-01-29,2024-10-14,846826.52,Under Review,Eric Butler,,2025-06-17
POL-0001396,,CUST-57042,Dr. Gerald Nichols DVM,393-28-7444,hooverjill@example.net,(494)256-7397x1161,4876 Sara Hills,58568,CO,Commercial,492547.06,4318.62,9562.19,2024-06-15,2026-06-15,2026-01-12,53252.23,Submitted,,,2025-04-24
POL-0001397,CLM-00001397,CUST-20487,Mr. Michael Flowers,239-44-3442,myersdarlene@example.net,642.680.5345,0210 Cervantes Court,93230,NY,Auto,130117.48,1194.53,6627.41,2023-11-04,2018-08-08,2024-03-13,262857.6608170762,Settled,Ashley Mcclain,83563.54,2023-04-27
POL-0001398,CLM-00001398,CUST-73412,Robert Powers,247-66-9372,andrew67@example.com,327-906-9157x12744,6483 Watkins Isle,,WA,Home,1410295.28,6430.4,1554.54,2021-10-17,2022-10-17,2021-10-30,305483.48,Approved,Karen Miller,,2024-12-18
POL-0001399,CLM-00001399,CUST-20420,Charlotte Snow,375-60-8713,thompsoncraig@example.org,589-474-3411,09693 Matthew Union Suite 207,81163,NY,Life,1655940.78,17194.52,7330.03,2020-10-17,2025-10-16,2023-07-30,738712.76,Rejected,Ashley Mcclain,,2026-01-04
POL-0001400,,CUST-78424,Darin Jackson,317-30-8959,gmoore@example.org,564.525.2209x4975,5056 Washington Island,97805,IL,Health,316278.43,4373.0,8072.64,2022-08-16,2027-08-15,2025-04-23,61504.9,Rejected,Brett White,,2025-04-05
POL-0001401,CLM-00001401,CUST-41688,James Carson,366-20-9817,acostalee@example.org,321.416.9583,741 Kim Lakes Suite 255,63133,NC,Health,1184726.2,17144.36,7590.16,2024-05-15,2028-05-14,2024-11-17,605367.48,Rejected,Denise Green,,2025-12-27
POL-0001402,CLM-00001402,CUST-58994,Briana French,162-28-2585,jameswhite@example.org,(521)737-6388x1011,1368 Michael Circles,90172,NC,Home,1667616.98,23834.63,9261.48,2021-02-21,2025-02-20,2022-09-09,1018259.4,Approved,Michelle Davis,,2025-08-04
POL-0001403,CLM-00001403,CUST-72299,Austin Dickerson,518-41-9382,sherryford@example.net,326-364-9583x98637,405 Karen Pine,32684,GA,Health,286289.22,2626.33,6199.64,2025-02-23,2030-02-22,2025-12-17,131766.1,Submitted,,,2025-03-10
POL-0001404,CLM-00001404,CUST-35522,Alexander Bruce,246-55-4636,srussell@example.org,001-591-732-4150x49061,162 Corey Prairie Suite 001,75071,WA,Auto,706623.54,4444.73,6135.72,2024-06-08,2029-06-07,2025-07-12,519972.79,Under Review,Louis Moyer,,2024-08-20
POL-0001405,CLM-00001405,CUST-12075,Kayla Bailey,103-91-7842,rharris@example.net,001-233-387-2429x102,46776 Rowland Square,76981,IL,Life,1198959.36,2432.78,1941.31,2020-06-15,2022-06-15,2021-03-21,173739.69,Approved,Eric Butler,,2026-02-06
POL-0001406,CLM-00001406,CUST-70793,Jonathan Salas,921-16-8303,madisonmurphy@example.org,764.758.9948,6208 Brandon Brooks,00000,TX,HEALTH,1140029.41,8047.46,8114.65,2023-05-27,2026-05-26,2025-05-26,737786.07,Settled,Brett White,661996.27,2025-10-11
POL-0001407,CLM-00001407,CUST-31261,Lawrence Hickman,316-95-3613,stanleycarlos@example.net,(756)289-1289x8191,30257 Gates Mountains,98570,NY,Auto,1409441.72,15821.95,2431.89,2021-12-17,2022-12-17,2022-05-29,711651.3,Submitted,,,2024-11-30
POL-0001408,CLM-00001408,CUST-53905,Shirley Wheeler,508-14-3252,casescott@example.org,325-388-0434x75812,65199 Patricia Lights,14077,GA,Home,1444297.12,16121.48,8852.05,2022-04-19,2026-04-18,2023-03-23,299846.22,Under Review,Kenneth White,,2024-08-11
POL-0001409,CLM-00001409,CUST-51190,Steven Smith DVM,697-58-4057,james17@example.org,724-983-0791x508,930 Ashley Knoll Suite 927,35152,FL,Life,1698777.75,23543.89,6453.68,2024-07-22,2025-07-22,2025-05-10,299727.95,Settled,Eric Butler,213209.85,2025-07-02
POL-0001410,CLM-00001410,CUST-16478,Debra Moore,711-85-7224,bgreen@example.com,(967)470-1540x79531,29865 Bush Centers,60775,CA,Home,1635277.18,15651.1,5910.0,2021-07-04,2026-07-03,2025-02-05,284980.03,Rejected,Caleb West,,2024-12-10
POL-0001411,CLM-00001411,CUST-19140,Jesse White,742-17-9696,matthewpollard@example.net,(393)491-8534,39861 King Ridge,29870,TX,Home,706235.51,8366.92,8282.11,2020-09-24,2021-09-24,2021-07-16,54143.57,Submitted,,,2025-05-28
POL-0001412,CLM-00001412,CUST-96581,Albert Brown,164-56-4295,anunez@example.org,965-208-8495x590,8492 Griffith Streets,48840,FL,Health,1385714.27,15644.72,1913.82,2021-07-11,2023-07-11,2022-09-30,378533.59,Settled,,326161.21,2024-05-25
POL-0001413,CLM-00001413,CUST-20494,Christopher Velez,426-31-9723,anthony02@example.com,001-231-918-9798,9846 Susan Mill Suite 948,72043,CA,Health,551634.08,6318.57,4314.34,2021-12-04,2023-12-04,2022-06-22,287109.54,Settled,Renee Patel,278092.06,2025-10-11
POL-0001414,CLM-00001414,CUST-86273,Derek Hicks,316-96-4030,fischerjack@example.com,001-867-893-8357,78574 Campbell Canyon,94805,IL,Home,1903306.79,21343.57,6608.78,2021-10-22,2022-10-22,2022-08-12,477739.71,Rejected,John Meyer,,2026-04-12
POL-0001415,CLM-00001415,CUST-79224,Amanda Case,732-93-7744,michael52@example.net,359.520.5570x58121,7941 Sean Forge Apt. 450,,NC,Health,1726192.97,5770.9,7176.76,2023-12-30,2028-12-28,2026-03-31,1310939.13,Settled,Douglas Ferguson,1085532.19,2026-04-08
POL-0001416,CLM-00001416,CUST-62799,Patrick Jones,386-31-5716,nicholasadkins@example.net,347-818-4461,559 Smith Rapids,46191,CO,Auto,393384.87,2356.46,7484.15,2021-01-28,2026-01-27,2024-08-03,17141.28,Approved,Kenneth White,,2025-07-09
POL-0001417,CLM-00001417,CUST-57645,Theodore Craig,184-30-7151,amberlyons@example.com,740.916.9846,6882 Jennifer Square,,GA,Commercial,189839.5,541.56,6570.83,2024-10-08,2029-10-07,2025-09-16,78186.29,Under Review,Kenneth White,,2024-05-16
POL-0001418,,CUST-66852,Austin Leon,730-98-1363,juan86@example.com,+1-489-911-6527x543,3828 Maxwell Coves,01254,NC,Home,322870.34,2442.42,1891.75,2025-02-25,2029-02-24,2025-06-15,118502.97,Under Review,Eric Butler,,2021-09-10
POL-0001419,CLM-00001419,CUST-25359,Brett Rodriguez,828-33-5506,adambradley@example.net,596.292.1239,1843 Paula Fords,71434,CA,Auto,810604.64,11943.45,346.59,2024-06-25,2029-06-24,2024-11-16,48147.82,Approved,Karen Miller,,2026-02-14
POL-0001420,CLM-00001420,CUST-97141,Carolyn Marsh,789-88-8997,martineric@example.org,9093814169,5672 Ramsey Shoals Apt. 087,57067,TX,Life,1962249.54,27323.61,4904.14,2020-06-02,2023-06-02,2022-10-08,4426638.941242004,Rejected,Michelle Davis,,2025-12-03
POL-0001421,CLM-00001421,CUST-14015,Timothy Oconnor,378-29-1709,graylisa@example.com,(386)411-2292,455 Michael Mews Apt. 017,45132,NC,Home,1044325.57,12967.14,7279.94,2025-01-28,2027-01-28,2025-06-17,248755.98,Approved,Phillip Sherman,,2025-03-19
POL-0001422,CLM-00001422,CUST-42671,Jeffrey Byrd,114-99-2244,melissaedwards@example.net,227-990-3291x99169,38560 Levi Meadow,78748,FL,Life,842982.38,5933.97,3184.01,2023-12-18,2028-12-16,2026-03-22,245408.13,Settled,Victor Morgan,171197.45,2025-03-31
POL-0001423,CLM-00001423,CUST-11677,Todd Berry,761-92-6680,anne23@example.org,273-716-5754x33547,7508 Alexandra Turnpike,19269,CA,Commercial,510294.66,4666.67,1830.73,2023-10-03,2026-10-02,2024-12-24,81002.29,Settled,Eric Butler,50716.44,2024-12-05
POL-0001424,CLM-00001424,CUST-32744,Ashlee Fitzgerald,983-33-5501,murraymichael@example.net,885-913-7958,56599 Katherine Plaza Apt. 954,59211,CA,Commercial,1730939.93,22349.35,3123.14,2023-09-27,2027-09-26,2024-11-22,1001697.38,Settled,Jennifer Reid,957413.04,2021-06-09
POL-0001425,CLM-00001425,CUST-20481,Laura Farmer,516-27-4972,staceyclarke@example.net,+1-295-726-9322x803,39153 Jessica Mills,48344,FL,Auto,596234.5,6203.8,1545.09,2020-09-18,2024-09-17,2021-10-19,95009.43,Under Review,Phillip Sherman,,2024-12-08
POL-0001426,CLM-00001426,CUST-35778,Douglas Jones,315-27-3487,kevin23@example.org,(765)744-7727x180,90603 Gentry Ville,76731,AZ,Home,623386.98,8191.6,8649.04,2022-06-25,2025-06-24,2022-10-16,443488.74,Under Review,Dr. Tina Reyes MD,,2024-08-04
POL-0001427,CLM-00001427,CUST-75602,Sandra Vincent,871-14-7364,melissayates@example.com,(236)504-8368x2140,0160 Thomas Inlet Apt. 193,17346,IL,Life,1593448.9,21954.02,5241.45,2024-11-19,2026-11-19,2025-02-26,717352.78,Rejected,,,2024-08-22
POL-0001428,CLM-00001428,CUST-40937,Rachel Miller,975-24-9467,zreed@example.org,441.987.7516,3545 Castaneda Well Suite 097,20553,CA,Auto,286266.09,2464.87,2636.05,2021-10-05,2022-10-05,2021-11-16,133297.75,Rejected,Jennifer Reid,,2025-05-18
POL-0001429,CLM-00001429,CUST-36230,Emily Garcia,956-50-1378,scottmueller@example.org,+1-700-376-4758x8343,544 Tara Viaduct Apt. 904,00000,AZ,Home,908430.56,4563.95,7557.33,2020-06-12,2025-06-11,2022-09-08,424861.06,Approved,Wendy Smith,,2025-02-10
POL-0001430,CLM-00001430,CUST-41450,Tyler Hanna,323-54-5223,stantonkatherine@example.org,(324)576-4337,068 Angela Shoal,49357,CA,Commercial,682353.55,10062.14,8120.36,2022-06-15,2027-06-14,2023-02-18,339167.34,Rejected,Jesse Tyler,,2025-01-20
POL-0001431,CLM-00001431,CUST-35835,Tyler Harrison,971-51-1313,roger43@example.com,001-530-247-8142x34591,6290 Susan Meadows Apt. 829,12725,GA,Commercial,1821002.94,21416.4,7788.26,2024-04-07,2026-04-07,2024-09-16,939624.58,Under Review,Brian Hernandez,,2024-12-23
POL-0001432,CLM-00001432,CUST-44835,Joanna Nicholson,610-21-3884,melissa26@example.net,453-342-7369x3555,509 Xavier Pine,42325,AZ,Commercial,443987.14,915.57,7907.86,2022-06-25,2024-06-24,2023-05-05,183870.91,Submitted,,,2025-07-07
POL-0001433,CLM-00001433,CUST-63301,Cody Hardin,930-71-9961,qwheeler@example.com,331.990.4899,98280 Robert Summit Suite 268,38591,GA,Commercial,509726.54,4979.11,4133.05,2022-03-25,2026-03-24,2024-04-27,126177.33,Approved,Renee Patel,,2025-06-11
POL-0001434,CLM-00001434,CUST-16919,Terri Nguyen,857-22-2690,wayne53@example.org,001-740-897-6663x09682,00426 Kenneth Shoal,02448,NC,LIFE,1433402.45,10713.2,4105.32,2025-01-09,2028-01-09,2025-08-10,126396.39,Rejected,Jesse Tyler,,2025-08-29
POL-0001435,CLM-00001435,CUST-56823,Jessica Taylor,519-53-2702,frank54@example.net,763-750-0373x48521,83229 Warren Hills Suite 614,88087,WA,Auto,33884.89,343.09,8410.12,2021-03-13,2025-03-12,2023-08-21,18972.87,Approved,Kenneth White,,2022-09-22
POL-0001436,CLM-00001436,CUST-51293,Kathleen Johnson,121-87-5995,jeff48@example.com,(924)679-0455x257,9495 Rios Summit,01193,TX,LIFE,1399718.91,14408.08,5661.33,2024-05-22,2026-05-22,2024-07-05,602598.3,Submitted,,,2024-07-10
POL-0001437,CLM-00001437,CUST-14417,Troy Williams,186-91-1150,caitlinbenton@example.com,987.590.3099x010,1862 Hayes Glens,01872,TX,Health,1603350.83,15235.86,3606.99,2021-08-18,2023-08-18,2022-06-04,990438.49,Submitted,,,2025-03-09
POL-0001438,,CUST-49983,Emily Wong,424-74-1572,cainkiara@example.net,254-267-1331,7822 Sampson Squares,01705,NC,Health,1457187.85,3564.57,7408.05,2025-02-04,2018-05-23,2026-02-28,854774.86,Settled,,823713.06,2025-06-01
POL-0001439,CLM-00001439,CUST-48232,Edward Conway,825-44-6853,jdunn@example.com,001-332-734-9920,09380 Aaron Station,46830,WA,Home,211098.53,1442.94,5629.1,2021-03-20,2024-03-19,2022-03-22,82933.82,Under Review,Brian Hernandez,,2025-06-22
POL-0001440,CLM-00001440,CUST-43200,Jennifer Rose,465-85-9172,jason14@example.com,001-387-463-4224x941,109 Heather Squares Suite 276,27288,FL,Life,841174.6,2206.7,673.58,2021-10-31,2025-10-30,2024-05-16,91667.18,Approved,Caleb West,,2024-09-04
POL-0001441,CLM-00001441,CUST-98415,Paul Roberts,698-65-8794,lauren32@example.org,699.394.4021x814,812 Julia Flat Apt. 110,14541,AZ,Home,53126.22,405.29,1433.19,2022-09-26,2026-09-25,2024-11-29,42391.99,Rejected,Kenneth White,,2025-05-24
POL-0001442,CLM-00001442,CUST-68511,Lauren Casey,449-54-6919,nwalsh@example.com,549-319-3955,112 Kyle Points Apt. 799,89589,AZ,Commercial,273952.98,3595.33,7305.06,2022-07-31,2023-07-31,2023-01-26,178971.89,Rejected,Brett White,,2025-08-16
POL-0001443,CLM-00001443,CUST-22079,Amanda Cunningham,193-61-3691,pattersonkristin@example.org,926.567.4900,70333 Scott Square Suite 532,85706,WA,LIFE,386983.32,2460.72,1568.38,2020-09-03,2025-09-02,2024-09-30,118616.09,Rejected,Michelle Davis,,2025-07-27
POL-0001444,CLM-00001444,CUST-85289,Jennifer Green,765-20-9787,kaitlyndiaz@example.org,877.708.1537x60482,847 Jamie Flat,88186,AZ,Commercial,1944771.15,8969.54,6671.3,2023-05-22,2025-05-21,2025-03-13,869428.22,Under Review,Denise Green,,2025-09-03
POL-0001445,CLM-00001445,CUST-72680,Michael Brooks,462-22-4549,arthur93@example.org,001-567-338-0974x532,6397 Allison Pine Apt. 832,11489,TX,Auto,1216590.65,10659.54,3948.21,2021-04-02,2024-04-01,2024-01-09,243136.4,Rejected,Jennifer Reid,,2025-10-05
POL-0001446,CLM-00001446,CUST-43018,Sara Gibson,587-95-8633,brittanyrodriguez@example.com,410-259-9504x353,2063 Courtney Mill Apt. 261,89662,NC,Auto,154074.38,907.94,6437.39,2023-09-17,2027-09-16,2026-04-02,25412.8,Settled,Denise Green,21197.94,2022-11-26
POL-0001447,,CUST-38614,Richard Stevens,517-48-7660,jeffreygreer@example.org,(254)671-4335x978,44787 Crystal Road,34267,FL,Commercial,499768.74,3105.98,3908.9,2022-09-24,2025-09-23,2024-09-18,84905.88,Submitted,,,2025-05-10
POL-0001448,CLM-00001448,CUST-44831,Jennifer Campbell,571-49-1088,lmartin@example.org,+1-633-634-4806,838 Casey Tunnel Suite 291,51455,WA,Auto,917972.32,10285.95,2430.99,2023-07-20,2027-07-19,2023-08-27,114436.52,Submitted,,,2024-10-25
POL-0001449,,CUST-57763,Tony White,601-15-5548,patrickhodges@example.net,320-632-3183x22654,691 Parker Turnpike Apt. 055,55541,AZ,Commercial,34675.68,455.35,6764.15,2024-11-19,2027-11-19,2025-11-28,24927.72,Rejected,Eric Butler,,2024-06-07
POL-0001450,CLM-00001450,CUST-41096,Mario Wilson,470-72-7560,samuelmunoz@example.net,417.326.2382,5686 Larry Crescent Suite 233,65938,NC,Auto,964432.59,7368.28,1727.51,2020-11-21,2022-11-21,2021-05-30,574454.13,Settled,Randy Brown,424532.76,2026-03-21
POL-0001451,CLM-00001451,CUST-47212,Francisco Baker,582-20-9137,jessica38@example.com,001-307-781-5753x301,674 Hernandez Plains Apt. 202,36495,AZ,Auto,1711289.16,22977.31,1188.17,2021-12-11,2026-12-10,2024-05-25,896434.41,Submitted,,,2021-09-27
POL-0001452,CLM-00001452,CUST-91200,Brandon Garner,503-25-6508,james10@example.com,907-444-3413x954,387 Chloe Path,95897,TX,Home,850711.06,1858.45,5676.29,2022-09-18,2027-09-17,2025-10-07,192489.87,Approved,John Meyer,,2025-10-04
POL-0001453,CLM-00001453,CUST-55005,Keith Parker,837-23-1030,mariohenderson@example.org,+1-699-411-9222,64357 Zachary Highway,08197,CA,Home,1897314.31,20301.71,4843.91,2021-07-20,2024-07-19,2022-06-20,552138.36,Settled,Denise Green,469833.8,2025-11-28
POL-0001454,CLM-00001454,CUST-58015,Andrew Lawrence,327-12-1516,ohutchinson@example.net,777-467-6341x90865,1852 Stephen Cape Apt. 146,1234,AZ,Life,500215.69,2826.33,3756.52,2023-04-23,2024-04-22,2023-06-10,287468.81,Approved,Phillip Sherman,,2024-06-26
POL-0001455,CLM-00001455,CUST-80440,Scott Mullins,224-41-4290,nicholasfloyd@example.com,+1-243-552-2762x3710,384 Michelle Mews Apt. 991,90497,CA,Commercial,1516286.12,21970.2,2599.91,2024-10-21,2027-10-21,2025-07-05,186699.98,Submitted,,,2025-12-12
POL-0001456,CLM-00001456,CUST-74423,Megan Sanchez,995-55-4094,alexanderdonald@example.org,001-595-787-4782x2251,78733 Mccullough Union,,AZ,Auto,119005.5,403.28,9716.16,2022-06-15,2027-06-14,2022-07-25,71874.95,Submitted,,,2024-08-25
POL-0001457,CLM-00001457,CUST-67590,Pamela Jimenez,372-53-9404,christinawebb@example.org,963.366.5574,674 Blake Trace,28179,GA,Health,45450.43,577.39,5805.55,2022-12-19,2026-12-18,2023-04-16,33766.79,Rejected,,,2025-06-30
POL-0001458,CLM-00001458,CUST-69895,Alexander Nichols,614-26-1506,keith65@example.net,(692)241-9838x35951,230 Nicholas Square,12010,FL,Commercial,1515413.91,5851.73,9762.96,2024-01-06,2026-01-05,2024-12-08,464449.71,Approved,,,2026-03-06
POL-0001459,CLM-00001459,CUST-80553,Joe Pineda,393-77-2018,vickiejoyce@example.com,001-428-650-0062x62701,572 Nguyen Station Suite 788,32454,NY,Health,1592456.84,6788.45,3689.72,2022-08-12,2025-08-11,2025-03-24,190291.32,Submitted,,,2026-02-25
POL-0001460,CLM-00001460,CUST-49018,David Howell,519-68-3480,robbinspaul@example.org,001-845-920-2904x87244,1598 Savage Ridge Apt. 947,30961,NY,Commercial,937451.21,2058.57,6652.3,2024-10-24,2027-10-24,2026-03-20,86762.89,Submitted,,,2025-10-02
POL-0001461,CLM-00001461,CUST-68224,Tyler Sexton,171-19-4398,shawnjohnson@example.com,(297)536-2394,386 Moore Bypass Apt. 593,79545,NC,Life,1914821.34,24712.67,6781.79,2024-03-14,2027-03-14,2025-10-16,162909.24,Approved,Caleb West,,2024-07-27
POL-0001462,CLM-00001462,CUST-80235,John Stephens,383-78-6288,williamskristen@example.net,001-670-932-6737x55879,9888 George Mountain Apt. 075,34450,IL,Home,877903.93,6424.44,268.4,2023-06-01,2026-05-31,2024-02-05,253509.99,Rejected,Dr. Tina Reyes MD,,2024-10-03
POL-0001463,CLM-00001463,CUST-73488,Lisa Wallace,317-68-1278,rodriguezreginald@example.org,001-717-832-4200x433,707 Jason Junctions Suite 631,22011,FL,Health,1416923.08,15854.61,4905.01,2020-06-12,2022-06-12,2020-07-28,1043615.23,Settled,Brett White,825922.39,2026-02-09
POL-0001464,CLM-00001464,CUST-20973,Ashley Bradley,592-30-4035,ryanwells@example.com,715.738.1504,447 Gonzalez Cape Suite 275,46508,WA,Auto,408817.15,1455.05,3658.64,2021-07-10,2024-07-09,2024-05-07,259334.24,Approved,Renee Patel,,2024-07-04
POL-0001465,CLM-00001465,CUST-12023,Amy Norman,726-21-1162,stephen65@example.net,717.728.2887,412 Nancy Union Suite 368,20450,TX,Health,54340.12,229.22,2642.11,2020-08-09,2023-08-09,2021-06-08,23633.99,Settled,Dr. Tina Reyes MD,20613.56,2025-03-16
POL-0001466,CLM-00001466,CUST-68747,Marissa Jackson,836-39-5458,wmcgee@example.com,(486)966-0414,27711 Cindy Extension Suite 979,63733,NC,Commercial,1337888.1,6974.14,253.69,2020-05-23,2021-05-23,2020-09-15,919088.3,Settled,Karen Miller,772313.71,2025-05-18
POL-0001467,CLM-00001467,CUST-18602,Nathaniel Gibbs,645-69-3883,thoffman@example.net,255-288-3305,9205 Emily Run,,CO,Home,1357085.4,3555.44,2783.23,2024-07-09,2028-07-08,2025-02-25,491454.56,Rejected,Ashley Mcclain,,2025-09-03
POL-0001468,CLM-00001468,CUST-97194,Kimberly Sharp,144-31-5099,harrisonrodney@example.com,001-642-220-0457,2024 Smith Overpass Suite 613,03858,IL,Home,1095117.18,11731.66,5997.51,2020-08-28,2023-08-28,2021-08-20,739161.2,Settled,Karen Miller,624841.73,2024-10-23
POL-0001469,CLM-00001469,CUST-76920,Matthew Lopez,326-11-6067,bakerlauren@example.com,001-543-677-4916x947,88094 Smith Spur,28578,FL,Health,588119.67,3274.67,2247.65,2024-05-17,2028-05-16,2025-01-18,70111.28,Rejected,Kenneth White,,2024-10-27
POL-0001470,,CUST-87811,Troy Thomas,323-80-7290,bthompson@example.net,+1-311-619-1856x775,2325 Gibson River,74224,NC,Life,487436.94,1840.55,4795.47,2020-11-23,2022-11-23,2022-10-05,35413.76,Submitted,,,2025-07-22
POL-0001471,CLM-00001471,CUST-47714,Kim Waller,296-62-2608,harveygabriel@example.net,911.827.2576x78599,894 Martinez Garden,,IL,Home,501354.15,6305.79,4033.91,2023-07-05,2025-07-04,2025-03-20,168535.41,Submitted,,,2025-07-04
POL-0001472,CLM-00001472,CUST-37441,Ricky Medina,172-78-5212,ppeterson@example.net,001-482-939-2146x4684,06505 Oneal Trail Apt. 913,15154,IL,Auto,900698.68,10071.41,4055.03,2020-09-06,2025-09-05,2023-12-25,391393.11,Under Review,Ashley Mcclain,,2025-11-19
POL-0001473,CLM-00001473,CUST-47316,Abigail Miller,600-22-8055,carlaavila@example.org,536.331.6540x9872,57151 Sherri Wall,80758,NC,Commercial,1033949.91,2853.38,8619.57,2025-03-28,2028-03-27,2025-06-23,166200.49,Rejected,Phillip Sherman,,2025-03-20
POL-0001474,CLM-00001474,CUST-61435,Kenneth Daniels,475-43-1649,jesseedwards@example.com,(966)525-6053x6786,45875 Amanda Throughway Suite 374,77855,GA,Auto,181308.75,2546.79,754.59,2022-10-27,2026-10-26,2023-08-01,139487.9,Rejected,Karen Miller,,2026-03-18
POL-0001475,CLM-00001475,CUST-14421,Shannon Howard,582-68-2801,dwarner@example.org,+1-391-558-8271x14315,14057 Gonzales Tunnel,16890,IL,Life,811493.21,2481.27,9915.82,2020-11-30,2023-11-30,2023-09-23,196741.81,Submitted,,,2025-07-19
POL-0001476,CLM-00001476,CUST-23148,Krystal May,619-39-5275,gilbertdaniel@example.org,001-872-303-2308x9923,98624 Ian Squares Apt. 198,87336,CO,Home,621877.95,6904.73,5836.78,2021-06-19,2024-06-18,2022-10-02,164700.63,Submitted,,,2025-08-29
POL-0001477,CLM-00001477,CUST-67837,Christopher Ross,556-79-7087,brian90@example.net,9217482779,96379 Kathryn Ridge Suite 942,28755,NC,Auto,1226261.26,12170.4,9619.15,2024-07-16,2026-07-16,2025-07-18,57592.63,Settled,Michelle Davis,36528.85,2025-10-27
POL-0001478,,CUST-70562,Carol Burns PhD,544-85-8028,daymary@example.com,+1-202-315-0167x57747,326 Berg Greens,64397,CA,Life,356798.75,5214.64,8731.65,2023-11-05,2028-11-03,2024-03-22,168187.39,Under Review,,,2024-09-08
POL-0001479,CLM-00001479,CUST-65313,James Oneill,904-20-7491,jordan91@example.org,001-448-678-3292x33770,94860 Melissa Trail Suite 487,999,TX,Auto,1932723.54,20243.21,758.34,2024-09-24,2028-09-23,2024-11-12,812379.26,Under Review,Wendy Smith,,2025-07-07
POL-0001480,CLM-00001480,CUST-91726,Micheal Martinez,113-93-9172,jhanson@example.org,3795127041,118 Robert Forks,32024,NC,Home,52844.71,152.73,8489.11,2020-07-15,2024-07-14,2023-07-24,644.23,Approved,John Meyer,,2025-12-23
POL-0001481,CLM-00001481,CUST-96042,Holly Ruiz,575-12-1558,vanessa14@example.com,+1-948-666-8197x376,3701 Johnson Manors,94361,NC,Life,1373544.56,9808.56,2113.15,2025-03-17,2026-03-17,2025-03-21,473459.36,Submitted,,,2025-05-27
POL-0001482,CLM-00001482,CUST-96877,Steven Hernandez,455-15-8335,ashley19@example.com,+1-484-569-5979x94114,30714 Martinez Centers Apt. 356,38786,IL,Home,1347904.23,10325.11,1163.02,2020-05-07,2023-05-07,2023-01-26,852615.32,Rejected,Wendy Smith,,2022-07-21
POL-0001483,CLM-00001483,CUST-51839,Thomas Romero,684-39-1221,yoderhannah@example.com,(291)584-9911,539 Mark Trace,99192,TX,Home,1477475.54,12693.59,2733.72,2023-03-14,2028-03-12,2024-04-12,1113909.93,Settled,Denise Green,695668.28,2025-06-17
POL-0001484,CLM-00001484,CUST-23547,Dan Wilson PhD,568-19-5138,nathanortiz@example.org,460-668-1474,858 Nicole Parkway Apt. 252,91242,IL,Health,1184075.21,15812.06,3033.11,2023-05-13,2024-05-12,2024-02-20,121675.19,Rejected,Wendy Smith,,2024-07-14
POL-0001485,CLM-00001485,CUST-24847,James Hall,848-23-1774,ykim@example.com,(381)312-2932x250,0556 Karen Street Apt. 320,25049,TX,Home,645211.06,4512.8,273.74,2024-04-16,2028-04-15,2025-08-05,326235.21,Rejected,Kenneth White,,2025-03-08
POL-0001486,,CUST-46312,Jennifer Miller,137-89-9408,jocelyn59@example.org,9566023679,233 Ian Mountain Suite 941,23536,WA,Home,1228233.46,12069.31,1058.77,2022-05-19,2026-05-18,2024-02-07,669784.25,Rejected,Jesse Tyler,,2025-07-17
POL-0001487,,CUST-41769,Kaitlyn Jones,295-49-6574,amanda99@example.net,779.862.6445,4473 Parsons Bridge,49618,NY,Commercial,1762462.31,7854.2,6442.26,2023-07-17,2028-07-15,2025-05-16,420616.46,Submitted,,,2025-10-20
POL-0001488,CLM-00001488,CUST-86354,Mary Mccall,613-22-2390,heatherhaas@example.org,4112443228,72464 David Motorway Apt. 137,18351,WA,Home,1445359.96,17477.27,7616.79,2023-12-23,2026-12-22,2026-01-16,167090.53,Rejected,Caleb West,,2024-11-21
POL-0001489,CLM-00001489,CUST-54776,Justin Collier,353-66-3382,lfrancis@example.net,001-644-223-1132,15051 Samuel Lodge Apt. 191,50783,NC,HEALTH,780152.05,5517.13,2593.48,2024-04-18,2026-04-18,2025-03-10,421111.2,Settled,Douglas Ferguson,365462.12,2025-01-31
POL-0001490,CLM-00001490,CUST-23614,Carolyn Bass,322-18-2513,ycoleman@example.net,(211)790-0667,4930 Mccarty Pike Apt. 305,69835,WA,Commercial,529527.82,6657.78,3445.48,2023-07-17,2025-07-16,2025-03-20,31625.3,Under Review,Wendy Smith,,2026-01-17
POL-0001491,,CUST-25372,Jenny Hicks,263-22-9950,sross@example.com,286-744-0829,52215 Hodges Rue Suite 534,51592,FL,Commercial,1599988.02,14121.01,7891.3,2024-04-12,2027-04-12,2026-02-08,356745.52,Under Review,Dr. Tina Reyes MD,,2026-03-24
POL-0001492,,CUST-96633,Angela Benton,427-46-5068,richardsonstephanie@example.org,(962)865-8494,70988 Evans Views,42814,NY,Life,526112.05,1690.86,3376.7,2022-08-04,2023-08-04,2022-12-15,896364.7171021865,Rejected,Louis Moyer,,2021-11-16
POL-0001493,CLM-00001493,CUST-38214,Joel Parrish,857-88-4006,allen46@example.com,001-740-448-9869x903,707 Rebecca Ports Apt. 857,61210,FL,Health,392651.65,5835.19,5265.79,2021-07-11,2024-07-10,2022-05-04,499418.9186624312,Approved,Brett White,,2024-07-03
POL-0001494,CLM-00001494,CUST-96795,Melissa Miller,711-44-1862,luisowen@example.net,983-777-4386,380 Diane Knoll,07727,NC,Health,667350.11,4851.16,9994.89,2022-11-26,2023-11-26,2022-12-22,476190.17,Settled,Kenneth White,332203.32,2025-09-27
POL-0001495,CLM-00001495,CUST-15735,Michael Castro,575-37-9405,michaelpacheco@example.net,325-900-5573x46083,0546 Hunt Station Apt. 303,97805,WA,Health,809710.14,4959.73,9897.02,2024-06-12,2026-06-12,2025-06-26,158483.58,Submitted,,,2024-09-15
POL-0001496,CLM-00001496,CUST-87649,Danielle Smith,392-19-6650,phillip63@example.net,341.802.3504x3432,529 Chang Terrace Suite 433,86448,IL,Health,1260666.07,17099.5,3191.02,2024-01-08,2027-01-07,2025-10-18,364579.04,Rejected,Brett White,,2026-01-13
POL-0001497,CLM-00001497,CUST-82825,Roger Donaldson,881-14-2973,znash@example.net,(655)635-2746x0530,76197 Flores Centers,66903,NC,Home,560995.48,8197.48,7255.17,2021-05-16,2025-05-15,2024-03-20,1629176.7393485752,Under Review,Caleb West,,2024-07-22
POL-0001498,CLM-00001498,CUST-14643,Tyrone Case,706-63-2581,michaelwhite@example.net,001-304-855-8726,40769 Berg Curve,88293,FL,Commercial,1624695.02,23260.46,1852.62,2023-08-11,2018-12-17,2025-06-21,11367.91,Rejected,Eric Butler,,2024-10-12
POL-0001499,CLM-00001499,CUST-57946,Ashley Smith,549-85-8647,lori90@example.net,306.326.5682x7416,5313 Janet Extensions,1234,AZ,Home,1530165.13,21805.71,9276.09,2021-08-01,2023-08-01,2023-01-11,474153.66,Settled,Karen Miller,373132.32,2026-02-11
POL-0001500,CLM-00001500,CUST-94010,Jennifer Davis,748-49-8549,tanyacampbell@example.com,(927)984-8697x7384,85131 Griffin Drive,30382,WA,Auto,639513.6,2580.58,7622.2,2024-03-22,2029-03-21,2024-04-06,231757.79,Settled,Jennifer Reid,211449.9,2026-02-18
POL-0001501,,CUST-39832,Christopher Gutierrez,271-82-1092,oanderson@example.com,(350)804-0302x2764,44932 Miles Square Apt. 406,16618,CA,Health,1387594.37,16369.98,7126.32,2025-03-21,2027-03-21,2025-05-30,347367.11,Submitted,,,2026-03-01
POL-0001502,CLM-00001502,CUST-29804,Jeffrey Hurley,242-20-3733,richardgonzales@example.org,(765)890-1611x3346,9806 Stephen Freeway Apt. 648,85210,TX,Auto,1232856.43,3684.29,675.93,2021-01-08,2018-05-16,2021-10-19,276379.75,Approved,Wendy Smith,,2026-02-22
POL-0001503,CLM-00001503,CUST-60841,Troy Brewer,516-57-4711,erin51@example.com,2473085988,817 Michelle Cove,05481,WA,Home,1404490.45,18010.22,7180.79,2024-10-17,2025-10-17,2025-09-14,609274.45,Approved,Ashley Mcclain,,2024-04-20
POL-0001504,,CUST-94222,Kevin Hobbs,931-80-7428,timothymoore@example.net,473-914-2459x8300,8146 Russell Via Apt. 275,,CA,Home,1101494.45,9875.02,1772.35,2023-04-18,2024-04-17,2024-04-03,86183.18,Approved,Caleb West,,2026-02-13
POL-0001505,CLM-00001505,CUST-42964,Peter Lewis,714-95-6441,chadgomez@example.com,+1-384-448-2689x40487,2527 Lisa Corner Suite 951,75892,FL,Life,1480256.52,8668.72,9344.45,2021-02-15,2025-02-14,2021-09-23,310447.29,Submitted,,,2021-07-29
POL-0001506,CLM-00001506,CUST-40038,Stephanie Schwartz,682-25-7198,hoalicia@example.net,+1-404-711-2083x9402,566 Huber Throughway,70745,CA,Health,1324831.93,10379.43,5796.25,2024-10-20,2027-10-20,2025-06-16,686094.85,Settled,,601838.93,2024-10-11
POL-0001507,CLM-00001507,CUST-91330,Eric Goodman,456-16-7840,houstonlisa@example.net,001-239-658-7735x5036,8047 Davis Radial Apt. 540,04261,NY,Auto,1361433.09,7977.26,6438.59,2021-05-02,2024-05-01,2022-05-16,505974.76,Submitted,,,2025-05-06
POL-0001508,CLM-00001508,CUST-46272,Carmen Wood,411-50-7351,timothy68@example.com,(374)820-5509x88220,687 Sierra Valleys,ABCDE,AZ,auto,892690.14,9266.05,5252.39,2021-10-08,2025-10-07,2024-11-10,703885.64,Approved,Caleb West,,2024-11-29
POL-0001509,CLM-00001509,CUST-93877,Cheryl Hernandez,407-36-4257,alexander99@example.net,794.409.1176,1609 Bishop Freeway Apt. 162,92934,WA,Health,1882134.36,27247.38,9311.79,2023-01-25,2028-01-24,2025-11-28,1246892.84,Under Review,Louis Moyer,,2026-01-02
POL-0001510,CLM-00001510,CUST-77138,Daniel Carpenter,766-22-7283,wellsjoseph@example.com,(753)266-2480,9560 Short Fork,47426,FL,Home,1740733.13,20343.65,6338.58,2021-01-26,2022-01-26,2021-04-05,177052.89,Rejected,Louis Moyer,,2025-08-26
POL-0001511,CLM-00001511,CUST-10904,Andre Johnson,441-98-4171,francisnatasha@example.com,(849)750-8491x0217,065 Obrien Inlet,01447,FL,Health,1826523.86,17336.66,7734.44,2022-05-08,2024-05-07,2022-06-03,36170.73,Rejected,Douglas Ferguson,,2024-08-08
POL-0001512,,CUST-63593,Joann Hogan,713-15-3579,jordangibson@example.net,+1-902-805-4974x95476,053 William Knolls Suite 438,71331,NC,Home,1954262.32,20110.86,1145.02,2025-02-26,2028-02-26,2025-05-26,323089.35,Settled,Michelle Davis,250587.89,2024-08-06
POL-0001513,CLM-00001513,CUST-25268,Elizabeth Martin,122-26-1645,charleshobbs@example.net,+1-271-998-8699,67522 Morales Ways Suite 759,50576,NC,Home,1587982.57,17952.34,567.31,2024-03-13,2028-03-12,2025-08-13,119085.5,Settled,Wendy Smith,99530.09,2024-11-17
POL-0001514,,CUST-97527,Lee Young,355-18-1344,kerry20@example.net,(646)546-7513x853,49007 Tyler Mills Apt. 435,20248,NC,Auto,1677114.34,13312.77,9051.15,2021-12-03,2023-12-03,2023-07-13,446601.06,Submitted,,,2025-07-20
POL-0001515,CLM-00001515,CUST-77157,Michelle Kelly,755-58-6825,woodsamy@example.com,+1-901-663-5835x493,676 Parker Wells Suite 549,08981,FL,Health,326679.97,2581.72,3106.05,2020-04-16,2019-03-21,2025-04-08,136933.07,Under Review,Renee Patel,,2025-02-10
POL-0001516,CLM-00001516,CUST-72268,Kristi Boyd MD,949-75-2520,richmondcurtis@example.org,001-217-356-0992x525,051 Farmer Overpass,18262,TX,Home,106099.44,1587.77,767.78,2021-03-02,2025-03-01,2022-08-25,30071.44,Rejected,Michelle Davis,,2025-10-05
POL-0001517,CLM-00001517,CUST-58605,John Adams,481-73-8564,terryralph@example.com,642-659-4654x98663,140 Joan Overpass Apt. 228,18041,CO,Home,306274.13,1674.58,9329.47,2024-03-21,2028-03-20,2024-07-30,108272.38,Under Review,Jennifer Reid,,2025-02-22
POL-0001518,CLM-00001518,CUST-21307,Alan Salinas,715-77-3054,colleencolon@example.net,7408222419,3265 Lewis Parkways Suite 032,79975,AZ,Life,727990.01,5322.74,8319.0,2024-01-25,2029-01-23,2025-10-02,437088.1,Under Review,,,2025-12-27
POL-0001519,CLM-00001519,CUST-91124,Kayla Walker,715-65-8710,pbird@example.org,925.587.6309x742,003 Taylor Viaduct Suite 099,12898,FL,Commercial,684387.92,2953.87,8659.6,2023-02-21,2027-02-20,2023-05-28,237482.94,Under Review,Brett White,,2025-05-30
POL-0001520,CLM-00001520,CUST-15665,Austin Thomas,369-31-9631,averybenjamin@example.org,+1-524-701-7845x385,269 Joanne Street,43862,NC,Home,927417.78,8017.35,6060.65,2024-03-29,2029-03-28,2026-01-06,540764.7,Rejected,Victor Morgan,,2025-12-13
POL-0001521,CLM-00001521,CUST-25959,Michelle Patton,720-55-5729,hernandezdeanna@example.org,2094730651,761 Danielle Prairie,,TX,Auto,1054640.91,8590.25,4882.72,2021-08-24,2018-10-27,2021-09-04,749184.43,Under Review,Kenneth White,,2025-12-29
POL-0001522,CLM-00001522,CUST-84213,Jeffrey Keller,240-56-8956,herbertmaldonado@example.net,001-912-821-0188x5427,64219 Melissa Wall Apt. 240,05345,GA,Auto,1143287.3,7225.01,3526.75,2024-06-26,2028-06-25,2025-06-10,423316.48,Under Review,Caleb West,,2024-08-25
POL-0001523,CLM-00001523,CUST-18542,Alyssa Young,375-35-1928,kyle10@example.org,(911)425-7878,26128 Hannah Rapid Apt. 610,13786,CO,Commercial,867468.09,12646.41,2480.96,2023-08-30,2026-08-29,2025-11-07,250571.99,Settled,Brett White,204625.79,2024-09-27
POL-0001524,CLM-00001524,CUST-42591,Joseph Sanchez,147-51-9379,aaron77@example.org,(219)482-4900x816,2027 Wilson Center,64344,GA,Auto,220820.27,1196.52,2284.98,2024-10-07,2026-10-07,2025-01-04,114294.97,Approved,Jesse Tyler,,2025-05-30
POL-0001525,CLM-00001525,CUST-74599,Victor Ross,391-32-6958,steven39@example.com,+1-928-255-1792,163 Chavez Ville,59046,TX,Commercial,1127875.48,14840.15,4405.16,2024-01-31,2029-01-29,2024-07-19,383737.89,Submitted,,,2024-04-05
POL-0001526,CLM-00001526,CUST-72161,Hector Mclaughlin,203-67-6971,conleyamy@example.net,657-636-2283,8451 Tammy Harbor,60842,FL,Auto,1493192.08,19594.34,6812.11,2020-07-23,2024-07-22,2021-12-06,796238.47,Rejected,Michelle Davis,,2022-08-16
POL-0001527,CLM-00001527,CUST-42313,Brandy Williamson,770-82-4769,travismccarty@example.com,252-247-8268,880 Raymond Squares,45412,IL,Home,1402033.0,7541.53,6731.67,2024-09-03,2028-09-02,2025-09-16,579923.0,Submitted,,,2025-12-06
POL-0001528,CLM-00001528,CUST-18404,Karen Cox,652-55-1917,rebecca31@example.com,001-400-432-5313x8090,95334 Taylor Plaza,44488,CA,Home,1640655.26,4055.69,327.0,2021-04-23,2024-04-22,2023-09-29,55971.74,Submitted,,,2025-11-15
POL-0001529,CLM-00001529,CUST-41257,Holly Mitchell,874-58-4810,moorekenneth@example.com,272.279.9435x66227,887 Natalie Orchard,,IL,Commercial,1887463.56,13576.5,3393.67,2021-01-09,2025-01-08,2021-07-01,990737.03,Settled,Randy Brown,721215.07,2024-08-16
POL-0001530,CLM-00001530,CUST-14060,Tiffany Gomez MD,743-42-7447,hartmanvickie@example.org,3508339253,21049 Smith Corner,24351,CO,Life,1925704.6,17439.1,2829.95,2022-08-03,2027-08-02,2024-02-27,927778.4,Under Review,Karen Miller,,2024-07-21
POL-0001531,CLM-00001531,CUST-96319,Kimberly Bishop,294-16-2432,vernonmiller@example.com,(776)939-9073x56850,02353 Mcintyre Dam Apt. 200,49238,IL,Health,42751.2,147.83,1711.19,2022-10-15,2026-10-14,2024-11-11,17889.71,Submitted,,,2025-07-27
POL-0001532,CLM-00001532,CUST-79123,Patrick Jackson,271-20-8762,cookjoseph@example.com,347-291-3065x30643,906 Bennett Squares Suite 614,83121,CO,Home,1266761.53,17317.54,2915.07,2023-06-22,2027-06-21,2025-06-03,437269.47,Submitted,,,2024-04-21
POL-0001533,CLM-00001533,CUST-49112,Sharon Tate,272-10-6638,martinezshelby@example.org,575.893.7807x2067,8168 Grimes Fork,42954,CA,Health,1004621.02,8971.2,8848.31,2022-03-04,2026-03-03,2024-06-25,621974.31,Approved,Ashley Mcclain,,2023-07-07
POL-0001534,CLM-00001534,CUST-34259,Stephen Clark,163-25-2992,owilliams@example.org,+1-344-421-3039x28940,8133 Allison Flats,27381,CO,Commercial,1061427.58,2231.06,3987.38,2021-05-16,2022-05-16,2022-03-28,129188.82,Submitted,,,2025-07-04
POL-0001535,,CUST-17097,Kristin Smith,916-49-3674,michael65@example.org,(254)546-2634x224,275 Jorge Well Suite 513,81233,NY,Life,1120550.67,16098.83,7423.95,2020-06-28,2025-06-27,2023-03-11,791489.27,Settled,,545617.54,2024-10-04
POL-0001536,CLM-00001536,CUST-44758,Jared Woods,892-14-8843,jgomez@example.com,001-232-938-5882x006,23309 Osborn Pines Suite 278,84431,CO,AUTO,704858.55,8779.38,6531.45,2021-06-29,2024-06-28,2023-09-13,174132.68,Submitted,,,2024-06-07
POL-0001537,CLM-00001537,CUST-91900,Vincent Myers,758-51-3133,colonjohn@example.net,710.775.5429,2399 Daniel Inlet Apt. 200,62275,CA,Home,291320.4,3690.85,9039.6,2025-01-06,2030-01-05,2025-07-23,3674.78,Submitted,,,2026-01-09
POL-0001538,CLM-00001538,CUST-26027,Kimberly Gutierrez,759-75-4312,robertslevi@example.org,(644)436-0511x44509,8094 Williams Falls Suite 934,,AZ,Health,693855.28,2509.0,3591.97,2023-01-01,2024-12-31,2024-08-25,120083.35,Approved,Phillip Sherman,,2023-04-23
POL-0001539,CLM-00001539,CUST-47533,Jay Webb,816-51-9430,hensleydave@example.com,(650)848-1339,3050 Henderson Via,54485,IL,Commercial,628631.6,7962.61,6356.87,2024-01-20,2027-01-19,2024-05-16,321357.41,Rejected,John Meyer,,2021-05-28
POL-0001540,CLM-00001540,CUST-65216,Ashlee Chen,846-22-9090,garcialaura@example.com,932-555-5180,1543 Sandra Ramp,06903,WA,Home,1295384.94,11906.16,1914.44,2021-06-24,2025-06-23,2025-01-20,441881.23,Settled,Douglas Ferguson,359662.04,2021-10-20
POL-0001541,CLM-00001541,CUST-53044,Gregory Reid,774-13-2409,zhernandez@example.net,807.775.4187x00180,6189 David Manor,65252,IL,Auto,1758833.9,23516.7,385.28,2023-07-11,2024-07-10,2023-08-24,363441.93,Submitted,,,2025-09-07
POL-0001542,CLM-00001542,CUST-94003,Jenna Adams,332-68-6473,fbaker@example.com,(657)817-2613,6139 Trevor Lodge Suite 330,62726,CO,Health,1352355.1,4519.18,1911.18,2021-01-01,2024-01-01,2022-06-29,930856.58,Rejected,Randy Brown,,2024-07-14
POL-0001543,CLM-00001543,CUST-90055,Anita Cruz,447-52-8330,jamesenglish@example.com,892-951-2970,170 Price Fort,64956,CA,Health,464998.22,3468.65,1198.49,2022-01-01,2023-01-01,2022-12-07,283435.39,Settled,,244961.65,2024-10-17
POL-0001544,CLM-00001544,CUST-32204,Michael Morgan,455-98-5089,briandaniels@example.org,736.416.4580,3053 Martinez Drives Apt. 990,33099,WA,Life,1491964.69,19891.2,2560.76,2020-11-26,2025-11-25,2024-11-17,863550.67,Settled,Jennifer Reid,729923.79,2024-11-22
POL-0001545,CLM-00001545,CUST-86733,Michael Chapman,700-51-5592,thomas41@example.com,8648026265,07504 Lorraine Canyon,39248,IL,Health,67278.79,614.93,367.24,2020-07-02,2022-07-02,2021-02-01,111614.16518484925,Approved,Dr. Tina Reyes MD,,2024-09-23
POL-0001546,,CUST-25112,James Wade,760-52-6023,jordancarl@example.net,518-611-2190x8125,485 Steven Cliff Apt. 691,49084,CO,Home,640815.51,2856.68,362.95,2020-11-04,2025-11-03,2021-04-11,310910.05,Settled,Jesse Tyler,262206.59,2023-07-10
POL-0001547,,CUST-81011,Julie Thomas,612-39-4168,ejackson@example.org,(567)339-5778x122,8255 Wagner Summit,99056,NC,Commercial,1996645.39,12702.19,3193.23,2024-10-19,2028-10-18,2025-09-14,218475.16,Approved,Dr. Tina Reyes MD,,2025-01-12
POL-0001548,CLM-00001548,CUST-81506,Margaret Jarvis,855-63-5715,kimfrank@example.org,(364)742-4973x863,014 Matthew Brook,72899,CO,Life,1979608.25,13433.65,2766.04,2022-04-12,2023-04-12,2022-08-05,282544.83,Rejected,Michelle Davis,,2025-06-08
POL-0001549,CLM-00001549,CUST-34977,Justin Brown II,646-79-3790,rogerscourtney@example.org,708.273.3633,6965 Green Walks,95433,FL,Life,34226.92,356.52,2897.2,2021-09-21,2025-09-20,2023-03-18,9352.23,Approved,Dr. Tina Reyes MD,,2026-01-13
POL-0001550,CLM-00001550,CUST-73604,James Estrada,977-49-4482,davidpruitt@example.org,231-792-7805,6567 Donna Orchard,11642,NC,Life,897351.1,6787.89,5405.91,2024-07-24,2025-07-24,2024-09-05,556217.6,Settled,Wendy Smith,369114.97,2021-04-29
POL-0001551,CLM-00001551,CUST-15766,Elizabeth Ware,576-83-2122,douglastroy@example.net,393.298.9187x670,72764 Kayla Parkways Apt. 632,29075,CA,Auto,1165297.84,4177.48,2502.61,2022-04-26,2025-04-25,2024-12-20,484261.84,Rejected,Brian Hernandez,,2025-10-08
POL-0001552,CLM-00001552,CUST-92176,Christopher Medina,612-58-4551,robinsonamber@example.com,+1-274-896-2428x540,1848 Hall Green Apt. 895,68781,IL,AUTO,1168971.7,10001.92,1905.28,2020-11-18,2024-11-17,2022-01-22,147799.01,Settled,,135207.2,2025-11-25
POL-0001553,CLM-00001553,CUST-94691,Denise Warren,915-85-9926,vazquezmary@example.net,513.492.7919x70746,8797 Lisa Cliff Suite 682,47522,TX,Health,308538.36,3909.34,2765.42,2022-12-26,2026-12-25,2023-08-31,81793.34,Settled,Louis Moyer,65010.83,2024-06-14
POL-0001554,CLM-00001554,CUST-81528,Monica Davis,638-13-7013,ysanchez@example.org,584-244-0684x5657,785 Collins Views Suite 550,64072,CA,Home,1441367.07,8533.11,1189.91,2020-11-06,2025-11-05,2025-03-23,257696.86,Settled,Victor Morgan,172967.79,2024-08-10
POL-0001555,CLM-00001555,CUST-12436,Steven Torres,769-14-1396,jamie76@example.net,001-790-737-2424x7971,4067 Carter Place,64540,NY,Health,1633288.89,22369.16,2642.59,2024-04-22,2028-04-21,2024-08-17,1269569.11,Rejected,Eric Butler,,2025-09-12
POL-0001556,CLM-00001556,CUST-39079,Philip Ellis,231-45-6011,amandahernandez@example.net,(789)988-5291x04756,938 Kathy Spring,81095,NC,Home,655917.03,8797.92,7048.53,2023-09-29,2019-01-04,2025-10-05,51494.33,Under Review,Jesse Tyler,,2024-08-27
POL-0001557,CLM-00001557,CUST-89650,Kristen Smith,617-48-7045,margaretlee@example.com,(463)622-4035x163,04891 Joseph Trace Suite 244,19342,WA,Commercial,1827788.29,8019.06,5164.85,2022-07-27,2026-07-26,2023-05-03,1442062.57,Submitted,,,2026-03-29
POL-0001558,CLM-00001558,CUST-31954,Debra Washington,959-70-1508,bcooper@example.com,3999279453,62539 Elizabeth Coves,26431,TX,Commercial,1506936.01,14176.39,2293.94,2024-11-01,2027-11-01,2026-01-08,758397.01,Rejected,,,2024-11-03
POL-0001559,CLM-00001559,CUST-99826,Amanda Arnold,654-41-7599,bspears@example.net,(218)725-9494x9390,6903 Ashley Squares,05099,CA,Home,1562816.81,15458.4,4367.93,2021-11-14,2025-11-13,2024-06-03,156575.4,Rejected,Wendy Smith,,2025-12-30
POL-0001560,CLM-00001560,CUST-86789,Denise Cooke,394-88-4971,roy07@example.com,+1-689-899-1618,459 Brandi Loop Apt. 811,10142,TX,Home,1505212.76,6796.17,9309.36,2020-12-18,2025-12-17,2025-09-28,329199.71,Approved,Eric Butler,,2025-03-07
POL-0001561,,CUST-31012,Jerry Russell,996-68-5657,rodriguezkatelyn@example.net,585-756-5311x14483,4386 Cynthia Viaduct,95024,NY,Auto,821743.23,10588.34,6867.35,2024-09-14,2025-09-14,2024-12-04,115602.54,Settled,Douglas Ferguson,95750.16,2024-11-25
POL-0001562,CLM-00001562,CUST-42208,Diana Thomas,884-47-3242,kaylee69@example.net,(551)408-5200,96829 Teresa Village Apt. 680,95896,CA,Auto,1010336.85,2241.51,3040.1,2024-04-25,2026-04-25,2025-03-12,395467.73,Approved,,,2025-07-11
POL-0001563,CLM-00001563,CUST-47374,Natalie Stephenson,456-17-4210,sydney92@example.com,+1-686-774-3576x17550,851 Jennifer Ferry,64037,AZ,Life,712489.32,4880.2,6178.93,2024-10-10,2025-10-10,2025-06-14,318799.69,Under Review,Douglas Ferguson,,2025-05-05
POL-0001564,CLM-00001564,CUST-71828,Brittany Hernandez,480-20-7004,lopezmelissa@example.org,+1-398-359-2877,551 Tonya Vista,15892,IL,Health,353367.09,3109.93,5554.84,2023-03-30,2028-03-28,2025-12-12,197182.74,Under Review,Eric Butler,,2025-12-15
POL-0001565,,CUST-18888,Scott Hall,983-37-8033,gilbertjoseph@example.net,(310)452-4342x5213,184 Leah Drive Apt. 876,ZIP-NA,TX,Life,1866649.13,18359.57,5788.55,2022-06-20,2024-06-19,2024-01-12,757560.04,Submitted,,,2024-06-10
POL-0001566,CLM-00001566,CUST-68227,Dr. Jeffery Esparza,950-45-5744,mooreraymond@example.net,445-781-4953,33892 Amanda Crest Suite 546,ABCDE,WA,Health,424646.32,5982.32,9529.3,2021-04-13,2023-04-13,2022-02-23,316346.09,Settled,Eric Butler,248917.51,2025-11-07
POL-0001567,CLM-00001567,CUST-10982,Eddie Gregory,557-99-7608,caroline57@example.com,905-495-2035x124,383 Steven Walk,06554,IL,Auto,1930224.42,20134.78,1487.9,2021-06-09,2022-06-09,2022-01-24,1293713.5,Settled,Jennifer Reid,1248700.79,2024-09-08
POL-0001568,CLM-00001568,CUST-90184,Wayne Burton,259-40-5043,jamesrobinson@example.org,+1-402-362-9813x073,6704 Pacheco Square Suite 235,81992,TX,Life,992523.41,9045.15,5938.71,2023-07-14,2024-07-13,2024-06-22,81816.83,Approved,Victor Morgan,,2025-12-07
POL-0001569,CLM-00001569,CUST-26701,Dawn Hanson,304-19-2656,hoblake@example.net,(867)849-6845x2859,960 Christopher Underpass,29037,FL,Home,186488.82,2585.95,3696.1,2021-09-30,2018-04-17,2022-01-02,110376.86,Submitted,,,2025-03-21
POL-0001570,CLM-00001570,CUST-46805,April Hickman,504-61-9097,jasminepowers@example.org,+1-862-919-2255,24675 Chelsea Walk Suite 559,73385,IL,Home,548524.54,6202.25,3585.48,2023-02-17,2027-02-16,2024-05-19,225115.18,Settled,Louis Moyer,175715.24,2026-02-05
POL-0001571,CLM-00001571,CUST-75704,Bradley Fernandez,244-91-6224,grahammary@example.org,849.534.0811x4075,5683 Bell Mountain Apt. 841,33783,CA,Commercial,1141935.39,7694.47,7570.62,2020-12-20,2021-12-20,2021-05-07,212172.77,Under Review,Caleb West,,2025-08-05
POL-0001572,CLM-00001572,CUST-58988,Jean Cox,981-11-5852,carrollmegan@example.com,001-826-733-0911x027,873 Johnson Square Suite 080,,GA,Auto,727117.58,3491.94,8473.29,2020-04-23,2021-04-23,2020-04-26,461552.89,Approved,Victor Morgan,,2025-12-30
POL-0001573,CLM-00001573,CUST-95750,Roy Cross,333-29-7901,rsmith@example.org,667.536.8167x179,1514 Lynn Freeway,02460,CA,Life,1312046.93,12339.82,6560.79,2024-07-26,2027-07-26,2026-02-12,1031696.76,Settled,Brian Hernandez,938760.5,2026-03-13
POL-0001574,CLM-00001574,CUST-93410,Jessica Church,667-67-4238,annamontgomery@example.org,636.676.2087x268,24482 Hoffman Rapid,92614,NY,Auto,1630308.16,6716.11,1223.08,2022-01-30,2023-01-30,2022-12-13,594882.79,Rejected,Wendy Smith,,2025-02-10
POL-0001575,,CUST-88527,Dale Gonzales,557-65-4281,sean20@example.net,786.355.5013x966,85696 Tina Causeway,53799,CA,Life,913920.47,11609.92,8978.34,2021-01-10,2026-01-09,2025-03-01,632065.45,Submitted,,,2025-03-03
POL-0001576,CLM-00001576,CUST-96367,Karen Hogan,669-19-6803,michael04@example.com,+1-889-768-7673,8769 Mason Crossing,02761,AZ,Commercial,855000.31,11668.99,6663.72,2021-04-20,2025-04-19,2022-02-08,673691.49,Approved,Kenneth White,,2024-05-05
POL-0001577,CLM-00001577,CUST-40855,Crystal Reyes,669-55-6650,francissteve@example.org,+1-523-917-2044x033,8238 Collin Plains Apt. 404,65453,TX,Auto,538590.78,1789.79,7825.64,2024-08-14,2025-08-14,2024-09-09,172502.9,Settled,Dr. Tina Reyes MD,120412.05,2026-04-04
POL-0001578,CLM-00001578,CUST-80891,Joseph Nguyen,106-43-9895,elizabeth95@example.net,+1-896-261-7923x3537,627 Gonzalez Avenue,96785,CA,Commercial,814260.2,2601.69,7375.41,2022-01-10,2025-01-09,2024-06-28,285508.6,Submitted,,,2024-08-31
POL-0001579,,CUST-20497,Taylor Morgan,872-25-2459,jason32@example.org,(900)777-9666x6795,54915 Mendoza Forge,51670,WA,Home,1698213.92,23766.81,8456.01,2024-12-10,2026-12-10,2026-02-04,945800.37,Rejected,Jesse Tyler,,2024-04-14
POL-0001580,CLM-00001580,CUST-76807,Michael Pena,373-79-7066,wilsoncindy@example.com,260-942-6343,374 Stephen Inlet,20108,WA,Home,1949066.76,21696.09,6555.96,2023-03-03,2024-03-02,2023-03-07,1243027.36,Submitted,,,2025-12-06
POL-0001581,CLM-00001581,CUST-77859,Misty Simpson,203-28-5096,urice@example.com,795-331-4245,127 Miller Walk,31480,CA,Health,1723956.09,21300.66,5038.27,2022-09-23,2024-09-22,2023-10-16,945700.01,Under Review,Douglas Ferguson,,2025-05-20
POL-0001582,CLM-00001582,CUST-53482,Mary Lopez,729-23-1446,jessicadavis@example.net,(544)587-1340x468,876 Matthew Trail,11368,TX,AUTO,1961257.44,12082.77,9213.58,2022-08-25,2027-08-24,2024-01-26,433669.11,Approved,Denise Green,,2024-11-02
POL-0001583,CLM-00001583,CUST-98286,Stacey Nguyen,200-18-4111,uwatson@example.com,001-223-923-7800x6440,827 Thomas Spring,85638,NC,Home,917025.78,12297.79,319.06,2021-06-27,2022-06-27,2022-01-29,148907.32,Submitted,,,2024-05-24
POL-0001584,CLM-00001584,CUST-23750,Jose Oliver,593-38-6584,daniellerichards@example.com,419-604-2560,271 Bailey Shoals,91376,WA,Commercial,390116.64,3909.06,1446.86,2021-08-30,2026-08-29,2023-11-17,198732.08,Rejected,Phillip Sherman,,2025-11-13
POL-0001585,CLM-00001585,CUST-47872,David Marsh,160-20-7370,james43@example.com,(371)520-1258,78529 Michael Knoll,43040,FL,auto,888958.59,8293.17,2159.8,2022-10-06,2026-10-05,2025-03-04,613822.56,Rejected,,,2025-09-14
POL-0001586,,CUST-98612,James Rivera,131-74-4187,cole03@example.org,(831)731-6519x4933,36185 Valentine Mountain,,AZ,Life,546154.77,3369.93,3641.61,2020-10-06,2023-10-06,2021-12-16,267416.4,Rejected,Randy Brown,,2025-03-10
POL-0001587,CLM-00001587,CUST-75037,Anthony Buchanan,785-50-1285,qbauer@example.com,001-513-962-5773,18319 Samuel Parkways Apt. 833,88573,TX,Auto,789535.87,7261.95,1468.25,2022-10-11,2023-10-11,2023-07-01,337956.32,Settled,Ashley Mcclain,326260.46,2024-12-19
POL-0001588,CLM-00001588,CUST-46275,Mitchell Miller,832-61-6774,tapiagabriel@example.net,001-701-475-3083x95130,80070 Kimberly Fields Suite 729,08266,AZ,Home,999414.98,2877.36,6386.68,2023-10-28,2025-10-27,2025-08-18,599705.96,Under Review,Ashley Mcclain,,2025-01-26
POL-0001589,CLM-00001589,CUST-75397,Robert Murphy,935-54-6087,meyergary@example.org,001-764-735-4273,6573 Barbara Throughway Apt. 620,52786,NY,Auto,1954691.49,11682.06,4951.3,2022-01-17,2025-01-16,2022-06-05,1273182.07,Under Review,Ashley Mcclain,,2026-01-09
POL-0001590,CLM-00001590,CUST-79919,Paul Mcpherson,494-82-4537,robertadams@example.net,+1-756-225-7712,509 Alexander Viaduct Suite 133,28076,WA,Commercial,645211.42,8934.86,2080.88,2024-01-31,2025-01-30,2024-10-14,222557.2,Submitted,,,2025-01-03
POL-0001591,CLM-00001591,CUST-99671,Damon Alvarez,513-61-6289,osborneleslie@example.com,924.363.1841x8054,50757 Emily Cliffs,27493,CO,Health,1440982.72,8189.52,2774.0,2023-01-16,2027-01-15,2023-11-13,870995.87,Rejected,Jennifer Reid,,2021-08-05
POL-0001592,CLM-00001592,CUST-76844,Thomas Roth,758-82-2846,carolsnyder@example.com,6902245937,707 Jackson Creek,07154,IL,Life,365856.43,3055.32,1500.35,2020-09-03,2022-09-03,2021-06-04,57430.17,Under Review,Victor Morgan,,2022-04-25
POL-0001593,CLM-00001593,CUST-49295,Sandy Scott,438-96-9881,megantravis@example.com,(219)605-3086x866,689 Richard Drive Suite 488,17356,FL,Home,1132947.75,16166.32,4723.12,2021-10-16,2026-10-15,2023-09-07,326235.83,Settled,Kenneth White,198799.92,2024-07-13
POL-0001594,CLM-00001594,CUST-44969,Jasmine Alvarado,271-44-2952,lynchmonica@example.net,5465379995,465 Hale Haven,16909,NC,Auto,877831.67,12403.9,3074.15,2023-12-23,2024-12-22,2024-08-13,565976.34,Under Review,,,2024-04-22
POL-0001595,,CUST-78867,Michael Hughes,824-73-7532,daviladavid@example.org,+1-578-713-7036x05446,3385 Brown Wells Suite 369,22427,FL,Auto,32746.39,78.64,9989.53,2022-08-20,2023-08-20,2022-09-05,618.41,Rejected,Wendy Smith,,2025-11-05
POL-0001596,,CUST-85758,Austin Hall,287-70-4581,nunezamy@example.org,001-720-858-1456x4561,74507 Taylor Drive Suite 011,44305,NY,Commercial,1888159.64,11681.46,5692.42,2021-11-30,2023-11-30,2023-10-26,325726.46,Submitted,,,2023-06-17
POL-0001597,,CUST-28642,Jesse Griffith,830-61-9130,scottpayne@example.net,+1-899-226-2335x4970,04526 Shaw Well,12190,FL,Health,1682202.95,15206.49,3687.29,2022-12-31,2027-12-30,2025-10-17,1138674.58,Rejected,Caleb West,,2026-02-09
POL-0001598,CLM-00001598,CUST-53094,Robert Oneal,346-61-4716,dbarber@example.org,8837447267,9954 Fritz Orchard,87004,CO,Home,910460.03,8200.79,3979.73,2024-10-04,2027-10-04,2025-02-28,169190.71,Submitted,,,2026-03-04
POL-0001599,CLM-00001599,CUST-41429,Regina Simmons,728-62-9777,daughertyrandall@example.com,846.824.9710,794 Glenn Brooks Apt. 576,56629,FL,Life,95364.72,1187.16,5273.04,2025-04-01,2030-03-31,2025-07-21,30015.44,Settled,Karen Miller,29634.89,2025-09-24
POL-0001600,,CUST-81808,Anne Smith,312-11-1839,eugenestuart@example.com,001-935-547-3048x0316,1104 Foley Trail Apt. 111,18877,NY,Health,1170830.83,11915.88,3944.53,2023-03-13,2027-03-12,2024-11-27,549232.51,Rejected,John Meyer,,2024-10-28
POL-0001601,CLM-00001601,CUST-99991,Brian Stone,596-49-9537,jose66@example.net,(246)443-8981x2382,4308 Laurie Vista Suite 732,78977,FL,Commercial,650010.11,5131.42,9075.5,2024-11-09,2025-11-09,2024-11-26,309179.26,Settled,Wendy Smith,276632.51,2026-03-02
POL-0001602,CLM-00001602,CUST-95861,Michael Miller,349-95-1297,shannon54@example.org,489.472.1474x76291,183 Veronica Crest Suite 901,56633,FL,Health,1993624.06,12452.76,5047.78,2020-09-25,2022-09-25,2022-04-05,155194.64,Settled,,151500.43,2024-05-28
POL-0001603,CLM-00001603,CUST-59478,Elizabeth Chavez DDS,819-33-3327,johnsonjesse@example.net,6363467086,18652 Perez Mount,89821,NC,Home,1073422.09,10374.59,4856.69,2023-01-26,2024-01-26,2023-06-18,179596.59,Rejected,Caleb West,,2025-12-23
POL-0001604,,CUST-48599,Allen Mcdaniel,633-24-7658,jose90@example.net,741-601-6883x0585,1594 Anderson Gardens,77720,TX,Health,1719589.98,7666.1,4433.12,2022-11-23,2023-11-23,2023-08-12,816423.0,Under Review,Kenneth White,,2025-08-01
POL-0001605,CLM-00001605,CUST-94099,Christina Lopez,163-23-7104,andrewdavis@example.com,+1-324-342-6439x9528,4308 Peter Dam Suite 659,,NC,Commercial,1103138.09,16406.32,4223.88,2020-07-25,2025-07-24,2022-09-15,719281.69,Approved,Brett White,,2025-12-02
POL-0001606,CLM-00001606,CUST-11217,Jessica Gomez,269-95-7659,turneradam@example.net,001-662-532-1697,768 Davis Skyway Apt. 250,95065,GA,Commercial,837222.58,7393.78,7966.77,2023-03-13,2028-03-11,2025-06-08,106925.2,Rejected,Eric Butler,,2025-05-13
POL-0001607,CLM-00001607,CUST-84078,Christopher Hansen,876-62-8119,david64@example.net,001-335-662-0179x6244,7545 Christopher Loop Suite 289,66319,GA,Life,1442639.1,13681.95,5879.02,2023-10-04,2027-10-03,2024-12-31,1031902.76,Settled,Karen Miller,807590.64,2024-06-09
POL-0001608,CLM-00001608,CUST-99586,Jessica Perez,173-94-8240,barnesdennis@example.net,+1-634-325-8136x75212,00202 Gomez Spurs,82569,WA,Home,143831.19,1195.55,7580.42,2024-08-08,2027-08-08,2024-12-18,18367.67,Under Review,Victor Morgan,,2026-03-18
POL-0001609,CLM-00001609,CUST-45952,Mr. Andre Lewis,605-94-4613,drodriguez@example.org,203.479.3537x1280,7925 Suzanne Trail,48474,CA,Health,1369133.04,13289.55,2816.62,2020-09-28,2021-09-28,2021-07-23,191662.07,Submitted,,,2025-03-12
POL-0001610,CLM-00001610,CUST-33151,Tasha Velasquez,384-22-9966,gonzalezlaura@example.net,3885259516,00400 Shari Extensions,00965,NY,Life,1698250.2,11179.71,4806.1,2023-02-25,2024-02-25,2023-03-07,380005.8,Settled,Jennifer Reid,300039.08,2026-02-04
POL-0001611,CLM-00001611,CUST-73409,John Gentry,328-45-3289,gordonyvonne@example.net,001-590-476-6475x428,02242 Hensley Skyway,83063,AZ,Life,1612324.96,22814.74,1938.15,2023-11-07,2024-11-06,2023-12-27,758880.79,Submitted,,,2024-10-02
POL-0001612,CLM-00001612,CUST-96056,Melissa Hale,207-56-2225,kroberts@example.net,209-671-8461,34225 Holder Walks,69958,AZ,Auto,1145018.75,12148.2,9592.13,2021-08-30,2026-08-29,2025-08-22,337699.05,Submitted,,,2024-09-24
POL-0001613,CLM-00001613,CUST-80306,Stephanie Jackson DDS,529-71-5007,taylor45@example.org,(714)375-6822x39680,184 Zachary Knoll Apt. 998,14866,GA,Auto,1014207.6,5175.03,5458.67,2021-05-11,2026-05-10,2024-03-28,107606.79,Submitted,,,2025-03-02
POL-0001614,CLM-00001614,CUST-78250,Kayla Johnson,884-33-2011,mallory56@example.com,218.957.3440x401,002 Holmes Rest,51944,FL,Commercial,136947.66,1400.53,933.45,2022-02-21,2018-10-23,2022-06-17,40857.36,Under Review,Douglas Ferguson,,2025-03-18
POL-0001615,CLM-00001615,CUST-74489,Donna Little,551-30-4978,rrice@example.net,+1-579-395-8140x4589,269 Sarah Key Apt. 011,78899,IL,Life,743062.76,11009.38,4446.61,2025-01-04,2029-01-03,2025-07-24,62812.18,Submitted,,,2025-01-06
POL-0001616,CLM-00001616,CUST-53991,Erik Brown,917-93-1127,nicholas99@example.com,001-234-527-6948x16095,78911 Courtney Streets,83711,NY,LIFE,572108.61,3808.01,2846.2,2023-04-09,2027-04-08,2024-04-23,284595.47,Approved,Renee Patel,,2025-06-30
POL-0001617,CLM-00001617,CUST-68743,Karen Herring,914-61-6723,liujesse@example.org,001-828-557-2157,312 Thomas Flat Suite 578,19732,CA,Commercial,1408858.4,17477.41,577.48,2023-09-10,2024-09-09,2024-06-23,941593.29,Approved,Ashley Mcclain,,2024-05-25
POL-0001618,CLM-00001618,CUST-89730,Amber Miles,781-35-7789,kristi06@example.com,895-750-7973x1933,82885 Stephen Plaza Apt. 670,,NY,Life,1652782.31,20859.07,1939.0,2021-01-13,2025-01-12,2023-02-10,478363.42,Settled,Michelle Davis,471280.03,2025-12-24
POL-0001619,CLM-00001619,CUST-59366,Kevin Galvan,341-93-5179,uwhite@example.org,(616)215-5728x11792,879 Amber Run Apt. 464,,NY,Life,526761.93,5150.08,7790.52,2020-06-18,2025-06-17,2024-02-12,304299.21,Approved,Caleb West,,2026-02-17
POL-0001620,CLM-00001620,CUST-89555,Kelsey Nguyen,328-66-8651,mccormickjared@example.org,367.434.2078x548,3894 Amy Skyway,97599,CA,Home,496957.74,1764.56,5173.65,2021-01-04,2023-01-04,2021-06-04,87703.0,Submitted,,,2025-03-13
POL-0001621,CLM-00001621,CUST-98511,Melissa Weber,167-62-7301,lisamartin@example.com,+1-380-558-2888x9041,2535 Teresa Turnpike,05198,CO,Commercial,1740970.2,25263.96,2853.04,2021-09-21,2025-09-20,2024-05-03,1013517.96,Submitted,,,2025-04-13
POL-0001622,CLM-00001622,CUST-98736,Cindy Bridges,268-43-3098,kirkjames@example.net,877-905-2028,8544 Angela Lake,23183,AZ,Auto,119013.85,441.82,9380.04,2022-06-07,2023-06-07,2022-12-23,81179.77,Approved,Denise Green,,2025-01-05
POL-0001623,,CUST-70073,Samuel Ortiz,785-18-4147,josephholt@example.net,(934)313-4188x091,283 Thomas Run Suite 264,61979,AZ,Auto,1804576.74,24270.15,4148.02,2020-10-03,2025-10-02,2022-03-15,257500.02,Rejected,Brian Hernandez,,2026-03-29
POL-0001624,CLM-00001624,CUST-39048,Jon Hobbs,522-45-9721,fisherchristina@example.com,411.501.3613,82402 Tyler Freeway,67698,CO,Life,1945022.87,25222.7,1063.37,2020-04-17,2025-04-16,2021-03-26,1283659.2,Submitted,,,2024-05-15
POL-0001625,CLM-00001625,CUST-77234,Alexander Martinez,741-71-1213,fordjamie@example.com,(990)744-5085x2731,0766 Aguilar Row,54602,CA,Life,636441.68,4323.24,9274.92,2023-08-04,2027-08-03,2025-05-11,469321.79,Submitted,,,2025-07-02
POL-0001626,,CUST-52705,Sean Allen,355-40-5294,saracontreras@example.org,+1-373-217-9764x3766,6346 Davis Keys,00000,IL,Health,1859187.27,24279.19,9750.91,2023-08-02,2028-07-31,2023-11-23,829874.93,Rejected,Brett White,,2024-04-23
POL-0001627,CLM-00001627,CUST-19360,Mr. Frederick Allen DDS,521-13-3287,owensallen@example.org,+1-861-667-8176,57149 Wanda Ville Apt. 958,16730,FL,Commercial,351719.11,4703.34,6212.0,2021-12-14,2022-12-14,2022-09-01,465714.6890336249,Under Review,Karen Miller,,2024-08-18
POL-0001628,CLM-00001628,CUST-32819,Natalie Hall,528-41-4947,williamssandra@example.net,(865)947-9027,47630 Miller Forge,30421,FL,Commercial,13478.64,61.26,9731.86,2021-06-06,2025-06-05,2024-06-09,10062.53,Settled,Ashley Mcclain,9667.27,2025-10-05
POL-0001629,CLM-00001629,CUST-31366,Todd Trujillo,222-28-5384,javiermoss@example.com,457.748.9765,04622 Marshall Plain Suite 132,53265,CA,health,314231.8,2218.31,1595.02,2023-03-14,2024-03-13,2023-09-08,51300.48,Settled,John Meyer,32705.78,2024-05-06
POL-0001630,CLM-00001630,CUST-87599,Raymond Caldwell,800-75-9253,snowjulie@example.org,001-785-853-0637x032,0646 Susan Garden Suite 510,26237,FL,Auto,1487331.86,11738.17,4484.74,2021-08-02,2024-08-01,2023-02-04,482091.54,Submitted,,,2025-09-21
POL-0001631,,CUST-32923,Theresa Martinez,574-61-1355,hjackson@example.org,001-325-230-5736,190 Patricia Walk,00000,IL,auto,1275893.24,3329.03,9706.93,2023-07-11,2024-07-10,2024-01-30,985231.83,Settled,Kenneth White,597604.56,2025-08-27
POL-0001632,,CUST-82228,Sonya Roberts,269-97-9045,sara61@example.com,6382951510,463 Molina Glens,87343,FL,Auto,1549765.69,7408.13,5376.83,2024-08-23,2026-08-23,2025-06-18,949936.37,Settled,,679994.82,2025-10-31
POL-0001633,CLM-00001633,CUST-44950,Megan Houston,871-88-1591,josephcoleman@example.com,800.782.3716,74136 Smith Mountain Apt. 952,83481,NC,Auto,893261.35,6622.12,2183.21,2024-05-09,2026-05-09,2024-12-19,37502.89,Under Review,Jennifer Reid,,2025-10-12
POL-0001634,CLM-00001634,CUST-39699,Christopher Suarez,220-28-5319,kanekelsey@example.com,9607587348,33085 Margaret Circle Suite 928,92451,NC,Life,1581330.05,18803.32,5434.91,2024-11-03,2028-11-02,2026-02-13,419778.0,Settled,Kenneth White,414988.33,2024-05-20
POL-0001635,CLM-00001635,CUST-49883,Laura Lane,445-67-4897,hilleugene@example.org,001-371-964-0751x6005,966 Gates Mews,20454,IL,Commercial,108491.02,1263.56,2906.49,2020-09-10,2025-09-09,2024-08-24,54751.38,Approved,Karen Miller,,2024-08-26
POL-0001636,CLM-00001636,CUST-58210,Diana Stewart,286-38-1526,maytimothy@example.com,419-970-1183x418,16764 Perkins Trafficway Apt. 097,14852,NC,Health,474322.55,4631.8,4746.41,2021-02-20,2023-02-20,2022-11-01,144691.72,Submitted,,,2025-12-13
POL-0001637,CLM-00001637,CUST-28981,Melissa Khan,890-11-5125,felicia07@example.net,(479)354-8102x4391,562 Obrien Via Suite 256,,WA,Life,1947414.8,10989.44,6646.47,2022-01-26,2024-01-26,2022-07-10,991013.86,Settled,Ashley Mcclain,734986.39,2025-09-02
POL-0001638,CLM-00001638,CUST-11616,Laura Castro,760-67-7203,haysmatthew@example.org,578.204.3032x5235,0888 Emma Junction,18473,TX,Life,1368415.33,4879.77,7007.64,2021-10-09,2025-10-08,2024-07-09,220941.72,Settled,Phillip Sherman,194562.86,2024-10-16
POL-0001639,CLM-00001639,CUST-15487,Lisa Johns,124-31-3253,kimberlyhooper@example.org,507.555.6350x99253,11117 Mitchell Falls Suite 322,94135,CA,Life,1323709.02,17751.54,8729.24,2022-03-10,2024-03-09,2023-08-05,703230.67,Settled,Denise Green,579198.1,2026-02-21
POL-0001640,CLM-00001640,CUST-10235,Laura Rhodes,964-50-9012,charlespennington@example.org,(898)972-4624x240,8471 Eric Overpass,24836,CA,Life,1592504.77,13182.8,6420.31,2021-10-31,2026-10-30,2023-08-11,745291.32,Submitted,,,2025-01-31
POL-0001641,,CUST-97849,Michael Kline,138-37-1194,rachel38@example.net,459.774.4682x7201,16924 Moreno Ways Apt. 929,12407,TX,Health,1043680.01,2915.95,727.47,2022-02-23,2024-02-23,2022-04-18,153227.09,Submitted,,,2023-04-20
POL-0001642,,CUST-10481,Jackson Lynn,302-79-9680,kevin94@example.org,267-322-3923,79592 Mueller Stravenue Suite 573,72893,AZ,Commercial,1900982.32,6398.84,1366.82,2024-01-26,2029-01-24,2025-08-12,1244969.79,Under Review,Brian Hernandez,,2025-06-02
POL-0001643,CLM-00001643,CUST-47415,Brandon Rush,156-20-7454,randy34@example.com,(750)285-9452x288,3123 Winters Plains Apt. 604,41722,FL,Auto,936309.57,12404.84,6047.5,2023-03-12,2024-03-11,2023-04-10,434885.8,Under Review,Louis Moyer,,2024-03-10
POL-0001644,CLM-00001644,CUST-86171,Franklin Howell,191-50-5957,munozrichard@example.org,001-716-597-4319x2051,861 Campbell Avenue,51170,FL,Life,1833416.08,25597.68,7507.5,2020-06-28,2023-06-28,2022-06-24,748285.42,Submitted,,,2026-01-10
POL-0001645,CLM-00001645,CUST-39725,Marisa Clay DDS,580-18-7141,freemanbrittany@example.org,(337)499-4801,715 James Well Apt. 801,42267,NC,Home,725518.56,4557.52,2731.2,2020-05-16,2021-05-16,2020-10-24,384245.57,Under Review,Michelle Davis,,2023-09-10
POL-0001646,CLM-00001646,CUST-61362,Jared Walker,514-17-6112,hendersonerik@example.org,+1-241-292-8183x996,9721 Alexander Ferry Suite 706,24840,AZ,Life,436710.88,4274.27,5229.04,2020-10-31,2024-10-30,2023-11-23,92861.96,Under Review,Eric Butler,,2024-07-06
POL-0001647,,CUST-48260,James Clark,329-22-1651,donna46@example.net,565.445.3070x7449,61642 James Avenue Apt. 041,86295,TX,Home,1794140.49,18535.46,6134.13,2020-09-15,2022-09-15,2021-04-26,1202088.25,Submitted,,,2024-11-01
POL-0001648,CLM-00001648,CUST-42017,Nancy Love,111-30-5473,christopherpowell@example.com,(579)572-7440x3925,875 Michael Junction Apt. 264,,TX,Commercial,1477489.8,7091.93,3646.5,2023-01-29,2024-01-29,2023-01-30,542775.32,Submitted,,,2025-08-21
POL-0001649,CLM-00001649,CUST-36849,Heather Walker,325-54-9189,hendrickslarry@example.org,001-906-992-6549,28931 Ponce Wall,96752,IL,Health,1413625.79,9370.09,9584.61,2021-11-16,2026-11-15,2024-05-12,15174.9,Approved,Brett White,,2025-07-10
POL-0001650,CLM-00001650,CUST-93746,Douglas Bennett,626-24-6935,michelenorris@example.com,(214)848-7187x941,6210 John Turnpike Suite 458,64292,TX,Auto,1875235.13,14515.83,8745.1,2022-01-26,2024-01-26,2024-01-14,375604.45,Under Review,Dr. Tina Reyes MD,,2024-01-23
POL-0001651,CLM-00001651,CUST-93295,John Rogers,692-82-2731,farnold@example.net,460-941-8755,9089 Merritt Viaduct,00000,WA,Auto,28550.85,362.97,1707.64,2024-10-04,2029-10-03,2024-11-23,5185.5,Settled,Phillip Sherman,3913.81,2025-07-28
POL-0001652,CLM-00001652,CUST-82780,Jessica Nichols,291-59-2885,brandongarcia@example.com,534-779-4631x908,4864 Moore Mission,29085,NY,Home,1300283.53,5010.42,2530.93,2020-07-20,2023-07-20,2020-10-03,103549.22,Submitted,,,2024-09-24
POL-0001653,CLM-00001653,CUST-97895,Gina Cox,740-35-6236,devinjenkins@example.net,(270)421-1301x0513,3255 Kyle Curve,32078,CO,Life,1330374.85,5287.58,3764.65,2022-09-28,2025-09-27,2025-06-12,3986219.008586411,Rejected,Brian Hernandez,,2025-12-17
POL-0001654,CLM-00001654,CUST-45133,Mark Erickson,897-90-7321,fmoyer@example.org,+1-710-769-6050x6122,5197 Kirk Villages Suite 903,66915,NY,Life,1453261.67,4545.86,2025.87,2025-03-11,2028-03-10,2025-09-14,855260.94,Approved,Jennifer Reid,,2025-12-23
POL-0001655,CLM-00001655,CUST-28220,Mary Rivera,539-80-7907,omason@example.net,(859)817-2974x070,00171 Flores Highway Suite 939,90609,TX,Health,1723046.76,15950.04,7841.54,2022-11-30,2023-11-30,2023-03-02,1187302.98,Rejected,Brian Hernandez,,2024-05-01
POL-0001656,CLM-00001656,CUST-74601,Natalie Mccoy,715-75-9635,sarahbrown@example.net,(640)411-9888,0173 Anna Estates Apt. 406,19796,CO,Home,1732058.52,18872.99,1783.15,2023-08-29,2026-08-28,2025-02-19,580299.47,Submitted,,,2026-02-16
POL-0001657,CLM-00001657,CUST-91102,Andrew Conner,758-80-9530,christophersanchez@example.org,292-863-0747x7464,38984 Nicolas Forge Suite 255,77861,WA,Life,1001660.92,6174.23,8019.49,2021-04-13,2025-04-12,2022-05-02,2616652.5124177034,Under Review,Renee Patel,,2024-10-04
POL-0001658,CLM-00001658,CUST-56470,Randy Rose,841-51-1480,jennifer35@example.com,(823)485-7918x683,61720 Hernandez Center,ZIP-NA,NY,Health,620611.02,7571.01,2403.14,2025-01-17,2026-01-17,2025-12-16,325710.81,Under Review,Victor Morgan,,2026-04-02
POL-0001659,CLM-00001659,CUST-27006,Amber Valdez,168-48-9295,jonathanchen@example.org,+1-537-641-3064x5654,73156 Cody Drives Apt. 521,18743,WA,Home,138871.61,2041.59,990.45,2023-03-30,2025-03-29,2024-03-28,80949.63,Submitted,,,2024-09-05
POL-0001660,CLM-00001660,CUST-34302,Mary Merritt,745-62-3111,burtonderrick@example.net,(924)654-7791,27433 Jeffrey Valley Suite 988,93784,TX,Commercial,477148.41,6792.93,7795.57,2020-06-02,2023-06-02,2021-08-19,309474.01,Submitted,,,2025-10-08
POL-0001661,CLM-00001661,CUST-58161,Matthew Mitchell DDS,408-33-6301,denisepark@example.org,(284)257-2997x71054,6928 Morgan Meadow Suite 984,51035,NC,Home,217958.52,2525.17,280.11,2023-07-13,2025-07-12,2023-09-30,63426.06,Under Review,Brett White,,2024-10-12
POL-0001662,CLM-00001662,CUST-23477,Ryan Anderson,223-64-1008,frances51@example.org,+1-613-532-2604x32489,35970 Schroeder Coves Suite 982,42885,NC,Health,1375534.69,17332.26,4974.75,2023-11-26,2028-11-24,2025-07-10,1083306.89,Approved,,,2024-04-30
POL-0001663,CLM-00001663,CUST-62990,Jill Miller,220-92-6405,ophillips@example.com,+1-694-745-6816x4206,97125 White Forks,80394,CA,Commercial,715521.61,4790.79,1332.64,2024-03-08,2018-07-13,2024-08-10,1561627.388946161,Settled,,345655.98,2025-12-28
POL-0001664,,CUST-99998,Colleen Melton,218-54-5842,jenny79@example.net,968-849-1850x57393,07065 Strickland Ferry,43004,AZ,Health,1838977.53,5127.32,3362.74,2024-04-30,2029-04-29,2025-08-02,1269004.33,Under Review,Wendy Smith,,2025-11-01
POL-0001665,,CUST-24541,Maria Owens,190-84-6061,brooke43@example.net,+1-404-961-6417,30793 Carol Freeway,86554,FL,Home,1926114.57,5781.71,845.11,2021-06-27,2019-03-23,2024-08-09,93617.47,Rejected,Randy Brown,,2025-10-25
POL-0001666,CLM-00001666,CUST-29914,Karen Harrell,668-99-8737,nandrews@example.org,720-799-3297x944,14816 Jones Street Suite 470,54642,CO,Commercial,1960658.02,18132.06,7671.13,2020-07-07,2024-07-06,2021-02-28,1439055.59,Submitted,,,2023-10-29
POL-0001667,CLM-00001667,CUST-18050,Carol Diaz,503-83-6557,droman@example.net,(782)580-2869x5236,175 Edward Crossroad,22354,WA,Commercial,553077.19,5191.54,1298.56,2023-07-16,2028-07-14,2024-07-10,395492.91,Approved,Kenneth White,,2024-08-04
POL-0001668,CLM-00001668,CUST-23334,Jessica Rojas,485-91-2707,campbelleric@example.com,001-810-312-1522x20340,588 Mark Mission,14664,WA,Life,368898.02,5010.69,6883.11,2020-04-16,2023-04-16,2022-09-06,204267.33,Submitted,,,2024-09-03
POL-0001669,CLM-00001669,CUST-38983,Danielle Carter,115-13-5064,charles99@example.com,887.564.2495x9098,79056 Medina Road,81795,CA,Health,520048.77,3122.22,3671.15,2024-10-24,2028-10-23,2026-02-05,321911.51,Submitted,,,2025-08-14
POL-0001670,CLM-00001670,CUST-10436,Aaron Garza,985-89-7205,william56@example.org,001-958-220-4850x174,16362 Nancy Tunnel Apt. 023,65373,NC,Commercial,1735169.14,25010.66,5244.53,2021-12-01,2023-12-01,2023-04-17,60055.22,Under Review,Wendy Smith,,2024-12-01
POL-0001671,CLM-00001671,CUST-76688,Jeanne White,521-73-7681,longchristie@example.org,+1-752-477-2805x2094,98794 Sheryl Lock,79284,NC,Auto,142721.18,1976.54,2836.82,2024-04-08,2026-04-08,2025-05-21,33122.61,Rejected,Caleb West,,2024-08-07
POL-0001672,CLM-00001672,CUST-16711,Haley Collins,491-28-3361,rogersmichael@example.org,306-275-4698x6823,2161 Dustin Wells,61954,TX,Home,233591.49,2114.85,5945.36,2024-11-12,2026-11-12,2026-01-20,111282.75,Submitted,,,2024-05-23
POL-0001673,CLM-00001673,CUST-11897,Andrew Hendrix,107-37-1353,mthompson@example.net,622-554-4225x0086,282 Samuel Cliffs Apt. 064,22818,FL,Commercial,1811380.09,24174.56,3510.81,2024-07-21,2026-07-21,2025-05-19,598085.76,Submitted,,,2025-01-25
POL-0001674,CLM-00001674,CUST-86687,Raymond Ross,815-81-2665,seanspencer@example.org,(630)838-6491,93952 Alan Drives Suite 468,75679,TX,Life,710028.56,2482.2,3520.3,2023-07-15,2025-07-14,2025-03-13,176937.35,Under Review,Phillip Sherman,,2024-05-22
POL-0001675,CLM-00001675,CUST-29903,Nancy Solomon,819-35-7498,juan41@example.net,+1-202-796-3204,56218 Lori Ports Suite 709,04027,CA,Life,1801779.73,11076.7,5027.02,2022-05-02,2023-05-02,2022-09-20,123674.12,Approved,Kenneth White,,2026-01-01
POL-0001676,CLM-00001676,CUST-34471,Joseph Jackson,153-86-6296,brandondorsey@example.net,(458)419-7259x6072,096 Burke Expressway Apt. 810,35970,WA,Auto,1197326.9,2422.95,2152.96,2020-08-25,2022-08-25,2021-03-18,432578.06,Under Review,Jesse Tyler,,2025-05-06
POL-0001677,CLM-00001677,CUST-85085,Kimberly Rivas,208-45-1907,deannaluna@example.com,+1-738-857-9435x5863,517 Morgan Lane,06153,NY,Health,1435134.64,10187.86,4241.95,2024-05-11,2028-05-10,2024-08-30,735388.3,Settled,Douglas Ferguson,643325.39,2024-07-13
POL-0001678,,CUST-76613,Richard Rodgers,790-71-6241,nancy92@example.net,+1-940-681-5780x5140,81118 Davis Knolls Apt. 496,80412,WA,Home,49318.46,615.0,9972.07,2023-10-07,2018-09-06,2024-07-22,1165.91,Settled,Douglas Ferguson,1112.28,2021-09-30
POL-0001679,CLM-00001679,CUST-45856,Amanda Garcia,965-44-4855,bhorn@example.org,523.635.0740x87492,06747 Stone Center,31809,CA,Auto,539183.45,4405.73,3252.46,2024-03-12,2026-03-12,2024-03-22,240058.34,Under Review,,,2024-08-09
POL-0001680,CLM-00001680,CUST-35310,Rebecca Avila,717-55-5671,sierra36@example.org,912-369-7834x68501,26659 Black Freeway,77647,TX,Auto,1455898.63,13686.23,1330.97,2023-09-23,2025-09-22,2024-02-05,13460.31,Submitted,,,2025-10-31
POL-0001681,,CUST-79210,Stephen Mcdaniel,361-28-6218,ronald81@example.com,696-481-9916x512,02545 Joanna Drive,14251,GA,Health,1993214.7,28955.09,4099.41,2024-06-02,2028-06-01,2025-06-03,1026719.26,Submitted,,,2026-02-15
POL-0001682,CLM-00001682,CUST-64828,Derrick Cooley,245-57-2465,jonathan38@example.org,+1-477-399-1159x671,25620 Fuentes Mountains,85374,NY,Home,1785969.4,14644.11,4871.08,2020-10-28,2018-09-02,2022-07-21,1094685.77,Rejected,Michelle Davis,,2024-05-19
POL-0001683,CLM-00001683,CUST-46941,Julia Mclean,775-76-4380,parkerpaige@example.com,406.582.7273,13323 Jimenez Vista Apt. 299,12012,TX,Health,716915.26,3451.48,2843.39,2020-09-06,2021-09-06,2021-04-10,205067.78,Submitted,,,2024-12-15
POL-0001684,CLM-00001684,CUST-87958,Justin Villanueva,614-93-3851,kristina33@example.net,001-979-209-6052x89188,61913 Woodard Camp,,CA,Commercial,1193816.75,15565.23,4875.39,2022-12-23,2026-12-22,2025-04-09,205733.46,Rejected,Douglas Ferguson,,2024-12-27
POL-0001685,CLM-00001685,CUST-91032,Robert Jordan,955-10-2110,brianingram@example.org,452-645-5335,5674 Jones Locks Apt. 909,18656,FL,life,158105.02,1149.67,6314.84,2024-03-03,2029-03-02,2025-03-28,18431.11,Settled,,11710.04,2025-11-20
POL-0001686,CLM-00001686,CUST-49884,Eric Martinez,409-28-1426,daisyharris@example.net,476-999-4906x80619,3416 Nguyen Fall,ZIP-NA,WA,Life,111374.47,1521.36,8241.69,2023-06-15,2028-06-13,2023-07-31,73530.65,Under Review,Ashley Mcclain,,2024-07-13
POL-0001687,CLM-00001687,CUST-83378,Jordan Maldonado,610-55-4398,lrios@example.net,001-681-851-8563x455,41947 Cathy Throughway Apt. 408,89416,NY,auto,1474203.6,12644.8,6591.39,2021-07-06,2025-07-05,2023-06-23,1039117.17,Submitted,,,2026-03-25
POL-0001688,CLM-00001688,CUST-50437,Kelly Cook,937-82-5827,tammyhensley@example.com,001-817-455-0476x39631,5963 Bates Extension,01706,AZ,Auto,1546283.57,17475.36,8643.33,2024-03-05,2029-03-04,2024-04-03,91813.56,Rejected,Eric Butler,,2025-01-30
POL-0001689,CLM-00001689,CUST-22999,Jon Morgan,673-85-1498,lynchlaura@example.org,292-510-0084,1466 Emily Ways,71021,IL,Auto,560094.67,4456.59,4091.98,2023-08-09,2024-08-08,2024-06-17,150842.97,Settled,Kenneth White,100734.03,2025-12-26
POL-0001690,CLM-00001690,CUST-93523,Erin Rogers,119-71-3557,christophershaw@example.net,+1-917-245-5324x198,9504 Robinson Vista Apt. 150,37488,TX,Home,321129.36,4257.07,8181.68,2025-02-27,2029-02-26,2025-03-31,220915.24,Approved,Dr. Tina Reyes MD,,2026-02-16
POL-0001691,,CUST-45127,Diana Smith MD,915-38-2417,katiecollier@example.net,(484)838-6650,7036 Edwards Crest Suite 073,16324,CO,Home,733597.07,4331.25,798.24,2025-03-13,2030-03-12,2025-09-02,33174.2,Under Review,,,2026-01-18
POL-0001692,CLM-00001692,CUST-15491,April Flores,739-66-5703,djohnson@example.com,001-535-833-2038,0822 Williams Port,48033,CA,Home,727226.27,9769.57,2585.41,2024-02-23,2029-02-21,2025-02-10,569972.23,Rejected,,,2024-04-13
POL-0001693,CLM-00001693,CUST-10958,Jamie Owens,962-84-4279,sharonpayne@example.net,550.484.2584x73418,78064 Julie Parks,06233,NY,Health,659847.03,5786.98,7000.71,2023-10-16,2025-10-15,2024-07-21,60664.38,Submitted,,,2024-09-23
POL-0001694,CLM-00001694,CUST-43454,Jonathan Kelly,807-59-4988,watsonkenneth@example.org,(222)303-5124,1446 Martin Garden Suite 084,03540,GA,Home,1338871.51,19407.05,7210.99,2022-09-01,2024-08-31,2023-02-07,560856.5,Approved,Jesse Tyler,,2024-07-29
POL-0001695,,CUST-25414,Rhonda Watson,612-99-1009,lisa56@example.net,309.244.5114,189 David Lane Suite 644,54645,AZ,Life,143321.84,1456.7,7735.34,2021-08-03,2026-08-02,2022-09-17,62783.99,Submitted,,,2024-05-05
POL-0001696,,CUST-94232,Kyle Williamson,165-88-9020,vwolfe@example.org,(596)986-0737,90025 Brandon Glen Apt. 831,07308,NY,Auto,1186526.67,16234.06,5374.59,2023-12-02,2028-11-30,2026-02-02,733693.41,Approved,Ashley Mcclain,,2025-04-17
POL-0001697,CLM-00001697,CUST-57968,Mrs. Katherine Middleton MD,892-12-8938,adam49@example.org,794.622.9785,647 Gould Lodge,19425,WA,Home,1370018.92,11702.58,4415.62,2023-09-01,2027-08-31,2024-02-11,96696.67,Rejected,Jennifer Reid,,2024-08-17
POL-0001698,,CUST-17554,Keith Bradford,188-90-4113,robertcruz@example.com,(965)359-0706x674,75558 Wolf Turnpike,77446,NC,Commercial,1558638.74,10470.16,4584.47,2023-04-04,2026-04-03,2025-03-26,618870.26,Settled,Wendy Smith,485394.68,2025-06-15
POL-0001699,CLM-00001699,CUST-34536,Elizabeth Castro,165-25-8992,millernatalie@example.com,952.655.1818x1542,308 Kim Crossroad Suite 279,74308,CA,Auto,1161282.27,11092.53,3112.64,2022-06-13,2023-06-13,2023-04-07,795502.55,Submitted,,,2024-12-18
POL-0001700,CLM-00001700,CUST-72149,Jessica Best,692-68-4256,mooredebbie@example.org,739.516.5103x31405,571 Rogers Underpass,09502,NC,Commercial,1183501.27,4500.52,6060.25,2020-09-16,2024-09-15,2023-11-02,101015.09,Approved,Renee Patel,,2026-03-15
POL-0001701,CLM-00001701,CUST-87282,Peter Bell,783-55-5566,kaneangela@example.org,+1-379-476-5955x886,0921 Julia Trail,61954,CA,Health,459767.3,3008.86,3081.79,2023-04-17,2024-04-16,2024-01-11,91054.13,Approved,Jesse Tyler,,2025-09-30
POL-0001702,CLM-00001702,CUST-41574,Ashley Burke,939-20-7856,roblespamela@example.com,826-328-3336x72530,02471 Scott Oval,15252,GA,Auto,625263.17,2180.53,8919.8,2020-12-24,2021-12-24,2021-02-06,441360.33,Approved,Dr. Tina Reyes MD,,2024-07-10
POL-0001703,,CUST-85833,John Huffman,653-21-8097,marycarson@example.org,001-771-274-5259x51116,12467 Joseph Forest Suite 997,75314,NC,Home,516332.59,7138.41,8306.21,2021-02-06,2026-02-05,2022-10-21,81955.84,Approved,Karen Miller,,2025-04-28
POL-0001704,,CUST-97912,Emily Brady,978-79-6519,vazquezana@example.com,+1-623-512-1554x14864,0446 Bolton Crescent Suite 806,25610,NC,Commercial,381314.37,2083.12,1512.92,2021-05-25,2023-05-25,2021-11-08,48277.29,Submitted,,,2025-05-21
POL-0001705,CLM-00001705,CUST-23765,Joshua Warren,702-77-4197,jessica15@example.net,001-468-711-3079,424 Washington Stravenue,39193,GA,Life,1676091.87,8011.41,7107.41,2024-04-01,2025-04-01,2024-10-09,497442.06,Approved,Wendy Smith,,2025-03-03
POL-0001706,,CUST-73079,Megan West,540-21-3054,garciaveronica@example.net,(665)492-5407x1742,544 Michele Cliff,56007,IL,Life,1536252.05,22794.69,3260.16,2022-01-29,2023-01-29,2022-02-10,568136.98,Rejected,Caleb West,,2026-04-07
POL-0001707,CLM-00001707,CUST-30244,Stephen Rice,595-96-5813,eharrison@example.net,203-212-6667x435,0096 Fischer Road Apt. 343,33276,CO,Commercial,794240.79,4460.17,7985.28,2024-07-30,2027-07-30,2024-09-07,436861.25,Submitted,,,2024-11-16
POL-0001708,CLM-00001708,CUST-78342,Emily Crane,691-32-7308,iboyd@example.com,464-260-6778,784 Hale Ford Apt. 011,50021,GA,Life,1595566.54,21689.47,7731.46,2024-02-08,2025-02-07,2024-08-25,962835.91,Settled,Dr. Tina Reyes MD,665647.85,2026-02-28
POL-0001709,CLM-00001709,CUST-15078,Megan Stone MD,131-31-3930,gardnertyler@example.com,001-261-826-8304,742 Tate Circle Apt. 930,37727,CO,Auto,905180.15,10700.69,9123.96,2021-07-08,2025-07-07,2022-06-16,40782.1,Rejected,,,2025-07-15
POL-0001710,CLM-00001710,CUST-59150,Denise Cobb,317-44-2925,carlos17@example.net,(706)894-5195,5754 Wallace Isle Apt. 793,81979,AZ,Home,454192.81,1257.84,6091.03,2020-09-25,2021-09-25,2020-12-19,214594.43,Under Review,Renee Patel,,2022-01-13
POL-0001711,CLM-00001711,CUST-82387,Timothy Miranda,885-88-3029,joseph89@example.org,630-465-6047,0131 Monique Avenue,31576,CO,Auto,792754.05,3514.15,5963.31,2025-03-19,2029-03-18,2026-01-17,377548.69,Under Review,Renee Patel,,2024-06-17
POL-0001712,CLM-00001712,CUST-71305,Stacey Taylor,363-23-6682,kashley@example.net,+1-727-472-8666x3437,999 Priscilla Summit,999,IL,Home,758684.77,10146.09,6349.1,2023-02-24,2026-02-23,2026-01-08,558293.82,Approved,Karen Miller,,2024-07-02
POL-0001713,CLM-00001713,CUST-21513,Jessica Riggs,281-80-1462,patriciawilliams@example.net,382.638.8663,70458 Goodwin Fall,15740,FL,Commercial,1363436.96,3902.4,2209.56,2023-08-07,2026-08-06,2025-10-05,1018016.68,Submitted,,,2023-09-23
POL-0001714,CLM-00001714,CUST-43897,Maria Odonnell,613-17-2118,susan90@example.org,(248)340-6641x256,860 Kayla Village Apt. 895,,WA,Auto,524389.38,5149.99,1867.78,2023-06-04,2028-06-02,2024-05-07,996634.2899724582,Submitted,,,2024-10-27
POL-0001715,CLM-00001715,CUST-89251,Thomas Robinson,241-63-9992,michael24@example.org,+1-710-205-4964x1287,8075 Cook Ferry,48431,CA,Home,775901.51,5304.53,596.74,2021-11-05,2024-11-04,2024-07-05,84864.03,Rejected,Ashley Mcclain,,2024-05-23
POL-0001716,CLM-00001716,CUST-37028,Matthew Tyler,633-77-9639,dawncox@example.org,295-904-4253,631 Gregory Rest Suite 387,07865,CA,Home,1980227.22,18451.83,4732.81,2021-08-19,2026-08-18,2024-01-26,724691.59,Settled,,659319.92,2025-06-17
POL-0001717,CLM-00001717,CUST-90802,Joan Gonzalez,753-89-2308,michaelmorales@example.net,(704)512-0427,1460 Jessica Curve,60792,AZ,Life,1063737.77,4854.57,9871.43,2023-07-09,2025-07-08,2024-11-04,843179.47,Rejected,,,2026-01-28
POL-0001718,CLM-00001718,CUST-22553,Thomas Larson,294-65-3777,lisa71@example.org,(406)544-1267x41013,034 Davenport Plain Suite 457,98390,NC,Home,1121491.54,3672.49,7121.44,2024-05-27,2026-05-27,2024-05-27,482752.63,Approved,Jennifer Reid,,2025-11-03
POL-0001719,CLM-00001719,CUST-12099,Paul Green,375-38-2096,jacquelinerivera@example.org,(898)807-2978x6206,04420 Williams Cove Suite 644,76544,NY,Auto,428210.99,2832.33,7799.02,2024-10-10,2026-10-10,2024-11-22,269761.01,Rejected,Louis Moyer,,2024-08-05
POL-0001720,CLM-00001720,CUST-33381,Deanna Stout,616-88-8245,fjefferson@example.net,(550)318-1229,62497 Oconnor Haven,91470,TX,Health,821096.23,5595.32,3386.11,2021-11-09,2022-11-09,2022-04-21,348174.47,Settled,Michelle Davis,284903.42,2021-05-18
POL-0001721,CLM-00001721,CUST-21824,Corey Walker,519-65-1149,gardnershelby@example.net,(312)816-3533x427,31996 Lisa Tunnel Suite 023,43384,NC,Commercial,240193.85,2199.58,8789.47,2020-10-20,2021-10-20,2021-07-29,145377.17,Submitted,,,2023-07-14
POL-0001722,CLM-00001722,CUST-49265,Christine Fowler,595-22-5360,washingtonjason@example.org,8562066271,92208 Melissa Mission Apt. 400,61297,NY,Commercial,1963502.42,21211.67,9731.12,2020-12-10,2025-12-09,2021-11-19,1124381.62,Under Review,Brett White,,2026-02-20
POL-0001723,CLM-00001723,CUST-36452,Benjamin Tanner DDS,301-53-7959,wporter@example.org,431.966.4604x23611,19866 Chan Harbors Suite 340,66435,CO,Health,684655.3,1909.17,8766.64,2020-08-02,2021-08-02,2020-10-28,346041.24,Submitted,,,2024-12-01
POL-0001724,CLM-00001724,CUST-27611,Steven Wise,847-72-8320,cathy07@example.net,590-526-3409x632,49974 Mitchell Crossing Apt. 949,999,TX,Commercial,663384.32,4943.61,5291.43,2021-04-04,2022-04-04,2021-10-17,108131.64,Settled,Wendy Smith,102893.6,2025-10-19
POL-0001725,CLM-00001725,CUST-90135,Drew Dean,789-42-3387,uschultz@example.net,534-633-6003x23822,524 Becky Valleys,ABCDE,AZ,Auto,231337.89,1577.43,4831.23,2021-07-02,2022-07-02,2021-09-05,91566.7,Under Review,Louis Moyer,,2025-03-17
POL-0001726,CLM-00001726,CUST-17640,Mr. Troy Wright MD,825-61-3366,kurt57@example.net,875-572-6005,0680 Lynn Heights,01500,NC,Health,1239877.11,7426.59,4634.4,2022-12-09,2026-12-08,2024-08-17,3552530.9000831884,Under Review,Louis Moyer,,2025-07-24
POL-0001727,,CUST-39436,Carol Smith,449-16-1446,alexandra60@example.org,592-583-5198,374 Weber Meadows Apt. 482,17470,NY,Home,1077337.99,7535.63,630.86,2023-05-18,2028-05-16,2023-10-23,627743.3,Under Review,Kenneth White,,2025-09-09
POL-0001728,CLM-00001728,CUST-46722,Tiffany Farrell,794-66-2317,nancy86@example.com,400.648.4028x13401,597 Ramos Station Apt. 102,44543,CA,Home,1737235.45,15130.74,8324.31,2021-12-12,2026-12-11,2022-01-30,455483.65,Under Review,,,2025-11-03
POL-0001729,CLM-00001729,CUST-68707,Jennifer Mitchell,954-29-5080,smithmichelle@example.org,001-831-910-5828x454,3984 Scott Springs,39789,TX,Health,394938.61,5563.89,1421.59,2023-03-26,2027-03-25,2024-11-20,23595.23,Rejected,Jennifer Reid,,2025-10-08
POL-0001730,CLM-00001730,CUST-96835,Johnny Reed,206-41-1500,tiffany83@example.com,(638)535-6919x637,42884 Lee Pine Suite 634,,TX,Life,585822.03,1248.18,5115.89,2023-08-23,2028-08-21,2024-07-24,165663.7,Settled,Jennifer Reid,154920.22,2025-04-29
POL-0001731,,CUST-12753,Sherry Parrish,881-53-1333,zgilbert@example.com,690.866.5008,0044 Gonzalez Route Apt. 387,88028,FL,Home,757629.3,9050.36,9523.61,2021-06-13,2022-06-13,2021-11-13,587074.29,Settled,Victor Morgan,504193.14,2021-10-08
POL-0001732,CLM-00001732,CUST-51711,Kimberly Rodriguez,644-49-4971,kbryant@example.com,001-955-430-8933x80407,6319 Shannon Ports,41896,GA,Health,1928507.6,21415.0,9675.3,2024-06-21,2028-06-20,2025-01-13,266152.07,Submitted,,,2025-01-01
POL-0001733,CLM-00001733,CUST-48022,Zoe Nelson,299-48-9609,ashleyrosales@example.net,+1-858-348-3004x0370,87153 Holloway Overpass Suite 273,57220,FL,Life,1805932.87,15932.01,8283.33,2023-01-15,2025-01-14,2023-11-03,810981.68,Settled,Renee Patel,594246.01,2024-08-17
POL-0001734,CLM-00001734,CUST-41077,Joseph Brown,689-20-7715,nalvarez@example.org,961.355.2970x35254,89127 Ralph Trafficway,97631,TX,Life,1910458.05,28652.71,3554.66,2024-10-12,2028-10-11,2025-02-01,257700.41,Under Review,Jennifer Reid,,2026-01-08
POL-0001735,CLM-00001735,CUST-51619,Sonia Rivas,900-32-6515,thompsontheresa@example.org,8245967818,82769 Samuel Harbors,72201,GA,Commercial,627823.42,8973.58,9408.17,2021-01-23,2023-01-23,2021-06-17,433046.28,Approved,Ashley Mcclain,,2025-08-18
POL-0001736,CLM-00001736,CUST-72851,Clayton Jones,903-28-9250,sarah52@example.net,289-519-7386,3765 Lowe Fork,31272,CO,Commercial,1076318.32,4211.27,7997.02,2024-10-31,2029-10-30,2026-03-08,337484.08,Under Review,Brian Hernandez,,2021-07-15
POL-0001737,CLM-00001737,CUST-33323,Kathryn Gibbs,729-22-3897,adamsjanice@example.com,843-312-1542x936,5492 Davis Plaza Apt. 383,41071,AZ,Health,486224.87,3497.67,3015.78,2022-09-27,2023-09-27,2023-05-16,362305.93,Under Review,Brett White,,2025-01-30
POL-0001738,CLM-00001738,CUST-17913,Christopher Nunez,902-62-9559,jpeterson@example.com,001-834-435-0987x5686,35255 Ward Run,13181,IL,Health,1244888.9,14797.53,993.48,2023-04-08,2027-04-07,2024-08-11,921755.25,Settled,Randy Brown,565644.84,2026-01-02
POL-0001739,CLM-00001739,CUST-23934,Pamela Riley,874-27-6820,josephdouglas@example.net,796-902-8086x74001,42244 Leach Walk Suite 895,21597,NC,Auto,1262142.51,15422.93,5038.28,2024-09-19,2026-09-19,2025-02-08,870537.54,Submitted,,,2025-10-25
POL-0001740,CLM-00001740,CUST-47376,Sandy Mcdonald,618-83-4723,johnsonfrank@example.com,342-397-7024,632 Johnson Keys Apt. 090,38013,GA,Commercial,480470.81,6716.87,401.18,2024-01-16,2026-01-15,2024-08-21,177194.7,Approved,Eric Butler,,2025-04-03
POL-0001741,CLM-00001741,CUST-96614,Daniel Wagner,850-69-2497,amandagilmore@example.com,394.660.8829,486 William Wells,,NY,Home,678693.5,7503.96,2020.94,2020-11-13,2022-11-13,2021-08-22,25171.36,Submitted,,,2025-12-23
POL-0001742,,CUST-89229,Timothy Flores,483-26-3006,brianmorgan@example.org,439-741-4104x79610,741 Carter Way,37937,CA,Auto,615755.21,4461.5,296.52,2025-01-21,2026-01-21,2025-09-06,38788.14,Rejected,Michelle Davis,,2025-06-11
POL-0001743,,CUST-98225,James Edwards,405-47-8960,johnsondaniel@example.net,+1-924-695-0762x235,1551 Lopez Estates,46628,GA,Health,1190684.81,13261.4,3039.07,2023-01-04,2028-01-03,2023-10-21,156264.65,Submitted,,,2024-01-02
POL-0001744,,CUST-64434,Carl Evans,612-22-6011,usmith@example.com,429.816.1178x76926,1671 Logan Trace Suite 259,93762,WA,Home,407189.6,5069.03,8142.93,2020-12-26,2023-12-26,2021-11-14,4365.4,Submitted,,,2026-02-15
POL-0001745,CLM-00001745,CUST-26457,Jeremy Ho,696-50-6980,josephlittle@example.org,6697910893,786 Donald Route Suite 560,69915,CA,Auto,344345.77,4357.77,9876.83,2021-11-14,2024-11-13,2024-07-08,87097.0,Settled,John Meyer,54645.04,2022-01-07
POL-0001746,CLM-00001746,CUST-11365,Melissa Clark,906-88-3777,bdavis@example.com,226-572-3781,5733 Wilson Road,41783,FL,Commercial,1043810.48,14736.43,6805.73,2020-08-10,2021-08-10,2021-03-20,536692.45,Submitted,,,2024-04-21
POL-0001747,CLM-00001747,CUST-48610,Jessica Wong,666-38-6782,christophersmith@example.com,+1-707-450-5470x9619,752 Smith Centers Apt. 523,23889,IL,Auto,824382.77,9323.48,6025.81,2023-02-11,2026-02-10,2023-10-07,110817.06,Rejected,Denise Green,,2025-05-17
POL-0001748,CLM-00001748,CUST-54009,Bailey Jenkins,776-11-1786,jessicaward@example.org,622-908-0739x7768,1000 Janet Summit Suite 912,87917,FL,Life,868689.69,9462.04,546.46,2024-05-15,2026-05-15,2025-03-10,209067.69,Approved,Denise Green,,2025-01-10
POL-0001749,CLM-00001749,CUST-30698,Megan Charles,654-60-7204,coreybrewer@example.org,635-892-1853,6301 Wilson Inlet Apt. 479,83653,TX,Commercial,1194175.8,10261.15,8829.71,2023-10-07,2025-10-06,2024-11-11,361719.22,Rejected,Victor Morgan,,2021-05-21
POL-0001750,,CUST-93727,Eugene Hughes,413-38-5628,colejennifer@example.org,+1-888-318-9571x72336,98917 Griffin Route Suite 015,10691,TX,Health,59287.07,823.05,8311.87,2022-10-18,2027-10-17,2025-12-04,2060.2,Under Review,Jennifer Reid,,2025-11-10
POL-0001751,CLM-00001751,CUST-42015,Charles Henderson,242-59-4964,juliasimpson@example.com,589-473-5769x919,9047 Rebecca Inlet,,NY,Commercial,1568768.95,14117.92,4245.48,2022-10-24,2023-10-24,2023-10-03,246064.12,Submitted,,,2026-01-27
POL-0001752,CLM-00001752,CUST-36331,Alexis Camacho,382-75-3046,vlang@example.com,(768)686-0888,6993 Sanchez Ridge Suite 474,52172,WA,Life,1188081.47,16312.42,9961.83,2022-03-04,2025-03-03,2024-09-05,405025.04,Settled,Caleb West,272642.25,2025-01-29
POL-0001753,,CUST-51511,Carol Miller,529-83-1905,gwendolyn85@example.com,561-370-0850x9404,06229 Jacobs Pike,66434,IL,Life,1203485.8,8868.65,8955.77,2024-08-22,2025-08-22,2024-12-09,244712.04,Rejected,,,2025-07-13
POL-0001754,CLM-00001754,CUST-44120,Samantha Villa,409-27-2083,singletonbruce@example.com,+1-806-732-7615x07392,35735 Bishop Drive Apt. 816,45264,TX,Health,521964.61,3827.74,388.48,2022-11-09,2025-11-08,2024-03-02,313752.12,Rejected,Michelle Davis,,2024-04-14
POL-0001755,CLM-00001755,CUST-63717,Daniel Walker,893-90-2468,porterrobert@example.org,936.511.8757,168 Ronald Streets,57511,WA,Health,1903068.71,19449.49,5665.14,2024-09-06,2025-09-06,2025-07-24,4862722.0992733855,Submitted,,,2024-07-30
POL-0001756,CLM-00001756,CUST-66100,Stephen Butler,367-61-4749,emily89@example.com,(597)502-6933,988 Brooks Centers,,NC,Commercial,75711.36,701.97,1727.44,2023-12-02,2024-12-01,2024-08-04,101199.24574308174,Approved,Renee Patel,,2025-02-28
POL-0001757,CLM-00001757,CUST-92533,Jimmy Cook,730-72-1748,jason41@example.com,842-779-6953x672,97988 John Mountains,49475,WA,Home,86585.4,1249.22,2388.48,2023-08-14,2026-08-13,2025-11-04,4639.18,Approved,Renee Patel,,2024-05-02
POL-0001758,,CUST-41876,Sarah Wade,207-75-3621,ashley47@example.com,284.433.3416,85105 Timothy Course Apt. 268,999,AZ,Auto,671371.87,1676.09,266.21,2020-10-30,2021-10-30,2021-01-12,518944.72,Approved,Dr. Tina Reyes MD,,2024-07-17
POL-0001759,CLM-00001759,CUST-11944,Jesse Miller,433-13-7825,nicolelewis@example.net,(784)787-2551,2239 Hodges Mill Apt. 167,61284,AZ,Auto,214185.99,2565.34,9279.89,2024-08-17,2026-08-17,2025-07-07,32568.42,Submitted,,,2024-07-27
POL-0001760,CLM-00001760,CUST-80420,Gary Horn,826-82-1901,adamsrichard@example.net,(292)610-2314,03441 Jacob Meadows,ZIP-NA,NY,Life,1551149.15,21905.85,8822.16,2023-11-26,2024-11-25,2024-10-21,1009526.21,Settled,Dr. Tina Reyes MD,700609.67,2022-05-25
POL-0001761,,CUST-38165,Joseph Ortega,819-10-2636,ushelton@example.com,933.925.9375x3605,6320 Mark Island,81696,FL,HEALTH,1557599.0,12417.24,6204.89,2022-09-03,2025-09-02,2023-05-29,829075.61,Settled,Brian Hernandez,591405.52,2023-04-20
POL-0001762,CLM-00001762,CUST-24950,Mrs. Shannon Walsh,162-33-1444,ramosisaac@example.com,832-405-9456x7007,62211 Maxwell Track,10516,GA,Health,1755729.29,24028.28,5781.06,2024-04-10,2027-04-10,2026-04-12,98396.56,Submitted,,,2024-02-21
POL-0001763,CLM-00001763,CUST-20050,Christopher Torres,158-63-9181,moniquedouglas@example.net,400-218-9317x17111,855 Young Parks Suite 516,19453,CA,Home,1530615.8,22547.31,8746.66,2020-11-11,2025-11-10,2025-04-27,1080735.9,Approved,Douglas Ferguson,,2024-09-21
POL-0001764,CLM-00001764,CUST-26947,Jamie Miller,586-23-8703,jeremy17@example.com,443.512.8700,988 Russell Port Apt. 036,21281,AZ,Life,1961475.78,28237.25,1791.4,2021-11-05,2025-11-04,2023-01-30,290578.29,Settled,Wendy Smith,250395.39,2024-06-28
POL-0001765,CLM-00001765,CUST-26874,Lisa West,614-85-5757,mmcgrath@example.com,001-219-600-9064x3874,3784 Reginald Manor,98092,TX,Home,1073387.0,13513.0,6977.72,2022-05-27,2026-05-26,2023-01-20,744814.2,Submitted,,,2024-09-11
POL-0001766,CLM-00001766,CUST-56598,Tina Sanchez,480-26-6198,ysimpson@example.org,942-773-1820x2131,16434 Nathan Hollow Apt. 285,80784,GA,Home,1597381.92,11061.03,4974.65,2023-03-23,2019-03-07,2025-07-05,94224.24,Settled,Denise Green,79536.14,2025-12-24
POL-0001767,CLM-00001767,CUST-65496,Carol Mack,781-58-2535,kblack@example.com,969-569-6195x7025,652 Baker Vista Suite 449,85760,TX,Auto,649373.55,3049.4,452.67,2023-07-04,2024-07-03,2023-08-05,384951.89,Submitted,,,2026-02-04
POL-0001768,CLM-00001768,CUST-88872,Barbara Acosta,886-89-7742,parkerkristina@example.net,001-215-890-4790x0642,9386 Reynolds Camp,77373,CO,Home,297712.55,2802.13,9014.35,2022-10-23,2025-10-22,2025-07-08,72468.42,Rejected,,,2025-11-07
POL-0001769,,CUST-71257,Michael Carpenter,671-32-9244,freyes@example.com,(450)458-5029,92495 Taylor Pines Suite 614,16324,TX,Home,860189.21,10909.68,365.04,2023-11-04,2028-11-02,2026-03-22,541005.41,Submitted,,,2021-09-25
POL-0001770,CLM-00001770,CUST-15456,Samantha Gray,397-82-8883,mark81@example.org,420-927-4066x78752,52948 Mcconnell Ports,37032,CA,Life,1529295.33,14025.24,3223.55,2025-02-14,2026-02-14,2025-06-01,2874214.230184569,Rejected,Jennifer Reid,,2024-05-03
POL-0001771,CLM-00001771,CUST-93578,Jill Martinez,983-71-1888,mattheweaton@example.org,920-399-3202x173,296 Johnson Shore Apt. 514,52097,TX,Commercial,149720.39,732.19,9326.61,2021-05-19,2023-05-19,2021-10-26,12168.07,Approved,Phillip Sherman,,2026-02-06
POL-0001772,CLM-00001772,CUST-42834,Timothy Gill,454-58-1224,robert92@example.net,391.312.1805,459 Jason Light Apt. 773,26211,CO,Auto,618379.91,8635.14,9227.42,2024-06-07,2029-06-06,2025-05-03,454273.11,Settled,Jennifer Reid,294242.58,2025-07-12
POL-0001773,CLM-00001773,CUST-93753,Maria Choi,355-93-6693,kmcdonald@example.org,693.654.4819,951 Brian Rue,24577,IL,Health,1960211.94,10204.2,4646.65,2025-02-03,2018-09-25,2025-12-04,236955.23,Under Review,,,2025-09-08
POL-0001774,CLM-00001774,CUST-92111,Michael Jones,578-80-2203,sandrafreeman@example.com,(333)456-0272x38411,3021 Marilyn Stream,45117,FL,Health,1531902.13,14929.08,9122.01,2025-02-13,2027-02-13,2026-04-13,319235.82,Approved,Victor Morgan,,2024-03-23
POL-0001775,CLM-00001775,CUST-47700,Heather Welch,680-58-1788,heaththomas@example.net,+1-617-734-1231,7420 Kristina Trafficway,,GA,Home,472018.57,1324.06,7116.31,2024-07-21,2028-07-20,2024-12-11,139730.39,Submitted,,,2024-05-03
POL-0001776,CLM-00001776,CUST-47916,Amanda Walsh,848-61-4614,angelica60@example.org,001-216-439-5698x829,7576 Sara Mills Suite 059,10008,IL,Commercial,826077.77,5163.6,6029.71,2022-09-15,2026-09-14,2024-07-29,320516.1,Under Review,Victor Morgan,,2025-08-25
POL-0001777,CLM-00001777,CUST-15441,Destiny Bowman,125-50-9346,smithlinda@example.com,316.552.1592x28891,9781 John Trafficway,31974,NY,Life,1375334.33,10300.61,5947.62,2022-09-22,2023-09-22,2022-12-09,920458.49,Settled,Jesse Tyler,701417.64,2025-08-14
POL-0001778,,CUST-89576,William Zimmerman,632-90-3537,michaelwilliams@example.org,+1-516-717-1318x767,4773 James Vista Apt. 497,92801,TX,Health,1912230.82,19109.28,6332.41,2023-10-23,2027-10-22,2023-12-12,354718.93,Submitted,,,2025-05-07
POL-0001779,CLM-00001779,CUST-53561,Joshua Hodge,739-99-7149,graytracy@example.net,327.904.0730,8320 Rhonda Mission,76982,NC,Life,1112367.86,15143.93,3352.95,2021-09-13,2025-09-12,2022-02-26,216742.04,Under Review,Caleb West,,2024-04-20
POL-0001780,CLM-00001780,CUST-60322,Breanna Ramsey,454-21-6138,prush@example.net,+1-793-374-6076x732,071 Norman Route,,TX,Life,1691914.25,14715.33,9343.19,2021-08-03,2025-08-02,2023-01-08,104596.33,Submitted,,,2024-09-26
POL-0001781,CLM-00001781,CUST-54475,Trevor Reynolds,623-80-4759,laurenward@example.com,+1-283-463-2348x56188,452 Johnson Plains Apt. 617,17874,IL,Commercial,338041.12,4741.09,4019.03,2022-09-05,2018-12-31,2024-02-10,41634.16,Under Review,,,2021-08-21
POL-0001782,CLM-00001782,CUST-28559,Christina Scott,424-28-7226,cjones@example.com,001-923-859-8731x72600,72415 Eric Station Apt. 778,68174,AZ,Commercial,309084.67,924.81,2129.45,2021-05-14,2024-05-13,2023-09-17,8311.71,Approved,Renee Patel,,2025-11-03
POL-0001783,CLM-00001783,CUST-14954,Jennifer Garcia,727-48-9432,masondakota@example.org,234.301.3834x61050,347 Barrera Plaza,75407,AZ,Health,754530.35,6693.61,8049.29,2024-04-20,2029-04-19,2025-07-11,214095.51,Rejected,Michelle Davis,,2025-01-04
POL-0001784,CLM-00001784,CUST-75123,Haley Patel,501-63-2620,christian16@example.net,(819)828-1341,3410 Jones Ferry,ABCDE,WA,Auto,170774.17,1135.29,5309.33,2024-11-25,2029-11-24,2025-01-11,63835.3,Submitted,,,2025-11-08
POL-0001785,,CUST-78218,Michelle Allen,551-16-1446,kennethpotter@example.com,(749)946-5070x2074,291 Anna Mills,04210,TX,Life,1970445.41,14529.35,917.4,2024-09-01,2025-09-01,2025-02-26,1498235.41,Rejected,Kenneth White,,2025-05-18
POL-0001786,CLM-00001786,CUST-23777,Sean Stark,345-61-6072,coreysaunders@example.net,476-399-9854,13914 Mcclure View Apt. 274,34616,AZ,life,136196.91,1781.96,8143.7,2021-12-11,2022-12-11,2022-10-05,22112.83,Rejected,Dr. Tina Reyes MD,,2025-01-16
POL-0001787,CLM-00001787,CUST-23245,Autumn Curry,835-31-3127,destinybenton@example.net,001-615-590-5747x02531,992 Walker Underpass Suite 786,31473,NC,Commercial,1644905.55,14615.32,2278.54,2020-04-21,2025-04-20,2022-08-16,502618.41,Approved,Victor Morgan,,2024-05-17
POL-0001788,,CUST-85501,Mr. Benjamin Gilbert,356-32-7486,tonibrock@example.org,987-919-7407,57400 Kevin Stravenue,97159,AZ,Life,1638263.76,11785.1,8985.56,2022-12-29,2025-12-28,2025-02-26,342148.64,Submitted,,,2025-11-28
POL-0001789,CLM-00001789,CUST-15748,Joy Dyer,826-43-4670,qchristian@example.com,351.274.6712x5835,26236 John Fork,22636,CA,Commercial,1797646.41,4253.66,3374.65,2021-01-15,2024-01-15,2021-09-12,1153906.7,Approved,Caleb West,,2024-05-24
POL-0001790,,CUST-68809,Matthew Allen,480-47-8873,janet52@example.net,+1-992-530-5080,68493 Oneal Pine Suite 368,24711,GA,Commercial,1546544.02,4858.05,1313.93,2023-03-31,2024-03-30,2023-12-25,211243.67,Settled,Jesse Tyler,155889.02,2026-01-14
POL-0001791,CLM-00001791,CUST-86064,Kevin Johnson,811-23-8754,jessica18@example.org,375-519-8375x996,322 Warren Trail,24003,FL,Commercial,144280.96,853.63,8276.1,2021-07-22,2024-07-21,2022-06-02,110435.44,Approved,,,2026-01-21
POL-0001792,CLM-00001792,CUST-49849,Terry Bell,187-87-9844,mary96@example.org,8518271057,129 Raymond Fort,05176,AZ,Commercial,232096.38,3008.18,8173.22,2021-10-08,2025-10-07,2023-04-06,177825.41,Under Review,Jesse Tyler,,2025-12-11
POL-0001793,CLM-00001793,CUST-69037,Juan Jackson,889-60-2137,anthonyvance@example.com,(854)327-6676x296,928 Martinez Underpass Suite 800,999,NY,Auto,120178.93,775.97,7138.34,2023-04-07,2025-04-06,2024-01-03,35059.6,Settled,Jennifer Reid,30823.19,2024-08-19
POL-0001794,CLM-00001794,CUST-23015,Tina Lyons,774-72-8487,tli@example.com,(331)594-5962x48633,916 Adams Points,48421,CA,Health,1824033.73,5719.57,1928.52,2022-01-29,2024-01-29,2024-01-24,1342778.9,Rejected,,,2025-01-09
POL-0001795,CLM-00001795,CUST-69352,Amanda Norris,286-93-5437,floydrobert@example.net,800.799.3352,204 Allen Coves Apt. 374,44883,NC,Commercial,695299.2,7821.33,5615.58,2023-07-12,2028-07-10,2024-11-23,403688.96,Approved,Jesse Tyler,,2024-08-03
POL-0001796,CLM-00001796,CUST-57511,Brandon Thomas Jr.,409-14-7034,matthew36@example.org,5828340403,67578 Murray Manors,49494,FL,Auto,192717.6,1994.99,7913.63,2024-02-04,2025-02-03,2024-03-05,78781.35,Rejected,Jennifer Reid,,2024-11-06
POL-0001797,CLM-00001797,CUST-27961,Angela Lopez,998-87-1176,lauramassey@example.net,502.799.4393,829 Adkins Viaduct,,CA,Commercial,57887.33,529.3,3534.23,2023-12-27,2027-12-26,2026-01-14,15883.66,Approved,Jennifer Reid,,2025-01-19
POL-0001798,CLM-00001798,CUST-52738,John Carlson,103-65-5054,hoganjenna@example.com,485-781-9661x83506,1999 Chambers Expressway,79953,GA,Life,147579.76,587.71,5483.14,2020-08-18,2025-08-17,2025-01-28,59023.38,Under Review,Kenneth White,,2024-05-28
POL-0001799,CLM-00001799,CUST-34977,Elizabeth Weber,195-26-4207,christopher05@example.com,(709)812-0923x3310,581 Gerald Trace,70813,WA,Commercial,664047.15,3622.15,6997.68,2024-01-14,2026-01-13,2025-04-27,183692.81,Settled,Eric Butler,183029.06,2025-09-09
POL-0001800,CLM-00001800,CUST-66534,Morgan Vargas,828-30-1724,lindseywolf@example.org,8956170947,8628 Carlson Plaza Suite 992,ZIP-NA,IL,Life,537060.79,3222.59,9973.11,2024-06-25,2029-06-24,2026-02-24,225021.09,Approved,Phillip Sherman,,2024-04-27
POL-0001801,CLM-00001801,CUST-97693,Kimberly Baker,973-88-3662,kara36@example.org,588-423-7625,35661 Fisher Ports,36495,TX,Health,941946.92,9756.6,577.26,2023-06-27,2028-06-25,2024-04-12,337600.43,Submitted,,,2025-04-21
POL-0001802,,CUST-46041,Stephanie Schwartz,319-77-6625,mendozacynthia@example.net,(820)398-6182x06944,95524 Rebecca Knolls,71386,AZ,Life,1331571.08,13189.93,2519.02,2021-07-21,2023-07-21,2021-09-06,236579.59,Settled,,236029.86,2024-09-30
POL-0001803,CLM-00001803,CUST-65964,James Mcdonald,755-68-4881,thomasmiller@example.net,4638237538,327 Carney Ridge,30261,NY,Home,675142.6,4649.62,722.69,2022-02-01,2026-01-31,2023-08-04,525930.21,Approved,Eric Butler,,2025-06-12
POL-0001804,CLM-00001804,CUST-92601,David Jackson,437-92-9008,glassanthony@example.com,(657)247-0021,347 Henry Drives Suite 478,ABCDE,NY,Life,940972.73,5439.06,512.14,2023-05-26,2027-05-25,2026-03-25,550101.53,Rejected,Phillip Sherman,,2026-01-22
POL-0001805,,CUST-27926,Daniel Thompson,438-11-7059,joan00@example.org,233-613-3161x09772,605 Yvette Haven,19779,NC,Life,705500.32,5046.34,5333.92,2022-01-09,2023-01-09,2022-12-21,500258.87,Submitted,,,2023-08-16
POL-0001806,CLM-00001806,CUST-46657,Louis Copeland,765-55-7065,lesliewest@example.com,+1-622-538-6596x8836,307 Jenna Rue,23434,FL,Home,665165.55,8974.58,9156.7,2025-03-13,2027-03-13,2025-11-19,34683.81,Submitted,,,2025-10-16
POL-0001807,CLM-00001807,CUST-49811,James Casey,294-32-3157,chapmankaren@example.net,+1-229-200-7717x73220,867 Riley Crescent,,FL,Commercial,1139543.03,5122.81,8362.62,2025-01-23,2029-01-22,2025-05-01,831701.55,Under Review,Caleb West,,2024-10-10
POL-0001808,CLM-00001808,CUST-14001,Anthony Pratt,408-48-9967,codylloyd@example.net,773.345.9482,44107 Short Drives,55872,IL,Health,25905.33,268.17,367.53,2021-06-26,2023-06-26,2021-09-13,13972.71,Under Review,,,2025-09-22
POL-0001809,CLM-00001809,CUST-75535,Karla Singh,842-87-3184,brandongarza@example.org,(692)297-4328,059 Smith Squares Apt. 709,19314,NC,Health,606911.02,5107.49,4970.27,2023-03-24,2025-03-23,2024-01-23,133271.04,Under Review,John Meyer,,2024-12-04
POL-0001810,CLM-00001810,CUST-44814,Marie Noble,984-78-5315,mooretroy@example.net,242.438.0824x57276,42299 Banks Meadow Apt. 499,33834,IL,Life,402820.11,5797.02,5017.67,2024-05-08,2026-05-08,2026-02-07,150760.48,Under Review,Douglas Ferguson,,2024-07-29
POL-0001811,CLM-00001811,CUST-84877,Nicole Brandt,718-49-5722,victoriaryan@example.net,001-209-361-2222x15407,11142 Amy Creek Apt. 427,,NC,Life,1279624.18,14987.62,9618.1,2021-03-15,2023-03-15,2021-12-15,837650.56,Approved,Louis Moyer,,2024-05-08
POL-0001812,CLM-00001812,CUST-92754,Denise Hines,865-96-5100,ryansmith@example.com,001-916-319-4179x78556,1663 Michele Junctions Suite 921,42294,TX,Life,780360.49,11058.51,280.15,2023-06-28,2028-06-26,2025-04-22,230050.59,Settled,Denise Green,146613.07,2025-01-01
POL-0001813,CLM-00001813,CUST-61677,Christian Greene,677-37-2770,breanna66@example.com,+1-516-603-1147,9185 Amber Corner Suite 195,19815,NC,Life,302129.19,3241.57,2823.06,2023-07-01,2027-06-30,2024-04-15,81225.03,Settled,John Meyer,75890.08,2025-02-12
POL-0001814,CLM-00001814,CUST-60254,Tracy Carter,787-94-6471,marykim@example.org,+1-761-250-1941x51523,89704 Lambert Radial Apt. 295,,GA,Home,1350638.33,2898.87,6726.56,2022-04-17,2026-04-16,2023-03-04,627363.4,Rejected,Phillip Sherman,,2026-02-19
POL-0001815,,CUST-41160,Justin Wolfe,847-17-7687,fflynn@example.com,7512633635,7140 Martin Hills,80497,TX,Life,1297700.75,10361.47,2450.97,2022-02-17,2026-02-16,2023-05-11,290448.86,Approved,Renee Patel,,2024-11-29
POL-0001816,CLM-00001816,CUST-49120,Jennifer Lewis,176-81-5733,orojas@example.org,768.231.9604x51918,920 Tracy Meadow Apt. 494,23022,IL,Life,1651116.68,12655.31,6839.12,2022-12-30,2025-12-29,2023-07-10,1063751.85,Approved,Dr. Tina Reyes MD,,2025-12-25
POL-0001817,CLM-00001817,CUST-56061,Robert Christensen,378-89-5847,oorozco@example.org,585-890-8846,5978 Moss Divide Apt. 519,62492,TX,Auto,453549.68,3927.37,3244.57,2022-11-23,2025-11-22,2023-08-02,339049.24,Approved,Michelle Davis,,2022-11-22
POL-0001818,CLM-00001818,CUST-88166,John Cannon,437-18-9923,mmann@example.org,222.813.8292x559,4045 Stafford Station,98873,WA,Commercial,688604.76,6726.89,9393.57,2021-05-18,2022-05-18,2021-05-24,6598.69,Under Review,Renee Patel,,2024-12-05
POL-0001819,,CUST-78418,Jessica Davis,722-24-6080,johnny00@example.net,(498)499-6985,62346 Justin Junctions,53707,CO,Health,158809.65,2063.79,4551.89,2025-03-10,2026-03-10,2025-12-13,89291.83,Approved,Michelle Davis,,2025-08-27
POL-0001820,CLM-00001820,CUST-13916,Heather Butler,161-48-9264,donaldkelly@example.com,(827)422-6387,0102 Jeffrey Stravenue Apt. 025,04161,GA,Commercial,243796.0,626.62,6722.5,2024-12-10,2029-12-09,2025-11-16,72455.37,Approved,Eric Butler,,2024-10-26
POL-0001821,CLM-00001821,CUST-85125,Jonathan Jacobs,115-87-4890,jamesjordan@example.org,967.925.9581,7271 Randy Island,,IL,Life,1639786.79,19851.69,5122.85,2020-05-08,2024-05-07,2021-02-14,955612.86,Under Review,Michelle Davis,,2026-02-02
POL-0001822,CLM-00001822,CUST-76086,Charles Bell,908-18-7072,jonathangarcia@example.org,4314422173,0382 Buckley Pines Apt. 609,35545,WA,Health,1956044.86,11954.11,2060.5,2021-06-01,2018-05-06,2022-10-02,462693.01,Approved,Brian Hernandez,,2025-11-25
POL-0001823,CLM-00001823,CUST-51370,William Garcia,922-98-3222,andersondaniel@example.com,555.912.6319x9938,524 Harmon Lakes Suite 167,03708,CA,Auto,1236230.98,5792.68,1176.5,2022-05-18,2027-05-17,2025-11-24,731500.6,Under Review,Ashley Mcclain,,2024-06-01
POL-0001824,CLM-00001824,CUST-74793,Benjamin Mcmillan,479-89-8859,shawn16@example.com,400.626.3142x033,023 Baker Loaf,99409,FL,Commercial,287065.51,4081.77,3233.28,2021-06-19,2024-06-18,2024-04-27,95192.48,Under Review,Renee Patel,,2021-12-22
POL-0001825,CLM-00001825,CUST-13953,Jason Harris,479-12-6276,anne32@example.org,(717)963-6805x675,374 Danielle Islands Suite 914,23205,AZ,AUTO,1022416.5,9964.68,9020.56,2025-01-29,2028-01-29,2026-01-17,774946.81,Rejected,Phillip Sherman,,2026-03-20
POL-0001826,CLM-00001826,CUST-98452,Christopher Stephenson,184-78-9657,jenniferchen@example.org,001-675-322-7669x099,11259 Daniel Lock,35454,TX,Commercial,1425439.02,7557.97,3603.94,2021-07-17,2024-07-16,2023-12-31,838762.65,Under Review,Renee Patel,,2024-10-14
POL-0001827,CLM-00001827,CUST-20630,Patricia Hawkins,819-78-4197,xbriggs@example.org,9603784418,771 Jennings Landing Suite 809,16456,WA,Commercial,833149.1,2226.44,5575.3,2021-03-28,2024-03-27,2023-02-14,2402436.467772688,Under Review,Karen Miller,,2025-03-14
POL-0001828,CLM-00001828,CUST-10193,Michelle Reynolds,425-42-3224,darmstrong@example.net,9952598791,8669 Herrera Pike Apt. 375,79368,GA,Health,893288.41,3428.64,2965.34,2022-07-25,2023-07-25,2022-11-19,581464.24,Under Review,Eric Butler,,2024-08-05
POL-0001829,CLM-00001829,CUST-60492,Brian Duran,257-67-5294,larsonthomas@example.org,461.671.5116x5694,981 Powell Dam,93576,NY,Home,195287.49,1811.35,8312.13,2024-07-09,2025-07-09,2025-03-14,112161.88,Settled,Brian Hernandez,91598.65,2024-10-07
POL-0001830,,CUST-32885,Taylor Ward,333-51-6192,pbradshaw@example.org,(228)437-9249x09975,84734 John Landing,72567,CA,Auto,891073.45,5332.29,7039.41,2024-06-15,2025-06-15,2024-08-01,47587.59,Approved,Jennifer Reid,,2025-01-05
POL-0001831,CLM-00001831,CUST-96583,Christie Watson,541-26-1528,baileyjasmine@example.org,(380)366-1085,339 Ariana Cove,66641,NC,HEALTH,1004690.33,4004.52,1354.6,2023-03-23,2026-03-22,2023-08-11,569569.28,Submitted,,,2025-11-26
POL-0001832,CLM-00001832,CUST-76833,Alexander Pearson,618-62-1721,alexander20@example.org,252.841.4920x40675,0401 Susan Stream,77149,IL,Commercial,1784333.81,18765.93,252.44,2023-08-26,2024-08-25,2024-01-06,366522.08,Under Review,Kenneth White,,2026-04-02
POL-0001833,,CUST-90729,Stacy Bailey,654-74-6327,rhodesdonald@example.com,+1-575-865-4521,275 Rachel Forest Apt. 039,55605,WA,Life,98315.32,701.12,5025.93,2022-09-17,2025-09-16,2025-07-13,13227.57,Submitted,,,2025-07-06
POL-0001834,,CUST-59382,Bailey Hamilton,222-26-7123,bartlettlogan@example.net,6082013857,6395 Kirk Fall,10840,CO,Life,1556253.59,18638.77,5910.21,2020-09-04,2025-09-03,2023-09-30,169296.61,Submitted,,,2025-02-28
POL-0001835,CLM-00001835,CUST-79850,Michael David,986-98-4461,wrobinson@example.net,(890)726-3730,2170 Marshall Walks Suite 817,28082,CA,Health,1858954.32,3985.68,5277.05,2020-07-01,2024-06-30,2020-10-08,373782.28,Under Review,John Meyer,,2025-04-24
POL-0001836,,CUST-11130,Harold Bentley,863-37-6971,gcardenas@example.org,+1-801-216-8441x477,1298 Robert Rue Suite 734,53580,TX,Commercial,1668611.43,14393.85,7856.47,2021-11-24,2026-11-23,2025-12-10,195638.96,Approved,Michelle Davis,,2025-07-25
POL-0001837,CLM-00001837,CUST-47197,Patrick Montgomery,677-48-8251,jrivera@example.com,377-355-0587x123,47156 Ryan Fords Apt. 740,14495,NC,Commercial,561778.05,7832.12,6303.56,2020-06-18,2022-06-18,2021-05-15,142197.41,Rejected,Douglas Ferguson,,2023-12-24
POL-0001838,CLM-00001838,CUST-97371,Jeff Glass,364-59-7258,james62@example.net,(422)711-3927x316,0958 Brian Fall,77695,GA,Life,1269215.71,5578.07,4445.76,2024-05-02,2029-05-01,2024-07-05,84658.06,Submitted,,,2023-03-05
POL-0001839,CLM-00001839,CUST-94077,Tracy Conley,981-68-7261,pberger@example.org,001-775-959-2418x611,8901 Jessica Shore,83722,NC,Life,1030698.0,5984.16,5316.68,2023-02-03,2024-02-03,2024-01-25,111937.01,Rejected,Brian Hernandez,,2026-01-25
POL-0001840,CLM-00001840,CUST-65851,Sandra Harris,328-53-8204,stevenstephens@example.net,001-812-723-4920x6834,160 Charles Forks Suite 465,69946,WA,Auto,1689046.3,18578.84,7647.73,2022-08-22,2027-08-21,2023-09-27,116639.47,Rejected,Victor Morgan,,2026-03-26
POL-0001841,CLM-00001841,CUST-64139,Jennifer Miles,648-35-4265,kevingreen@example.com,620.619.4443,616 Jamie Lodge Suite 770,44481,TX,Auto,606056.1,2612.72,6777.16,2025-04-08,2027-04-08,2026-01-07,400821.56,Approved,Brian Hernandez,,2025-09-03
POL-0001842,,CUST-34935,Jenna Mills,261-67-1810,tina86@example.net,(772)938-1537,18222 Jamie Throughway,22116,WA,Auto,364574.11,2145.46,333.13,2024-08-11,2028-08-10,2025-10-30,69308.75,Settled,Phillip Sherman,67797.32,2023-04-17
POL-0001843,CLM-00001843,CUST-10780,Michael Diaz,937-52-9661,sarahhensley@example.com,614.365.8703x767,1031 Hill Stream,01494,CO,Life,1812575.83,4315.89,7532.01,2023-12-10,2024-12-09,2024-03-08,1108538.49,Approved,Michelle Davis,,2025-07-21
POL-0001844,CLM-00001844,CUST-98667,Michele Perez,546-22-5008,bethwalker@example.net,2638630664,5369 Cheryl Bridge Apt. 193,49442,GA,Home,1294349.43,9587.1,2138.82,2020-11-01,2021-11-01,2020-11-18,671920.39,Rejected,Renee Patel,,2025-07-07
POL-0001845,CLM-00001845,CUST-51224,Jessica Foster,989-75-1117,myersjessica@example.com,5698364657,0840 Jessica Courts Suite 013,05200,NY,Health,273353.1,3850.56,500.28,2025-03-22,2028-03-21,2026-02-25,365194.97493744973,Under Review,Jesse Tyler,,2022-08-30
POL-0001846,CLM-00001846,CUST-58307,Kristina Tate,889-82-7625,brownmatthew@example.org,997.366.8652,31764 Brandon Hill Apt. 380,45346,WA,Life,1487219.11,4467.23,1106.24,2023-12-07,2025-12-06,2025-05-31,875932.19,Rejected,,,2025-06-29
POL-0001847,,CUST-17170,Ashley Morris,427-82-4474,gomezapril@example.com,(928)458-5850x7098,896 Jamie Points Apt. 762,85925,CO,health,1678899.32,20908.61,781.77,2024-03-25,2029-03-24,2024-09-13,15212.23,Settled,Brian Hernandez,14005.27,2024-12-01
POL-0001848,CLM-00001848,CUST-20827,Matthew Pierce,408-82-4047,michelle40@example.com,001-991-772-1860x6480,8900 James Locks,94671,CO,Health,759375.13,9381.57,5253.57,2020-05-29,2021-05-29,2020-07-11,404953.67,Submitted,,,2025-07-04
POL-0001849,CLM-00001849,CUST-27446,Michelle Turner,459-96-1217,julian04@example.com,274-424-3286x452,232 Gregory Rapids,41183,FL,Health,558942.77,6996.57,5953.91,2021-07-13,2023-07-13,2022-03-04,45026.97,Rejected,,,2024-07-20
POL-0001850,CLM-00001850,CUST-45706,Charles Finley,301-75-3420,joseph14@example.com,909-827-5563,26088 Willis Drive Apt. 321,74242,CO,Health,442258.24,2285.8,8986.17,2024-05-05,2029-05-04,2025-10-27,224271.08,Submitted,,,2025-02-02
POL-0001851,CLM-00001851,CUST-25413,Dana Tucker,625-71-3339,johnthomas@example.net,635.708.0465x2025,51298 Jennifer Coves Apt. 107,,AZ,Auto,1564087.86,6665.6,9523.33,2023-04-01,2028-03-30,2024-08-06,340883.17,Submitted,,,2024-10-23
POL-0001852,CLM-00001852,CUST-19186,Andrew Miller,294-65-4245,erica64@example.net,001-371-359-9837x73547,11805 Davis Shores,,TX,Health,468709.34,3150.11,9183.45,2020-08-23,2022-08-23,2021-07-10,783323.8621937922,Approved,Michelle Davis,,2025-12-12
POL-0001853,CLM-00001853,CUST-70090,Elizabeth Walker,663-17-9953,vbrown@example.org,+1-252-458-2895x9579,196 Justin Tunnel,41668,NC,Auto,1257867.0,17419.2,5064.9,2020-07-08,2023-07-08,2021-10-14,905724.0,Settled,,638254.08,2024-04-19
POL-0001854,CLM-00001854,CUST-94881,Victoria Garcia,276-99-4439,eugenewalker@example.com,(257)322-0740x42255,22908 Martinez Knolls Suite 866,27788,AZ,Life,376007.97,3557.1,9609.04,2024-11-05,2028-11-04,2025-04-20,67081.15,Rejected,Ashley Mcclain,,2026-04-02
POL-0001855,CLM-00001855,CUST-46588,Kristine Brock,199-96-3063,woodbrittney@example.net,524-501-5821,748 Molly Road,68456,CO,Commercial,742225.77,5619.48,7394.85,2021-09-11,2024-09-10,2024-04-07,546819.03,Rejected,Jesse Tyler,,2024-12-05
POL-0001856,CLM-00001856,CUST-43955,Marcus Riley,259-50-4589,phelpstara@example.com,655.352.3885,37502 Matthew Forks Suite 069,41790,TX,Home,965605.75,9915.05,9544.08,2025-03-08,2029-03-07,2026-02-10,436989.19,Submitted,,,2024-08-13
POL-0001857,,CUST-92497,Danielle Garcia,975-97-8500,kimberly36@example.net,001-843-249-4562x50090,088 Miguel Plains Suite 935,03798,NC,Commercial,931463.6,9795.16,8244.9,2021-08-30,2025-08-29,2023-05-29,361481.99,Under Review,,,2024-10-05
POL-0001858,CLM-00001858,CUST-54598,Margaret Butler,109-16-4351,wilkersonandrew@example.net,(984)410-3163,911 Brown Creek Apt. 866,74641,TX,Life,1558999.32,22021.64,3887.24,2021-03-02,2026-03-01,2024-10-22,634153.97,Under Review,Brian Hernandez,,2025-12-28
POL-0001859,CLM-00001859,CUST-51734,Michael Foley,332-89-7160,lopezapril@example.com,+1-791-934-1123x7050,78817 Brown Street Suite 926,96594,AZ,Health,1971916.24,18041.63,2301.52,2022-07-29,2019-04-07,2025-03-08,1508449.07,Rejected,Eric Butler,,2024-09-16
POL-0001860,,CUST-54120,Diane Medina,683-54-4048,estradabrett@example.com,(895)965-1402x1858,590 Brooke Port,86737,FL,Life,1180860.63,16227.01,7954.47,2024-03-29,2019-01-28,2024-05-27,186558.26,Under Review,Jesse Tyler,,2025-08-03
POL-0001861,CLM-00001861,CUST-56804,Jerry Davis,813-21-9919,tiffanywebb@example.net,9836884987,4107 Baker Squares Suite 031,78682,WA,Health,683381.39,7185.18,9640.61,2023-08-11,2024-08-10,2024-04-27,386715.85,Submitted,,,2025-03-11
POL-0001862,CLM-00001862,CUST-16497,Ashley Strickland,850-81-2829,sadams@example.net,001-673-926-2071,94494 Sanchez Isle Apt. 604,26606,NC,Commercial,970006.54,7540.5,8912.2,2021-08-19,2026-08-18,2026-01-11,97089.13,Settled,Michelle Davis,79947.26,2021-07-31
POL-0001863,CLM-00001863,CUST-92622,Randy Weber,726-22-2661,bgonzales@example.org,001-733-224-4507,95764 Marvin Rapid Suite 418,66253,NY,Life,92847.84,1263.41,2507.67,2024-02-18,2025-02-17,2024-06-14,3754.32,Settled,Jennifer Reid,3097.59,2025-01-14
POL-0001864,CLM-00001864,CUST-19380,Mariah Davis,272-61-1029,lawrencerebecca@example.com,001-848-546-6063,560 Adams Greens,43256,AZ,Life,390447.87,4797.1,5147.62,2022-12-06,2023-12-06,2023-05-07,154107.11,Settled,Phillip Sherman,129669.87,2025-03-02
POL-0001865,CLM-00001865,CUST-89563,Lori Hodges,102-91-2851,nmaddox@example.net,515-491-6972,54896 Rose Road,65834,CA,Life,1677100.94,8066.39,5881.53,2020-10-24,2023-10-24,2023-08-14,1062919.49,Rejected,Jesse Tyler,,2024-01-01
POL-0001866,CLM-00001866,CUST-18129,Stacy Johnson,377-44-7607,heatherdennis@example.com,001-903-432-3049x4309,029 Marc Throughway Suite 913,999,CA,Health,1166447.05,9821.89,5857.35,2023-04-23,2027-04-22,2025-08-22,1769315.4861818487,Settled,Caleb West,737862.32,2024-05-23
POL-0001867,CLM-00001867,CUST-96552,Donna Yates,263-17-3900,kathleenowen@example.net,266-807-3981x391,86817 Yvonne Junctions Apt. 544,68448,AZ,Life,1176697.56,16866.93,7968.12,2023-03-02,2026-03-01,2023-11-02,203117.68,Settled,Ashley Mcclain,186055.93,2024-12-24
POL-0001868,CLM-00001868,CUST-16116,Benjamin Daniels,209-48-5554,shawnarnold@example.net,+1-831-238-4229x382,4371 Cabrera Plaza,10432,NY,Health,1509363.37,4949.11,9011.11,2021-02-17,2026-02-16,2022-09-15,591750.3,Submitted,,,2025-04-06
POL-0001869,,CUST-19631,Valerie Rodgers,158-70-6136,guzmannicole@example.net,(804)556-9166x95828,96021 Martinez Landing,49195,NY,Auto,978385.09,4468.93,7665.16,2020-11-17,2024-11-16,2022-05-02,617418.19,Submitted,,,2025-11-19
POL-0001870,CLM-00001870,CUST-97743,Jessica Ortega,315-71-6698,tami60@example.net,347-731-7072x0544,1889 Adrienne Mill Apt. 128,36664,WA,Commercial,1367766.13,7444.72,1185.0,2023-01-04,2026-01-03,2025-06-29,183601.68,Under Review,Wendy Smith,,2025-04-05
POL-0001871,CLM-00001871,CUST-20698,John Jennings,375-76-6474,rachaelalexander@example.com,413-751-3908,71100 Lewis Shoal,66694,CO,Home,773938.85,2699.52,6250.84,2024-02-26,2026-02-25,2025-02-04,511057.59,Under Review,Douglas Ferguson,,2025-12-16
POL-0001872,CLM-00001872,CUST-39223,Crystal Smith,941-89-4966,kimberlymay@example.org,(715)402-7560,4021 Lee Ramp Apt. 218,ZIP-NA,CA,Health,1312389.0,19097.69,1409.37,2020-06-28,2023-06-28,2021-02-08,559625.92,Approved,,,2024-10-31
POL-0001873,CLM-00001873,CUST-77541,Allen Reed,971-20-2081,nunezdonna@example.org,4097963673,6625 Marcia Route Suite 212,00000,WA,HEALTH,1866367.69,14631.65,4345.0,2022-04-23,2026-04-22,2023-07-29,212287.45,Under Review,Dr. Tina Reyes MD,,2022-06-04
POL-0001874,CLM-00001874,CUST-24652,Jeffrey Foley,186-45-7207,victoriahamilton@example.net,820.685.0565x7044,6066 Fields Ridge,59090,AZ,Auto,1919637.89,9064.13,568.77,2020-12-20,2022-12-20,2021-03-30,222667.71,Submitted,,,2026-03-14
POL-0001875,CLM-00001875,CUST-14783,Kyle Allen,963-23-5510,derrick96@example.com,474-214-4078,88868 Kathleen Ford,17509,NY,Health,1559204.36,6080.02,4567.54,2021-10-04,2024-10-03,2024-04-07,70795.87,Approved,Douglas Ferguson,,2023-02-22
POL-0001876,,CUST-77057,Frank Wright,230-45-5497,lisa39@example.com,(539)803-7268,85517 Kenneth Manors,01271,CA,Auto,1311390.66,19072.51,1628.27,2022-10-10,2026-10-09,2025-10-17,689916.14,Settled,Wendy Smith,476069.55,2024-10-01
POL-0001877,CLM-00001877,CUST-20690,Vincent Moody,139-75-5816,christopher87@example.net,407.518.8051,45434 Anna Inlet,58303,FL,Commercial,346470.28,2801.41,6990.77,2024-04-09,2027-04-09,2024-11-10,7311.47,Settled,Phillip Sherman,5532.85,2022-05-09
POL-0001878,CLM-00001878,CUST-36526,Sean Ingram,261-55-7808,krista40@example.net,+1-663-844-1282x5662,41777 Lopez Springs,34613,FL,Health,827719.84,11132.1,6411.71,2021-11-25,2023-11-25,2023-03-11,478343.56,Under Review,John Meyer,,2025-01-05
POL-0001879,,CUST-53578,Ernest Lane,477-22-8111,ronaldcarey@example.com,(925)540-7325x0021,93731 Taylor Island Apt. 452,57239,FL,Commercial,1789270.38,14472.37,9161.48,2024-11-03,2025-11-03,2025-06-27,1039881.48,Approved,Eric Butler,,2025-06-29
POL-0001880,CLM-00001880,CUST-46558,Ashley Potts,689-63-2429,fritzrobert@example.net,(834)279-0847x30248,98952 Joshua Mews,63283,AZ,Auto,146892.39,1049.98,5588.76,2021-08-04,2026-08-03,2025-08-29,14624.67,Rejected,,,2021-06-07
POL-0001881,CLM-00001881,CUST-29585,Angela Perez,160-73-6544,qharding@example.org,853.993.1589,8241 Jennifer Falls Apt. 571,95011,AZ,Health,122081.9,666.07,6381.2,2021-10-10,2023-10-10,2022-07-29,82483.46,Settled,Douglas Ferguson,58564.12,2026-01-24
POL-0001882,,CUST-51686,Nicole Franklin,315-17-4156,hberg@example.net,589-667-3879x0129,062 Tran Plain,81927,AZ,Home,1767701.17,7907.44,1343.96,2022-10-13,2024-10-12,2023-12-15,1290628.66,Rejected,John Meyer,,2024-04-27
POL-0001883,CLM-00001883,CUST-39594,Alex Gilbert,205-28-2984,brittanymccarthy@example.net,912.609.9676x984,359 Sean View Suite 731,59261,NC,Life,218232.21,1740.52,3655.0,2023-02-13,2028-02-12,2023-06-03,125303.73,Rejected,Randy Brown,,2021-08-27
POL-0001884,CLM-00001884,CUST-35003,Lisa Jenkins,760-23-8849,nkim@example.net,001-487-250-0703x28431,5362 Cassidy Turnpike,90907,NC,auto,453261.66,6785.95,8502.82,2024-08-01,2028-07-31,2025-04-29,107679.25,Rejected,Randy Brown,,2025-10-16
POL-0001885,,CUST-89551,Sara Love,210-52-8672,suzanne68@example.net,3299080509,089 Roberts Square Apt. 801,91065,WA,Auto,927954.25,13806.05,3890.6,2024-07-28,2027-07-28,2025-08-20,542641.07,Rejected,Michelle Davis,,2025-05-18
POL-0001886,CLM-00001886,CUST-34061,Nicholas Cruz,336-45-3253,vgonzalez@example.com,757.306.3199x24238,373 Gray Forks Apt. 029,27908,NC,Life,248933.55,691.26,4517.76,2020-07-31,2018-11-29,2020-12-10,52048.31,Under Review,Renee Patel,,2025-07-26
POL-0001887,CLM-00001887,CUST-40155,Dennis Moss,975-45-3942,jessicavillanueva@example.net,791-770-2541x220,77380 Clements Crossroad,75333,FL,Health,1986013.05,9723.89,6529.13,2020-09-28,2024-09-27,2022-07-13,1578920.21,Under Review,Wendy Smith,,2025-09-16
POL-0001888,CLM-00001888,CUST-75239,Anthony Roberson,323-31-6371,ashleyhamilton@example.net,294-735-1612,1221 Vincent Loop Apt. 624,18483,CO,Commercial,1846397.93,18932.58,9871.64,2023-01-31,2027-01-30,2024-09-07,728856.78,Settled,Ashley Mcclain,615296.01,2024-08-10
POL-0001889,CLM-00001889,CUST-58920,Jennifer Sims PhD,734-74-5009,danielmorrison@example.org,561.506.2957,588 Jason Viaduct Suite 844,62023,IL,Auto,1738850.76,8873.58,7433.37,2023-10-13,2025-10-12,2025-04-05,831567.46,Rejected,Ashley Mcclain,,2026-01-12
POL-0001890,CLM-00001890,CUST-19659,Jeremy Erickson,549-68-1377,hayleyblackwell@example.org,425.295.3773x1802,6500 Morgan Fords Suite 207,79134,TX,Home,1195728.88,3547.45,7652.28,2023-04-16,2024-04-15,2024-03-23,645034.22,Settled,Renee Patel,538016.27,2025-02-26
POL-0001891,CLM-00001891,CUST-60487,Kenneth Cook,229-40-8064,samuel63@example.org,835-543-7655x85478,75586 Christopher Haven,88872,CA,Home,1709389.93,21553.3,5667.03,2024-07-25,2029-07-24,2024-10-02,437222.09,Approved,Randy Brown,,2025-05-21
POL-0001892,CLM-00001892,CUST-52630,Michael Reynolds,683-65-5102,zachary14@example.org,001-429-373-5431x00656,035 Gail Meadow,54890,GA,Auto,896145.12,11101.85,8168.48,2021-06-04,2023-06-04,2021-12-10,677153.53,Submitted,,,2025-11-02
POL-0001893,CLM-00001893,CUST-90159,Kelsey Merritt,439-58-7445,njohnson@example.org,+1-394-977-9313,143 Robbins Stravenue Suite 295,30879,WA,Auto,663773.69,4970.62,2344.62,2020-11-20,2021-11-20,2021-04-22,257014.79,Under Review,Renee Patel,,2024-10-14
POL-0001894,,CUST-67843,Jason Cruz,104-10-5607,andersonwarren@example.org,(897)241-0195x0660,522 Yvonne Glens Apt. 466,72621,GA,Home,1174737.59,8721.19,7261.39,2022-01-20,2027-01-19,2023-01-07,645066.78,Under Review,,,2024-12-05
POL-0001895,CLM-00001895,CUST-27908,David Howell,928-48-8948,briandavies@example.org,(893)778-3838x220,557 Rhodes Hills Apt. 437,21767,TX,Life,275412.24,3701.44,461.55,2022-08-19,2024-08-18,2022-11-18,203442.54,Submitted,,,2024-05-24
POL-0001896,CLM-00001896,CUST-83847,Crystal Silva,165-89-2299,melaniewalker@example.org,362-929-6319x62463,03589 Klein Crossing Suite 589,90332,AZ,Health,17542.19,125.93,5735.34,2024-05-25,2026-05-25,2025-04-11,3831.4,Submitted,,,2025-09-15
POL-0001897,CLM-00001897,CUST-13034,Ebony Terry,985-30-2430,joshuapowell@example.net,(530)694-2608,3495 Catherine Road Suite 844,33719,TX,Auto,600603.92,6919.88,8818.04,2021-03-21,2024-03-20,2021-12-14,245097.61,Submitted,,,2026-02-16
POL-0001898,CLM-00001898,CUST-35439,Makayla Brown,635-37-4800,wjones@example.net,385.572.5554x600,19402 Louis Circle,,CO,Commercial,635434.19,8719.02,268.59,2020-11-03,2021-11-03,2021-01-11,403139.18,Submitted,,,2025-02-04
POL-0001899,CLM-00001899,CUST-41089,Dennis Salas,288-70-8709,jenniferserrano@example.org,001-635-361-6583,008 Foley Drives Apt. 669,38427,CA,Life,1230510.25,8950.56,8030.98,2021-06-13,2024-06-12,2023-04-13,509415.68,Approved,Dr. Tina Reyes MD,,2024-06-11
POL-0001900,CLM-00001900,CUST-27957,Dennis Gonzales,424-69-7998,beaton@example.net,(385)416-5086x48066,10753 Smith Brooks,49438,NC,Home,307752.53,2006.56,6680.05,2021-10-31,2023-10-31,2022-10-07,124562.94,Rejected,Douglas Ferguson,,2024-09-29
POL-0001901,CLM-00001901,CUST-87614,Justin Holland,603-53-3252,russellchavez@example.org,3074560960,7147 Michael Trafficway Apt. 116,30358,WA,Auto,507035.28,1874.44,9429.78,2022-10-07,2025-10-06,2023-06-30,375297.52,Rejected,Caleb West,,2025-09-26
POL-0001902,CLM-00001902,CUST-89339,Shane Miller,986-99-6454,jennifergarrett@example.org,+1-615-228-0421,4722 Floyd Manor Suite 137,99382,CO,Commercial,1670227.31,23366.18,8581.83,2021-10-30,2026-10-29,2022-12-15,1175973.44,Rejected,,,2024-07-02
POL-0001903,CLM-00001903,CUST-51039,Leah Kelly,935-88-1694,reedlinda@example.org,(609)332-2358x64369,719 Michael Glen,14826,WA,Life,1840993.13,24424.77,3809.78,2022-12-04,2024-12-03,2023-11-26,1146611.67,Settled,John Meyer,946123.08,2025-11-16
POL-0001904,CLM-00001904,CUST-43454,Zachary Adams,215-11-2288,desireewest@example.org,2408780006,070 Cain Bypass,05622,CA,Commercial,558328.51,5583.81,5458.8,2021-07-11,2022-07-11,2022-03-20,282358.52,Submitted,,,2025-02-06
POL-0001905,CLM-00001905,CUST-56017,Joseph Brewer,732-49-8366,caleb22@example.org,770.879.7800x010,285 Nichole Burgs Suite 569,04457,TX,Life,1630365.47,13720.26,6021.21,2024-03-19,2028-03-18,2024-06-01,218792.17,Settled,,203477.14,2025-11-21
POL-0001906,CLM-00001906,CUST-95132,Wesley Hendrix,642-35-8738,mistyharrison@example.org,721-248-5344x4287,342 Ross Courts Apt. 534,82100,CA,Life,857027.68,8171.43,5077.79,2024-11-02,2028-11-01,2025-09-18,403754.24,Settled,Jesse Tyler,356265.91,2026-01-14
POL-0001907,CLM-00001907,CUST-74950,Jennifer Montoya,146-73-6745,amysmith@example.com,001-567-512-6170x98898,133 Smith Bridge Apt. 243,03186,TX,AUTO,1505490.9,14075.78,8022.42,2022-03-13,2024-03-12,2023-01-16,3013888.286606941,Approved,Randy Brown,,2025-06-25
POL-0001908,CLM-00001908,CUST-73630,Steven Wolfe,356-22-7802,christine94@example.org,799.800.4313,15947 Kenneth Pines Apt. 758,32356,CA,Home,626463.73,3200.62,1130.55,2022-10-22,2026-10-21,2023-05-13,28837.19,Under Review,Renee Patel,,2025-05-17
POL-0001909,CLM-00001909,CUST-28417,Terry Lambert,971-53-6939,reneewilliams@example.org,(216)302-8594x679,769 Porter Pass Apt. 253,63114,GA,Home,100111.5,336.65,8826.03,2022-02-27,2025-02-26,2023-05-16,21660.81,Rejected,Kenneth White,,2024-11-05
POL-0001910,CLM-00001910,CUST-69238,Annette Garcia,849-26-8238,marygonzalez@example.org,299-426-2838x3719,35869 Valerie Ways,76197,IL,Health,107833.48,745.47,5115.42,2024-06-29,2027-06-29,2024-11-27,44941.7,Settled,Ashley Mcclain,36540.22,2024-05-09
POL-0001911,,CUST-63356,Sydney Gibson,780-12-8897,taylorelizabeth@example.com,+1-225-642-1612x17568,34680 Ball Plaza,16738,NY,Health,77017.02,965.18,4922.8,2024-12-30,2028-12-29,2025-07-10,60627.74,Settled,Louis Moyer,51947.53,2024-09-17
POL-0001912,CLM-00001912,CUST-56919,Miss Shelly Smith,147-13-1637,sroberts@example.org,784-534-3627x6100,77587 Melissa Stream Apt. 318,28331,CO,Auto,1178502.03,12622.05,4047.75,2023-08-12,2027-08-11,2025-01-02,838068.65,Under Review,,,2025-09-19
POL-0001913,CLM-00001913,CUST-55224,Kevin House,369-97-4061,annaparker@example.org,(690)255-5554x4382,0604 Kimberly Parkway,28724,FL,Life,1491113.97,7091.37,4513.45,2020-11-16,2024-11-15,2021-04-01,971083.48,Rejected,Randy Brown,,2024-11-08
POL-0001914,,CUST-98666,Brenda Livingston,537-84-4584,myersalison@example.com,(378)477-1286,324 Timothy Mountain Suite 033,93928,FL,HEALTH,508364.55,6733.14,1516.23,2025-02-22,2030-02-21,2026-01-10,315786.35,Rejected,Dr. Tina Reyes MD,,2024-11-14
POL-0001915,CLM-00001915,CUST-76651,Daniel Vaughn,636-55-5388,ngomez@example.org,796-894-2938x3756,69144 Tran Drive Suite 212,41100,NC,Health,1151375.04,10681.26,1600.01,2021-10-20,2018-08-27,2022-03-25,365181.54,Rejected,,,2025-01-29
POL-0001916,CLM-00001916,CUST-87286,Dylan Thomas,356-20-4006,marcus25@example.net,+1-556-690-1572x092,4134 Kimberly Manors Suite 429,66770,WA,Auto,1601686.2,13275.98,3156.16,2023-10-05,2028-10-03,2023-12-23,4024893.209670077,Submitted,,,2025-06-15
POL-0001917,CLM-00001917,CUST-47399,Clifford Pierce,951-10-5508,mark77@example.org,001-916-240-2440x42653,647 Walters Roads,22427,NY,Health,435964.93,3741.71,9324.14,2021-09-29,2023-09-29,2023-06-24,1200124.1962698218,Approved,Jesse Tyler,,2025-07-19
POL-0001918,CLM-00001918,CUST-98134,Teresa Hamilton,139-52-6072,donnasimon@example.net,001-722-934-1692x174,3104 Stewart Crescent,52929,AZ,health,1728254.69,21287.83,5902.21,2025-01-08,2029-01-07,2025-05-06,581013.8,Approved,Douglas Ferguson,,2024-09-24
POL-0001919,CLM-00001919,CUST-57267,Lisa Wheeler,592-98-1835,xgonzalez@example.net,(763)372-8964,2550 Barnes Falls Suite 280,999,AZ,Health,457536.87,2240.85,7523.71,2021-10-04,2018-05-12,2022-01-04,253011.62,Submitted,,,2025-02-15
POL-0001920,CLM-00001920,CUST-51959,Denise Gonzalez,263-73-3185,hernandezmatthew@example.com,(524)238-1650x8729,631 Randy Ranch,46657,IL,Auto,1759667.91,25441.77,8439.22,2024-08-02,2025-08-02,2024-11-02,927668.04,Settled,Dr. Tina Reyes MD,681851.51,2024-11-09
POL-0001921,CLM-00001921,CUST-25841,Charles Allen,667-75-3090,devon35@example.org,483-233-0579x41860,8236 Jennifer Port Apt. 980,49048,FL,Health,1807312.59,25581.52,9651.68,2024-07-18,2027-07-18,2024-10-17,106105.33,Submitted,,,2023-02-14
POL-0001922,CLM-00001922,CUST-94875,Rebecca Becker,892-79-1620,reneeatkins@example.org,001-905-978-4208x885,890 Stevens Causeway Suite 079,32160,CA,Health,893131.49,10656.99,6100.39,2022-11-15,2023-11-15,2023-01-19,165491.63,Submitted,,,2025-06-13
POL-0001923,CLM-00001923,CUST-72096,Wendy Bush,358-89-6810,kevin09@example.org,497-721-5211x909,19354 Robert Canyon Suite 990,40291,CA,Life,1759680.18,8173.49,4274.04,2024-04-11,2029-04-10,2025-08-03,421050.51,Submitted,,,2024-08-01
POL-0001924,CLM-00001924,CUST-44953,Patricia Powell,215-46-1985,robert58@example.com,629.941.5409x769,31192 April Wall Suite 053,84551,FL,Life,741805.02,5224.1,3645.99,2023-12-06,2024-12-05,2024-01-08,526977.51,Under Review,Kenneth White,,2025-10-01
POL-0001925,CLM-00001925,CUST-61427,Laura Reyes,181-81-1919,kevin83@example.com,4003135425,202 Thomas Fords Suite 859,01486,FL,Commercial,1252918.94,10818.26,8041.97,2023-05-26,2024-05-25,2023-11-18,1001507.55,Approved,,,2022-08-15
POL-0001926,CLM-00001926,CUST-26441,Ashley Soto,206-19-9378,steventaylor@example.com,(973)915-5866x94413,834 Diana Corner Suite 127,35502,NY,Health,1082887.65,9977.11,7011.12,2021-10-24,2026-10-23,2022-08-09,253140.99,Rejected,Caleb West,,2025-11-18
POL-0001927,CLM-00001927,CUST-31699,Cheryl Whitehead,801-12-5239,christopher76@example.org,+1-811-272-3882x93753,878 Lucero View,,NC,Home,633297.33,7762.5,8182.97,2022-05-14,2026-05-13,2022-05-28,122119.87,Settled,Brett White,100034.78,2025-05-25
POL-0001928,CLM-00001928,CUST-88117,Patrick Navarro,853-27-6410,powersnicholas@example.com,001-902-209-1663x040,824 Tonya Stravenue Apt. 795,49302,CA,Home,1535725.92,20024.92,5968.89,2020-08-21,2021-08-21,2021-03-29,1118031.96,Under Review,Jesse Tyler,,2024-09-11
POL-0001929,CLM-00001929,CUST-46097,Judy Novak,474-94-7875,ellenmartin@example.com,001-323-226-6473x633,198 Shelley Station Suite 637,74878,NC,Home,137247.66,1852.67,1054.26,2022-03-29,2024-03-28,2023-12-11,96566.28,Approved,Randy Brown,,2024-10-27
POL-0001930,CLM-00001930,CUST-20251,Melissa Coleman,927-22-6953,gonzalezrhonda@example.org,431-230-3570x063,115 Joshua Drive Apt. 086,39473,TX,Home,1704117.11,19048.03,5941.84,2021-01-29,2026-01-28,2022-10-22,2424106.884188505,Submitted,,,2026-03-01
POL-0001931,CLM-00001931,CUST-24153,Roger Murray,795-27-5714,hopkinsdevin@example.net,(343)441-7124x46223,9846 King Plain Suite 830,62016,GA,Auto,406363.46,4283.43,9532.75,2023-06-27,2026-06-26,2026-01-28,44249.98,Submitted,,,2025-09-22
POL-0001932,CLM-00001932,CUST-16551,Elizabeth Delacruz,611-16-8608,pbrennan@example.com,+1-655-938-5994x83698,6660 Caitlyn Bridge,28701,AZ,Life,104131.27,237.9,5725.25,2023-08-12,2028-08-10,2024-12-31,83026.16,Settled,Jesse Tyler,70362.28,2024-11-26
POL-0001933,,CUST-55920,Melody Wallace,253-35-5410,turnerdaisy@example.org,001-379-538-5371x8875,5935 Aaron Islands,,NC,Auto,368601.51,4935.4,4712.9,2025-02-22,2027-02-22,2026-01-04,42980.72,Submitted,,,2025-12-27
POL-0001934,CLM-00001934,CUST-21862,William Alvarado,549-67-2520,gregory95@example.org,001-578-803-0762x58193,194 Wright Divide,96075,NC,Auto,1136790.58,2904.13,3235.73,2021-12-04,2022-12-04,2022-06-25,113916.6,Under Review,Michelle Davis,,2025-12-25
POL-0001935,CLM-00001935,CUST-11660,Kathryn Boyle,591-24-5763,jwalker@example.org,(350)578-6366x4940,447 Wilkerson Island Apt. 782,21020,CO,Commercial,1394804.58,11019.44,8367.85,2020-04-22,2024-04-21,2022-12-03,251361.91,Submitted,,,2025-03-02
POL-0001936,CLM-00001936,CUST-58961,Sarah Griffith,585-91-7662,kclark@example.org,+1-550-359-5339x325,3656 Olivia Springs Apt. 078,25386,AZ,Home,1982661.96,21417.75,1406.32,2023-10-23,2027-10-22,2023-11-20,4819424.567036838,Approved,Brian Hernandez,,2024-09-05
POL-0001937,CLM-00001937,CUST-90896,Heather James,719-36-4051,michellerush@example.com,518.353.1183x27455,1311 Green Ridge Suite 117,34792,FL,Life,1408866.59,13534.48,7550.92,2024-02-02,2025-02-01,2024-03-18,760152.33,Settled,Wendy Smith,467039.77,2026-03-10
POL-0001938,CLM-00001938,CUST-57305,Dennis Rogers,951-58-7627,tinaspencer@example.com,+1-913-435-9939x1948,18591 Joe Camp,28525,NY,Home,108299.35,966.4,3433.17,2025-03-07,2026-03-07,2025-04-13,2714.56,Rejected,Renee Patel,,2024-06-21
POL-0001939,CLM-00001939,CUST-89480,Michelle Thompson,968-86-9059,timothy59@example.com,467-890-7275x759,5133 Clark Lakes,84480,NY,Auto,1332058.98,11914.71,2059.25,2022-03-08,2027-03-07,2024-09-09,845409.33,Submitted,,,2025-08-08
POL-0001940,CLM-00001940,CUST-26737,Kenneth Wilcox,856-62-7494,vsanchez@example.net,770.996.4729,3907 Fowler Shores Suite 681,15467,NY,Health,1955989.85,13026.2,1732.29,2020-04-20,2021-04-20,2020-08-07,563944.53,Approved,Louis Moyer,,2025-07-25
POL-0001941,CLM-00001941,CUST-86034,Paul Compton,897-22-5414,cassandrabell@example.org,(765)479-4955x9105,910 Laurie Summit Apt. 339,ABCDE,IL,LIFE,890889.9,9472.18,5482.33,2024-01-20,2029-01-18,2025-08-07,92533.54,Under Review,,,2025-10-31
POL-0001942,CLM-00001942,CUST-66186,Debra Griffin,107-46-7354,voliver@example.net,622.441.8395,142 Michael Loop,35892,CA,Commercial,1652607.85,5635.03,2240.64,2020-10-18,2023-10-18,2022-11-24,1183280.46,Submitted,,,2025-06-26
POL-0001943,CLM-00001943,CUST-76231,Adrian Howard,567-54-1894,stevengarcia@example.com,(881)259-5133x0772,7539 Veronica Drive Suite 776,47421,IL,Auto,930059.47,4673.1,7706.14,2021-04-25,2025-04-24,2023-12-19,651859.15,Under Review,Eric Butler,,2025-01-01
POL-0001944,CLM-00001944,CUST-98623,Vincent George,832-75-2010,hfleming@example.com,+1-931-346-7620,57676 Maria Junctions,39222,FL,Auto,289606.6,2308.39,6330.37,2021-10-05,2026-10-04,2024-05-10,191853.42,Settled,Wendy Smith,143868.07,2025-05-27
POL-0001945,CLM-00001945,CUST-13815,Nicole Evans,648-86-7896,danielhughes@example.net,(794)347-8262,6867 Benitez Pike Apt. 362,76347,GA,Auto,392713.32,1224.24,1905.71,2022-08-21,2027-08-20,2026-01-31,303600.47,Under Review,Wendy Smith,,2025-07-11
POL-0001946,CLM-00001946,CUST-58153,Amanda Snyder,769-51-4773,steelemichelle@example.org,379.654.1925x6455,8575 Larry Plaza Suite 091,,CO,Auto,1373352.97,8930.71,2948.98,2021-08-03,2018-12-17,2022-02-24,993843.35,Settled,Kenneth White,678738.07,2025-11-26
POL-0001947,CLM-00001947,CUST-26299,Andrew Robinson,178-20-1950,dariusrodriguez@example.com,+1-865-783-5301x090,30114 Anderson Keys Apt. 842,26296,WA,AUTO,1483720.68,14439.09,4758.26,2024-01-11,2029-01-09,2025-04-22,200967.64,Approved,Dr. Tina Reyes MD,,2024-11-11
POL-0001948,CLM-00001948,CUST-23670,Paul Sharp,351-28-6015,fturner@example.com,832.241.0950,273 Adam Manor,82662,FL,Home,377657.02,4148.11,1851.53,2024-07-13,2027-07-13,2026-02-09,276184.0,Under Review,Michelle Davis,,2024-04-27
POL-0001949,,CUST-55771,Nathan Fox,522-51-5540,akennedy@example.org,654-724-2644,399 Cohen Stream,10824,WA,Home,1209763.21,17654.91,2453.52,2025-02-28,2030-02-27,2026-02-27,205600.71,Approved,Douglas Ferguson,,2025-01-09
POL-0001950,CLM-00001950,CUST-59320,Courtney Roberts,927-43-2053,annsimmons@example.com,254-617-0310x7281,92298 Michael Way Apt. 144,93495,AZ,Home,253690.86,2673.98,7392.77,2024-05-18,2028-05-17,2025-04-28,100084.13,Settled,Victor Morgan,78763.83,2024-08-28
POL-0001951,CLM-00001951,CUST-22629,Sherry Johnson,276-10-1816,laurenhughes@example.net,+1-656-488-0442x350,57346 Campbell Islands Apt. 291,28430,NY,Life,972417.05,6594.9,5244.25,2022-07-13,2023-07-13,2022-09-18,2092001.856114959,Settled,Douglas Ferguson,562911.75,2024-12-10
POL-0001952,CLM-00001952,CUST-72458,Timothy Davis,128-82-2070,chenjulie@example.org,(865)332-9132x2413,14613 Angela Alley,45509,FL,Home,71837.37,533.58,4762.68,2021-03-04,2025-03-03,2021-10-07,4655.11,Settled,Phillip Sherman,3197.59,2024-08-20
POL-0001953,,CUST-13150,Samantha Russell,901-30-8903,omoore@example.org,374-887-1315,2005 Andrew Street,11974,TX,Auto,437717.61,1377.75,8776.52,2020-12-12,2022-12-12,2022-06-01,165037.28,Rejected,Karen Miller,,2025-07-15
POL-0001954,CLM-00001954,CUST-92249,Amy Wise,295-63-5023,qsmith@example.com,001-378-256-0043x08786,60558 Mack Ramp,77785,AZ,Home,869312.17,11099.16,4947.29,2022-03-07,2018-05-05,2022-05-24,27917.61,Settled,Brian Hernandez,18545.47,2025-12-06
POL-0001955,,CUST-24526,Dana Bolton,255-97-5917,greenchristopher@example.net,+1-852-206-4458x70072,201 Jeffrey Forge Suite 892,ABCDE,TX,Home,1483948.35,15384.87,9902.59,2021-02-23,2026-02-22,2025-06-17,57158.88,Under Review,Denise Green,,2025-11-30
POL-0001956,CLM-00001956,CUST-81470,John Horn Jr.,714-40-3172,samanthalopez@example.org,428.396.6418x08069,2681 Wise Branch Apt. 596,98575,NY,Health,1880710.92,14698.43,6378.53,2020-07-30,2025-07-29,2021-11-04,1301930.63,Settled,Wendy Smith,1148966.89,2026-02-10
POL-0001957,,CUST-11715,Kimberly Watts,897-36-2578,tkelly@example.net,+1-443-905-6279,3726 Wells Ridge,24787,IL,Home,946543.64,6495.42,3262.05,2021-06-11,2026-06-10,2023-08-02,199463.25,Approved,Renee Patel,,2024-05-18
POL-0001958,CLM-00001958,CUST-42180,Brian Barton,626-40-7467,qwilliams@example.org,351.657.8733,742 Murphy Spring Apt. 298,25471,GA,Commercial,59007.56,336.36,1349.4,2022-09-03,2027-09-02,2025-03-29,71283.13266924433,Rejected,Karen Miller,,2026-01-14
POL-0001959,CLM-00001959,CUST-48550,Jennifer Weber,574-29-6809,szimmerman@example.org,986-218-1626x36132,892 Nguyen Rapids,70964,WA,Life,568945.54,8504.39,7349.39,2025-01-15,2028-01-15,2025-03-19,278556.31,Approved,Victor Morgan,,2025-10-30
POL-0001960,CLM-00001960,CUST-33272,Sarah Wu,294-35-9482,dustin18@example.org,(378)556-4380,2888 Turner Plains Suite 302,81745,CO,Life,634905.1,3910.81,4340.72,2022-04-03,2025-04-02,2023-09-20,2842.76,Approved,Dr. Tina Reyes MD,,2024-08-09
POL-0001961,CLM-00001961,CUST-39581,Taylor Rodriguez,205-90-3988,gscott@example.com,795-554-8956x87945,39207 Marquez Divide,07471,CO,Life,1735288.49,24008.53,3589.68,2023-07-07,2024-07-06,2024-06-08,977107.95,Submitted,,,2023-05-11
POL-0001962,CLM-00001962,CUST-75500,Brooke Marks,863-15-7406,bkelly@example.net,+1-874-374-2284x8664,4386 James Mount Apt. 413,87838,AZ,Health,518536.8,3439.66,3361.8,2022-01-15,2024-01-15,2023-09-20,35646.9,Approved,Louis Moyer,,2025-06-18
POL-0001963,CLM-00001963,CUST-15061,Michael Simon,115-74-8687,matthewsoto@example.net,001-503-565-3565x4754,3354 Lance Turnpike Apt. 863,98573,NC,Health,1468180.09,6642.23,1953.72,2023-01-13,2028-01-12,2024-01-11,213653.64,Rejected,Dr. Tina Reyes MD,,2025-01-06
POL-0001964,CLM-00001964,CUST-33416,Mark Cohen,757-68-9919,jenniferscott@example.com,8268344703,9478 Meza Cape Apt. 272,77851,IL,Health,196944.46,1334.2,9620.76,2022-06-17,2023-06-17,2023-01-25,17376.04,Submitted,,,2025-12-25
POL-0001965,CLM-00001965,CUST-78596,Steven Green,493-55-9991,valentinepaula@example.com,(263)576-9111x5866,439 Stevens Key,63314,CO,Commercial,989091.11,11579.94,8449.52,2024-05-29,2026-05-29,2025-01-02,221393.29,Approved,Dr. Tina Reyes MD,,2025-01-28
POL-0001966,CLM-00001966,CUST-45147,Lindsay Potts,879-50-6445,greendanielle@example.net,001-975-758-0753,461 Rebecca Freeway Suite 425,18356,CA,life,1347334.74,13665.21,4456.7,2024-09-27,2026-09-27,2024-10-29,590251.15,Settled,,549612.93,2023-09-01
POL-0001967,CLM-00001967,CUST-86977,Debbie Stephens,652-51-8440,browntyler@example.org,651.744.6949x180,93415 Shannon Corner,99919,WA,Health,1895211.5,7050.48,8910.95,2020-08-12,2024-08-11,2022-03-23,1261751.17,Under Review,Kenneth White,,2023-07-06
POL-0001968,CLM-00001968,CUST-50630,Sara Brown,634-28-3380,eric93@example.com,779.644.5288x73126,22921 Rebecca Bridge Apt. 787,29339,IL,Health,1649765.55,21316.68,7038.12,2020-06-28,2018-09-04,2023-05-26,652484.12,Settled,Eric Butler,395785.56,2024-07-31
POL-0001969,CLM-00001969,CUST-92109,John Perez,454-63-4631,roy77@example.com,202.251.4739,456 Rebecca Lodge,53329,NY,Commercial,192819.03,632.9,7470.26,2024-11-04,2028-11-03,2025-12-21,99735.24,Submitted,,,2023-03-03
POL-0001970,CLM-00001970,CUST-47718,Barbara Hernandez,735-36-3831,xprince@example.com,001-816-513-2903,0664 Jessica Locks Apt. 603,23373,FL,Commercial,702577.46,8728.05,2083.98,2020-11-21,2024-11-20,2024-06-29,351945.42,Rejected,Phillip Sherman,,2025-08-26
POL-0001971,CLM-00001971,CUST-21679,Alexa Mcgrath,891-99-1642,bradley42@example.net,323-639-9353x409,744 Catherine Throughway,35409,IL,Commercial,333293.1,3974.06,5720.18,2024-11-07,2027-11-07,2025-11-07,51015.13,Settled,Ashley Mcclain,39165.84,2026-03-28
POL-0001972,CLM-00001972,CUST-28129,Cynthia Martin,179-94-4461,jillpeterson@example.com,640.671.4912x09796,151 Melissa Loaf Apt. 188,15241,GA,Home,548346.49,6532.55,9982.87,2022-08-21,2025-08-20,2025-07-14,178730.21,Under Review,Brett White,,2021-11-13
POL-0001973,CLM-00001973,CUST-87175,Tracey Cardenas,543-41-9550,nobledebra@example.org,001-905-672-7546x68573,80816 Cherry Light Suite 713,64968,FL,Auto,1215303.06,15256.18,6099.01,2021-07-24,2024-07-23,2024-01-17,714452.71,Under Review,Brett White,,2024-06-14
POL-0001974,CLM-00001974,CUST-48212,Breanna Ortiz,934-21-4971,afernandez@example.net,266.457.5636x99770,172 Zavala Pass Apt. 410,32879,NY,Health,1205397.88,10473.78,3848.44,2021-02-02,2025-02-01,2024-03-23,75898.64,Approved,Caleb West,,2025-12-25
POL-0001975,,CUST-53617,Matthew Smith,665-90-2841,zbrock@example.org,+1-467-604-4913,373 Mcgee Forge,94559,TX,Auto,1300636.91,16215.17,7949.64,2022-07-18,2023-07-18,2023-02-20,32217.84,Submitted,,,2024-12-21
POL-0001976,CLM-00001976,CUST-96911,Briana Davis,378-18-6526,elizabeth07@example.org,841.276.5679,05177 Norman Track,59878,GA,Health,1515514.45,6838.58,3772.79,2024-08-08,2027-08-08,2026-01-01,776394.4,Under Review,Brian Hernandez,,2025-09-10
POL-0001977,CLM-00001977,CUST-76671,Blake Reyes,571-53-8134,bnielsen@example.net,001-400-373-5121,063 Paul Parkways Apt. 017,06183,WA,Home,759813.6,2714.68,8272.65,2023-05-27,2027-05-26,2023-11-20,341997.79,Rejected,,,2022-01-01
POL-0001978,CLM-00001978,CUST-92738,Cory Terrell,830-83-1081,peter92@example.net,751-706-6843,59456 Michael Ridges Suite 326,42127,IL,Health,1681546.23,4932.46,4918.79,2025-04-01,2026-04-01,2025-04-19,1051149.98,Settled,Brian Hernandez,918882.23,2026-01-14
POL-0001979,CLM-00001979,CUST-29885,Jessica White,621-81-8496,brittney69@example.org,001-546-566-2941x098,21614 Shane Knoll,29540,NY,Life,1920069.86,17660.06,4583.31,2021-03-22,2018-06-12,2023-04-02,1332824.35,Rejected,,,2025-01-06
POL-0001980,CLM-00001980,CUST-71385,Steven Adams,465-66-8770,heather36@example.org,001-242-657-8049x763,41448 Rose Inlet Suite 943,66078,AZ,Home,1237116.9,11368.72,9820.92,2022-10-25,2025-10-24,2023-04-14,982638.6,Approved,Kenneth White,,2025-04-27
POL-0001981,CLM-00001981,CUST-36704,Christian Mcdowell,309-66-3431,awood@example.com,+1-940-650-0043,8961 Kelsey Cliffs Suite 121,33536,GA,Auto,1280325.31,17522.08,6917.54,2023-05-24,2024-05-23,2023-11-30,890005.09,Rejected,Karen Miller,,2026-03-04
POL-0001982,CLM-00001982,CUST-61605,Amanda Estrada,894-57-6840,tlee@example.com,587-620-3446,8696 Tyler Dam Apt. 996,82053,CO,Health,347840.45,2178.56,4820.84,2023-11-15,2027-11-14,2024-02-26,15241.97,Approved,Wendy Smith,,2023-07-03
POL-0001983,,CUST-24898,Peter Adams,413-30-2634,mendozamary@example.net,001-614-373-6267x741,90444 Eric Point,04320,AZ,Life,884977.55,2776.7,6045.08,2022-12-07,2024-12-06,2024-09-21,154952.07,Approved,Michelle Davis,,2026-01-11
POL-0001984,,CUST-43559,Jimmy Smith,235-75-3328,robertsjoseph@example.org,505.413.6002x3557,667 Andrea Fork Suite 441,1234,NY,Auto,268940.48,1436.23,8098.15,2024-02-06,2029-02-04,2024-02-26,149824.76,Rejected,Michelle Davis,,2024-09-19
POL-0001985,CLM-00001985,CUST-41256,Ricardo Holmes,131-30-6542,dpeterson@example.net,+1-890-547-4736x377,29420 Luke Mews Apt. 340,73791,NY,Health,1815065.44,25671.86,8064.47,2020-05-21,2021-05-21,2020-09-08,175386.99,Under Review,Phillip Sherman,,2025-01-11
POL-0001986,CLM-00001986,CUST-45878,James Davenport,375-42-5556,smithcheryl@example.com,209-255-0591x5978,120 Carter Ford Suite 581,58083,CA,Auto,457531.47,1519.0,6706.51,2020-12-25,2022-12-25,2022-01-18,53999.66,Settled,Denise Green,51195.48,2024-08-21
POL-0001987,CLM-00001987,CUST-79281,John Ochoa,112-15-6858,comptonanthony@example.org,888-582-6308,0377 Kayla Well,70761,AZ,Life,1082323.71,14352.1,7714.31,2023-04-29,2028-04-27,2023-06-22,48478.44,Approved,Dr. Tina Reyes MD,,2025-06-30
POL-0001988,CLM-00001988,CUST-78024,Henry Cook,819-30-4262,lisabarrett@example.org,4847137126,68880 Shane Branch Apt. 492,05946,NY,Life,619628.01,8408.44,3657.29,2023-08-07,2026-08-06,2023-11-25,113990.1,Settled,Kenneth White,92012.37,2026-03-14
POL-0001989,CLM-00001989,CUST-21066,Alec Hall,617-63-2767,amanda23@example.net,001-914-564-3007x22153,15294 Bautista Ville Suite 971,00000,GA,Life,1553171.97,11096.43,3044.66,2023-12-04,2025-12-03,2025-06-28,268278.51,Under Review,Douglas Ferguson,,2026-01-26
POL-0001990,CLM-00001990,CUST-95352,Dennis Smith,190-18-4661,joshuawiggins@example.net,9993902073,493 Potts Crest,60451,NC,Auto,1176501.98,9790.44,8444.61,2022-10-28,2023-10-28,2023-03-30,40119.1,Settled,Brian Hernandez,24943.82,2026-02-26
POL-0001991,,CUST-16942,Nicole Sanchez,955-98-4752,psingh@example.net,001-442-791-8060x4498,640 White Glen Suite 017,90726,NC,Life,981288.36,12095.67,6263.47,2023-12-24,2025-12-23,2024-05-18,698502.34,Under Review,Louis Moyer,,2026-01-11
POL-0001992,CLM-00001992,CUST-70613,Danny Romero,757-40-8470,gkhan@example.org,404-613-2157,279 Brown Brooks,62818,CA,Life,460576.74,4249.3,5472.52,2022-10-22,2025-10-21,2022-11-17,239809.17,Submitted,,,2025-01-29
POL-0001993,,CUST-36759,Geoffrey Brown,319-34-7171,ashley10@example.com,934-210-6544x36677,1709 Kim Points,31924,CA,Home,888623.97,4016.74,5882.36,2023-07-17,2027-07-16,2025-12-02,465935.88,Rejected,,,2025-07-23
POL-0001994,,CUST-23280,Ian Hale,568-52-1736,tina88@example.net,(722)678-8564x6743,80416 Matthew Heights,00000,NC,Health,64647.39,143.08,2630.48,2022-06-02,2027-06-01,2023-12-14,19862.92,Submitted,,,2026-03-19
POL-0001995,,CUST-85556,Megan Lambert,517-55-3162,jenniferbecker@example.org,617.978.4249x6403,1516 Ryan Parkways Apt. 938,45917,FL,Health,1736261.75,21377.09,9541.42,2022-07-09,2024-07-08,2023-04-05,603286.54,Under Review,Renee Patel,,2024-05-30
POL-0001996,CLM-00001996,CUST-39935,Stacey Adams,384-20-9511,laurenjohnson@example.net,+1-896-697-5370x701,1412 Summers Hill Suite 680,71652,TX,Life,631736.0,6188.42,7079.71,2021-07-27,2025-07-26,2025-06-30,137264.97,Submitted,,,2024-08-20
POL-0001997,CLM-00001997,CUST-33719,Melissa Green,432-37-7833,rlove@example.org,2352393210,2736 Dylan Keys Apt. 592,34408,TX,Life,1520376.28,16150.68,1184.23,2024-11-02,2028-11-01,2024-11-29,1166937.94,Submitted,,,2025-12-11
POL-0001998,CLM-00001998,CUST-71628,Kimberly King,575-19-2219,wanderson@example.net,+1-214-684-5385x2247,905 Sean Ridges,39983,CA,Commercial,547907.42,7219.84,6884.5,2025-02-19,2030-02-18,2025-02-20,198497.77,Rejected,Jesse Tyler,,2025-05-14
POL-0001999,CLM-00001999,CUST-69381,Kimberly Richards,742-60-3954,justin84@example.net,001-814-844-2417x9421,781 Young Shoals,94045,WA,Home,1309286.17,6242.41,4013.72,2024-01-16,2026-01-15,2025-01-22,792173.16,Submitted,,,2025-11-30
POL-0002000,CLM-00002000,CUST-96551,Cesar Lopez,812-20-7651,keithdixon@example.org,+1-289-409-1638x210,573 Freeman Courts Suite 415,88566,CO,Health,865447.8,5764.15,6634.82,2021-02-19,2024-02-19,2021-03-29,607998.48,Settled,Jennifer Reid,515692.16,2025-04-01
POL-0002001,,CUST-67843,Jason Cruz,104-10-5607,andersonwarren@example.org,(897)241-0195x0660,522 Yvonne Glens Apt. 466,72621,GA,Home,1174737.59,8721.19,7261.39,2022-01-20,2027-01-19,2023-01-07,645066.78,Under Review,,,2024-12-05
POL-0002002,CLM-00000899,CUST-57497,Brett Peters,590-45-2477,ryanchristian@example.org,922.477.3228x096,089 Mike Road Apt. 078,13378,FL,Life,1696933.03,19147.46,4865.81,2023-01-23,2024-01-23,2023-12-03,301895.23,Rejected,,,2025-08-09
POL-0002003,,CUST-20497,Taylor Morgan,872-25-2459,jason32@example.org,(900)777-9666x6795,54915 Mendoza Forge,51670,WA,Home,1698213.92,23766.81,8456.01,2024-12-10,2026-12-10,2026-02-04,945800.37,Rejected,Jesse Tyler,,2024-04-14
POL-0002004,CLM-00000560,CUST-40541,James Mann,480-67-2710,gallen@example.org,6489976875,90378 Saunders Harbors,11080,NC,Commercial,1400255.74,10116.32,5489.37,2022-03-16,2026-03-15,2024-03-23,302635.22,Settled,Karen Miller,219996.76,2026-01-05
POL-0002005,CLM-00000089,CUST-81726,Sharon Cooper,209-38-2558,thompsonstephen@example.net,667.467.0869,8028 Zachary Course,02997,FL,Auto,608810.8,3531.07,4571.57,2022-11-06,2025-11-05,2025-01-31,1075790.6661859248,Settled,Dr. Tina Reyes MD,119681.42,2024-12-23
POL-0002006,CLM-00001471,CUST-47714,Kim Waller,296-62-2608,harveygabriel@example.net,911.827.2576x78599,894 Martinez Garden,,IL,Home,501354.15,6305.79,4033.91,2023-07-05,2025-07-04,2025-03-20,746510.6500532896,Submitted,,,2021-05-19
POL-0002007,,CUST-17554,Keith Bradford,188-90-4113,robertcruz@example.com,(965)359-0706x674,75558 Wolf Turnpike,ZIP-NA,NC,Commercial,1558638.74,10470.16,4584.47,2023-04-04,2026-04-03,2025-03-26,2009286.0552998567,Settled,Wendy Smith,485394.68,2025-06-15
POL-0002008,CLM-00001745,CUST-26457,Jeremy Ho,696-50-6980,josephlittle@example.org,6697910893,786 Donald Route Suite 560,69915,CA,Auto,344345.77,4357.77,9876.83,2021-11-14,2024-11-13,2024-07-08,87097.0,Settled,John Meyer,54645.04,2025-02-26
POL-0002009,CLM-00000708,CUST-72935,Elizabeth Grant,317-77-9622,jordanwilliams@example.net,(582)792-9169,576 Jessica Groves Apt. 823,04806,NC,Health,1778251.82,25156.37,995.48,2022-05-19,2023-05-19,2022-06-27,1305724.05,Under Review,Eric Butler,,2024-09-26
POL-0002010,CLM-00001489,CUST-54776,Justin Collier,353-66-3382,lfrancis@example.net,001-644-223-1132,15051 Samuel Lodge Apt. 191,50783,NC,Health,780152.05,5517.13,2593.48,2024-04-18,2026-04-18,2025-03-10,421111.2,Settled,Douglas Ferguson,365462.12,2025-01-31
POL-0002011,CLM-00000012,CUST-22300,Kyle Brown,537-98-5756,ryan80@example.com,001-697-984-2553x96116,0572 Harrington Roads,,GA,Life,1909325.28,19065.05,5757.9,2021-09-25,2018-09-22,2022-03-05,1193416.08,Settled,Phillip Sherman,945322.79,2023-02-22
POL-0002012,CLM-00001154,CUST-10823,Samantha Lee,285-93-4482,robertsonmallory@example.org,001-412-245-2965x444,7062 Vega Trail Suite 146,64285,TX,Auto,1402035.09,14302.51,6549.71,2022-12-31,2025-12-30,2025-12-24,1073432.55,Submitted,,,2022-11-17
POL-0002013,CLM-00000605,CUST-35343,Emily Fisher,307-50-1664,holmesamanda@example.org,705.804.6360,2767 William Islands Apt. 115,02254,TX,auto,10911.26,78.06,3129.36,2021-03-06,2023-03-06,2021-12-31,8166.86,Approved,Denise Green,,2025-05-06
POL-0002014,CLM-00000145,CUST-34878,Robert Morgan,183-17-2077,james12@example.com,4114171487,618 Scott Neck Suite 988,53618,WA,Home,319039.25,4423.81,6072.41,2021-06-06,2022-06-06,2021-11-09,149034.89,Settled,,90052.91,2024-12-08
POL-0002015,CLM-00001322,CUST-26830,Tina Robinson,147-73-4964,lwalker@example.org,884.477.3970,2815 Barbara Overpass Suite 177,06829,CO,Home,753532.16,9030.52,797.71,2024-04-14,2019-04-13,2024-06-13,71232.57,Rejected,Caleb West,,2024-05-26
POL-0002016,,CUST-24665,Jennifer Smith,587-54-3793,lmoreno@example.com,449.921.1120,0743 Abigail Flat,01643,IL,Health,1227273.71,13596.38,326.65,2023-10-20,2026-10-19,2024-11-07,955460.09,Settled,Denise Green,713193.82,2022-09-28
POL-0002017,CLM-00000612,CUST-72634,Samantha Campos,492-97-1739,zacharyrogers@example.org,+1-761-309-6342,126 Allen Walks Suite 769,53240,WA,Life,115911.28,657.89,9981.59,2020-07-21,2021-07-21,2021-02-20,43614.97,Settled,Ashley Mcclain,29743.8,2025-10-05
POL-0002018,CLM-00001113,CUST-74729,Roberto Sanchez,229-65-4711,jennifer73@example.com,576.925.2881x6210,2483 Smith Fields Suite 940,53411,WA,Life,1658123.01,14505.55,1590.93,2024-10-05,2029-10-04,2025-03-21,811423.7,Submitted,,,2025-12-17
POL-0002019,CLM-00000577,CUST-83448,Kimberly Love,971-56-6351,matthewclark@example.org,+1-566-754-9048x4448,5407 Heather Crossroad,07737,WA,Health,562740.16,4335.68,5970.64,2025-02-17,2029-02-16,2025-12-19,449610.38,Settled,Kenneth White,410038.02,2025-06-28
POL-0002020,CLM-00000488,CUST-13821,Mark Campbell,803-71-2228,zwiggins@example.org,547.731.0138,2098 Barker Divide,81129,NY,Home,661559.47,8700.92,7730.95,2024-06-18,2027-06-18,2025-08-30,407617.42,Settled,Douglas Ferguson,376277.8,2025-01-30
POL-0002021,CLM-00001314,CUST-25890,Bruce Harris,171-37-2361,johnsondavid@example.org,2582031160,2745 Mary Prairie,91014,FL,Life,904492.12,3644.55,7268.31,2022-12-10,2024-12-09,2023-08-03,653197.6,Submitted,,,2026-02-21
POL-0002022,CLM-00001944,CUST-98623,Vincent George,832-75-2010,hfleming@example.com,+1-931-346-7620,57676 Maria Junctions,39222,FL,auto,289606.6,2308.39,6330.37,2021-10-05,2026-10-04,2024-05-10,191853.42,Settled,Wendy Smith,143868.07,2025-05-27
POL-0002023,CLM-00001272,CUST-81083,Mark Harris,911-21-3013,nelsonabigail@example.com,509-860-1966x318,4621 Angie Underpass Suite 199,41292,NC,Auto,948740.43,5289.5,5071.26,2022-10-09,2024-10-08,2024-06-14,366900.88,Under Review,Dr. Tina Reyes MD,,2024-05-02
POL-0002024,CLM-00001959,CUST-48550,Jennifer Weber,574-29-6809,szimmerman@example.org,986-218-1626x36132,892 Nguyen Rapids,70964,WA,Life,568945.54,8504.39,7349.39,2025-01-15,2028-01-15,2025-03-19,278556.31,Approved,Victor Morgan,,2025-10-30
POL-0002025,CLM-00000889,CUST-87809,Kevin Rose,952-56-1020,christinaharrington@example.net,230.763.4353x302,616 Mcgee Harbor Suite 081,15346,NY,Home,810482.65,10448.31,6901.21,2020-12-02,2021-12-02,2021-10-30,46600.58,Rejected,Eric Butler,,2025-12-20
POL-0002026,CLM-00000441,CUST-14347,Mrs. Summer Berg,137-51-8517,smithmichelle@example.org,307.264.2508x05120,6028 Johnson Land Suite 809,12680,NC,Life,831348.97,9937.03,1139.57,2023-01-24,2027-01-23,2026-03-28,136091.69,Rejected,Wendy Smith,,2025-09-08
POL-0002027,CLM-00000077,CUST-71332,Deborah Olson,765-65-4566,glong@example.org,+1-724-506-5421x202,80392 Wade Stream,21302,CA,Home,444003.84,2736.69,5479.03,2022-09-30,2024-09-29,2024-09-27,165918.69,Approved,Renee Patel,,2025-01-03
POL-0002028,CLM-00000359,CUST-99487,Daryl Hill,472-30-6258,skelly@example.org,(530)790-8387x84322,21080 Debbie Way Apt. 870,23909,NC,Auto,1032876.6,13724.11,8134.58,2025-02-06,2029-02-05,2025-12-13,699342.59,Approved,Victor Morgan,,2024-11-20
POL-0002029,CLM-00000406,CUST-20548,Kara Young,489-96-9031,huntkeith@example.com,568-499-8884x79954,604 Eric Square,43872,NC,Home,686462.83,3155.11,5235.4,2023-08-05,2028-08-03,2024-09-04,58128.97,Settled,,47886.55,2024-02-24
POL-0002030,CLM-00001952,CUST-72458,Timothy Davis,128-82-2070,chenjulie@example.org,(865)332-9132x2413,14613 Angela Alley,45509,FL,Home,71837.37,533.58,4762.68,2021-03-04,2025-03-03,2021-10-07,4655.11,Settled,Phillip Sherman,3197.59,2024-08-20
POL-0002031,,CUST-27094,Eric Mckay,722-28-9788,nicholasboone@example.net,001-434-467-4013x4287,26112 William Springs,60183,NC,Health,892830.7,1885.28,1893.38,2023-08-22,2028-08-20,2025-02-23,74768.63,Approved,Karen Miller,,2025-03-04
POL-0002032,CLM-00000148,CUST-21456,Jeffrey Fernandez,806-70-8006,danielsderek@example.com,913.387.2167,009 Erica Circles Apt. 193,86760,NC,Home,1577252.82,17546.82,5739.33,2024-08-13,2028-08-12,2025-12-07,1052265.09,Settled,Randy Brown,684114.4,2025-06-19
POL-0002033,CLM-00001954,CUST-92249,Amy Wise,295-63-5023,qsmith@example.com,001-378-256-0043x08786,60558 Mack Ramp,77785,AZ,Home,869312.17,11099.16,4947.29,2022-03-07,2024-03-06,2022-05-24,27917.61,Settled,Brian Hernandez,18545.47,2025-12-06
POL-0002034,CLM-00000127,CUST-15785,David Colon,225-65-7925,mortonjohn@example.net,+1-615-911-2463x531,424 Christopher Via,70820,NC,Auto,1968100.55,18107.88,7669.0,2023-06-29,2025-06-28,2024-01-19,3084420.6734347525,Approved,Denise Green,,2024-05-30
POL-0002035,CLM-00001677,CUST-85085,Kimberly Rivas,208-45-1907,deannaluna@example.com,+1-738-857-9435x5863,517 Morgan Lane,06153,NY,Health,1435134.64,10187.86,4241.95,2024-05-11,2028-05-10,2024-08-30,735388.3,Settled,Douglas Ferguson,643325.39,2024-07-13
POL-0002036,CLM-00000974,CUST-55837,Marie Smith,314-16-9337,balexander@example.net,940.368.4502,529 Jones Glens,06732,CA,Auto,590895.15,1606.65,4725.14,2024-12-09,2025-12-09,2025-07-25,10267.95,Under Review,Randy Brown,,2024-12-24
POL-0002037,CLM-00001929,CUST-46097,Judy Novak,474-94-7875,ellenmartin@example.com,001-323-226-6473x633,198 Shelley Station Suite 637,74878,NC,Home,137247.66,1852.67,1054.26,2022-03-29,2024-03-28,2023-12-11,96566.28,Approved,Randy Brown,,2024-10-27
POL-0002038,CLM-00001227,CUST-30022,Mark Solis,825-62-8255,anne82@example.com,683.476.5522,59069 Tricia View Suite 526,63264,NY,life,1262777.96,16221.32,7530.26,2024-08-31,2028-08-30,2024-09-28,847098.05,Approved,Brett White,,2025-03-24
POL-0002039,CLM-00000058,CUST-44412,Eric Davis,792-85-6701,dfranco@example.net,(784)894-5352,36916 William Plaza,95425,FL,Auto,290918.28,1305.4,9033.37,2020-06-27,2021-06-27,2020-12-02,153106.74,Settled,Dr. Tina Reyes MD,114237.59,2026-03-01
POL-0002040,CLM-00001181,CUST-53188,Ronald Walker,346-99-9910,daniel57@example.net,(417)976-9233x067,0772 Simmons Plain,33736,IL,auto,1106610.75,7151.56,1831.86,2021-08-11,2023-08-11,2023-01-29,91173.25,Settled,Denise Green,59573.61,2024-04-14
POL-0002041,CLM-00000154,CUST-99565,Cheryl Gonzalez,175-17-4535,rosstyrone@example.com,651.380.4487,520 Matthew Summit Apt. 922,24921,AZ,Home,1360666.11,2987.99,1634.06,2024-07-01,2026-07-01,2024-07-25,350140.32,Submitted,,,2025-02-15
POL-0002042,CLM-00000519,CUST-29121,Joel Miranda,255-58-7941,hensonbryan@example.org,(303)385-8468x438,53511 Peter Keys,50843,GA,Home,45472.27,224.36,6288.0,2020-08-29,2022-08-29,2021-03-12,27492.11,Rejected,Renee Patel,,2025-10-21
POL-0002043,CLM-00000555,CUST-12653,Cassandra Wu,881-28-7409,mendozaamy@example.com,750.979.3316x7641,930 Frederick Stream,57295,TX,Health,1006963.76,3615.53,7516.84,2021-03-20,2022-03-20,2021-09-11,408128.13,Under Review,Victor Morgan,,2025-05-26
POL-0002044,CLM-00001901,CUST-87614,Justin Holland,603-53-3252,russellchavez@example.org,3074560960,7147 Michael Trafficway Apt. 116,30358,WA,Auto,507035.28,1874.44,9429.78,2022-10-07,2025-10-06,2023-06-30,375297.52,Rejected,Caleb West,,2025-09-26
POL-0002045,CLM-00001588,CUST-46275,Mitchell Miller,832-61-6774,tapiagabriel@example.net,001-701-475-3083x95130,80070 Kimberly Fields Suite 729,08266,AZ,Home,999414.98,2877.36,6386.68,2023-10-28,2025-10-27,2025-08-18,599705.96,Under Review,Ashley Mcclain,,2025-01-26
POL-0002046,CLM-00001294,CUST-49416,Douglas Johns,157-93-9221,sheilawilliams@example.com,867-275-0767x66369,245 Susan Circle,92067,NC,Home,1440488.46,17848.3,4180.98,2021-08-01,2024-07-31,2024-01-29,572621.71,Under Review,Brett White,,2024-07-23
POL-0002047,CLM-00001962,CUST-75500,Brooke Marks,863-15-7406,bkelly@example.net,+1-874-374-2284x8664,4386 James Mount Apt. 413,87838,AZ,Health,518536.8,3439.66,3361.8,2022-01-15,2024-01-15,2023-09-20,35646.9,Approved,Louis Moyer,,2025-06-18
POL-0002048,CLM-00000088,CUST-95452,Robert Leonard,168-82-9804,rojasjeffery@example.com,(688)658-2225x34236,11323 Roberson Brooks Apt. 135,13379,AZ,Commercial,1054787.0,14993.3,2290.07,2024-01-05,2025-01-04,2024-08-17,326016.81,Rejected,Jennifer Reid,,2024-07-27
POL-0002049,,CUST-19529,Joseph Greer,903-79-9842,kathleensexton@example.com,426-251-6553,69345 Sanders Path,,TX,Life,823090.18,6704.95,786.49,2025-03-03,2029-03-02,2026-02-20,405743.6,Submitted,,,2025-04-16
POL-0002050,CLM-00000919,CUST-74943,Fernando Erickson,275-32-5649,fjenkins@example.com,808-931-4872x43155,2499 Sarah Avenue Apt. 396,32396,NC,Auto,1314967.02,8634.91,3577.36,2022-07-29,2026-07-28,2023-03-01,943518.16,Settled,Denise Green,579657.07,2024-10-17
POL-0002051,,CUST-71257,Michael Carpenter,671-32-9244,freyes@example.com,(450)458-5029,92495 Taylor Pines Suite 614,16324,TX,Home,860189.21,10909.68,365.04,2023-11-04,2028-11-02,2026-03-22,1447947.4223349972,Submitted,,,2024-09-01
POL-0002052,CLM-00001554,CUST-81528,Monica Davis,638-13-7013,ysanchez@example.org,584-244-0684x5657,785 Collins Views Suite 550,64072,CA,Home,1441367.07,8533.11,1189.91,2020-11-06,2025-11-05,2025-03-23,257696.86,Settled,Victor Morgan,172967.79,2024-08-10
POL-0002053,CLM-00000545,CUST-46335,Christine Jones,432-40-7903,jeffrey79@example.net,(994)648-3337,56148 Megan Way Apt. 711,26337,AZ,Commercial,1671448.62,21092.29,8467.3,2023-02-14,2025-02-13,2024-05-31,720474.42,Approved,Kenneth White,,2024-11-09
POL-0002054,CLM-00001737,CUST-33323,Kathryn Gibbs,729-22-3897,adamsjanice@example.com,843-312-1542x936,5492 Davis Plaza Apt. 383,41071,AZ,Health,486224.87,3497.67,3015.78,2022-09-27,2023-09-27,2023-05-16,362305.93,Under Review,Brett White,,2025-01-30
POL-0002055,CLM-00000307,CUST-34479,Mark Noble,263-33-5335,kathleennorman@example.com,842-755-1538,36567 Morales Manor Suite 005,80611,CO,Life,1612108.39,17696.93,2895.64,2022-01-01,2024-12-31,2022-02-21,2875636.098476411,Settled,John Meyer,457802.75,2024-12-06
POL-0002056,CLM-00000998,CUST-19090,Sheila Steele,479-38-1034,wgarcia@example.com,908-660-3315,010 Morgan Green,84789,CO,Health,545031.48,2150.86,5063.25,2021-06-25,2026-06-24,2023-04-01,284341.41,Approved,Ashley Mcclain,,2024-10-29
POL-0002057,CLM-00001037,CUST-68072,Dustin Cook,515-53-6443,robinsongregory@example.com,598.729.4113x22855,1956 Franco Estates Suite 091,20029,IL,Auto,1407053.07,19193.31,5696.76,2023-07-22,2024-07-21,2024-07-13,518538.94,Submitted,,,2026-02-03
POL-0002058,CLM-00000190,CUST-75164,Heather Perry,388-71-5328,falvarez@example.com,(694)595-8339x091,87535 Smith Estate,,IL,Commercial,362465.9,1667.75,4086.25,2022-02-16,2023-02-16,2022-11-03,104156.96,Approved,Jesse Tyler,,2025-03-18
POL-0002059,CLM-00001928,CUST-88117,Patrick Navarro,853-27-6410,powersnicholas@example.com,001-902-209-1663x040,824 Tonya Stravenue Apt. 795,49302,CA,Home,1535725.92,20024.92,5968.89,2020-08-21,2021-08-21,2021-03-29,1118031.96,Under Review,Jesse Tyler,,2024-09-11
POL-0002060,,CUST-53072,Kathryn Sanders,153-88-7787,klinejennifer@example.net,(336)650-1531x790,8838 Antonio Throughway,81022,FL,Life,268355.91,3471.67,3220.81,2021-10-29,2023-10-29,2023-09-24,158856.78,Approved,Jennifer Reid,,2026-01-01
POL-0002061,CLM-00001068,CUST-60501,Lisa Ward,306-96-2772,davidmcintosh@example.org,+1-301-277-8854,5161 Brian Forges Apt. 785,22010,IL,Health,778957.7,3871.93,7498.28,2024-11-24,2029-11-23,2025-09-26,412271.5,Under Review,Ashley Mcclain,,2025-03-30
POL-0002062,CLM-00000959,CUST-52068,Matthew Howard,128-13-4153,uscott@example.net,(489)542-5993x06908,3219 Victor Plains Apt. 394,64614,CA,Commercial,1931077.05,18317.1,8003.75,2021-11-25,2018-10-21,2023-03-12,967765.89,Approved,Karen Miller,,2024-11-16
POL-0002063,CLM-00001507,CUST-91330,Eric Goodman,456-16-7840,houstonlisa@example.net,001-239-658-7735x5036,8047 Davis Radial Apt. 540,04261,NY,Auto,1361433.09,7977.26,6438.59,2021-05-02,2024-05-01,2022-05-16,505974.76,Submitted,,,2025-05-06
POL-0002064,CLM-00000447,CUST-54293,Cassandra Butler,175-49-9936,diazjill@example.net,001-597-359-0330x242,992 Hill Pike,63140,TX,Health,944789.21,3111.7,9495.42,2020-07-16,2021-07-16,2020-09-29,118039.87,Submitted,,,2025-10-22
POL-0002065,CLM-00000897,CUST-46441,Hunter Buckley,834-22-8595,chelseamorales@example.net,759.824.3114x2119,6265 Wayne Coves,56781,NC,Health,322139.76,4200.35,5348.14,2022-09-18,2027-09-17,2024-05-02,96815.83,Approved,Ashley Mcclain,,2024-05-31
POL-0002066,CLM-00000474,CUST-84488,Jon Sims,782-89-9402,desireeherrera@example.com,(626)845-6001x526,49898 Smith Estates Apt. 489,42321,NC,Auto,1642932.63,19848.93,3741.29,2021-03-12,2023-03-12,2022-01-26,477511.33,Submitted,,,2024-07-04
POL-0002067,CLM-00001520,CUST-15665,Austin Thomas,369-31-9631,averybenjamin@example.org,+1-524-701-7845x385,269 Joanne Street,43862,NC,Home,927417.78,8017.35,6060.65,2024-03-29,2029-03-28,2026-01-06,540764.7,Rejected,Victor Morgan,,2025-12-13
POL-0002068,CLM-00000610,CUST-36326,Stephanie Gibbs,533-86-3820,gabriel89@example.org,001-672-810-7231x995,300 Harold Square,94298,NC,Auto,1288748.83,3976.46,4301.73,2023-05-25,2028-05-23,2024-06-23,958000.23,Under Review,Renee Patel,,2025-10-18
POL-0002069,CLM-00000426,CUST-31363,Brandon Brown,518-33-2513,brandon54@example.com,(545)971-4083x684,88116 Silva Islands,04293,GA,Commercial,1173096.15,6482.77,2010.89,2023-07-20,2024-07-19,2023-09-14,765618.87,Settled,Jennifer Reid,507290.94,2024-08-25
POL-0002070,CLM-00001900,CUST-27957,Dennis Gonzales,424-69-7998,beaton@example.net,(385)416-5086x48066,10753 Smith Brooks,ABCDE,NC,Home,307752.53,2006.56,6680.05,2021-10-31,2023-10-31,2022-10-07,124562.94,Rejected,Douglas Ferguson,,2024-09-29
POL-0002071,,CUST-36759,Geoffrey Brown,319-34-7171,ashley10@example.com,934-210-6544x36677,1709 Kim Points,31924,CA,Home,888623.97,4016.74,5882.36,2023-07-17,2027-07-16,2025-12-02,465935.88,Rejected,,,2025-07-23
POL-0002072,CLM-00001814,CUST-60254,Tracy Carter,787-94-6471,marykim@example.org,+1-761-250-1941x51523,89704 Lambert Radial Apt. 295,,GA,Home,1350638.33,2898.87,6726.56,2022-04-17,2026-04-16,2023-03-04,627363.4,Rejected,Phillip Sherman,,2026-02-19
POL-0002073,CLM-00000032,CUST-45942,Annette Ford,645-11-4563,sarah18@example.com,001-719-254-7468x47337,104 William Pine Apt. 222,97263,GA,Health,1443303.57,8247.37,6761.43,2023-03-23,2027-03-22,2026-02-24,196173.78,Submitted,,,2022-11-23
POL-0002074,CLM-00000234,CUST-25658,Cheryl Beasley,488-15-3530,ethompson@example.net,894.434.2120,2801 David Common Apt. 905,97711,AZ,Commercial,672980.03,5065.43,9703.6,2021-05-21,2024-05-20,2022-01-21,206606.85,Settled,Brian Hernandez,168160.93,2023-05-06
POL-0002075,,CUST-66985,Christopher Werner,216-90-3740,ajohnson@example.net,382-879-3465x64122,36309 Vasquez Isle Suite 138,69031,CA,HEALTH,1096836.22,12605.04,646.15,2021-09-29,2022-09-29,2022-03-29,599582.76,Settled,Denise Green,501157.35,2025-04-13
POL-0002076,CLM-00001780,CUST-60322,Breanna Ramsey,454-21-6138,prush@example.net,+1-793-374-6076x732,071 Norman Route,00000,TX,Life,1691914.25,14715.33,9343.19,2021-08-03,2025-08-02,2023-01-08,104596.33,Submitted,,,2024-09-26
POL-0002077,CLM-00001562,CUST-42208,Diana Thomas,884-47-3242,kaylee69@example.net,(551)408-5200,96829 Teresa Village Apt. 680,95896,CA,AUTO,1010336.85,2241.51,3040.1,2024-04-25,2026-04-25,2025-03-12,395467.73,Approved,,,2025-07-11
POL-0002078,CLM-00000550,CUST-18692,Anthony Ferrell,645-23-9122,jonesgabriel@example.org,436.823.7359x190,83866 Walter Trafficway Suite 670,88122,IL,auto,1072301.07,8273.01,3333.15,2023-07-31,2026-07-30,2026-03-27,603010.79,Rejected,,,2025-05-10
POL-0002079,,CUST-78459,Shannon Anderson,210-39-9753,alvaradobrandon@example.com,(266)747-6297,5856 Joann Circle,98642,NY,Life,833984.88,4696.07,7080.67,2021-09-08,2023-09-08,2022-03-11,144639.86,Approved,Michelle Davis,,2024-10-15
POL-0002080,CLM-00001110,CUST-47103,William Patterson,252-93-6330,nicholas68@example.com,(495)827-0405x2393,365 Ruiz Lake Suite 634,95329,NC,Commercial,1162461.13,3774.45,8612.21,2020-04-18,2022-04-18,2021-12-19,241775.61,Approved,Victor Morgan,,2024-06-09
POL-0002081,CLM-00001095,CUST-42625,Shelby Chung,498-24-3621,sandovaljames@example.com,(899)479-4681,15114 Foley Walk,39371,NY,Commercial,151938.16,733.6,5587.28,2022-12-15,2024-12-14,2023-11-01,8159.3,Under Review,Wendy Smith,,2025-10-16
POL-0002082,CLM-00000675,CUST-81629,Daniel Simmons DVM,182-74-8990,hbrandt@example.net,(985)591-5659,676 Stacey Road,46823,WA,Commercial,222728.8,2649.79,3754.37,2020-07-19,2025-07-18,2020-11-05,11245.11,Rejected,Dr. Tina Reyes MD,,2024-07-25
POL-0002083,CLM-00001795,CUST-69352,Amanda Norris,286-93-5437,floydrobert@example.net,800.799.3352,204 Allen Coves Apt. 374,44883,NC,Commercial,695299.2,7821.33,5615.58,2023-07-12,2028-07-10,2024-11-23,403688.96,Approved,Jesse Tyler,,2024-08-03
POL-0002084,,CUST-87326,Jennifer Lee DDS,194-31-1948,anthony96@example.com,001-221-381-0697x080,477 Patricia Ferry,,IL,AUTO,914634.77,11833.52,5908.54,2021-10-12,2022-10-12,2021-12-20,634971.01,Submitted,,,2024-05-05
POL-0002085,,CUST-33770,Mary Clark,986-18-3138,ricardo07@example.net,718.341.5429,19994 Tyler Mall Suite 242,73875,GA,Health,1915093.05,5073.12,6787.03,2020-11-26,2025-11-25,2023-06-30,473043.5,Submitted,,,2024-06-12
POL-0002086,CLM-00001280,CUST-74678,James Nelson,441-88-2272,bryan11@example.org,001-668-538-7613,96663 Hogan Camp Suite 679,91528,AZ,Auto,1630285.34,20281.52,6538.55,2023-05-20,2026-05-19,2024-01-25,1196044.4,Submitted,,,2025-07-22
POL-0002087,CLM-00001246,CUST-55566,William Turner,600-45-1627,ysmith@example.com,724-447-5599,85912 Ashley Port,47379,NC,Commercial,96771.09,1277.08,3538.8,2022-02-14,2018-09-22,2022-09-14,22074.26,Settled,Denise Green,15957.21,2024-06-30
POL-0002088,CLM-00000296,CUST-54953,Samantha Robinson,619-38-7508,greerbradley@example.org,001-701-698-1466,975 Abigail Summit,95031,WA,Commercial,226292.32,2244.76,272.03,2024-10-13,2028-10-12,2025-10-17,42657.8,Approved,Brett White,,2026-03-30
POL-0002089,CLM-00001457,CUST-67590,Pamela Jimenez,372-53-9404,christinawebb@example.org,963.366.5574,674 Blake Trace,28179,GA,Health,45450.43,577.39,5805.55,2022-12-19,2026-12-18,2023-04-16,33766.79,Rejected,,,2025-06-30
POL-0002090,CLM-00001038,CUST-31305,Bobby Robinson,169-83-4358,brian83@example.org,503.372.3998x1597,48561 Heath Forks Suite 899,52096,CA,Auto,1006298.79,13301.35,5664.18,2022-07-18,2027-07-17,2024-07-26,711464.26,Under Review,Jennifer Reid,,2024-11-10
POL-0002091,CLM-00001503,CUST-60841,Troy Brewer,516-57-4711,erin51@example.com,2473085988,817 Michelle Cove,05481,WA,Home,1404490.45,18010.22,7180.79,2024-10-17,2025-10-17,2025-09-14,609274.45,Approved,Ashley Mcclain,,2021-09-09
POL-0002092,CLM-00000918,CUST-48496,Monica Wilson,191-17-9322,tblake@example.org,682.393.8673x9528,968 Wilkerson Field Suite 091,73132,CA,Commercial,1842812.99,19523.2,897.3,2020-12-11,2025-12-10,2025-10-20,657213.32,Submitted,,,2025-03-04
POL-0002093,CLM-00001694,CUST-43454,Jonathan Kelly,807-59-4988,watsonkenneth@example.org,(222)303-5124,1446 Martin Garden Suite 084,03540,GA,Home,1338871.51,19407.05,7210.99,2022-09-01,2024-08-31,2023-02-07,560856.5,Approved,Jesse Tyler,,2024-07-29
POL-0002094,CLM-00001087,CUST-61963,Richard Miller,946-12-8148,wilsonmelissa@example.net,(301)818-3166,0039 Webster Square,44876,AZ,Health,496158.08,3559.11,3820.07,2020-11-24,2024-11-23,2021-04-29,365195.75,Settled,,354970.52,2025-01-18
POL-0002095,CLM-00000931,CUST-35144,Miss Catherine Smith,654-20-6106,erica70@example.com,320-716-9098x51305,716 Whitney Fords Suite 820,29151,WA,Auto,1553995.84,4253.6,1595.57,2022-12-14,2023-12-14,2023-03-12,1241544.19,Approved,John Meyer,,2025-12-26
POL-0002096,CLM-00000735,CUST-85047,Michael Rogers,473-73-6128,cindypalmer@example.net,366-578-7229x774,54395 Smith Summit Apt. 092,80601,AZ,Health,105536.72,1212.63,5179.21,2021-11-23,2023-11-23,2023-10-20,55702.28,Rejected,Michelle Davis,,2025-04-11
POL-0002097,CLM-00000326,CUST-20445,Adriana Harris,927-24-1189,sandra90@example.com,771-950-0280,28501 Amy Village,63533,TX,Home,457163.98,1812.65,9751.39,2025-02-28,2030-02-27,2025-05-15,69524.6,Approved,Renee Patel,,2024-06-18
POL-0002098,CLM-00000274,CUST-57951,John Young,364-96-4080,nrodriguez@example.net,001-211-555-7630x657,619 Randy Fort,66580,GA,Health,1654977.53,19238.89,922.2,2023-06-21,2024-06-20,2024-01-25,638512.3,Submitted,,,2025-08-13
POL-0002099,CLM-00001484,CUST-23547,Dan Wilson PhD,568-19-5138,nathanortiz@example.org,460-668-1474,858 Nicole Parkway Apt. 252,91242,IL,Health,1184075.21,15812.06,3033.11,2023-05-13,2024-05-12,2024-02-20,1425701.6409575976,Rejected,Wendy Smith,,2024-07-14
POL-0002100,CLM-00000705,CUST-55414,Heather Wood,209-90-3640,andersontara@example.org,(862)958-5398x7945,775 Tina Divide,10135,FL,Home,1668277.0,10177.17,7885.89,2021-02-17,2023-02-17,2022-12-23,1993850.9077819095,Submitted,,,2024-06-29
POL-0002101,CLM-00001517,CUST-58605,John Adams,481-73-8564,terryralph@example.com,642-659-4654x98663,140 Joan Overpass Apt. 228,18041,CO,Home,306274.13,1674.58,9329.47,2024-03-21,2028-03-20,2024-07-30,108272.38,Under Review,Jennifer Reid,,2025-02-22
POL-0002102,CLM-00000059,CUST-73964,Joseph Decker,159-53-5750,erica06@example.org,001-785-292-3297,106 Baker Lodge,38714,IL,Auto,177125.69,1915.38,5977.21,2024-01-24,2025-01-23,2024-06-05,81146.49,Approved,Brett White,,2025-07-05
POL-0002103,CLM-00000646,CUST-46896,Regina Robertson,802-68-5325,michaellove@example.org,+1-974-415-1778x279,219 Lauren Light,74445,NC,Commercial,540340.02,4670.49,314.31,2024-11-26,2029-11-25,2025-02-19,370642.52,Submitted,,,2025-12-10
POL-0002104,,CUST-54193,Elizabeth Jefferson MD,395-99-2366,xmelendez@example.net,716.630.9027x39955,10161 Hendrix Rue,999,WA,Health,738158.67,5304.82,7905.2,2024-06-16,2029-06-15,2024-08-07,1054117.0570855276,Submitted,,,2025-10-31
POL-0002105,CLM-00000261,CUST-47211,Daniel Costa,589-58-7223,craigjohn@example.com,+1-227-560-9398,852 Neil Fields Suite 477,11557,CO,Life,1237286.11,10403.78,7346.5,2022-04-10,2024-04-09,2023-08-01,475825.2,Settled,Kenneth White,343570.3,2025-01-11
POL-0002106,CLM-00000676,CUST-36920,Denise Lawrence,577-76-5379,qproctor@example.com,(979)778-3344,99306 Burns Meadow Apt. 172,82791,CA,Commercial,1061681.45,11065.19,909.76,2021-06-18,2022-06-18,2021-11-04,767023.09,Under Review,Louis Moyer,,2025-01-06
POL-0002107,CLM-00001111,CUST-52728,Chad Collier,191-83-9727,sanchezderek@example.org,001-900-885-3004x6827,917 Mitchell Pike,54956,IL,Home,1782184.01,19348.27,3899.73,2023-07-31,2028-07-29,2025-04-25,701119.61,Approved,Karen Miller,,2026-02-12
POL-0002108,CLM-00001000,CUST-57797,Jessica Campbell,113-68-2061,guerrerohunter@example.com,877.929.6371x6299,7351 Osborne Summit,59759,GA,Life,1167151.3,5867.78,1762.72,2022-11-14,2027-11-13,2025-10-15,712654.32,Rejected,Louis Moyer,,2025-12-24
POL-0002109,CLM-00000375,CUST-77535,Michael Bruce,996-46-5065,tchristian@example.org,801.317.1359x486,96499 Trevino Summit Apt. 543,92631,CO,Auto,1038160.34,13086.53,8609.28,2022-02-21,2027-02-20,2024-05-25,432890.73,Rejected,Kenneth White,,2025-11-25
POL-0002110,,CUST-44358,Heather West,671-78-7652,rogercastillo@example.net,275-649-6529x888,3000 Mark Ports,90226,NY,Home,223636.66,1677.78,573.31,2023-10-31,2028-10-29,2026-01-18,22919.98,Under Review,Michelle Davis,,2024-02-08
POL-0002111,,CUST-27118,Justin Thomas,544-92-1744,gonzaleztammy@example.com,+1-920-543-8530x960,591 Simmons Key,ZIP-NA,NC,Life,468716.42,2965.77,5663.55,2023-04-25,2028-04-23,2025-07-14,268105.0,Approved,Wendy Smith,,2026-01-17
POL-0002112,CLM-00000287,CUST-64436,Amy Bentley,735-63-8871,josephmendoza@example.com,262-957-6932x228,22465 Robert Crest Apt. 246,74864,FL,Home,1180769.04,14459.82,5167.23,2024-05-18,2025-05-18,2025-03-12,837298.14,Under Review,,,2025-04-29
POL-0002113,CLM-00001810,CUST-44814,Marie Noble,984-78-5315,mooretroy@example.net,242.438.0824x57276,42299 Banks Meadow Apt. 499,33834,IL,Life,402820.11,5797.02,5017.67,2024-05-08,2026-05-08,2026-02-07,150760.48,Under Review,Douglas Ferguson,,2024-07-29
POL-0002114,CLM-00000050,CUST-64262,Barbara Sullivan,453-10-3420,julie65@example.net,+1-384-310-6922x76419,781 Scott Springs,14664,CO,Auto,789044.71,11156.89,1827.61,2023-08-22,2024-08-21,2023-11-09,614753.43,Rejected,Ashley Mcclain,,2025-02-14
POL-0002115,CLM-00001755,CUST-63717,Daniel Walker,893-90-2468,porterrobert@example.org,936.511.8757,168 Ronald Streets,57511,WA,Health,1903068.71,19449.49,5665.14,2024-09-06,2025-09-06,2025-07-24,317917.75,Submitted,,,2024-07-30
POL-0002116,,CUST-34935,Jenna Mills,261-67-1810,tina86@example.net,(772)938-1537,18222 Jamie Throughway,22116,WA,auto,364574.11,2145.46,333.13,2024-08-11,2028-08-10,2025-10-30,69308.75,Settled,Phillip Sherman,67797.32,2023-06-28
POL-0002117,CLM-00001219,CUST-75332,Cassandra Brewer,851-97-1044,paula04@example.net,3202534196,8397 Tina Circles Apt. 227,02024,GA,Home,121553.92,728.74,6184.83,2021-11-05,2025-11-04,2024-05-04,68719.06,Approved,Caleb West,,2025-09-08
POL-0002118,CLM-00001367,CUST-81061,Alan Taylor,850-12-9097,morrisjames@example.com,7994524894,6769 Jenkins Wall,81100,NC,Auto,909041.94,3001.29,5242.17,2024-02-24,2029-02-22,2024-06-21,2497067.585177901,Rejected,Randy Brown,,2025-09-28
POL-0002119,CLM-00001430,CUST-41450,Tyler Hanna,323-54-5223,stantonkatherine@example.org,(324)576-4337,068 Angela Shoal,49357,CA,Commercial,682353.55,10062.14,8120.36,2022-06-15,2027-06-14,2023-02-18,339167.34,Rejected,Jesse Tyler,,2025-01-20
POL-0002120,CLM-00000027,CUST-23006,Charles Livingston,148-69-6956,lclark@example.org,(264)507-6558,872 Rachel Bridge Apt. 234,12028,FL,Commercial,1696479.09,13378.96,8186.03,2021-02-15,2026-02-14,2024-02-14,941929.06,Submitted,,,2023-03-13
