order_id,supplier_id,supplier_name,product_id,product_name,category,order_date,expected_delivery,actual_delivery,quantity,unit_price,total_amount,warehouse_id,warehouse_location,status,quality_check,inspector,last_updated
ORD-00000001,SUP-00039,"Wiley, Brown and Sampson",PRD-000137,Cross-group multi-state firmware,Raw Materials,2025-03-01,2025-04-22,2025-05-02,628,6469.9303,4063116.23,WH-004,"Atlanta, GA",Ordered,Pending,,2025-04-20
ORD-00000002,,Morgan-Ware,PRD-000184,Distributed user-facing encryption,Raw Materials,2025-11-22,2025-12-27,2026-01-13,118,9653.4279,1139104.49,WH-002,"New York, NY",In Transit,Pending,,2025-09-10
ORD-00000003,SUP-00002,Jimenez Inc,PRD-000078,Devolved didactic instruction set,Electronics,2025-02-28,2025-04-28,2025-04-28,4776,506.7709,2094385.07,WH-010,"Los Angeles, CA",Cancelled,,,2026-02-12
ORD-00000004,SUP-00005,Williams LLC,PRD-000020,Universal methodical workforce,Chemicals,2024-05-15,2024-07-07,2024-07-17,2590,3639.9527,9427477.49,WH-004,"Los Angeles, CA",In Transit,Pending,,2025-12-05
ORD-00000005,SUP-00034,Krueger-Jackson,PRD-000014,Upgradable composite firmware,Chemicals,2025-05-23,2025-07-16,2025-07-26,237,821.021,194581.98,WH-004,"Dallas, TX",In Transit,Pending,,2024-10-31
ORD-00000006,SUP-00034,Krueger-Jackson,PRD-000154,Ameliorated 6thgeneration access,Chemicals,2024-12-03,2024-12-22,2025-01-06,2236,7016.0675,15687926.93,WH-002,"Los Angeles, CA",Delivered,Pending,Katherine Rivera,2024-08-02
ORD-00000007,SUP-00055,"Myers, Coleman and White",PRD-000194,Re-contextualized mission-critical algorithm,Food & Beverage,2026-03-08,2026-04-08,2026-04-22,653,8294.1476,5416078.38,WH-003,"Los Angeles, CA",Returned,Pass,,2025-10-06
ORD-00000008,SUP-00034,Krueger-Jackson,PRD-000105,Universal bifurcated Graphical User Interface,Chemicals,2024-07-29,2024-08-08,2024-08-06,3920,770.1534,3019001.33,WH-014,"Chicago, IL",In Transit,Pending,,2024-05-09
ORD-00000009,SUP-00036,Thomas-Velasquez,PRD-000126,Organized 24hour attitude,Chemicals,2025-07-06,2025-07-17,,2621,3892.5871,10202470.79,WH-010,"Chicago, IL",Ordered,Pending,,2026-01-07
ORD-00000010,SUP-00053,"Osborn, Ryan and Garrett",PRD-000173,Optional multimedia architecture,Electronics,2024-04-10,2024-06-07,2024-06-15,692,1947.5375,1347695.95,WH-013,"Dallas, TX",In Transit,,,2024-11-24
ORD-00000011,SUP-00075,Barron Ltd,PRD-000143,Vision-oriented tangible secured line,Machinery,2024-05-17,2024-05-08,2024-07-14,3424,6372.4276,21819192.1,WH-006,"Chicago, IL",Returned,Pending,Jamie Jackson,2025-05-30
ORD-00000012,SUP-00049,Arellano-Anderson,PRD-000021,Synergized zero tolerance approach,Textiles,2024-04-19,2024-05-02,2024-05-03,2317,8141.0422,18862794.78,WH-002,"Chicago, IL",Cancelled,Pending,,2025-10-15
ORD-00000013,SUP-00074,"Mcclain, Johnson and Gibson",PRD-000035,Programmable 6thgeneration open system,Chemicals,2024-10-01,2024-10-31,2024-11-14,1574,379.1436,596772.03,WH-011,"Los Angeles, CA",Ordered,,,2024-04-25
ORD-00000014,,Brooks and Sons,PRD-000166,Business-focused 24hour secured line,Chemicals,2023-08-26,2023-09-09,2023-09-11,36,64.725,2330.1,WH-004,"Los Angeles, CA",Delivered,Pending,Mr. Eric Morris,2025-07-13
ORD-00000015,SUP-00011,"Hatfield, Lyons and Richards",PRD-000142,Ergonomic executive customer loyalty,PACKAGING,2024-02-05,2024-01-27,2024-03-13,2602,5817.468,15137051.74,WH-002,"New York, NY",Cancelled,Pending,,2024-04-14
ORD-00000016,SUP-00071,"Robbins, Chapman and Morris",PRD-000176,Persistent clear-thinking adapter,Food & Beverage,2023-04-24,2023-06-05,2023-06-08,4672,422.5902,1974341.41,WH-010,"Atlanta, GA",Returned,Pass,Grace Schultz,2025-03-05
ORD-00000017,SUP-00009,Burton Ltd,PRD-000044,Pre-emptive discrete methodology,Textiles,2024-09-16,2024-11-13,,103,5545.7272,571209.9,WH-008,"Dallas, TX",In Transit,Pending,,2024-09-27
ORD-00000018,SUP-00055,"Myers, Coleman and White",PRD-000052,Proactive dedicated focus group,Chemicals,2024-02-08,2024-03-25,2024-03-30,3387,4713.9009,15965982.35,WH-010,"New York, NY",Delivered,Fail,Johnny Miller,2024-09-01
ORD-00000019,SUP-00033,Henderson-Mcguire,PRD-000047,Customer-focused incremental collaboration,Machinery,2024-11-26,2024-12-03,2024-12-08,4539,8287.3105,37616102.36,WH-008,"Seattle, WA",In Transit,Pending,,2024-12-23
ORD-00000020,SUP-00041,Webster and Sons,PRD-000002,Programmable object-oriented focus group,Chemicals,2025-09-30,2025-11-15,2025-11-23,2631,7959.4022,20941187.19,WH-001,"Chicago, IL",Cancelled,Pending,,2025-11-09
ORD-00000021,SUP-00054,Kane PLC,PRD-000199,Self-enabling user-facing collaboration,Food & Beverage,2023-12-06,2023-12-20,2024-01-03,4515,5033.5064,22726281.4,WH-005,"Atlanta, GA",Delivered,Pending,Robert Hebert,2025-11-03
ORD-00000022,SUP-00010,Robertson and Sons,PRD-000104,Inverse context-sensitive hardware,Raw Materials,2024-03-06,2024-04-30,2024-05-04,-4846,630.2819,3054346.09,WH-002,"New York, NY",Delivered,Pending,Michael Bell,2025-12-11
ORD-00000023,SUP-00049,Arellano-Anderson,PRD-000005,Fundamental methodical ability,Food & Beverage,2024-10-19,2024-11-15,2024-11-24,1805,6429.7858,11605763.37,WH-010,"Seattle, WA",Delivered,Pending,,2024-05-17
ORD-00000024,SUP-00044,Pitts LLC,PRD-000004,Open-source logistical challenge,Raw Materials,2023-12-14,2024-01-01,,1696,5039.6982,8547328.15,WH-005,"Seattle, WA",In Transit,Pending,,2024-05-01
ORD-00000025,SUP-00075,Barron Ltd,PRD-000190,Virtual fresh-thinking function,Packaging,2024-07-31,2024-09-26,2024-07-27,4907,8316.0444,40806829.87,WH-012,"Los Angeles, CA",Delivered,Pass,Stephanie Khan,2024-05-09
ORD-00000026,SUP-00021,"Walker, Mathis and Acosta",PRD-000021,Synergized zero tolerance approach,Chemicals,2025-02-23,2025-04-04,2025-04-05,0,2108.5964,2760152.69,WH-005,"Atlanta, GA",Ordered,Pending,,2024-06-10
ORD-00000027,SUP-00060,"Smith, Hill and Steele",PRD-000074,Reactive neutral collaboration,Electronics,2024-10-22,2024-12-20,2024-12-26,1538,2670.9848,4107974.62,WH-001,"Seattle, WA",Ordered,Pending,,2025-11-11
ORD-00000028,SUP-00060,"Smith, Hill and Steele",PRD-000167,Streamlined 24/7 success,Chemicals,2025-06-30,2025-07-23,2025-07-19,1205,7352.2871,8859505.96,WH-004,"Seattle, WA",Delivered,,Stacey Hogan,2025-09-04
ORD-00000029,SUP-00048,Morgan-Ware,PRD-000149,Configurable zero administration website,Chemicals,2025-04-10,2025-05-14,2025-05-26,486,3021.8268,1468607.82,WH-008,"Los Angeles, CA",Cancelled,Pending,,2025-10-13
ORD-00000030,SUP-00054,Kane PLC,PRD-000076,Customer-focused cohesive middleware,Packaging,2025-08-30,2025-10-12,2025-10-11,2923,1089.0715,3183355.99,WH-010,"Atlanta, GA",Delivered,Pending,Gregory Benson,2024-10-12
ORD-00000031,,Chapman-Fuller,PRD-000066,Pre-emptive context-sensitive portal,Chemicals,2025-11-22,2025-12-08,2025-12-03,606,7000.8065,4242488.74,WH-012,"Dallas, TX",Returned,Pass,Sean Andrews,2025-09-24
ORD-00000032,SUP-00078,Wallace-Williams,PRD-000129,Compatible methodical leverage,Electronics,2025-01-01,2025-02-28,2025-03-11,3736,5629.5209,21031890.08,WH-007,"New York, NY",Returned,Fail,Cassie Foster,2025-10-13
ORD-00000033,SUP-00046,Dunn LLC,PRD-000082,Ergonomic methodical alliance,Machinery,2025-04-14,2025-04-28,2025-05-10,2954,9781.6705,28895054.66,WH-005,"New York, NY",Ordered,Pending,,2025-07-11
ORD-00000034,SUP-00071,"Robbins, Chapman and Morris",PRD-000110,Cross-platform encompassing complexity,Textiles,2026-01-07,2026-03-05,2026-03-06,202,2532.5734,511579.83,WH-001,"Chicago, IL",Ordered,Pending,,2025-11-13
ORD-00000035,SUP-00048,Morgan-Ware,PRD-000055,Streamlined dedicated moderator,Machinery,2025-06-19,2025-07-18,2025-08-02,3575,4700.1569,16803060.92,WH-010,"Dallas, TX",Cancelled,,,2024-05-03
ORD-00000036,SUP-00053,"Osborn, Ryan and Garrett",PRD-000130,Monitored empowering migration,Packaging,2025-02-23,2025-04-18,2025-04-25,588,9992.2996,5875472.16,WH-009,"Atlanta, GA",In Transit,Pending,,2025-11-21
ORD-00000037,SUP-00035,Mann Ltd,PRD-000070,Intuitive dedicated functionalities,Electronics,2023-10-25,2023-11-06,2023-11-12,1891,6497.5425,12286852.87,WH-003,"Atlanta, GA",Cancelled,,,2024-10-27
ORD-00000038,SUP-00056,Garcia Group,PRD-000155,Up-sized 24/7 migration,Food & Beverage,2023-09-17,2023-09-23,2023-10-04,4079,4799.973,19579089.87,WH-008,"Dallas, TX",Cancelled,,,2025-09-01
ORD-00000039,SUP-00048,Morgan-Ware,PRD-000152,Focused background Internet solution,Raw Materials,2025-11-29,2026-01-27,2026-02-16,2385,4111.4782,9805875.51,WH-003,"Atlanta, GA",In Transit,Pending,,2024-11-21
ORD-00000040,SUP-00048,Morgan-Ware,PRD-000059,Fundamental asynchronous application,Chemicals,2025-04-03,2025-04-30,2025-05-20,3489,1561.7473,5448936.33,WH-007,"Los Angeles, CA",Ordered,Pending,,2026-03-04
ORD-00000041,SUP-00020,"Reyes, Parker and Gibson",PRD-000126,Organized 24hour attitude,Food & Beverage,2025-07-03,2025-07-22,2025-08-05,3115,3234.9139,10076756.8,WH-010,"Atlanta, GA",In Transit,Pending,,2025-12-07
ORD-00000042,SUP-00006,Petersen-Kelly,PRD-000196,Assimilated non-volatile artificial intelligence,Chemicals,2024-06-30,2024-07-08,2024-07-18,3284,5818.553,19108128.05,WH-014,"New York, NY",Cancelled,Pending,,2026-04-04
ORD-00000043,SUP-00064,Mitchell Ltd,PRD-000182,Fully-configurable solution-oriented open system,Textiles,2023-10-28,2023-12-26,2024-01-03,1634,8903.9287,8492141.16,WH-006,"Atlanta, GA",Cancelled,Pending,,2024-12-13
ORD-00000044,SUP-00018,"Thomas, Dennis and Rodriguez",PRD-000088,User-centric client-server strategy,Chemicals,2025-03-20,2025-05-15,2025-05-29,3759,4681.8261,17598984.31,WH-014,"Atlanta, GA",Cancelled,Pending,,2025-08-19
ORD-00000045,SUP-00007,Anderson-Jackson,PRD-000199,Self-enabling user-facing collaboration,Packaging,2024-06-23,2024-06-30,2024-07-19,158,1701.9964,282664.99,WH-013,"Chicago, IL",In Transit,Pending,,2026-03-03
ORD-00000046,SUP-00031,Lee Ltd,PRD-000120,Enhanced client-server throughput,Raw Materials,2025-11-11,2025-11-24,2025-12-13,2719,9871.5051,26840622.37,WH-006,"Atlanta, GA",In Transit,Pending,,2025-10-22
ORD-00000047,SUP-00044,Pitts LLC,PRD-000121,Adaptive systematic success,Machinery,2025-02-23,2025-04-08,2025-04-14,1069,2463.4201,2633396.09,WH-014,"Seattle, WA",Ordered,Pending,,2025-10-12
ORD-00000048,SUP-00011,"Hatfield, Lyons and Richards",PRD-000031,Stand-alone systemic productivity,Food & Beverage,2024-11-10,2024-12-23,2024-12-19,3281,2862.3126,9391247.64,WH-013,"New York, NY",Cancelled,Pending,,2025-06-05
ORD-00000049,SUP-00059,Campbell and Sons,PRD-000190,Virtual fresh-thinking function,Machinery,2025-10-04,2025-11-14,2025-11-23,3816,2867.2051,10941254.66,WH-011,"Chicago, IL",Returned,Fail,Allison Jackson,2025-09-04
ORD-00000050,SUP-00005,Williams LLC,PRD-000055,Streamlined dedicated moderator,Food & Beverage,2024-07-27,2024-08-07,2024-08-07,3953,8662.9881,34244791.96,WH-013,"Seattle, WA",Cancelled,Pending,,2025-05-22
ORD-00000051,SUP-00023,"Boyle, Miller and Ellis",PRD-000028,Future-proofed secondary collaboration,Textiles,2025-08-22,2025-10-04,2025-10-21,3518,7200.0157,25329655.23,WH-012,"New York, NY",Cancelled,Pending,,2025-09-16
ORD-00000052,SUP-00011,"Hatfield, Lyons and Richards",PRD-000008,Optional zero-defect firmware,Food & Beverage,2024-10-29,2024-12-06,2024-12-19,2269,4480.7131,10166738.02,WH-012,"Seattle, WA",In Transit,Pending,,2025-06-24
ORD-00000053,SUP-00008,"Barber, Davis and Barnett",PRD-000033,Streamlined methodical hierarchy,Electronics,2026-02-10,2026-03-22,2026-03-21,3799,9607.1638,36497615.28,WH-012,"New York, NY",Returned,Pending,Justin Miller,2025-01-31
ORD-00000054,SUP-00075,Barron Ltd,PRD-000091,Ameliorated impactful instruction set,electronics,2023-12-12,2024-01-29,2024-02-17,0,4333.6062,18253149.31,WH-011,"Dallas, TX",Returned,,Kristin Warren,2025-06-14
ORD-00000055,SUP-00004,Humphrey Group,PRD-000080,Implemented solution-oriented adapter,Packaging,2023-09-19,2023-10-16,,4804,8491.4209,40792786.0,WH-010,"Seattle, WA",Cancelled,Pending,,2025-03-21
ORD-00000056,SUP-00077,Taylor-Evans,PRD-000027,Secured client-driven protocol,Chemicals,2026-01-31,2026-03-24,2026-04-02,762,3883.5693,2959279.81,WH-001,"Chicago, IL",In Transit,Pending,,2024-12-30
ORD-00000057,SUP-00065,Ellis Group,PRD-000174,Seamless multimedia customer loyalty,Packaging,2023-07-24,2023-07-15,2023-09-19,190,7056.755,2258237.02,WH-006,"Los Angeles, CA",In Transit,Pending,,2024-07-25
ORD-00000058,SUP-00022,"Reilly, Price and Galloway",PRD-000127,Ameliorated contextually-based model,Electronics,2025-07-23,2025-08-29,2025-07-08,984,1433.8863,1401024.66,WH-006,"Seattle, WA",Ordered,,,2025-09-21
ORD-00000059,SUP-00028,Padilla PLC,PRD-000172,Persevering fault-tolerant throughput,Chemicals,2024-09-12,2024-10-19,2024-10-20,2528,7585.033,19174963.42,WH-011,"New York, NY",Returned,Pending,Mr. John Le DDS,2025-04-08
ORD-00000060,SUP-00078,Wallace-Williams,PRD-000189,Balanced demand-driven database,Textiles,2025-05-11,2025-05-09,2025-05-05,3169,4759.0522,15081436.42,WH-012,"Seattle, WA",Cancelled,,,2026-03-15
ORD-00000061,SUP-00067,Brooks and Sons,PRD-000006,Intuitive bifurcated open system,Textiles,2025-12-05,2026-01-11,2026-01-15,3815,4072.5965,14574614.3,WH-012,"Atlanta, GA",Delivered,Pending,Ashlee Hart,2026-04-09
ORD-00000062,SUP-00052,Vargas-Hunter,PRD-000116,Open-architected logistical matrices,Packaging,2023-08-21,2023-08-20,2023-09-07,1615,3060.2201,4942255.46,WH-011,"Chicago, IL",Cancelled,Pending,,2025-06-24
ORD-00000063,SUP-00060,"Smith, Hill and Steele",PRD-000131,User-friendly logistical groupware,Packaging,2025-10-07,2025-11-17,,4026,4766.7522,19190944.36,WH-011,"Seattle, WA",Ordered,Pending,,2026-02-09
ORD-00000064,SUP-00021,"Walker, Mathis and Acosta",PRD-000016,Automated didactic concept,Food & Beverage,2024-01-31,2024-02-18,2024-02-26,2117,1096.0949,2320432.9,WH-010,"Seattle, WA",Ordered,Pending,,2025-10-12
ORD-00000065,SUP-00038,Thomas-Wagner,PRD-000116,Open-architected logistical matrices,Food & Beverage,2025-06-24,2025-07-16,2025-07-25,-4617,5717.5109,26397747.83,WH-007,"Atlanta, GA",Returned,,Monica Carpenter,2025-07-19
ORD-00000066,SUP-00069,Thompson-Owens,PRD-000125,Intuitive intangible artificial intelligence,Food & Beverage,2024-08-15,2024-09-23,2024-09-25,4561,1612.2997,7353698.93,WH-009,"New York, NY",Cancelled,Pending,,2024-08-23
ORD-00000067,SUP-00012,"Hart, Hayes and Velez",PRD-000162,Front-line local website,Electronics,2024-07-10,2024-08-10,2024-08-29,2872,666.0013,1912755.73,WH-003,"New York, NY",In Transit,Pending,,2024-12-02
ORD-00000068,SUP-00061,Greene-Osborne,PRD-000055,Streamlined dedicated moderator,Electronics,2023-11-14,2023-11-24,2023-11-23,4390,862.6348,3786966.77,WH-005,"Dallas, TX",Returned,Fail,Gregory Johnson,2025-03-05
ORD-00000069,SUP-00013,Meza LLC,PRD-000190,Virtual fresh-thinking function,Machinery,2025-01-30,2025-02-12,2025-02-10,2671,6949.9479,18563310.84,WH-010,"Seattle, WA",Cancelled,Pending,,2025-12-03
ORD-00000070,SUP-00037,Shah Inc,PRD-000088,User-centric client-server strategy,Food & Beverage,2023-09-13,2023-09-23,2023-10-13,4472,3385.8879,15141690.69,WH-002,"Dallas, TX",Returned,Pass,Ryan Long,2025-01-14
ORD-00000071,SUP-00065,Ellis Group,PRD-000154,Ameliorated 6thgeneration access,Packaging,2024-01-10,2024-02-17,2024-03-06,4076,6212.7609,25323213.43,WH-002,"Seattle, WA",Ordered,Pending,,2025-05-14
ORD-00000072,SUP-00042,Peters Group,PRD-000156,Sharable disintermediate Graphical User Interface,Raw Materials,2023-11-23,2024-01-09,2024-01-08,-2160,9621.7469,20782973.3,WH-004,"Chicago, IL",In Transit,,,2025-08-02
ORD-00000073,SUP-00053,"Osborn, Ryan and Garrett",PRD-000121,Adaptive systematic success,Food & Beverage,2023-11-18,2023-11-16,2024-01-24,4005,1153.5528,4619978.96,WH-009,"Atlanta, GA",In Transit,Pending,,2024-09-29
ORD-00000074,,Mercado-Dorsey,PRD-000027,Secured client-driven protocol,Food & Beverage,2024-01-16,2024-02-03,2024-02-17,4848,4988.4441,24183977.0,WH-009,"New York, NY",Cancelled,,,2025-10-02
ORD-00000075,SUP-00066,Willis-Olson,PRD-000158,Focused maximized focus group,machinery,2025-08-14,2025-09-26,2025-09-26,2249,1964.9165,4419097.21,WH-005,"Seattle, WA",Cancelled,Pending,,2026-01-03
ORD-00000076,SUP-00028,Padilla PLC,PRD-000112,Innovative real-time neural-net,Packaging,2024-02-27,2024-04-19,2024-04-24,1038,2027.6351,2104685.23,WH-013,"New York, NY",Delivered,,Andrea Huynh,2026-02-07
ORD-00000077,SUP-00060,"Smith, Hill and Steele",PRD-000026,Monitored didactic productivity,Machinery,2023-05-04,2023-05-10,2023-05-27,4190,6816.3855,46813955.0,WH-004,"Los Angeles, CA",Cancelled,Pending,,2025-10-14
ORD-00000078,SUP-00054,Kane PLC,PRD-000020,Universal methodical workforce,Raw Materials,2024-05-03,2024-06-27,2024-07-13,75,5322.6931,399201.98,WH-008,"Chicago, IL",In Transit,Pending,,2024-05-01
ORD-00000079,SUP-00074,"Mcclain, Johnson and Gibson",PRD-000096,Progressive empowering capability,Chemicals,2024-06-29,2024-08-26,2024-08-27,367,9750.0851,3578281.23,WH-013,"Dallas, TX",Cancelled,Pending,,2025-07-06
ORD-00000080,SUP-00016,Acosta and Sons,PRD-000132,Synchronized bottom-line intranet,Packaging,2023-08-23,2023-09-26,2023-10-12,1607,2921.2474,4694444.57,WH-014,"Atlanta, GA",Cancelled,Pending,,2025-05-29
ORD-00000081,SUP-00034,Krueger-Jackson,PRD-000132,Synchronized bottom-line intranet,Raw Materials,2026-03-21,2026-04-09,2026-04-29,3863,2900.4043,11204261.81,WH-004,"Chicago, IL",In Transit,Pending,,2025-09-11
ORD-00000082,SUP-00017,Griffin and Sons,PRD-000049,Monitored systemic knowledge user,Chemicals,2024-06-28,2024-08-15,2024-08-23,4905,1678.8201,8234612.59,WH-014,"Atlanta, GA",Returned,Pass,,2024-07-27
ORD-00000083,SUP-00057,Cohen PLC,PRD-000013,Cross-platform maximized middleware,Electronics,2024-03-30,2024-04-08,2024-04-18,979,9238.0444,9044045.47,WH-004,"Atlanta, GA",Ordered,,,2025-01-16
ORD-00000084,SUP-00031,Lee Ltd,PRD-000166,Business-focused 24hour secured line,Food & Beverage,2024-02-14,2024-04-11,2024-04-08,663,1569.478,1040563.91,WH-008,"Seattle, WA",Cancelled,Pending,,2025-05-26
ORD-00000085,SUP-00033,Henderson-Mcguire,PRD-000066,Pre-emptive context-sensitive portal,Chemicals,2023-09-07,2023-08-29,2023-10-18,3508,6670.6951,23400798.41,WH-011,"Dallas, TX",Cancelled,Pending,,2025-10-30
ORD-00000086,SUP-00039,"Wiley, Brown and Sampson",PRD-000039,Profit-focused system-worthy paradigm,Food & Beverage,2023-04-20,2023-05-27,2023-06-06,3569,4023.4274,14359612.39,WH-009,"Seattle, WA",Cancelled,,,2026-03-04
ORD-00000087,SUP-00032,"Foster, Powell and Moore",PRD-000023,Total asymmetric hardware,Machinery,2025-12-15,2026-01-03,,3514,4211.2128,14798201.78,WH-011,"Dallas, TX",Ordered,,,2025-11-28
ORD-00000088,SUP-00063,Montoya Inc,PRD-000137,Cross-group multi-state firmware,Packaging,2023-09-20,2023-10-21,2023-10-24,1837,2007.7946,3688318.68,WH-012,"New York, NY",In Transit,Pending,,2025-06-13
ORD-00000089,SUP-00034,Krueger-Jackson,PRD-000171,User-friendly encompassing database,Textiles,2025-01-07,2025-02-03,2025-02-20,4453,1512.8977,6736933.46,WH-010,"Los Angeles, CA",In Transit,Pending,,2025-01-17
ORD-00000090,SUP-00034,Krueger-Jackson,PRD-000141,Focused 24hour instruction set,Food & Beverage,2025-11-04,2026-01-01,2025-12-30,-3398,3976.2333,13511240.75,WH-009,"New York, NY",Delivered,Pending,,2024-10-23
ORD-00000091,SUP-00013,Meza LLC,PRD-000007,Customer-focused context-sensitive attitude,Food & Beverage,2025-09-25,2025-11-01,2025-09-18,1334,7282.9229,9715419.15,WH-011,"Dallas, TX",Cancelled,Pending,,2026-04-03
ORD-00000092,SUP-00017,Griffin and Sons,PRD-000080,Implemented solution-oriented adapter,Machinery,2025-09-28,2025-11-13,2025-09-22,494,5874.0419,2901776.7,WH-002,"Los Angeles, CA",Cancelled,Pending,,2026-02-25
ORD-00000093,SUP-00045,Barnes-Rivers,PRD-000097,Versatile static software,Textiles,2024-02-07,2024-02-27,2024-03-18,2766,1477.9979,4088142.19,WH-011,"Atlanta, GA",Returned,Pending,Marcus White,2025-12-28
ORD-00000094,SUP-00047,Fuller-Reyes,PRD-000166,Business-focused 24hour secured line,Machinery,2024-11-30,2025-01-06,2025-01-03,1166,6572.9236,7664028.92,WH-014,"Dallas, TX",Ordered,Pending,,2026-02-18
ORD-00000095,SUP-00065,Ellis Group,PRD-000030,Inverse real-time database,Food & Beverage,2023-06-05,2023-06-26,,2049,6186.1785,12675479.75,WH-009,"New York, NY",Ordered,Pending,,2024-10-01
ORD-00000096,SUP-00031,Lee Ltd,PRD-000023,Total asymmetric hardware,Chemicals,2023-10-30,2023-11-18,2023-12-04,1263,6704.4164,8467677.91,WH-013,"Seattle, WA",Delivered,Pending,William Morales,2025-12-27
ORD-00000097,SUP-00001,"Taylor, Adams and Donaldson",PRD-000151,Reactive incremental instruction set,Chemicals,2025-12-16,2025-12-11,2026-02-03,2083,5024.4407,10465909.98,WH-006,"Atlanta, GA",In Transit,Pending,,2024-07-23
ORD-00000098,SUP-00038,Thomas-Wagner,PRD-000096,Progressive empowering capability,Machinery,2024-11-24,2025-01-08,2025-01-14,3853,22.0837,85088.5,WH-008,"Atlanta, GA",Cancelled,Pending,,2025-04-25
ORD-00000099,SUP-00046,Dunn LLC,PRD-000055,Streamlined dedicated moderator,Textiles,2023-07-18,2023-09-12,2023-06-22,3813,2619.5294,9988265.6,WH-013,"New York, NY",Delivered,Pass,Anthony Heath,2025-06-02
ORD-00000100,SUP-00056,Garcia Group,PRD-000069,Decentralized systemic interface,Electronics,2023-05-17,2023-05-29,2023-05-28,-4377,4035.1187,17661714.55,WH-009,"Chicago, IL",Ordered,Pending,,2025-12-14
ORD-00000101,,Bennett PLC,PRD-000021,Synergized zero tolerance approach,Electronics,2025-10-20,2025-12-06,2025-12-01,396,1850.8281,732927.93,WH-008,"Atlanta, GA",Ordered,Pending,,2024-06-02
ORD-00000102,SUP-00054,Kane PLC,PRD-000168,Upgradable object-oriented product,Electronics,2025-03-03,2025-03-23,2025-02-13,4976,12.2461,60936.59,WH-006,"Chicago, IL",In Transit,Pending,,2024-11-12
ORD-00000103,SUP-00002,Jimenez Inc,PRD-000154,Ameliorated 6thgeneration access,Machinery,2026-02-22,2026-04-18,2026-04-18,4330,7995.6578,34621198.27,WH-012,"Los Angeles, CA",Ordered,,,2025-08-12
ORD-00000104,SUP-00018,"Thomas, Dennis and Rodriguez",PRD-000144,Reduced motivating open architecture,Packaging,2025-09-23,2025-10-20,2025-11-07,215,9172.9724,1972189.07,WH-010,"Atlanta, GA",In Transit,Pending,,2025-05-24
ORD-00000105,SUP-00010,Robertson and Sons,PRD-000056,Exclusive bandwidth-monitored website,Machinery,2025-02-22,2025-03-20,2025-04-01,2044,2459.9333,5028103.67,WH-009,"Seattle, WA",Returned,Fail,Samuel Hudson,2025-04-29
ORD-00000106,SUP-00041,Webster and Sons,PRD-000173,Optional multimedia architecture,Chemicals,2024-11-15,2025-01-04,2025-01-19,3977,5616.5628,22337070.26,WH-010,"New York, NY",Cancelled,Pending,,2024-11-21
ORD-00000107,SUP-00026,Velasquez-Flores,PRD-000187,Face-to-face next generation process improvement,Textiles,2024-09-28,2024-10-06,2024-10-08,2901,5772.4849,16745978.69,WH-007,"Chicago, IL",Returned,Pass,,2024-06-03
ORD-00000108,SUP-00008,"Barber, Davis and Barnett",PRD-000002,Programmable object-oriented focus group,Textiles,2025-06-05,2025-06-11,2025-06-18,4228,2024.6927,8560400.74,WH-005,"Chicago, IL",In Transit,Pending,,2025-04-08
ORD-00000109,SUP-00044,Pitts LLC,PRD-000015,Distributed 6thgeneration info-mediaries,Chemicals,2023-05-12,2023-06-15,2023-06-15,1741,7405.5688,12893095.28,WH-001,"Seattle, WA",Delivered,,Kaylee Johnson,2024-11-26
ORD-00000110,SUP-00075,Barron Ltd,PRD-000027,Secured client-driven protocol,Chemicals,2023-07-24,2023-08-24,2023-09-06,1124,5988.756,6731361.74,WH-014,"Seattle, WA",Ordered,Pending,,2025-02-08
ORD-00000111,SUP-00045,Barnes-Rivers,PRD-000026,Monitored didactic productivity,Raw Materials,2025-05-07,2025-06-03,2025-05-30,772,6557.0468,5062040.13,WH-001,"Seattle, WA",Cancelled,Pending,,2026-03-24
ORD-00000112,SUP-00015,"Nguyen, Cruz and Wilson",PRD-000038,Organic actuating strategy,RAW MATERIALS,2024-05-13,2024-06-25,2024-07-03,3829,9936.5504,38047051.48,WH-003,"Los Angeles, CA",Cancelled,Pending,,2025-09-04
ORD-00000113,SUP-00077,Taylor-Evans,PRD-000183,Business-focused content-based encryption,Machinery,2024-10-03,2024-11-24,2024-12-04,3383,4929.9101,20850020.92,WH-013,"Dallas, TX",Returned,Fail,John Romero,2024-06-02
ORD-00000114,SUP-00059,Campbell and Sons,PRD-000139,Synchronized responsive product,Textiles,2023-09-15,2023-11-08,2023-11-08,-972,7314.0951,7109300.44,WH-003,"Los Angeles, CA",In Transit,Pending,,2024-05-29
ORD-00000115,SUP-00070,"Morales, Allen and Pittman",PRD-000134,Cross-group neutral access,Food & Beverage,2026-01-23,2026-03-18,,4092,4046.6709,22932042.19,WH-012,"Dallas, TX",In Transit,Pending,,2024-08-10
ORD-00000116,SUP-00062,Chapman-Fuller,PRD-000001,Ameliorated interactive software,Electronics,2024-01-13,2024-02-14,2024-03-04,1843,6455.2971,11897112.56,WH-003,"Seattle, WA",Cancelled,Pending,,2025-09-26
ORD-00000117,SUP-00011,"Hatfield, Lyons and Richards",PRD-000030,Inverse real-time database,Raw Materials,2025-09-22,2025-11-16,2025-11-25,4905,1526.3514,7486753.62,WH-012,"Atlanta, GA",Ordered,Pending,,2025-01-18
ORD-00000118,SUP-00007,Anderson-Jackson,PRD-000040,Profit-focused zero tolerance info-mediaries,Textiles,2025-05-30,2025-06-14,2025-06-28,4201,1969.1027,8272200.44,WH-009,"New York, NY",Delivered,Fail,James Saunders,2024-04-26
ORD-00000119,SUP-00059,Campbell and Sons,PRD-000077,Devolved hybrid core,Raw Materials,2025-01-18,2025-03-12,2025-03-27,1043,8405.7516,8767198.92,WH-004,"Atlanta, GA",Ordered,Pending,,2024-12-28
ORD-00000120,SUP-00034,Krueger-Jackson,PRD-000048,Vision-oriented neutral neural-net,Textiles,2023-07-04,2023-08-23,2023-09-10,4223,2346.4393,9909013.16,WH-012,"Seattle, WA",Delivered,Pass,Elizabeth Mendoza,2025-03-04
ORD-00000121,SUP-00011,"Hatfield, Lyons and Richards",PRD-000091,Ameliorated impactful instruction set,Raw Materials,2025-10-17,2025-11-25,2025-11-25,3896,7439.7901,28985422.23,WH-011,"Seattle, WA",In Transit,Pending,,2024-08-14
ORD-00000122,,Fuller-Reyes,PRD-000043,Decentralized disintermediate database,Packaging,2023-08-22,2023-09-29,2023-08-02,1802,2892.6691,5212589.72,WH-004,"Seattle, WA",Cancelled,Pending,,2026-02-27
ORD-00000123,SUP-00028,Padilla PLC,PRD-000044,Pre-emptive discrete methodology,PACKAGING,2025-06-04,2025-06-14,,2078,4813.8586,10003198.17,WH-014,"Chicago, IL",Ordered,Pending,,2024-10-06
ORD-00000124,SUP-00064,Mitchell Ltd,PRD-000038,Organic actuating strategy,Textiles,2023-11-09,2023-12-26,2024-01-08,3130,2227.2626,6971331.94,WH-010,"Seattle, WA",Ordered,Pending,,2026-03-15
ORD-00000125,SUP-00003,Bennett PLC,PRD-000175,Triple-buffered secondary focus group,Machinery,2024-03-02,2024-04-18,2024-05-05,346,4581.3491,1585146.79,WH-004,"New York, NY",Cancelled,Pending,,2024-10-31
ORD-00000126,SUP-00065,Ellis Group,PRD-000096,Progressive empowering capability,ELECTRONICS,2025-04-08,2025-05-05,2025-05-03,1401,2173.3865,3044914.49,WH-007,"New York, NY",Ordered,Pending,,2024-05-14
ORD-00000127,SUP-00040,"Ford, Smith and Hodge",PRD-000058,Pre-emptive context-sensitive process improvement,Chemicals,2023-06-05,2023-06-12,2023-06-10,1047,9860.3242,10323759.44,WH-004,"Dallas, TX",Cancelled,Pending,,2024-06-28
ORD-00000128,SUP-00056,Garcia Group,PRD-000116,Open-architected logistical matrices,Food & Beverage,2024-12-09,2024-12-28,2025-01-08,0,5134.0084,14346803.85,WH-012,"New York, NY",In Transit,,,2024-12-08
ORD-00000129,SUP-00039,"Wiley, Brown and Sampson",PRD-000177,Ameliorated optimal encryption,Raw Materials,2024-06-09,2024-07-10,2024-07-09,-3185,4215.0192,13424836.15,WH-010,"New York, NY",Ordered,Pending,,2024-08-07
ORD-00000130,SUP-00065,Ellis Group,PRD-000165,Integrated 5thgeneration contingency,Electronics,2024-09-06,2024-09-25,2024-09-25,4297,1516.0701,6514553.22,WH-008,"New York, NY",In Transit,Pending,,2026-02-15
ORD-00000131,SUP-00064,Mitchell Ltd,PRD-000060,Ergonomic global architecture,Machinery,2025-11-16,2025-12-18,2026-01-06,4837,6416.5578,31036890.08,WH-006,"Seattle, WA",In Transit,Pending,,2026-04-04
ORD-00000132,SUP-00034,Krueger-Jackson,PRD-000102,Secured upward-trending workforce,Chemicals,2024-02-16,2024-03-27,,2812,8253.4695,23208756.23,WH-010,"Los Angeles, CA",Delivered,Pending,Michelle Evans,2025-05-15
ORD-00000133,SUP-00064,Mitchell Ltd,PRD-000167,Streamlined 24/7 success,Chemicals,2023-12-29,2024-02-07,,3095,5064.3819,15674261.98,WH-013,"Chicago, IL",Cancelled,,,2024-10-05
ORD-00000134,SUP-00077,Taylor-Evans,PRD-000100,Automated static software,Chemicals,2023-08-06,2023-09-21,2023-10-09,2900,8853.1167,25674038.43,WH-006,"New York, NY",Ordered,Pending,,2024-10-28
ORD-00000135,SUP-00054,Kane PLC,PRD-000054,Reactive holistic flexibility,Raw Materials,2025-05-22,2025-06-30,2025-06-30,1853,1951.983,3617024.5,WH-002,"Chicago, IL",Returned,,,2024-07-22
ORD-00000136,SUP-00010,Robertson and Sons,PRD-000120,Enhanced client-server throughput,Food & Beverage,2024-03-10,2024-04-20,2024-05-02,43,9376.0905,403171.89,WH-006,"New York, NY",Delivered,Pending,Taylor Smith,2024-06-06
ORD-00000137,SUP-00054,Kane PLC,PRD-000014,Upgradable composite firmware,Electronics,2024-06-03,2024-06-21,2024-07-08,1481,8894.3164,13172482.59,WH-003,"Los Angeles, CA",Returned,Fail,Jennifer Murphy,2025-09-07
ORD-00000138,SUP-00048,Morgan-Ware,PRD-000124,Polarized modular hardware,Machinery,2024-10-14,2024-11-23,,4847,2861.1062,13867781.75,WH-003,"Seattle, WA",Cancelled,Pending,,2025-03-30
ORD-00000139,SUP-00079,Mercado-Dorsey,PRD-000089,Managed bandwidth-monitored customer loyalty,Electronics,2023-09-13,2023-09-25,2023-10-11,3359,4566.1087,15337559.12,WH-011,"Dallas, TX",Cancelled,Pending,,2025-11-25
ORD-00000140,SUP-00027,"Ellis, Webb and Rivera",PRD-000120,Enhanced client-server throughput,Raw Materials,2026-01-12,2026-02-09,2026-02-16,882,6200.5405,5468876.72,WH-003,"Los Angeles, CA",Ordered,Pending,,2025-09-20
ORD-00000141,SUP-00034,Krueger-Jackson,PRD-000164,Profit-focused transitional data-warehouse,Chemicals,2024-04-03,2024-05-19,2024-03-05,2491,7466.9862,18600262.62,WH-014,"Seattle, WA",Ordered,Pending,,2024-12-20
ORD-00000142,SUP-00064,Mitchell Ltd,PRD-000070,Intuitive dedicated functionalities,Machinery,2023-08-19,2023-09-29,2023-10-10,4959,6204.8044,30769625.02,WH-010,"New York, NY",Returned,Pass,Keith Bush,2024-07-07
ORD-00000143,SUP-00034,Krueger-Jackson,PRD-000130,Monitored empowering migration,Packaging,2025-07-04,2025-07-21,2025-08-08,919,5132.0589,4716362.13,WH-002,"Atlanta, GA",Ordered,Pending,,2025-09-11
ORD-00000144,SUP-00016,Acosta and Sons,PRD-000077,Devolved hybrid core,Chemicals,2025-10-23,2025-11-30,2025-11-26,3469,1047.5465,3633938.81,WH-010,"Atlanta, GA",Returned,Fail,Matthew Green,2024-08-31
ORD-00000145,SUP-00032,"Foster, Powell and Moore",PRD-000065,Decentralized well-modulated encoding,Textiles,2025-09-13,2025-10-30,2025-11-02,191,4077.5731,683022.93,WH-014,"Atlanta, GA",Ordered,Pending,,2025-05-06
ORD-00000146,SUP-00072,Jackson Inc,PRD-000046,Ergonomic demand-driven function,Food & Beverage,2023-04-23,2023-05-17,2023-05-30,1083,6533.373,7075642.96,WH-008,"Atlanta, GA",In Transit,Pending,,2025-03-03
ORD-00000147,SUP-00027,"Ellis, Webb and Rivera",PRD-000198,Universal 6thgeneration emulation,Chemicals,2024-01-03,2024-01-09,2024-01-26,4744,9660.0786,45827412.88,WH-010,"Dallas, TX",Ordered,Pending,,2025-02-06
ORD-00000148,SUP-00024,Kelly and Sons,PRD-000184,Distributed user-facing encryption,Textiles,2025-05-06,2025-06-19,2025-06-20,4793,5403.7325,25900089.87,WH-009,"Los Angeles, CA",Ordered,,,2026-01-09
ORD-00000149,SUP-00045,Barnes-Rivers,PRD-000058,Pre-emptive context-sensitive process improvement,raw materials,2023-06-09,2023-06-24,2023-07-10,3822,4737.6266,18107208.87,WH-011,"Chicago, IL",Delivered,Pass,Heather Webster,2025-05-10
ORD-00000150,SUP-00060,"Smith, Hill and Steele",PRD-000024,Cloned cohesive open architecture,Textiles,2025-08-13,2025-09-21,,4880,3820.1815,18642485.72,WH-008,"New York, NY",Delivered,,James Suarez,2024-12-21
ORD-00000151,SUP-00041,Webster and Sons,PRD-000182,Fully-configurable solution-oriented open system,Textiles,2024-07-06,2024-08-17,,1642,2675.4689,4393119.93,WH-008,"Los Angeles, CA",Returned,Fail,Mark Forbes,2024-07-23
ORD-00000152,SUP-00033,Henderson-Mcguire,PRD-000075,Realigned coherent capacity,Food & Beverage,2024-11-13,2024-12-08,,883,6311.319,5572894.68,WH-009,"Los Angeles, CA",Delivered,Fail,Kevin Yang Jr.,2026-02-12
ORD-00000153,SUP-00047,Fuller-Reyes,PRD-000090,Multi-channeled asynchronous definition,Chemicals,2024-07-20,2024-08-10,2024-08-18,1115,2139.5364,2385583.09,WH-010,"Chicago, IL",Ordered,Pending,,2024-11-09
ORD-00000154,SUP-00036,Thomas-Velasquez,PRD-000178,Cross-group intangible interface,Raw Materials,2026-02-22,2026-04-11,2026-02-18,850,8287.592,7044453.2,WH-004,"Seattle, WA",Cancelled,Pending,,2026-01-11
ORD-00000155,SUP-00045,Barnes-Rivers,PRD-000185,Decentralized incremental application,FOOD & BEVERAGE,2025-02-15,2025-03-22,,623,4982.8255,3104300.29,WH-008,"Dallas, TX",In Transit,Pending,,2025-09-27
ORD-00000156,SUP-00064,Mitchell Ltd,PRD-000036,Focused regional contingency,Textiles,2024-03-04,2024-03-12,2024-03-11,4689,2575.5229,12076626.88,WH-005,"New York, NY",Delivered,Pending,Anthony Knight,2025-05-28
ORD-00000157,SUP-00061,Greene-Osborne,PRD-000045,Balanced solution-oriented methodology,Machinery,2025-02-26,2025-03-30,2025-02-02,1168,2687.7833,3139330.89,WH-010,"Los Angeles, CA",Returned,Pass,David Reyes,2025-11-27
ORD-00000158,SUP-00058,"Browning, Wiley and Duran",PRD-000094,Reactive disintermediate methodology,Textiles,2026-01-24,2026-03-01,2026-02-25,4553,6137.8059,27945430.26,WH-003,"Seattle, WA",Ordered,,,2026-03-01
ORD-00000159,SUP-00053,"Osborn, Ryan and Garrett",PRD-000151,Reactive incremental instruction set,Electronics,2025-02-06,2025-03-01,2025-03-08,2854,9253.5539,26409642.83,WH-008,"Seattle, WA",Delivered,Pass,Savannah Fischer,2025-05-11
ORD-00000160,SUP-00061,Greene-Osborne,PRD-000035,Programmable 6thgeneration open system,Machinery,2025-08-04,2025-08-24,2025-09-09,1907,9965.1921,19003621.33,WH-009,"Atlanta, GA",In Transit,Pending,,2026-03-22
ORD-00000161,SUP-00020,"Reyes, Parker and Gibson",PRD-000086,Integrated 5thgeneration neural-net,CHEMICALS,2024-12-25,2025-01-25,2025-01-28,3538,3806.6358,13467877.46,WH-012,"New York, NY",In Transit,Pending,,2024-08-16
ORD-00000162,SUP-00065,Ellis Group,PRD-000040,Profit-focused zero tolerance info-mediaries,Food & Beverage,2025-01-01,2025-02-08,2025-02-23,1257,6403.7004,8049451.4,WH-005,"Dallas, TX",Delivered,Fail,Catherine Schultz,2025-07-14
ORD-00000163,SUP-00032,"Foster, Powell and Moore",PRD-000191,Right-sized high-level pricing structure,Electronics,2023-06-14,2023-07-12,2023-07-10,4359,637.49,2778818.91,WH-009,"Los Angeles, CA",Returned,Pending,Cindy Velasquez,2024-07-21
ORD-00000164,SUP-00076,Roberts-Edwards,PRD-000071,Integrated well-modulated structure,Chemicals,2025-05-05,2025-06-10,2025-06-17,1325,4833.5626,6404470.45,WH-003,"Los Angeles, CA",Returned,,Jordan Osborne MD,2024-06-08
ORD-00000165,SUP-00070,"Morales, Allen and Pittman",PRD-000105,Universal bifurcated Graphical User Interface,Packaging,2025-09-11,2025-09-28,2025-10-11,1211,1815.5815,2198669.2,WH-010,"Dallas, TX",Cancelled,Pending,,2024-10-13
ORD-00000166,SUP-00029,"Lawrence, Sutton and Fowler",PRD-000127,Ameliorated contextually-based model,Raw Materials,2024-05-20,2024-06-17,2024-07-02,1541,4062.2854,6259981.8,WH-004,"Dallas, TX",Ordered,,,2025-03-08
ORD-00000167,SUP-00051,Hancock LLC,PRD-000154,Ameliorated 6thgeneration access,Food & Beverage,2024-12-24,2025-02-14,2025-02-15,3844,8557.7688,32896063.27,WH-014,"Seattle, WA",Returned,Pass,Robert Lee,2025-09-19
ORD-00000168,SUP-00038,Thomas-Wagner,PRD-000014,Upgradable composite firmware,Textiles,2025-10-09,2025-11-22,2025-11-19,4943,8398.6492,41514523.0,WH-013,"Chicago, IL",Delivered,Pass,Ronald Myers,2026-01-26
ORD-00000169,SUP-00021,"Walker, Mathis and Acosta",PRD-000150,Focused fresh-thinking paradigm,Packaging,2023-08-19,2023-09-13,2023-09-22,169,2429.3707,410563.65,WH-010,"Atlanta, GA",Returned,Pending,Stephanie Potter,2024-05-11
ORD-00000170,SUP-00025,Turner Ltd,PRD-000023,Total asymmetric hardware,Textiles,2024-07-01,2024-08-12,2024-08-19,2529,6166.4417,15594931.06,WH-003,"Atlanta, GA",Returned,Pending,Lisa Salinas,2024-11-24
ORD-00000171,SUP-00065,Ellis Group,PRD-000042,Managed neutral algorithm,Food & Beverage,2025-10-08,2025-10-18,2025-11-06,0,6192.684,14490880.56,WH-011,"Atlanta, GA",Delivered,Fail,,2024-05-25
ORD-00000172,SUP-00062,Chapman-Fuller,PRD-000056,Exclusive bandwidth-monitored website,Food & Beverage,2024-06-23,2024-08-21,2024-09-08,796,1071.9059,853237.1,WH-007,"Chicago, IL",Ordered,Pending,,2025-01-20
ORD-00000173,SUP-00067,Brooks and Sons,PRD-000120,Enhanced client-server throughput,FOOD & BEVERAGE,2023-07-27,2023-08-12,2023-08-07,490,723.5853,354556.8,WH-003,"New York, NY",In Transit,Pending,,2025-05-09
ORD-00000174,,"Nguyen, Cruz and Wilson",PRD-000138,Persevering zero-defect matrix,RAW MATERIALS,2025-04-02,2025-04-15,2025-05-02,120,5802.3218,515768.83,WH-007,"Seattle, WA",Delivered,Fail,Troy Hughes,2024-06-30
ORD-00000175,SUP-00045,Barnes-Rivers,PRD-000006,Intuitive bifurcated open system,Textiles,2024-10-27,2024-12-02,2024-12-21,2201,4036.0954,8883445.98,WH-003,"Seattle, WA",Ordered,Pending,,2025-07-22
ORD-00000176,SUP-00017,Griffin and Sons,PRD-000065,Decentralized well-modulated encoding,Packaging,2025-05-02,2025-06-07,2025-06-04,-640,4004.2134,2562696.58,WH-010,"Seattle, WA",In Transit,Pending,,2024-05-10
ORD-00000177,SUP-00055,"Myers, Coleman and White",PRD-000183,Business-focused content-based encryption,Raw Materials,2025-11-26,2025-12-20,2025-12-27,4089,8365.5912,34206902.42,WH-007,"Seattle, WA",Ordered,Pending,,2024-10-29
ORD-00000178,,"Nguyen, Cruz and Wilson",PRD-000026,Monitored didactic productivity,Food & Beverage,2025-07-13,2025-08-16,2025-08-23,4680,3787.4505,17725268.34,WH-002,"Chicago, IL",In Transit,Pending,,2024-08-19
ORD-00000179,SUP-00004,Humphrey Group,PRD-000157,Monitored grid-enabled concept,MACHINERY,2023-12-19,2024-01-28,2024-02-14,4881,6917.3555,33763612.2,WH-012,"Seattle, WA",Returned,Pending,Aaron Walters,2025-03-05
ORD-00000180,SUP-00059,Campbell and Sons,PRD-000187,Face-to-face next generation process improvement,Chemicals,2024-05-18,2024-06-04,2024-06-03,3751,2176.5002,8164052.25,WH-005,"Chicago, IL",Cancelled,Pending,,2024-05-30
ORD-00000181,SUP-00025,Turner Ltd,PRD-000012,Up-sized actuating model,Raw Materials,2026-02-19,2026-04-10,2026-04-16,8,9838.2118,78705.69,WH-012,"Los Angeles, CA",Cancelled,Pending,,2024-07-19
ORD-00000182,SUP-00018,"Thomas, Dennis and Rodriguez",PRD-000068,Synchronized next generation archive,Chemicals,2024-07-06,2024-07-23,2024-06-17,1953,5840.4573,11406413.11,WH-002,"Seattle, WA",Ordered,Pending,,2026-02-07
ORD-00000183,SUP-00027,"Ellis, Webb and Rivera",PRD-000107,Inverse 3rdgeneration architecture,Chemicals,2025-08-06,2025-09-24,2025-10-14,4754,1145.1714,5444144.84,WH-002,"Atlanta, GA",Ordered,Pending,,2024-09-20
ORD-00000184,SUP-00027,"Ellis, Webb and Rivera",PRD-000086,Integrated 5thgeneration neural-net,Raw Materials,2025-05-28,2025-07-22,2025-08-05,-3574,8699.1343,31090705.99,WH-008,"Chicago, IL",Delivered,,,2025-07-05
ORD-00000185,SUP-00061,Greene-Osborne,PRD-000167,Streamlined 24/7 success,Food & Beverage,2026-01-02,2026-02-14,2026-03-05,1282,8163.2446,10465279.58,WH-006,"Los Angeles, CA",Delivered,Pass,Latoya Lopez,2026-01-12
ORD-00000186,SUP-00007,Anderson-Jackson,PRD-000117,Grass-roots neutral database,Machinery,2023-04-27,2023-05-12,2023-05-15,3045,4547.0903,13845889.96,WH-008,"Seattle, WA",Ordered,Pending,,2025-08-16
ORD-00000187,SUP-00072,Jackson Inc,PRD-000155,Up-sized 24/7 migration,Chemicals,2024-04-28,2024-05-14,2024-05-27,1189,9615.9486,11433362.89,WH-007,"Dallas, TX",Delivered,,Andrew Scott,2025-12-24
ORD-00000188,SUP-00067,Brooks and Sons,PRD-000160,De-engineered needs-based emulation,Food & Beverage,2025-06-18,2025-08-04,2025-08-17,1536,6878.2992,10565067.57,WH-001,"Dallas, TX",In Transit,Pending,,2024-05-03
ORD-00000189,SUP-00013,Meza LLC,PRD-000166,Business-focused 24hour secured line,Electronics,2025-05-16,2025-07-11,,4197,2882.1795,12096507.36,WH-008,"Los Angeles, CA",Cancelled,Pending,,2025-11-26
ORD-00000190,SUP-00074,"Mcclain, Johnson and Gibson",PRD-000046,Ergonomic demand-driven function,Textiles,2026-01-06,2026-02-06,2026-02-11,4664,5875.9084,27405236.78,WH-011,"Seattle, WA",Returned,Fail,Alexander Reed,2026-03-03
ORD-00000191,SUP-00066,Willis-Olson,PRD-000137,Cross-group multi-state firmware,Food & Beverage,2025-12-12,2026-02-06,2026-02-11,4589,5437.2526,24951552.18,WH-002,"Atlanta, GA",In Transit,Pending,,2025-07-09
ORD-00000192,SUP-00072,Jackson Inc,PRD-000151,Reactive incremental instruction set,food & beverage,2024-03-06,2024-04-05,2024-04-25,1229,8865.3396,10895502.37,WH-006,"Chicago, IL",Ordered,Pending,,2026-04-13
ORD-00000193,SUP-00065,Ellis Group,PRD-000181,Profit-focused stable hardware,Electronics,2023-05-01,2023-05-11,2023-05-13,-2848,7540.0592,21474088.6,WH-009,"Chicago, IL",Returned,Fail,Matthew Crosby,2025-12-01
ORD-00000194,SUP-00062,Chapman-Fuller,PRD-000152,Focused background Internet solution,Machinery,2023-08-24,2023-09-02,2023-09-04,4843,9458.0177,45805179.72,WH-010,"Atlanta, GA",Returned,,Ethan Abbott,2024-05-16
ORD-00000195,SUP-00010,Robertson and Sons,PRD-000136,Cloned multi-state success,Electronics,2024-08-07,2024-09-05,2024-09-22,1712,5317.0457,9102782.24,WH-012,"Atlanta, GA",Ordered,Pending,,2024-10-16
ORD-00000196,SUP-00007,Anderson-Jackson,PRD-000183,Business-focused content-based encryption,Electronics,2023-05-04,2023-06-21,2023-07-09,4324,6629.2651,28664942.29,WH-004,"Chicago, IL",Delivered,Fail,Philip Carr,2026-01-13
ORD-00000197,SUP-00049,Arellano-Anderson,PRD-000104,Inverse context-sensitive hardware,Raw Materials,2025-10-21,2025-12-06,2025-12-11,4066,3396.59,13810534.94,WH-012,"Dallas, TX",Returned,Pass,Amy Gutierrez,2024-07-20
ORD-00000198,SUP-00068,Gaines-Jackson,PRD-000197,Multi-tiered dedicated focus group,Chemicals,2023-06-04,2023-07-19,2023-07-23,189,139.996,26459.24,WH-004,"Seattle, WA",Cancelled,Pending,,2024-11-27
ORD-00000199,SUP-00018,"Thomas, Dennis and Rodriguez",PRD-000034,Progressive regional utilization,Machinery,2025-08-10,2025-09-07,2025-09-15,39,7609.9017,296786.17,WH-004,"New York, NY",In Transit,,,2025-07-26
ORD-00000200,SUP-00064,Mitchell Ltd,PRD-000150,Focused fresh-thinking paradigm,Textiles,2023-07-13,2023-08-27,2023-09-02,476,9454.1937,4500196.2,WH-014,"Atlanta, GA",Delivered,Fail,Kelly Chen,2025-08-11
ORD-00000201,SUP-00022,"Reilly, Price and Galloway",PRD-000181,Profit-focused stable hardware,Chemicals,2025-02-11,2025-02-25,2025-03-12,4697,5509.8988,25879994.66,WH-010,"Seattle, WA",Cancelled,Pending,,2025-05-26
ORD-00000202,SUP-00040,"Ford, Smith and Hodge",PRD-000041,Ameliorated content-based analyzer,Machinery,2025-06-09,2025-06-23,,4139,3447.1685,14267830.42,WH-013,"New York, NY",Returned,Fail,Cynthia Young,2025-02-19
ORD-00000203,SUP-00045,Barnes-Rivers,PRD-000199,Self-enabling user-facing collaboration,Machinery,2023-05-12,2023-07-08,2023-07-03,4852,6643.4758,32234144.58,WH-003,"Atlanta, GA",Cancelled,Pending,,2024-12-16
ORD-00000204,SUP-00061,Greene-Osborne,PRD-000043,Decentralized disintermediate database,TEXTILES,2025-11-22,2026-01-02,2026-01-19,2449,623.2612,1943753.67,WH-003,"New York, NY",In Transit,Pending,,2024-06-09
ORD-00000205,SUP-00065,Ellis Group,PRD-000009,Open-architected explicit complexity,Raw Materials,2024-02-04,2024-03-14,2024-04-03,3264,7497.411,24471549.5,WH-006,"Chicago, IL",In Transit,Pending,,2025-07-20
ORD-00000206,SUP-00051,Hancock LLC,PRD-000167,Streamlined 24/7 success,Food & Beverage,2025-05-06,2025-06-07,2025-06-15,2596,2832.4822,7353123.79,WH-002,"Dallas, TX",Cancelled,Pending,,2024-09-25
ORD-00000207,SUP-00060,"Smith, Hill and Steele",PRD-000007,Customer-focused context-sensitive attitude,Packaging,2023-11-09,2023-12-05,2023-12-03,988,7793.6633,7700139.34,WH-003,"New York, NY",In Transit,,,2024-10-24
ORD-00000208,SUP-00022,"Reilly, Price and Galloway",PRD-000060,Ergonomic global architecture,Food & Beverage,2024-02-29,2024-03-25,2024-04-02,1345,6310.714,8487910.33,WH-004,"Dallas, TX",Cancelled,Pending,,2025-04-15
ORD-00000209,SUP-00009,Burton Ltd,PRD-000195,Cross-group background database,Raw Materials,2023-07-07,2023-08-28,2023-09-01,2308,3489.2245,8053130.15,WH-006,"Dallas, TX",Cancelled,,,2024-12-15
ORD-00000210,SUP-00007,Anderson-Jackson,PRD-000198,Universal 6thgeneration emulation,Chemicals,2024-01-11,2024-01-22,2024-01-22,17,3654.6194,52006.89,WH-002,"Seattle, WA",In Transit,Pending,,2026-04-03
ORD-00000211,SUP-00074,"Mcclain, Johnson and Gibson",PRD-000072,Realigned bandwidth-monitored benchmark,Packaging,2025-09-29,2025-10-06,2025-10-02,4028,1117.1706,4499963.18,WH-014,"New York, NY",Cancelled,Pending,,2024-12-29
ORD-00000212,SUP-00064,Mitchell Ltd,PRD-000030,Inverse real-time database,Electronics,2024-07-31,2024-09-13,,805,4282.4231,3447350.6,WH-009,"Dallas, TX",Cancelled,Pending,,2024-10-21
ORD-00000213,SUP-00069,Thompson-Owens,PRD-000036,Focused regional contingency,Raw Materials,2025-08-07,2025-10-03,2025-10-23,1379,4449.7619,3821296.54,WH-011,"New York, NY",Cancelled,Pending,,2024-10-28
ORD-00000214,SUP-00043,"Johnson, Brown and Coleman",PRD-000194,Re-contextualized mission-critical algorithm,Chemicals,2023-12-02,2024-01-29,2024-02-12,2047,6397.7156,13096123.83,WH-007,"New York, NY",In Transit,Pending,,2024-07-31
ORD-00000215,SUP-00031,Lee Ltd,PRD-000053,Public-key 4thgeneration hierarchy,Food & Beverage,2023-04-23,2023-06-07,,-1440,5678.1588,8176548.67,WH-005,"Atlanta, GA",Ordered,Pending,,2025-04-01
ORD-00000216,SUP-00044,Pitts LLC,PRD-000194,Re-contextualized mission-critical algorithm,textiles,2024-08-14,2024-08-24,2024-08-21,660,4028.0787,2658531.94,WH-009,"New York, NY",Returned,Pending,Teresa Hunt,2025-09-05
ORD-00000217,,Griffin and Sons,PRD-000198,Universal 6thgeneration emulation,Electronics,2025-12-09,2026-02-07,2026-02-11,4995,2765.0956,13811652.52,WH-014,"Dallas, TX",In Transit,Pending,,2024-08-25
ORD-00000218,SUP-00057,Cohen PLC,PRD-000134,Cross-group neutral access,Raw Materials,2024-05-22,2024-05-31,2024-06-02,1535,3246.7541,4983767.54,WH-009,"Los Angeles, CA",Delivered,Pass,Brian Hebert,2025-04-28
ORD-00000219,SUP-00014,Thomas-Nguyen,PRD-000128,Compatible human-resource interface,Chemicals,2025-12-23,2026-01-08,2026-01-07,-665,3504.1907,2330286.82,WH-008,"Seattle, WA",Delivered,Pass,Amy Kelly,2025-01-17
ORD-00000220,SUP-00075,Barron Ltd,PRD-000035,Programmable 6thgeneration open system,Packaging,2023-10-19,2023-10-24,,2133,5003.1841,10671791.69,WH-005,"Chicago, IL",Delivered,Fail,Stephen Jones,2024-11-20
ORD-00000221,SUP-00009,Burton Ltd,PRD-000167,Streamlined 24/7 success,Electronics,2024-09-21,2024-10-18,2024-11-06,1544,8542.3647,10180726.0,WH-009,"Atlanta, GA",Cancelled,Pending,,2024-12-22
ORD-00000222,SUP-00004,Humphrey Group,PRD-000126,Organized 24hour attitude,Food & Beverage,2023-11-01,2023-12-20,2023-12-17,2570,1550.6676,3612738.55,WH-010,"Dallas, TX",Delivered,Pending,Angela Anderson,2024-12-19
ORD-00000223,,Montoya Inc,PRD-000185,Decentralized incremental application,Textiles,2024-05-31,2024-06-13,2024-06-27,3022,988.8098,2988183.22,WH-014,"Chicago, IL",Returned,Pass,Sherry Burnett,2024-12-10
ORD-00000224,SUP-00024,Kelly and Sons,PRD-000004,Open-source logistical challenge,Raw Materials,2023-12-14,2024-01-09,2024-01-10,4025,2620.935,10549263.38,WH-009,"Chicago, IL",Returned,Fail,Brandy Murray,2024-04-17
ORD-00000225,SUP-00068,Gaines-Jackson,PRD-000046,Ergonomic demand-driven function,Textiles,2024-05-25,2024-07-17,2024-07-24,2350,1474.6468,3465419.98,WH-004,"New York, NY",In Transit,Pending,,2025-07-29
ORD-00000226,SUP-00075,Barron Ltd,PRD-000053,Public-key 4thgeneration hierarchy,Machinery,2024-07-14,2024-08-24,,4924,1132.197,5574938.03,WH-001,"Chicago, IL",Cancelled,Pending,,2024-05-27
ORD-00000227,SUP-00072,Jackson Inc,PRD-000012,Up-sized actuating model,Textiles,2024-04-09,2024-05-23,,2988,4557.2411,13617036.41,WH-009,"Dallas, TX",Cancelled,Pending,,2024-12-26
ORD-00000228,SUP-00016,Acosta and Sons,PRD-000012,Up-sized actuating model,Electronics,2024-03-05,2024-03-31,2024-04-18,1903,2110.4297,4016147.72,WH-007,"New York, NY",Returned,Fail,Amanda Davidson,2026-03-24
ORD-00000229,SUP-00017,Griffin and Sons,PRD-000092,Pre-emptive human-resource customer loyalty,Machinery,2024-04-17,2024-05-18,2024-05-13,2809,7471.7779,20988224.12,WH-005,"Dallas, TX",Delivered,Fail,Heather Harper,2025-01-16
ORD-00000230,SUP-00032,"Foster, Powell and Moore",PRD-000093,Decentralized 24hour time-frame,Machinery,2026-03-27,2026-04-26,2026-04-25,3474,4838.528,16809046.27,WH-012,"Los Angeles, CA",Delivered,,,2025-07-15
ORD-00000231,SUP-00041,Webster and Sons,PRD-000086,Integrated 5thgeneration neural-net,Food & Beverage,2025-11-06,2025-12-11,2025-12-29,2224,69.8713,155393.77,WH-010,"Dallas, TX",Delivered,Fail,Sandra Banks,2024-08-24
ORD-00000232,SUP-00011,"Hatfield, Lyons and Richards",PRD-000018,Organic cohesive core,Food & Beverage,2024-02-22,2024-02-29,2024-03-20,0,4818.9554,10630647.32,WH-008,"Atlanta, GA",Ordered,Pending,,2025-09-21
ORD-00000233,SUP-00072,Jackson Inc,PRD-000010,Grass-roots systemic moderator,Chemicals,2026-02-13,2026-03-06,2026-03-22,4254,4101.6692,17448500.78,WH-004,"Atlanta, GA",Cancelled,Pending,,2024-05-22
ORD-00000234,SUP-00047,Fuller-Reyes,PRD-000111,Team-oriented value-added middleware,Electronics,2024-12-26,2025-02-22,2025-03-10,4260,5470.8395,23305776.27,WH-011,"Dallas, TX",Ordered,Pending,,2025-12-17
ORD-00000235,SUP-00042,Peters Group,PRD-000187,Face-to-face next generation process improvement,Machinery,2025-11-06,2025-11-26,2025-11-22,2802,8775.072,24587751.74,WH-014,"Chicago, IL",In Transit,Pending,,2024-12-18
ORD-00000236,SUP-00046,Dunn LLC,PRD-000183,Business-focused content-based encryption,Packaging,2025-06-05,2025-07-28,2025-08-04,1602,8259.5627,13231819.45,WH-005,"Chicago, IL",Ordered,Pending,,2024-11-27
ORD-00000237,SUP-00017,Griffin and Sons,PRD-000074,Reactive neutral collaboration,Raw Materials,2024-06-27,2024-07-24,2024-07-21,3950,9021.9991,35636896.45,WH-010,"Los Angeles, CA",Returned,Fail,,2025-09-13
ORD-00000238,SUP-00017,Griffin and Sons,PRD-000129,Compatible methodical leverage,Food & Beverage,2025-04-16,2025-05-06,2025-05-03,2697,2288.8634,6173064.59,WH-010,"New York, NY",In Transit,Pending,,2026-02-07
ORD-00000239,SUP-00002,Jimenez Inc,PRD-000027,Secured client-driven protocol,Chemicals,2024-02-05,2024-03-23,,1424,5496.336,7826782.46,WH-011,"Los Angeles, CA",In Transit,Pending,,2025-12-17
ORD-00000240,SUP-00026,Velasquez-Flores,PRD-000071,Integrated well-modulated structure,Raw Materials,2023-04-20,2023-06-15,2023-07-04,2663,8239.6958,21942309.92,WH-007,"New York, NY",Cancelled,Pending,,2024-06-16
ORD-00000241,SUP-00040,"Ford, Smith and Hodge",PRD-000184,Distributed user-facing encryption,Machinery,2024-12-04,2024-11-29,2024-11-30,-1780,4029.1093,7171814.55,WH-003,"Los Angeles, CA",In Transit,Pending,,2024-08-10
ORD-00000242,SUP-00003,Bennett PLC,PRD-000058,Pre-emptive context-sensitive process improvement,Textiles,2026-03-28,2026-04-11,2026-03-24,3249,4525.3626,14702903.09,WH-002,"New York, NY",Returned,Pending,Dana Gonzales,2025-05-22
ORD-00000243,SUP-00029,"Lawrence, Sutton and Fowler",PRD-000181,Profit-focused stable hardware,Raw Materials,2023-05-03,2023-05-16,2023-05-23,-3016,4765.9665,14374154.96,WH-002,"Atlanta, GA",Ordered,Pending,,2024-09-27
ORD-00000244,SUP-00062,Chapman-Fuller,PRD-000054,Reactive holistic flexibility,Food & Beverage,2026-02-01,2026-03-30,2026-04-16,-4053,9858.4926,39956470.51,WH-005,"Dallas, TX",Cancelled,Pending,,2025-03-14
ORD-00000245,SUP-00049,Arellano-Anderson,PRD-000081,Integrated 4thgeneration parallelism,Electronics,2024-05-10,2024-06-21,2024-07-02,2536,2270.671,5758421.66,WH-002,"New York, NY",In Transit,Pending,,2025-10-29
ORD-00000246,SUP-00013,Meza LLC,PRD-000173,Optional multimedia architecture,Textiles,2023-06-13,2023-06-25,,2101,1863.4786,3915168.54,WH-013,"Atlanta, GA",Ordered,Pending,,2025-12-11
ORD-00000247,SUP-00009,Burton Ltd,PRD-000143,Vision-oriented tangible secured line,Electronics,2024-10-16,2024-11-04,2024-11-23,3690,1454.6201,4146563.75,WH-012,"Seattle, WA",Cancelled,Pending,,2025-03-08
ORD-00000248,SUP-00030,Shaw-Moore,PRD-000185,Decentralized incremental application,Electronics,2026-02-20,2026-03-16,2026-03-17,1015,4530.7535,4598714.8,WH-003,"Dallas, TX",Returned,Fail,Anna Armstrong,2024-06-26
ORD-00000249,SUP-00063,Montoya Inc,PRD-000063,Implemented regional adapter,Chemicals,2024-04-07,2024-05-22,2024-05-30,1819,4355.4964,10367063.29,WH-010,"Chicago, IL",Returned,Pending,,2025-12-31
ORD-00000250,,Cohen PLC,PRD-000142,Ergonomic executive customer loyalty,Raw Materials,2024-04-17,2024-05-20,2024-05-15,834,8868.5086,7396336.17,WH-004,"Atlanta, GA",Delivered,Pending,Justin Gilbert DDS,2024-05-15
ORD-00000251,SUP-00068,Gaines-Jackson,PRD-000063,Implemented regional adapter,Machinery,2024-03-12,2024-03-25,2024-03-22,3881,8579.6791,33297734.59,WH-009,"Dallas, TX",Ordered,Pending,,2026-01-10
ORD-00000252,,"Foster, Powell and Moore",PRD-000020,Universal methodical workforce,Electronics,2025-08-13,2025-09-12,2025-09-14,230,2207.1923,507654.23,WH-002,"Atlanta, GA",Returned,Pass,Susan Bryant,2024-05-02
ORD-00000253,SUP-00066,Willis-Olson,PRD-000019,Self-enabling transitional pricing structure,Raw Materials,2025-11-20,2025-11-26,2025-11-24,411,3494.8553,1436385.53,WH-004,"Atlanta, GA",In Transit,Pending,,2025-05-23
ORD-00000254,SUP-00009,Burton Ltd,PRD-000043,Decentralized disintermediate database,Chemicals,2023-11-29,2024-01-16,2024-01-20,2341,4168.1207,9757570.56,WH-013,"Atlanta, GA",Returned,Fail,Steven Logan,2024-08-29
ORD-00000255,SUP-00043,"Johnson, Brown and Coleman",PRD-000159,Automated dynamic superstructure,Raw Materials,2025-10-02,2025-10-22,2025-11-08,3241,3360.2967,10890721.6,WH-013,"Dallas, TX",Delivered,Pass,Christopher Anderson,2025-05-09
ORD-00000256,,Gaines-Jackson,PRD-000176,Persistent clear-thinking adapter,Raw Materials,2025-12-14,2025-12-08,2026-02-18,2576,8883.8569,22884815.37,WH-014,"Los Angeles, CA",Delivered,Pending,Leroy Mccall,2024-09-26
ORD-00000257,SUP-00056,Garcia Group,PRD-000061,Profound upward-trending Graphic Interface,Raw Materials,2023-05-14,2023-06-07,2023-06-04,4200,2222.7055,9335363.1,WH-013,"Chicago, IL",Returned,Fail,Kara Burke,2024-10-15
ORD-00000258,SUP-00004,Humphrey Group,PRD-000137,Cross-group multi-state firmware,Machinery,2025-03-24,2025-05-12,2025-05-08,4788,5011.1099,23993194.2,WH-014,"Seattle, WA",Delivered,,David King,2026-03-13
ORD-00000259,SUP-00054,Kane PLC,PRD-000023,Total asymmetric hardware,Packaging,2025-11-30,2026-01-12,2026-01-24,4393,98.0056,430538.6,WH-014,"Dallas, TX",Delivered,Fail,Ralph Day,2024-09-13
ORD-00000260,SUP-00035,Mann Ltd,PRD-000055,Streamlined dedicated moderator,Raw Materials,2024-04-24,2024-05-16,,-4307,8599.9078,37039802.89,WH-004,"Los Angeles, CA",In Transit,,,2026-03-04
ORD-00000261,SUP-00003,Bennett PLC,PRD-000067,Function-based human-resource secured line,Food & Beverage,2024-08-13,2024-09-19,2024-10-08,2390,5442.0449,13006487.31,WH-011,"New York, NY",In Transit,Pending,,2025-10-28
ORD-00000262,SUP-00066,Willis-Olson,PRD-000051,Vision-oriented mobile throughput,Textiles,2023-08-01,2023-08-11,2023-08-24,1388,9771.5378,13562894.47,WH-004,"Los Angeles, CA",Returned,Fail,Caroline Calderon,2024-08-14
ORD-00000263,SUP-00029,"Lawrence, Sutton and Fowler",PRD-000125,Intuitive intangible artificial intelligence,Machinery,2025-04-13,2025-04-26,2025-05-05,3638,1965.7661,7151457.07,WH-009,"Los Angeles, CA",Cancelled,Pending,,2025-05-08
ORD-00000264,,Fuller-Reyes,PRD-000163,Secured 24hour knowledge user,Electronics,2024-09-06,2024-10-26,2024-11-11,4814,8617.1161,41482796.91,WH-007,"Dallas, TX",Returned,Pending,Troy Nelson,2025-09-26
ORD-00000265,SUP-00040,"Ford, Smith and Hodge",PRD-000042,Managed neutral algorithm,Chemicals,2024-08-07,2024-09-26,2024-10-06,4957,4689.011,23243427.53,WH-003,"Los Angeles, CA",In Transit,Pending,,2025-04-21
ORD-00000266,SUP-00063,Montoya Inc,PRD-000107,Inverse 3rdgeneration architecture,Food & Beverage,2025-06-20,2025-07-04,2025-07-14,4110,1625.259,6679814.49,WH-010,"Chicago, IL",Delivered,Pending,Kelly Cunningham,2024-11-01
ORD-00000267,SUP-00018,"Thomas, Dennis and Rodriguez",PRD-000077,Devolved hybrid core,Machinery,2024-12-04,2024-12-29,2025-01-04,1861,7149.1069,13304487.94,WH-005,"Dallas, TX",Cancelled,Pending,,2025-01-26
ORD-00000268,SUP-00005,Williams LLC,PRD-000015,Distributed 6thgeneration info-mediaries,Textiles,2025-12-10,2026-01-22,2026-02-07,4903,5990.6612,29372211.86,WH-011,"Seattle, WA",Cancelled,Pending,,2026-04-11
ORD-00000269,SUP-00078,Wallace-Williams,PRD-000089,Managed bandwidth-monitored customer loyalty,electronics,2024-07-16,2024-07-30,2024-08-09,307,4825.2868,1481363.05,WH-009,"Atlanta, GA",Cancelled,Pending,,2025-06-23
ORD-00000270,SUP-00012,"Hart, Hayes and Velez",PRD-000088,User-centric client-server strategy,Food & Beverage,2024-01-03,2024-02-10,2024-02-27,1348,1477.7512,1992008.62,WH-012,"Dallas, TX",Cancelled,Pending,,2024-10-19
ORD-00000271,SUP-00047,Fuller-Reyes,PRD-000102,Secured upward-trending workforce,Raw Materials,2025-01-24,2025-02-07,2025-02-13,4837,933.9238,4517389.42,WH-004,"Los Angeles, CA",Delivered,Pending,,2024-11-25
ORD-00000272,SUP-00053,"Osborn, Ryan and Garrett",PRD-000119,Enhanced local migration,Machinery,2025-06-10,2025-06-18,2025-07-04,4021,2292.5961,9218528.92,WH-011,"Atlanta, GA",Returned,,,2025-08-30
ORD-00000273,SUP-00012,"Hart, Hayes and Velez",PRD-000196,Assimilated non-volatile artificial intelligence,Electronics,2024-09-06,2024-11-04,2024-11-24,4192,921.3859,4670650.45,WH-009,"Chicago, IL",Ordered,Pending,,2025-02-06
ORD-00000274,SUP-00012,"Hart, Hayes and Velez",PRD-000060,Ergonomic global architecture,Electronics,2025-10-18,2025-12-16,2025-12-27,334,3620.7914,1209344.33,WH-007,"Dallas, TX",In Transit,Pending,,2025-05-24
ORD-00000275,SUP-00044,Pitts LLC,PRD-000127,Ameliorated contextually-based model,Raw Materials,2024-07-26,2024-08-08,2024-08-11,2028,2936.5881,3432318.37,WH-014,"Seattle, WA",Ordered,Pending,,2026-01-22
ORD-00000276,SUP-00069,Thompson-Owens,PRD-000145,Horizontal mobile knowledge user,MACHINERY,2024-01-11,2024-01-17,2024-01-14,3688,8342.5371,30767276.82,WH-001,"New York, NY",Cancelled,Pending,,2025-11-21
ORD-00000277,SUP-00037,Shah Inc,PRD-000077,Devolved hybrid core,Machinery,2023-10-31,2023-12-05,2023-12-20,1147,4739.904,5436669.89,WH-010,"Chicago, IL",Delivered,Pass,Kimberly Caldwell,2025-07-11
ORD-00000278,SUP-00061,Greene-Osborne,PRD-000047,Customer-focused incremental collaboration,FOOD & BEVERAGE,2024-11-03,2024-11-18,2024-12-07,3653,3261.424,11913981.87,WH-012,"Seattle, WA",Returned,Pending,Kim Snyder,2024-11-22
ORD-00000279,SUP-00018,"Thomas, Dennis and Rodriguez",PRD-000164,Profit-focused transitional data-warehouse,Packaging,2025-03-07,2025-05-02,2025-05-17,4180,7618.4258,31845019.84,WH-005,"Atlanta, GA",Ordered,Pending,,2024-07-22
ORD-00000280,SUP-00042,Peters Group,PRD-000154,Ameliorated 6thgeneration access,Machinery,2025-11-26,2025-12-23,2026-01-03,4622,4980.3622,23019234.09,WH-013,"New York, NY",Cancelled,Pending,,2025-07-19
ORD-00000281,SUP-00014,Thomas-Nguyen,PRD-000156,Sharable disintermediate Graphical User Interface,Textiles,2025-06-03,2025-08-01,2025-08-14,3967,7415.1841,29416035.32,WH-007,"Atlanta, GA",Ordered,,,2025-12-17
ORD-00000282,SUP-00058,"Browning, Wiley and Duran",PRD-000180,Optimized 24/7 matrix,Textiles,2024-11-13,2024-12-19,2024-12-22,971,857.976,833094.7,WH-013,"New York, NY",Delivered,Fail,Ryan Nelson,2024-05-16
ORD-00000283,SUP-00022,"Reilly, Price and Galloway",PRD-000152,Focused background Internet solution,Electronics,2025-10-14,2025-11-16,2025-11-29,2064,6248.6787,12897272.84,WH-007,"Seattle, WA",Returned,Pass,James Evans,2025-04-28
ORD-00000284,SUP-00062,Chapman-Fuller,PRD-000021,Synergized zero tolerance approach,Packaging,2024-07-17,2024-09-09,2024-09-09,3591,4297.802,15433406.98,WH-001,"Atlanta, GA",In Transit,,,2024-08-26
ORD-00000285,SUP-00007,Anderson-Jackson,PRD-000029,Horizontal coherent protocol,Raw Materials,2025-12-10,2026-02-01,2026-02-16,2940,4876.3795,14336555.73,WH-006,"Dallas, TX",Ordered,Pending,,2026-03-13
ORD-00000286,SUP-00025,Turner Ltd,PRD-000022,Networked empowering open system,Packaging,2026-01-29,2026-03-12,2026-03-15,1721,7280.5787,12529875.94,WH-014,"New York, NY",Delivered,Fail,Amanda Huber,2026-04-13
ORD-00000287,SUP-00053,"Osborn, Ryan and Garrett",PRD-000126,Organized 24hour attitude,FOOD & BEVERAGE,2023-08-07,2023-10-04,2023-10-09,2459,1458.9667,3587599.12,WH-007,"New York, NY",Returned,Fail,Ryan Garrett,2025-04-22
ORD-00000288,SUP-00037,Shah Inc,PRD-000089,Managed bandwidth-monitored customer loyalty,Food & Beverage,2026-02-27,2026-04-25,,297,4948.0149,1469560.43,WH-002,"Los Angeles, CA",Ordered,Pending,,2025-05-27
ORD-00000289,SUP-00035,Mann Ltd,PRD-000185,Decentralized incremental application,Textiles,2024-12-24,2025-01-08,,1303,6723.6654,8760936.02,WH-001,"Seattle, WA",Returned,Pass,Carl Shannon,2024-06-30
ORD-00000290,SUP-00051,Hancock LLC,PRD-000122,Phased holistic policy,Food & Beverage,2026-03-08,2026-03-31,2026-04-04,1718,3806.9513,6540342.33,WH-004,"Los Angeles, CA",Ordered,Pending,,2025-03-14
ORD-00000291,SUP-00026,Velasquez-Flores,PRD-000134,Cross-group neutral access,Raw Materials,2025-05-24,2025-06-18,2025-06-17,2424,129.5055,313921.33,WH-009,"Atlanta, GA",Returned,Pending,Laura Patrick,2026-04-03
ORD-00000292,SUP-00027,"Ellis, Webb and Rivera",PRD-000178,Cross-group intangible interface,PACKAGING,2024-09-05,2024-11-02,2024-11-20,733,6818.8652,4998228.19,WH-003,"Los Angeles, CA",Delivered,Fail,Lauren Scott,2024-09-22
ORD-00000293,SUP-00024,Kelly and Sons,PRD-000177,Ameliorated optimal encryption,Packaging,2023-08-06,2023-08-28,2023-08-24,1521,670.6217,514242.98,WH-013,"New York, NY",Cancelled,Pending,,2026-03-06
ORD-00000294,SUP-00008,"Barber, Davis and Barnett",PRD-000033,Streamlined methodical hierarchy,Textiles,2024-03-10,2024-04-05,2024-04-06,-4466,9971.3501,44532049.55,WH-007,"Seattle, WA",In Transit,Pending,,2024-08-16
ORD-00000295,SUP-00075,Barron Ltd,PRD-000128,Compatible human-resource interface,Textiles,2025-07-16,2025-09-08,2025-06-21,139,5979.0102,831082.42,WH-003,"Chicago, IL",In Transit,Pending,,2024-09-03
ORD-00000296,SUP-00072,Jackson Inc,PRD-000155,Up-sized 24/7 migration,Electronics,2024-01-13,2024-02-12,2024-02-23,1326,8670.2502,11496751.77,WH-008,"Seattle, WA",Delivered,Fail,Adam Smith,2025-09-22
ORD-00000297,SUP-00014,Thomas-Nguyen,PRD-000069,Decentralized systemic interface,Chemicals,2024-12-06,2024-11-29,2025-01-16,1388,3571.3583,4957045.32,WH-001,"Los Angeles, CA",Delivered,Pending,Joseph Potts,2024-12-29
ORD-00000298,SUP-00013,Meza LLC,PRD-000025,Networked directional synergy,Packaging,2024-06-19,2024-07-31,2024-08-02,3376,1083.4721,3305553.62,WH-008,"Los Angeles, CA",Cancelled,Pending,,2024-11-01
ORD-00000299,SUP-00031,Lee Ltd,PRD-000077,Devolved hybrid core,Packaging,2026-02-21,2026-03-09,2026-03-23,678,1484.3495,1006388.96,WH-004,"Seattle, WA",Delivered,Fail,Jessica Morgan,2024-12-05
ORD-00000300,SUP-00069,Thompson-Owens,PRD-000089,Managed bandwidth-monitored customer loyalty,Machinery,2024-07-27,2024-09-05,2024-09-13,2194,8089.598,22873076.61,WH-002,"Chicago, IL",In Transit,Pending,,2025-05-09
ORD-00000301,SUP-00035,Mann Ltd,PRD-000096,Progressive empowering capability,Packaging,2024-12-16,2025-02-09,2025-02-10,4726,6938.9733,32793587.82,WH-011,"New York, NY",Ordered,Pending,,2025-11-26
ORD-00000302,SUP-00062,Chapman-Fuller,PRD-000016,Automated didactic concept,Electronics,2025-04-23,2025-05-31,2025-06-14,2985,8405.9498,25091760.15,WH-007,"Dallas, TX",Delivered,Fail,Nathan Crawford,2024-04-15
ORD-00000303,SUP-00013,Meza LLC,PRD-000097,Versatile static software,Raw Materials,2023-08-07,2023-08-13,2023-08-17,0,6366.3278,4755646.87,WH-012,"Los Angeles, CA",Delivered,Pending,,2026-02-28
ORD-00000304,SUP-00025,Turner Ltd,PRD-000014,Upgradable composite firmware,Textiles,2026-03-02,2026-04-23,2026-05-01,506,7347.6274,3717899.46,WH-006,"Chicago, IL",Delivered,,Julie Chavez,2025-01-05
ORD-00000305,SUP-00069,Thompson-Owens,PRD-000031,Stand-alone systemic productivity,Chemicals,2025-03-27,2025-04-09,,4324,2719.4783,11759024.17,WH-007,"New York, NY",Cancelled,Pending,,2025-01-02
ORD-00000306,SUP-00032,"Foster, Powell and Moore",PRD-000180,Optimized 24/7 matrix,Food & Beverage,2025-03-06,2025-04-16,,4685,9154.791,42890195.83,WH-003,"Los Angeles, CA",Cancelled,Pending,,2025-12-01
ORD-00000307,SUP-00029,"Lawrence, Sutton and Fowler",PRD-000050,Fundamental bi-directional customer loyalty,Packaging,2024-02-18,2024-03-19,2024-03-17,3298,18.9452,62481.27,WH-012,"Dallas, TX",Cancelled,,,2025-02-11
ORD-00000308,,"Barber, Davis and Barnett",PRD-000045,Balanced solution-oriented methodology,Packaging,2024-04-10,2024-05-08,2024-05-10,3179,8646.0149,27485681.37,WH-009,"Dallas, TX",Cancelled,Pending,,2025-09-30
ORD-00000309,SUP-00037,Shah Inc,PRD-000015,Distributed 6thgeneration info-mediaries,Textiles,2024-08-08,2024-09-06,2024-09-07,4243,6304.78,26751181.54,WH-007,"New York, NY",Delivered,Pass,David Johnson,2025-01-15
ORD-00000310,SUP-00014,Thomas-Nguyen,PRD-000126,Organized 24hour attitude,Chemicals,2023-10-23,2023-11-15,2023-11-21,1863,5253.3439,9786979.69,WH-008,"Atlanta, GA",Cancelled,Pending,,2024-12-04
ORD-00000311,SUP-00067,Brooks and Sons,PRD-000153,Function-based reciprocal firmware,TEXTILES,2026-01-27,2026-03-01,2026-03-05,2322,2070.7181,4808207.43,WH-003,"Los Angeles, CA",Ordered,Pending,,2025-03-01
ORD-00000312,SUP-00036,Thomas-Velasquez,PRD-000126,Organized 24hour attitude,Food & Beverage,2025-06-02,2025-07-20,2025-07-15,0,232.3387,1050170.92,WH-004,"Seattle, WA",Cancelled,Pending,,2024-05-17
ORD-00000313,SUP-00061,Greene-Osborne,PRD-000102,Secured upward-trending workforce,Food & Beverage,2023-05-14,2023-05-29,2023-05-27,2518,9125.7049,22978524.94,WH-009,"Seattle, WA",Ordered,Pending,,2025-10-30
ORD-00000314,SUP-00014,Thomas-Nguyen,PRD-000188,Secured real-time productivity,Packaging,2024-05-03,2024-05-11,2024-05-10,2576,170.4967,439199.5,WH-006,"Dallas, TX",Returned,Fail,Stacy Love,2024-05-04
ORD-00000315,SUP-00028,Padilla PLC,PRD-000183,Business-focused content-based encryption,Packaging,2024-01-16,2024-03-10,2024-03-15,40,9559.6496,382385.98,WH-001,"New York, NY",In Transit,Pending,,2026-03-19
ORD-00000316,SUP-00062,Chapman-Fuller,PRD-000186,Enhanced asynchronous secured line,Food & Beverage,2024-02-22,2024-04-14,2024-04-15,4488,7813.7019,35067894.13,WH-002,"Los Angeles, CA",Cancelled,Pending,,2025-06-13
ORD-00000317,SUP-00054,Kane PLC,PRD-000153,Function-based reciprocal firmware,Food & Beverage,2024-02-04,2024-03-04,2024-03-11,3846,799.7362,3075785.43,WH-004,"Atlanta, GA",Returned,Fail,Matthew Benson,2025-06-08
ORD-00000318,SUP-00040,"Ford, Smith and Hodge",PRD-000142,Ergonomic executive customer loyalty,Textiles,2024-09-29,2024-11-07,2024-11-17,-4266,6891.1756,29397755.11,WH-011,"New York, NY",Returned,,Nicholas Rogers,2025-11-22
ORD-00000319,SUP-00026,Velasquez-Flores,PRD-000130,Monitored empowering migration,Packaging,2024-08-02,2024-08-11,2024-08-24,2185,3756.1734,8207238.88,WH-007,"Seattle, WA",Cancelled,,,2025-07-11
ORD-00000320,SUP-00005,Williams LLC,PRD-000166,Business-focused 24hour secured line,Chemicals,2024-06-30,2024-08-26,2024-09-08,779,9572.8209,7457227.48,WH-010,"Chicago, IL",Delivered,Pass,Taylor Stout DVM,2026-01-11
ORD-00000321,SUP-00047,Fuller-Reyes,PRD-000154,Ameliorated 6thgeneration access,Electronics,2023-06-26,2023-08-12,2023-08-24,717,4341.5672,3112903.68,WH-002,"New York, NY",Delivered,Fail,Charles Garcia,2026-02-10
ORD-00000322,SUP-00071,"Robbins, Chapman and Morris",PRD-000151,Reactive incremental instruction set,Electronics,2026-03-20,2026-03-28,2026-04-14,-337,1153.269,388651.65,WH-011,"Dallas, TX",In Transit,Pending,,2026-03-22
ORD-00000323,SUP-00072,Jackson Inc,PRD-000124,Polarized modular hardware,Packaging,2025-11-14,2026-01-02,2026-01-04,1611,1609.8137,2593409.87,WH-007,"Seattle, WA",Ordered,Pending,,2024-06-30
ORD-00000324,SUP-00057,Cohen PLC,PRD-000181,Profit-focused stable hardware,Machinery,2024-04-19,2024-04-29,2024-05-18,3932,6265.7393,24636886.93,WH-013,"Chicago, IL",Ordered,Pending,,2025-01-09
ORD-00000325,SUP-00017,Griffin and Sons,PRD-000131,User-friendly logistical groupware,Electronics,2025-02-02,2025-03-05,2025-03-25,694,6867.8021,4766254.66,WH-005,"New York, NY",In Transit,Pending,,2025-02-25
ORD-00000326,SUP-00044,Pitts LLC,PRD-000043,Decentralized disintermediate database,Chemicals,2024-12-16,2025-01-12,2025-01-23,2479,8690.157,21542899.2,WH-004,"Dallas, TX",Returned,Pass,Natasha Young,2024-10-27
ORD-00000327,SUP-00022,"Reilly, Price and Galloway",PRD-000019,Self-enabling transitional pricing structure,Chemicals,2025-01-02,2025-02-06,2025-02-22,2862,9604.375,27487721.25,WH-006,"New York, NY",Ordered,Pending,,2025-04-03
ORD-00000328,SUP-00071,"Robbins, Chapman and Morris",PRD-000003,Progressive object-oriented forecast,Packaging,2024-10-11,2024-11-02,2024-11-15,4847,2711.5991,13143120.84,WH-007,"Los Angeles, CA",In Transit,,,2025-03-16
ORD-00000329,,Griffin and Sons,PRD-000143,Vision-oriented tangible secured line,Machinery,2024-04-17,2024-06-16,2024-06-29,3704,516.5992,1913483.44,WH-007,"Atlanta, GA",In Transit,Pending,,2026-02-24
ORD-00000330,SUP-00050,Dixon Inc,PRD-000107,Inverse 3rdgeneration architecture,Textiles,2024-11-06,2024-12-10,2024-12-08,3395,5162.247,17525828.57,WH-002,"Atlanta, GA",Cancelled,Pending,,2024-07-08
ORD-00000331,SUP-00013,Meza LLC,PRD-000181,Profit-focused stable hardware,Raw Materials,2023-06-05,2023-06-27,2023-07-04,1129,1355.2511,1530078.49,WH-013,"New York, NY",Ordered,Pending,,2024-11-03
ORD-00000332,SUP-00011,"Hatfield, Lyons and Richards",PRD-000027,Secured client-driven protocol,Raw Materials,2023-10-12,2023-12-03,2023-12-09,1059,4090.6494,4073080.85,WH-004,"Dallas, TX",Cancelled,Pending,,2025-03-23
ORD-00000333,SUP-00004,Humphrey Group,PRD-000101,Grass-roots scalable database,Raw Materials,2023-09-09,2023-11-05,2023-11-14,1794,6194.1773,11112354.08,WH-005,"New York, NY",Delivered,Pending,Andrew Campbell,2025-11-18
ORD-00000334,SUP-00043,"Johnson, Brown and Coleman",PRD-000091,Ameliorated impactful instruction set,Machinery,2023-10-23,2023-11-24,2023-11-23,2687,8515.7013,22881689.39,WH-008,"Seattle, WA",Delivered,Fail,,2026-01-23
ORD-00000335,SUP-00016,Acosta and Sons,PRD-000144,Reduced motivating open architecture,Chemicals,2024-02-26,2024-02-16,2024-04-24,638,4308.8163,2749024.8,WH-001,"Chicago, IL",Cancelled,Pending,,2024-05-03
ORD-00000336,SUP-00009,Burton Ltd,PRD-000143,Vision-oriented tangible secured line,Textiles,2025-10-01,2025-10-23,2025-10-29,3525,2935.3342,10347053.05,WH-001,"Dallas, TX",Returned,Fail,Seth Richardson,2025-08-04
ORD-00000337,SUP-00052,Vargas-Hunter,PRD-000113,Quality-focused real-time matrices,Raw Materials,2024-04-09,2024-05-31,2024-05-28,2833,4165.6281,15171213.19,WH-009,"New York, NY",Ordered,Pending,,2024-11-18
ORD-00000338,SUP-00028,Padilla PLC,PRD-000080,Implemented solution-oriented adapter,Chemicals,2023-04-25,2023-05-11,2023-05-11,2944,9352.3935,28515118.3,WH-002,"Seattle, WA",Returned,Pending,Timothy Brown,2024-09-08
ORD-00000339,SUP-00016,Acosta and Sons,PRD-000114,Programmable national open architecture,TEXTILES,2025-07-25,2025-09-17,2025-09-20,1861,516.4033,961026.54,WH-003,"Chicago, IL",Ordered,Pending,,2026-03-02
ORD-00000340,SUP-00052,Vargas-Hunter,PRD-000131,User-friendly logistical groupware,Food & Beverage,2024-09-09,2024-09-18,2024-09-26,-4942,1195.1873,5906615.64,WH-010,"Seattle, WA",Delivered,Fail,Michael Watkins,2025-12-01
ORD-00000341,SUP-00013,Meza LLC,PRD-000172,Persevering fault-tolerant throughput,Textiles,2024-04-22,2024-05-12,2024-05-13,4600,5434.3777,24998137.42,WH-003,"Los Angeles, CA",Cancelled,Pending,,2024-08-13
ORD-00000342,SUP-00006,Petersen-Kelly,PRD-000194,Re-contextualized mission-critical algorithm,Machinery,2025-09-15,2025-11-03,2025-11-23,-1130,2984.2095,3372156.73,WH-005,"Chicago, IL",In Transit,Pending,,2026-03-03
ORD-00000343,SUP-00044,Pitts LLC,PRD-000010,Grass-roots systemic moderator,Electronics,2025-08-08,2025-09-26,2025-10-09,708,994.3646,704010.14,WH-012,"Atlanta, GA",Returned,Pass,Zachary Lamb,2025-12-12
ORD-00000344,SUP-00072,Jackson Inc,PRD-000021,Synergized zero tolerance approach,Raw Materials,2025-06-13,2025-07-02,2025-07-15,3823,6818.5116,26067169.85,WH-014,"Seattle, WA",In Transit,Pending,,2025-05-10
ORD-00000345,SUP-00009,Burton Ltd,PRD-000115,Optimized actuating ability,Raw Materials,2023-11-28,2023-11-22,2023-12-18,3392,9548.7749,32389444.46,WH-009,"Atlanta, GA",Delivered,Fail,Susan Thornton,2026-02-10
ORD-00000346,,"Nguyen, Cruz and Wilson",PRD-000014,Upgradable composite firmware,Packaging,2026-04-02,2026-04-13,2026-03-30,1035,634.3685,656571.4,WH-004,"Seattle, WA",Ordered,Pending,,2025-01-22
ORD-00000347,SUP-00026,Velasquez-Flores,PRD-000069,Decentralized systemic interface,Textiles,2024-05-17,2024-05-24,2024-05-21,2166,9418.9768,20401503.75,WH-013,"New York, NY",Cancelled,Pending,,2025-10-22
ORD-00000348,SUP-00032,"Foster, Powell and Moore",PRD-000045,Balanced solution-oriented methodology,Raw Materials,2025-01-25,2025-03-02,2025-03-03,0,5130.2583,11112139.48,WH-011,"Dallas, TX",Delivered,Fail,Andrew Williams,2024-05-09
ORD-00000349,SUP-00044,Pitts LLC,PRD-000159,Automated dynamic superstructure,Machinery,2024-11-14,2024-12-20,2024-12-29,4767,5847.9501,50173209.78,WH-004,"Atlanta, GA",In Transit,Pending,,2025-09-16
ORD-00000350,SUP-00056,Garcia Group,PRD-000110,Cross-platform encompassing complexity,Textiles,2025-03-16,2025-03-10,2025-02-14,3741,6625.8922,41330537.21,WH-003,"Dallas, TX",Delivered,Fail,,2026-01-20
ORD-00000351,SUP-00040,"Ford, Smith and Hodge",PRD-000023,Total asymmetric hardware,Textiles,2024-10-04,2024-12-03,2024-12-12,2869,2071.3028,5942567.73,WH-013,"New York, NY",Returned,Fail,Scott Stephens,2025-06-28
ORD-00000352,SUP-00060,"Smith, Hill and Steele",PRD-000093,Decentralized 24hour time-frame,CHEMICALS,2025-11-24,2025-12-13,2025-12-12,977,7516.463,7343584.35,WH-004,"Seattle, WA",In Transit,,,2025-02-04
ORD-00000353,SUP-00043,"Johnson, Brown and Coleman",PRD-000142,Ergonomic executive customer loyalty,Electronics,2025-07-15,2025-09-05,,3612,8056.1004,29098634.64,WH-003,"Los Angeles, CA",Returned,Fail,Carrie Delgado,2025-01-29
ORD-00000354,SUP-00048,Morgan-Ware,PRD-000105,Universal bifurcated Graphical User Interface,Packaging,2023-12-18,2024-01-22,2024-02-06,46,9198.1114,423113.12,WH-011,"New York, NY",Cancelled,Pending,,2024-09-11
ORD-00000355,SUP-00005,Williams LLC,PRD-000048,Vision-oriented neutral neural-net,Packaging,2025-08-06,2025-09-29,,3948,9077.8498,35839351.01,WH-006,"Los Angeles, CA",Delivered,Pass,Amy Peterson,2024-07-18
ORD-00000356,SUP-00011,"Hatfield, Lyons and Richards",PRD-000167,Streamlined 24/7 success,Textiles,2025-01-10,2025-02-01,2025-02-16,1149,2052.7917,2358657.66,WH-008,"Atlanta, GA",Delivered,Pending,Patrick Fuller,2025-04-24
ORD-00000357,SUP-00029,"Lawrence, Sutton and Fowler",PRD-000032,Total radical methodology,ELECTRONICS,2025-03-06,2025-04-14,2025-04-19,3612,3242.8346,14510820.78,WH-008,"Chicago, IL",In Transit,Pending,,2026-03-09
ORD-00000358,SUP-00055,"Myers, Coleman and White",PRD-000127,Ameliorated contextually-based model,Electronics,2023-08-12,2023-08-11,2023-10-13,3975,8500.4216,33789175.86,WH-011,"New York, NY",Cancelled,Pending,,2024-08-28
ORD-00000359,SUP-00074,"Mcclain, Johnson and Gibson",PRD-000110,Cross-platform encompassing complexity,PACKAGING,2025-08-24,2025-10-01,2025-10-19,3729,5749.1448,21438560.96,WH-009,"New York, NY",In Transit,Pending,,2024-04-17
ORD-00000360,SUP-00031,Lee Ltd,PRD-000183,Business-focused content-based encryption,Electronics,2026-03-06,2026-03-14,2026-02-26,1815,6467.2891,16149852.58,WH-006,"Los Angeles, CA",Ordered,Pending,,2024-07-30
ORD-00000361,SUP-00029,"Lawrence, Sutton and Fowler",PRD-000017,Up-sized zero administration info-mediaries,Raw Materials,2026-03-29,2026-04-27,2026-05-12,3645,6911.047,25190766.31,WH-001,"Los Angeles, CA",Ordered,Pending,,2026-01-27
ORD-00000362,SUP-00073,Newman PLC,PRD-000037,Multi-channeled 3rdgeneration website,Packaging,2024-05-07,2024-05-22,2024-05-25,392,8599.2546,3370907.8,WH-007,"Seattle, WA",Cancelled,Pending,,2024-06-04
ORD-00000363,SUP-00054,Kane PLC,PRD-000006,Intuitive bifurcated open system,Raw Materials,2024-10-21,2024-12-14,2025-01-03,3318,2527.5642,8386458.02,WH-007,"Dallas, TX",Cancelled,Pending,,2025-05-29
ORD-00000364,SUP-00060,"Smith, Hill and Steele",PRD-000135,Switchable client-server success,Electronics,2025-09-12,2025-10-22,2025-11-08,3484,4071.0931,14183688.36,WH-001,"Dallas, TX",Returned,Pass,Tamara Johnson,2024-06-15
ORD-00000365,SUP-00014,Thomas-Nguyen,PRD-000050,Fundamental bi-directional customer loyalty,food & beverage,2025-10-05,2025-12-03,2025-12-13,0,5312.6707,15985826.14,WH-001,"New York, NY",Cancelled,Pending,,2024-07-01
ORD-00000366,SUP-00058,"Browning, Wiley and Duran",PRD-000100,Automated static software,Machinery,2023-08-02,2023-09-04,2023-09-10,4423,2408.7411,10653861.89,WH-011,"Seattle, WA",Ordered,,,2024-12-12
ORD-00000367,SUP-00012,"Hart, Hayes and Velez",PRD-000037,Multi-channeled 3rdgeneration website,Raw Materials,2025-04-20,2025-06-01,2025-06-07,-2752,1523.9152,4193814.63,WH-009,"Seattle, WA",Cancelled,,,2025-12-09
ORD-00000368,SUP-00079,Mercado-Dorsey,PRD-000167,Streamlined 24/7 success,MACHINERY,2023-07-16,2023-08-03,2023-08-14,3344,9895.8247,33091637.8,WH-010,"Los Angeles, CA",Ordered,Pending,,2024-09-22
ORD-00000369,SUP-00042,Peters Group,PRD-000070,Intuitive dedicated functionalities,Chemicals,2024-11-20,2024-12-09,2024-12-14,2194,8823.3292,19358384.26,WH-014,"Seattle, WA",Ordered,,,2024-06-23
ORD-00000370,SUP-00024,Kelly and Sons,PRD-000084,Synergized scalable matrices,Packaging,2024-08-02,2024-08-30,2024-08-26,4193,8622.8734,36155708.17,WH-008,"Seattle, WA",Ordered,Pending,,2024-09-04
ORD-00000371,,Ellis Group,PRD-000103,Universal demand-driven algorithm,Chemicals,2023-08-23,2023-10-05,2023-10-21,1223,7554.1865,9238770.09,WH-013,"Dallas, TX",Returned,Fail,,2026-04-03
ORD-00000372,SUP-00004,Humphrey Group,PRD-000094,Reactive disintermediate methodology,Raw Materials,2024-07-06,2024-07-17,2024-07-12,1643,3537.8454,5812679.99,WH-009,"Dallas, TX",In Transit,Pending,,2024-06-24
ORD-00000373,SUP-00079,Mercado-Dorsey,PRD-000158,Focused maximized focus group,Chemicals,2024-08-14,2024-09-08,2024-09-19,501,523.8023,262424.95,WH-004,"Chicago, IL",Returned,,Joseph Wall,2025-04-09
ORD-00000374,SUP-00006,Petersen-Kelly,PRD-000193,Multi-tiered bandwidth-monitored adapter,Chemicals,2024-07-10,2024-07-17,2024-08-04,3312,2431.8988,8054448.83,WH-007,"Los Angeles, CA",Ordered,Pending,,2025-06-11
ORD-00000375,SUP-00029,"Lawrence, Sutton and Fowler",PRD-000116,Open-architected logistical matrices,Food & Beverage,2025-04-06,2025-04-24,2025-04-29,414,913.7329,378285.42,WH-001,"Chicago, IL",In Transit,Pending,,2025-10-06
ORD-00000376,SUP-00052,Vargas-Hunter,PRD-000025,Networked directional synergy,Food & Beverage,2024-03-31,2024-05-19,2024-05-30,3886,1992.6755,7743536.99,WH-003,"Los Angeles, CA",Ordered,Pending,,2024-12-28
ORD-00000377,SUP-00036,Thomas-Velasquez,PRD-000032,Total radical methodology,Machinery,2024-08-18,2024-10-14,2024-10-14,1955,2792.4842,5459306.61,WH-003,"Los Angeles, CA",In Transit,Pending,,2026-01-26
ORD-00000378,SUP-00060,"Smith, Hill and Steele",PRD-000022,Networked empowering open system,Textiles,2025-09-08,2025-10-05,2025-10-10,979,3187.6774,3120736.17,WH-003,"Atlanta, GA",Delivered,Fail,Sarah Carey,2025-09-10
ORD-00000379,SUP-00037,Shah Inc,PRD-000143,Vision-oriented tangible secured line,Electronics,2025-01-23,2025-03-17,2025-03-23,4282,4401.65,18847865.3,WH-010,"New York, NY",Ordered,,,2024-08-12
ORD-00000380,SUP-00078,Wallace-Williams,PRD-000008,Optional zero-defect firmware,Packaging,2025-07-05,2025-07-18,2025-07-20,4279,4231.2545,18105538.01,WH-002,"Seattle, WA",Cancelled,Pending,,2024-04-29
ORD-00000381,SUP-00014,Thomas-Nguyen,PRD-000186,Enhanced asynchronous secured line,Packaging,2025-11-30,2026-01-18,2026-01-31,2509,7227.0081,18132563.32,WH-006,"Dallas, TX",Cancelled,Pending,,2025-03-20
ORD-00000382,SUP-00063,Montoya Inc,PRD-000174,Seamless multimedia customer loyalty,Electronics,2025-06-06,2025-06-17,2025-06-05,65,2806.9488,182451.67,WH-009,"Dallas, TX",Delivered,Fail,Mr. Christopher Cherry,2025-03-08
ORD-00000383,SUP-00037,Shah Inc,PRD-000098,Total regional throughput,Machinery,2026-02-11,2026-02-22,2026-02-20,3474,8219.686,28555189.16,WH-004,"Seattle, WA",Delivered,Fail,Timothy Alexander,2025-10-16
ORD-00000384,SUP-00026,Velasquez-Flores,PRD-000007,Customer-focused context-sensitive attitude,Food & Beverage,2024-06-05,2024-07-18,,4839,321.5147,1411580.54,WH-010,"Seattle, WA",In Transit,Pending,,2025-01-27
ORD-00000385,SUP-00011,"Hatfield, Lyons and Richards",PRD-000188,Secured real-time productivity,Packaging,2026-03-06,2026-03-25,2026-03-28,819,132.589,108590.39,WH-001,"New York, NY",Delivered,Pass,Steven Bryant,2024-10-13
ORD-00000386,SUP-00028,Padilla PLC,PRD-000029,Horizontal coherent protocol,Textiles,2026-01-22,2026-02-13,2026-02-20,4071,2026.339,8249226.07,WH-010,"Chicago, IL",Ordered,Pending,,2026-02-05
ORD-00000387,SUP-00052,Vargas-Hunter,PRD-000075,Realigned coherent capacity,Machinery,2024-03-03,2024-04-01,,612,3134.3276,1918208.49,WH-001,"Atlanta, GA",Delivered,Pending,Tyler Cruz,2024-07-09
ORD-00000388,SUP-00054,Kane PLC,PRD-000120,Enhanced client-server throughput,Packaging,2023-05-05,2023-05-26,2023-05-23,4713,2916.1424,13743779.13,WH-011,"Seattle, WA",In Transit,Pending,,2024-06-04
ORD-00000389,SUP-00026,Velasquez-Flores,PRD-000186,Enhanced asynchronous secured line,Electronics,2024-01-17,2024-02-18,2024-02-16,4978,88.8084,442088.22,WH-012,"New York, NY",Cancelled,Pending,,2024-05-30
ORD-00000390,,"Johnson, Brown and Coleman",PRD-000069,Decentralized systemic interface,Chemicals,2025-12-02,2025-12-21,2025-12-24,986,9583.3218,9449155.29,WH-004,"Dallas, TX",In Transit,Pending,,2024-12-17
ORD-00000391,,Kane PLC,PRD-000047,Customer-focused incremental collaboration,Raw Materials,2026-02-24,2026-03-15,2026-04-03,3416,9885.7269,33769643.09,WH-010,"New York, NY",Delivered,Pass,Matthew Weaver,2025-11-25
ORD-00000392,SUP-00056,Garcia Group,PRD-000053,Public-key 4thgeneration hierarchy,Textiles,2024-11-28,2024-12-26,2025-01-12,1697,3327.0297,5236078.46,WH-014,"Seattle, WA",In Transit,Pending,,2025-05-29
ORD-00000393,SUP-00022,"Reilly, Price and Galloway",PRD-000118,Function-based local orchestration,chemicals,2025-08-17,2025-10-05,2025-10-16,307,4846.9545,1488015.03,WH-013,"Chicago, IL",Cancelled,Pending,,2025-01-02
ORD-00000394,SUP-00073,Newman PLC,PRD-000193,Multi-tiered bandwidth-monitored adapter,Machinery,2026-02-14,2026-03-17,2026-03-21,2908,7098.6678,20642925.96,WH-011,"Seattle, WA",Returned,,Jamie Mckinney,2025-01-15
ORD-00000395,SUP-00035,Mann Ltd,PRD-000073,Seamless non-volatile collaboration,Machinery,2026-01-04,2026-02-14,2026-02-11,3711,9991.8927,37079913.81,WH-005,"Atlanta, GA",Delivered,Pass,Andrew Stewart,2025-03-20
ORD-00000396,SUP-00024,Kelly and Sons,PRD-000123,Ameliorated local concept,Electronics,2024-10-24,2024-11-13,2024-09-29,4465,8057.441,35976474.06,WH-001,"Chicago, IL",Cancelled,,,2025-01-01
ORD-00000397,SUP-00041,Webster and Sons,PRD-000160,De-engineered needs-based emulation,Food & Beverage,2023-04-30,2023-05-21,2023-05-20,3880,9305.2116,36104221.01,WH-001,"Atlanta, GA",Cancelled,Pending,,2026-02-27
ORD-00000398,,Campbell and Sons,PRD-000168,Upgradable object-oriented product,Raw Materials,2023-12-13,2023-12-25,2023-12-22,3781,1560.8626,4605379.28,WH-009,"Chicago, IL",Returned,Pass,Robert Brock,2026-03-25
ORD-00000399,SUP-00001,"Taylor, Adams and Donaldson",PRD-000134,Cross-group neutral access,Packaging,2026-02-16,2026-03-03,,3298,2923.5215,9641773.91,WH-003,"Atlanta, GA",Ordered,Pending,,2024-05-04
ORD-00000400,SUP-00067,Brooks and Sons,PRD-000175,Triple-buffered secondary focus group,Electronics,2025-01-02,2025-02-16,2025-02-27,2955,4846.2025,23569453.15,WH-012,"Chicago, IL",Cancelled,Pending,,2026-02-17
ORD-00000401,SUP-00045,Barnes-Rivers,PRD-000194,Re-contextualized mission-critical algorithm,Packaging,2025-06-09,2025-07-17,,2002,6209.8417,12432103.08,WH-009,"Atlanta, GA",Returned,Pending,Angela West,2024-09-21
ORD-00000402,,"Hatfield, Lyons and Richards",PRD-000168,Upgradable object-oriented product,Raw Materials,2024-02-11,2024-03-19,2024-04-01,3421,4697.6679,16070721.89,WH-005,"New York, NY",Ordered,,,2025-02-15
ORD-00000403,SUP-00035,Mann Ltd,PRD-000162,Front-line local website,Chemicals,2023-09-26,2023-11-14,2023-11-10,4045,4972.2375,20112700.69,WH-011,"Atlanta, GA",Ordered,Pending,,2025-01-07
ORD-00000404,SUP-00007,Anderson-Jackson,PRD-000196,Assimilated non-volatile artificial intelligence,Food & Beverage,2023-07-16,2023-08-01,2023-08-01,0,7378.6313,17185984.64,WH-001,"Atlanta, GA",Returned,Pending,Jason Willis,2025-04-10
ORD-00000405,SUP-00069,Thompson-Owens,PRD-000191,Right-sized high-level pricing structure,Raw Materials,2025-03-15,2025-04-21,2025-05-04,2724,2255.706,6144543.14,WH-008,"Seattle, WA",Cancelled,Pending,,2024-08-12
ORD-00000406,SUP-00050,Dixon Inc,PRD-000160,De-engineered needs-based emulation,Textiles,2023-12-15,2024-01-02,,2781,8192.273,22782711.21,WH-006,"Atlanta, GA",Ordered,Pending,,2024-05-09
ORD-00000407,SUP-00028,Padilla PLC,PRD-000125,Intuitive intangible artificial intelligence,Raw Materials,2024-08-11,2024-09-20,2024-10-04,4201,4291.8628,18030115.62,WH-014,"Los Angeles, CA",Ordered,Pending,,2025-08-11
ORD-00000408,SUP-00018,"Thomas, Dennis and Rodriguez",PRD-000093,Decentralized 24hour time-frame,Raw Materials,2024-06-28,2024-07-07,2024-07-15,4250,6116.5317,25995259.72,WH-001,"New York, NY",Delivered,Fail,Antonio Murphy,2024-10-08
ORD-00000409,SUP-00066,Willis-Olson,PRD-000139,Synchronized responsive product,Textiles,2024-06-26,2024-07-17,2024-07-30,3029,6550.9639,19842869.65,WH-013,"Atlanta, GA",Ordered,Pending,,2024-08-31
ORD-00000410,SUP-00013,Meza LLC,PRD-000137,Cross-group multi-state firmware,Raw Materials,2024-04-09,2024-04-19,2024-05-07,4329,8929.4989,38655800.74,WH-001,"Dallas, TX",In Transit,Pending,,2024-04-24
ORD-00000411,SUP-00055,"Myers, Coleman and White",PRD-000197,Multi-tiered dedicated focus group,Raw Materials,2025-12-26,2026-01-22,2026-02-02,3922,5722.7055,22444450.97,WH-010,"New York, NY",Ordered,Pending,,2025-10-11
ORD-00000412,SUP-00029,"Lawrence, Sutton and Fowler",PRD-000002,Programmable object-oriented focus group,Food & Beverage,2024-10-15,2024-12-06,2024-12-23,3668,7491.4438,27478615.86,WH-002,"Chicago, IL",Cancelled,Pending,,2025-07-29
ORD-00000413,SUP-00069,Thompson-Owens,PRD-000191,Right-sized high-level pricing structure,Electronics,2024-08-31,2024-10-10,2024-10-06,3043,4387.5185,13351218.8,WH-001,"Chicago, IL",Delivered,Pass,Eric Morgan,2024-04-25
ORD-00000414,SUP-00013,Meza LLC,PRD-000106,Open-architected demand-driven frame,Food & Beverage,2024-08-12,2024-09-23,2024-09-30,1280,769.8641,985426.05,WH-003,"Dallas, TX",In Transit,Pending,,2025-06-14
ORD-00000415,SUP-00069,Thompson-Owens,PRD-000031,Stand-alone systemic productivity,Machinery,2023-05-16,2023-06-15,2023-05-03,1083,6313.3079,6837312.46,WH-010,"Los Angeles, CA",In Transit,Pending,,2025-01-22
ORD-00000416,SUP-00021,"Walker, Mathis and Acosta",PRD-000164,Profit-focused transitional data-warehouse,Raw Materials,2026-03-14,2026-04-27,2026-05-14,2513,9734.9752,24463992.68,WH-006,"Dallas, TX",Cancelled,Pending,,2024-10-18
ORD-00000417,SUP-00030,Shaw-Moore,PRD-000140,Quality-focused encompassing alliance,Packaging,2024-06-15,2024-07-09,2024-07-09,2449,4492.8086,11002888.26,WH-010,"Seattle, WA",Returned,Fail,,2025-11-27
ORD-00000418,SUP-00014,Thomas-Nguyen,PRD-000155,Up-sized 24/7 migration,Food & Beverage,2023-10-13,2023-11-16,2023-11-25,883,5365.7026,4737915.4,WH-006,"Dallas, TX",In Transit,Pending,,2025-02-21
ORD-00000419,SUP-00031,Lee Ltd,PRD-000036,Focused regional contingency,Electronics,2023-06-06,2023-06-23,2023-07-13,840,9516.3798,7993759.03,WH-003,"Chicago, IL",Delivered,Pending,Brenda Rivera,2025-04-30
ORD-00000420,SUP-00043,"Johnson, Brown and Coleman",PRD-000069,Decentralized systemic interface,Textiles,2024-09-27,2024-11-22,2024-12-07,4351,9185.7943,39967391.0,WH-010,"New York, NY",Returned,Pass,Timothy Swanson,2024-05-18
ORD-00000421,,Gaines-Jackson,PRD-000114,Programmable national open architecture,Packaging,2023-06-07,2023-07-01,2023-07-08,-3998,9973.0059,39872077.59,WH-010,"Chicago, IL",Ordered,Pending,,2025-12-29
ORD-00000422,SUP-00049,Arellano-Anderson,PRD-000028,Future-proofed secondary collaboration,Packaging,2025-08-26,2025-09-17,2025-10-06,3111,6760.4609,21031793.86,WH-002,"Chicago, IL",In Transit,Pending,,2025-02-12
ORD-00000423,SUP-00069,Thompson-Owens,PRD-000040,Profit-focused zero tolerance info-mediaries,Electronics,2024-04-20,2024-05-10,2024-05-07,897,1217.4659,1092066.91,WH-009,"Dallas, TX",Delivered,Fail,Amanda Wiggins,2025-01-07
ORD-00000424,SUP-00066,Willis-Olson,PRD-000108,Advanced next generation Graphic Interface,MACHINERY,2023-11-08,2023-12-24,,807,2970.0054,2396794.36,WH-006,"Los Angeles, CA",Cancelled,Pending,,2025-07-28
ORD-00000425,,Barnes-Rivers,PRD-000124,Polarized modular hardware,Raw Materials,2023-05-17,2023-06-23,2023-06-20,2311,3471.9399,8023653.11,WH-008,"Dallas, TX",Cancelled,Pending,,2026-01-05
ORD-00000426,,Barnes-Rivers,PRD-000089,Managed bandwidth-monitored customer loyalty,Packaging,2025-10-22,2025-12-01,2025-12-12,2617,4986.7593,13050349.09,WH-002,"New York, NY",Cancelled,Pending,,2024-12-11
ORD-00000427,SUP-00029,"Lawrence, Sutton and Fowler",PRD-000078,Devolved didactic instruction set,Machinery,2024-06-15,2024-08-12,2024-08-21,4611,5537.5952,25533851.47,WH-002,"Chicago, IL",In Transit,Pending,,2025-06-16
ORD-00000428,SUP-00074,"Mcclain, Johnson and Gibson",PRD-000113,Quality-focused real-time matrices,PACKAGING,2024-06-17,2024-07-14,2024-07-20,2042,623.7934,1273786.12,WH-006,"Dallas, TX",Delivered,Fail,Lisa Cook,2025-12-07
ORD-00000429,SUP-00007,Anderson-Jackson,PRD-000128,Compatible human-resource interface,Electronics,2026-03-20,2026-04-11,2026-04-27,4076,8735.9791,35607850.81,WH-005,"Dallas, TX",In Transit,Pending,,2024-07-23
ORD-00000430,SUP-00075,Barron Ltd,PRD-000106,Open-architected demand-driven frame,Food & Beverage,2024-10-15,2024-11-25,2024-12-03,694,5674.672,3938222.37,WH-013,"Dallas, TX",In Transit,Pending,,2025-01-23
ORD-00000431,SUP-00060,"Smith, Hill and Steele",PRD-000163,Secured 24hour knowledge user,Electronics,2026-01-07,2026-02-19,2026-02-21,309,4419.2953,1365562.25,WH-005,"New York, NY",Delivered,Fail,Sara Williams,2024-04-23
ORD-00000432,SUP-00060,"Smith, Hill and Steele",PRD-000186,Enhanced asynchronous secured line,Raw Materials,2023-12-23,2023-12-31,2024-01-15,3593,3049.5857,10957161.42,WH-014,"Chicago, IL",Ordered,Pending,,2024-09-14
ORD-00000433,,Mitchell Ltd,PRD-000079,Multi-layered encompassing hierarchy,Food & Beverage,2025-06-02,2025-06-27,,807,6871.6992,5545461.25,WH-006,"Atlanta, GA",Delivered,Pass,Barbara Beltran,2025-02-10
ORD-00000434,SUP-00010,Robertson and Sons,PRD-000141,Focused 24hour instruction set,RAW MATERIALS,2023-11-12,2023-12-10,2023-12-29,598,5957.328,3562482.14,WH-014,"Chicago, IL",Cancelled,Pending,,2025-05-13
ORD-00000435,,Vargas-Hunter,PRD-000069,Decentralized systemic interface,Food & Beverage,2024-10-12,2024-11-02,2024-11-11,4354,3263.4601,14209105.28,WH-005,"Seattle, WA",Returned,Fail,William Johnson,2025-03-20
ORD-00000436,SUP-00026,Velasquez-Flores,PRD-000157,Monitored grid-enabled concept,Food & Beverage,2025-04-27,2025-05-31,2025-06-07,1282,8618.5833,11049023.79,WH-010,"Seattle, WA",Ordered,,,2025-02-08
ORD-00000437,SUP-00063,Montoya Inc,PRD-000067,Function-based human-resource secured line,ELECTRONICS,2026-03-06,2026-04-15,2026-04-21,2541,8812.7002,22393071.21,WH-009,"Seattle, WA",In Transit,Pending,,2025-01-23
ORD-00000438,SUP-00039,"Wiley, Brown and Sampson",PRD-000188,Secured real-time productivity,Textiles,2026-03-09,2026-05-05,2026-05-17,977,2341.105,2287259.58,WH-011,"Seattle, WA",Returned,Fail,James Chavez,2026-02-15
ORD-00000439,SUP-00014,Thomas-Nguyen,PRD-000156,Sharable disintermediate Graphical User Interface,Machinery,2026-02-26,2026-03-03,2026-03-12,1008,5111.1283,5152017.33,WH-001,"Atlanta, GA",Cancelled,,,2026-03-05
ORD-00000440,SUP-00046,Dunn LLC,PRD-000191,Right-sized high-level pricing structure,Raw Materials,2023-05-08,2023-06-22,2023-06-29,1468,2255.5117,2044615.08,WH-002,"Los Angeles, CA",In Transit,Pending,,2025-01-17
ORD-00000441,SUP-00012,"Hart, Hayes and Velez",PRD-000062,Mandatory heuristic standardization,Textiles,2025-01-12,2025-03-09,2025-03-05,683,4628.5245,3161282.23,WH-011,"New York, NY",Returned,Pass,Janet Palmer,2025-01-20
ORD-00000442,SUP-00027,"Ellis, Webb and Rivera",PRD-000164,Profit-focused transitional data-warehouse,Electronics,2025-05-25,2025-05-20,2025-07-10,1051,3209.8245,3373525.55,WH-009,"Atlanta, GA",Delivered,,,2024-08-23
ORD-00000443,SUP-00003,Bennett PLC,PRD-000134,Cross-group neutral access,Machinery,2025-04-20,2025-05-02,2025-05-09,2215,5525.6197,12239247.64,WH-010,"New York, NY",Cancelled,Pending,,2025-07-16
ORD-00000444,SUP-00072,Jackson Inc,PRD-000098,Total regional throughput,Packaging,2023-07-01,2023-07-26,2023-08-08,1706,9387.4354,16014964.79,WH-013,"Seattle, WA",Delivered,Pass,Samuel Ford,2025-07-27
ORD-00000445,SUP-00047,Fuller-Reyes,PRD-000037,Multi-channeled 3rdgeneration website,Packaging,2025-03-13,2025-04-30,2025-05-04,3712,107.5342,399166.95,WH-007,"Los Angeles, CA",Delivered,Fail,Christopher Cole Jr.,2025-04-12
ORD-00000446,SUP-00012,"Hart, Hayes and Velez",PRD-000163,Secured 24hour knowledge user,Raw Materials,2025-08-18,2025-09-21,2025-10-06,3614,9497.4114,34323644.8,WH-013,"New York, NY",Ordered,Pending,,2024-07-21
ORD-00000447,SUP-00069,Thompson-Owens,PRD-000165,Integrated 5thgeneration contingency,Packaging,2024-07-21,2024-08-23,2024-09-08,1901,21.5535,40973.2,WH-013,"Atlanta, GA",Ordered,Pending,,2025-11-15
ORD-00000448,SUP-00074,"Mcclain, Johnson and Gibson",PRD-000183,Business-focused content-based encryption,Food & Beverage,2024-12-09,2025-01-18,2025-02-01,1453,175.2335,254614.28,WH-003,"Atlanta, GA",In Transit,Pending,,2025-09-05
ORD-00000449,SUP-00055,"Myers, Coleman and White",PRD-000054,Reactive holistic flexibility,Food & Beverage,2024-08-25,2024-10-21,2024-11-09,1899,1706.8904,3241384.87,WH-008,"Atlanta, GA",Delivered,,,2024-10-23
ORD-00000450,SUP-00064,Mitchell Ltd,PRD-000004,Open-source logistical challenge,Packaging,2024-05-11,2024-07-02,2024-06-29,1153,8893.418,10254110.95,WH-005,"New York, NY",Delivered,Fail,Craig Patel,2025-09-13
ORD-00000451,SUP-00014,Thomas-Nguyen,PRD-000189,Balanced demand-driven database,Raw Materials,2024-09-27,2024-10-29,2024-11-14,3116,3815.9774,11890585.58,WH-010,"Los Angeles, CA",Delivered,Pending,Gregory Henderson,2026-01-14
ORD-00000452,SUP-00027,"Ellis, Webb and Rivera",PRD-000194,Re-contextualized mission-critical algorithm,Food & Beverage,2024-11-20,2025-01-10,,2250,888.7753,2971333.27,WH-014,"Chicago, IL",Returned,Pending,Eric Galvan,2024-06-28
ORD-00000453,SUP-00038,Thomas-Wagner,PRD-000176,Persistent clear-thinking adapter,Food & Beverage,2026-03-18,2026-04-14,2026-05-03,1062,1460.8822,1551456.9,WH-008,"Los Angeles, CA",Returned,Pass,Tanya Thompson,2025-05-25
ORD-00000454,SUP-00033,Henderson-Mcguire,PRD-000124,Polarized modular hardware,Electronics,2024-03-02,2024-04-01,2024-04-14,3481,972.5065,3385295.13,WH-014,"Seattle, WA",Cancelled,Pending,,2025-08-04
ORD-00000455,SUP-00031,Lee Ltd,PRD-000158,Focused maximized focus group,Food & Beverage,2023-09-07,2023-10-07,,4537,1942.1126,8811364.87,WH-003,"Chicago, IL",Returned,Fail,Scott Browning,2025-05-27
ORD-00000456,SUP-00055,"Myers, Coleman and White",PRD-000187,Face-to-face next generation process improvement,Electronics,2024-10-09,2024-10-23,2024-11-10,1060,7157.4441,7586890.75,WH-007,"Los Angeles, CA",Delivered,,Sarah Rojas,2025-06-18
ORD-00000457,SUP-00061,Greene-Osborne,PRD-000051,Vision-oriented mobile throughput,Raw Materials,2024-09-12,2024-10-19,2024-11-04,3516,5530.7286,19446041.76,WH-007,"Chicago, IL",Ordered,Pending,,2025-04-25
ORD-00000458,SUP-00002,Jimenez Inc,PRD-000098,Total regional throughput,Food & Beverage,2024-04-06,2024-04-21,2024-05-07,2703,4188.5643,11321689.3,WH-003,"Dallas, TX",Cancelled,Pending,,2025-03-31
ORD-00000459,SUP-00029,"Lawrence, Sutton and Fowler",PRD-000199,Self-enabling user-facing collaboration,Packaging,2024-11-01,2024-12-11,2024-12-30,2019,654.9121,1260392.15,WH-007,"Seattle, WA",Delivered,,,2024-11-30
ORD-00000460,SUP-00049,Arellano-Anderson,PRD-000128,Compatible human-resource interface,Food & Beverage,2023-07-01,2023-08-06,2023-08-07,3589,5756.5123,20660122.64,WH-010,"Chicago, IL",Returned,Pass,Caitlin Gutierrez,2025-09-09
ORD-00000461,SUP-00065,Ellis Group,PRD-000078,Devolved didactic instruction set,Raw Materials,2026-01-04,2026-02-23,2026-03-06,2281,5614.7293,12807197.53,WH-012,"Atlanta, GA",Ordered,Pending,,2024-11-03
ORD-00000462,SUP-00049,Arellano-Anderson,PRD-000153,Function-based reciprocal firmware,Textiles,2023-06-10,2023-08-06,2023-08-04,1722,8494.2008,19967692.26,WH-002,"Dallas, TX",In Transit,Pending,,2024-10-24
ORD-00000463,SUP-00037,Shah Inc,PRD-000146,User-friendly web-enabled Internet solution,Machinery,2023-09-14,2023-10-12,2023-10-28,1358,5834.7273,7923559.67,WH-003,"Los Angeles, CA",Ordered,Pending,,2026-04-04
ORD-00000464,SUP-00028,Padilla PLC,PRD-000108,Advanced next generation Graphic Interface,Electronics,2025-07-18,2025-07-29,2025-07-31,4286,6692.5996,42210970.23,WH-006,"Atlanta, GA",Delivered,Pending,Wendy Mosley,2026-02-04
ORD-00000465,SUP-00043,"Johnson, Brown and Coleman",PRD-000198,Universal 6thgeneration emulation,Packaging,2023-06-23,2023-08-09,2023-08-18,3945,5165.1545,20376534.5,WH-005,"Chicago, IL",In Transit,Pending,,2025-06-28
ORD-00000466,,Shah Inc,PRD-000180,Optimized 24/7 matrix,Packaging,2024-05-20,2024-06-20,2024-06-26,462,2863.7572,1323055.83,WH-011,"Seattle, WA",Cancelled,Pending,,2025-06-15
ORD-00000467,SUP-00032,"Foster, Powell and Moore",PRD-000132,Synchronized bottom-line intranet,Food & Beverage,2024-08-14,2024-08-30,2024-08-30,1881,1685.9386,3171250.51,WH-001,"Atlanta, GA",Cancelled,Pending,,2024-09-02
ORD-00000468,SUP-00049,Arellano-Anderson,PRD-000101,Grass-roots scalable database,Packaging,2024-03-20,2024-04-06,2024-04-12,1300,6405.9558,8327742.54,WH-008,"New York, NY",Ordered,,,2025-01-20
ORD-00000469,SUP-00053,"Osborn, Ryan and Garrett",PRD-000117,Grass-roots neutral database,Machinery,2025-01-31,2025-02-23,2025-03-02,1384,8091.8396,11199106.01,WH-006,"New York, NY",Ordered,Pending,,2024-06-30
ORD-00000470,SUP-00049,Arellano-Anderson,PRD-000016,Automated didactic concept,Packaging,2023-08-16,2023-09-26,2023-10-03,4029,5437.86,21909137.94,WH-006,"Chicago, IL",Delivered,Pass,Gabrielle Anderson,2024-10-06
ORD-00000471,SUP-00033,Henderson-Mcguire,PRD-000122,Phased holistic policy,Food & Beverage,2023-12-15,2024-01-28,2024-01-27,3349,1334.7513,4470082.1,WH-010,"New York, NY",Cancelled,Pending,,2025-11-28
ORD-00000472,SUP-00053,"Osborn, Ryan and Garrett",PRD-000031,Stand-alone systemic productivity,Food & Beverage,2024-11-13,2024-12-28,2024-10-28,-1199,5690.0528,6822373.31,WH-014,"Seattle, WA",Returned,Pending,Mitchell Orr,2024-07-20
ORD-00000473,SUP-00072,Jackson Inc,PRD-000020,Universal methodical workforce,Chemicals,2025-07-14,2025-08-24,2025-08-23,4459,668.5026,2980853.09,WH-014,"Chicago, IL",Returned,Fail,Tricia Huff,2025-03-30
ORD-00000474,SUP-00051,Hancock LLC,PRD-000169,Organized explicit utilization,Food & Beverage,2023-09-05,2023-10-14,2023-10-12,2861,3957.5667,11322598.33,WH-009,"New York, NY",Delivered,Pending,Gregory Ford,2025-04-08
ORD-00000475,SUP-00003,Bennett PLC,PRD-000041,Ameliorated content-based analyzer,Raw Materials,2025-11-15,2025-11-30,2025-12-02,2290,4730.5505,10832960.65,WH-011,"Chicago, IL",Ordered,Pending,,2025-06-06
ORD-00000476,SUP-00011,"Hatfield, Lyons and Richards",PRD-000169,Organized explicit utilization,Packaging,2025-10-31,2025-11-19,2025-11-16,4036,4447.6545,17950733.56,WH-007,"Chicago, IL",In Transit,Pending,,2025-09-05
ORD-00000477,SUP-00013,Meza LLC,PRD-000134,Cross-group neutral access,Packaging,2024-01-15,2024-02-03,2024-02-13,4595,2759.1635,12678356.28,WH-014,"New York, NY",Ordered,Pending,,2025-06-28
ORD-00000478,SUP-00003,Bennett PLC,PRD-000186,Enhanced asynchronous secured line,Packaging,2025-01-06,2025-03-07,2025-03-03,565,2597.3539,1467504.95,WH-007,"Los Angeles, CA",Ordered,Pending,,2024-12-15
ORD-00000479,SUP-00072,Jackson Inc,PRD-000002,Programmable object-oriented focus group,Raw Materials,2023-07-20,2023-08-12,2023-08-25,2616,8299.1141,21710482.49,WH-006,"Los Angeles, CA",Cancelled,Pending,,2025-09-23
ORD-00000480,SUP-00023,"Boyle, Miller and Ellis",PRD-000098,Total regional throughput,Packaging,2025-09-04,2025-10-23,2025-10-30,2086,6962.6645,14524118.15,WH-006,"New York, NY",Delivered,Pass,Susan Stevenson,2025-05-22
ORD-00000481,SUP-00077,Taylor-Evans,PRD-000160,De-engineered needs-based emulation,Raw Materials,2026-02-25,2026-03-06,2026-03-15,4973,5608.2404,27889779.51,WH-011,"Chicago, IL",Delivered,Fail,Anthony Harris,2025-11-25
ORD-00000482,SUP-00035,Mann Ltd,PRD-000172,Persevering fault-tolerant throughput,Raw Materials,2025-05-03,2025-05-21,2025-06-02,624,7576.1135,4727494.82,WH-012,"Chicago, IL",Ordered,Pending,,2024-06-11
ORD-00000483,SUP-00002,Jimenez Inc,PRD-000152,Focused background Internet solution,Textiles,2025-06-03,2025-06-29,2025-06-30,4613,2977.9354,13737216.0,WH-006,"Dallas, TX",Delivered,Pass,,2024-07-19
ORD-00000484,,"Walker, Mathis and Acosta",PRD-000023,Total asymmetric hardware,Electronics,2023-12-12,2024-01-17,2024-01-28,2120,8512.5086,18046518.23,WH-011,"New York, NY",Delivered,Fail,Cynthia Nunez,2024-04-15
ORD-00000485,SUP-00013,Meza LLC,PRD-000194,Re-contextualized mission-critical algorithm,Packaging,2025-04-15,2025-06-10,2025-06-16,4666,4299.199,20060062.53,WH-002,"Seattle, WA",In Transit,Pending,,2025-12-22
ORD-00000486,SUP-00027,"Ellis, Webb and Rivera",PRD-000105,Universal bifurcated Graphical User Interface,Electronics,2024-11-07,2024-12-29,2025-01-15,4751,8948.9151,42516295.64,WH-011,"Atlanta, GA",In Transit,Pending,,2026-01-19
ORD-00000487,SUP-00064,Mitchell Ltd,PRD-000098,Total regional throughput,Machinery,2023-10-02,2023-10-23,2023-09-23,4955,9666.4859,47897437.63,WH-008,"Seattle, WA",In Transit,Pending,,2025-09-15
ORD-00000488,SUP-00017,Griffin and Sons,PRD-000113,Quality-focused real-time matrices,Electronics,2024-10-28,2024-12-16,2025-01-05,543,2839.6332,1541920.83,WH-014,"Los Angeles, CA",In Transit,Pending,,2025-06-05
ORD-00000489,SUP-00043,"Johnson, Brown and Coleman",PRD-000074,Reactive neutral collaboration,Textiles,2024-07-18,2024-08-20,2024-08-28,4328,5923.4991,25636904.1,WH-006,"Los Angeles, CA",Cancelled,Pending,,2025-05-26
ORD-00000490,SUP-00019,Rivas-Whitaker,PRD-000011,Organic 24/7 function,Packaging,2024-10-01,2024-11-09,2024-11-05,3677,3802.9746,13983537.6,WH-005,"Dallas, TX",Returned,Pass,Maurice Johnson,2025-01-13
ORD-00000491,SUP-00058,"Browning, Wiley and Duran",PRD-000008,Optional zero-defect firmware,Raw Materials,2026-03-29,2026-04-03,2026-03-08,4458,7878.5574,35122608.89,WH-008,"Seattle, WA",Returned,Fail,Andrew Doyle,2026-01-04
ORD-00000492,SUP-00058,"Browning, Wiley and Duran",PRD-000144,Reduced motivating open architecture,Machinery,2024-02-13,2024-03-14,2024-03-25,197,5292.0677,1042537.34,WH-013,"New York, NY",Cancelled,,,2024-12-30
ORD-00000493,SUP-00005,Williams LLC,PRD-000044,Pre-emptive discrete methodology,food & beverage,2025-03-08,2025-03-13,2025-03-21,1026,8977.3438,9210754.74,WH-011,"Seattle, WA",Cancelled,,,2026-01-09
ORD-00000494,SUP-00055,"Myers, Coleman and White",PRD-000013,Cross-platform maximized middleware,Packaging,2026-03-22,2026-04-12,2026-04-07,4932,6653.3533,32814338.48,WH-008,"Los Angeles, CA",Returned,Fail,Wendy Smith,2026-03-28
ORD-00000495,SUP-00008,"Barber, Davis and Barnett",PRD-000111,Team-oriented value-added middleware,Food & Beverage,2023-04-20,2023-05-02,2023-05-14,3072,966.4496,3985297.5,WH-011,"New York, NY",Returned,Pass,Sarah Evans,2025-09-07
ORD-00000496,SUP-00007,Anderson-Jackson,PRD-000079,Multi-layered encompassing hierarchy,Packaging,2023-07-27,2023-08-14,2023-08-23,4212,5156.0607,21717327.67,WH-011,"Los Angeles, CA",Ordered,Pending,,2025-11-10
ORD-00000497,SUP-00068,Gaines-Jackson,PRD-000025,Networked directional synergy,Machinery,2024-09-27,2024-10-20,2024-09-26,158,5389.0492,851469.77,WH-007,"Los Angeles, CA",Returned,Pass,Denise Parker,2024-12-15
ORD-00000498,SUP-00047,Fuller-Reyes,PRD-000115,Optimized actuating ability,Food & Beverage,2025-09-06,2025-10-03,2025-10-21,3468,5969.1242,20700922.73,WH-011,"Dallas, TX",Cancelled,Pending,,2026-01-05
ORD-00000499,SUP-00026,Velasquez-Flores,PRD-000146,User-friendly web-enabled Internet solution,Food & Beverage,2025-07-29,2025-09-19,2025-10-06,4344,6869.3051,29840261.35,WH-008,"Dallas, TX",Delivered,Fail,Christina Mason,2025-09-11
ORD-00000500,SUP-00002,Jimenez Inc,PRD-000081,Integrated 4thgeneration parallelism,Packaging,2025-11-15,2026-01-12,2026-01-21,551,4652.6386,2563603.87,WH-006,"New York, NY",Returned,Fail,Curtis Fuller,2025-10-07
ORD-00000501,SUP-00027,"Ellis, Webb and Rivera",PRD-000151,Reactive incremental instruction set,Electronics,2024-10-07,2024-10-28,2024-11-01,1604,635.4828,1019314.41,WH-014,"Atlanta, GA",In Transit,Pending,,2025-06-21
ORD-00000502,SUP-00024,Kelly and Sons,PRD-000094,Reactive disintermediate methodology,Food & Beverage,2025-05-13,2025-07-12,2025-07-08,-1078,9716.1802,10474042.26,WH-003,"Los Angeles, CA",Returned,Pass,Jessica Williams,2024-09-12
ORD-00000503,SUP-00054,Kane PLC,PRD-000192,Pre-emptive object-oriented superstructure,Textiles,2025-08-17,2025-10-16,2025-10-28,679,8626.0005,5857054.34,WH-011,"Dallas, TX",Cancelled,Pending,,2025-12-21
ORD-00000504,SUP-00057,Cohen PLC,PRD-000159,Automated dynamic superstructure,Packaging,2024-11-03,2024-12-02,2024-12-21,2256,704.9321,1590326.82,WH-014,"Chicago, IL",Ordered,Pending,,2025-09-05
ORD-00000505,SUP-00010,Robertson and Sons,PRD-000035,Programmable 6thgeneration open system,Electronics,2023-10-29,2023-12-05,2023-12-08,2225,9333.9401,20768016.72,WH-011,"New York, NY",In Transit,Pending,,2024-07-27
ORD-00000506,SUP-00030,Shaw-Moore,PRD-000018,Organic cohesive core,Food & Beverage,2023-06-14,2023-06-20,2023-07-07,3974,8549.267,33974787.06,WH-014,"Chicago, IL",Returned,Fail,,2025-08-29
ORD-00000507,SUP-00027,"Ellis, Webb and Rivera",PRD-000127,Ameliorated contextually-based model,food & beverage,2025-10-31,2025-12-06,2025-12-19,4371,3199.2368,13983864.05,WH-014,"New York, NY",Ordered,,,2025-01-13
ORD-00000508,SUP-00046,Dunn LLC,PRD-000040,Profit-focused zero tolerance info-mediaries,Raw Materials,2026-03-16,2026-04-24,2026-04-29,2363,9211.4839,21766736.46,WH-012,"Atlanta, GA",Cancelled,Pending,,2025-04-23
ORD-00000509,SUP-00063,Montoya Inc,PRD-000120,Enhanced client-server throughput,Electronics,2025-09-11,2025-10-13,2025-10-23,4829,8644.4501,30202098.68,WH-004,"Dallas, TX",Returned,Pending,April Gonzales,2025-12-01
ORD-00000510,SUP-00029,"Lawrence, Sutton and Fowler",PRD-000180,Optimized 24/7 matrix,Electronics,2025-01-01,2025-02-08,2025-02-06,4738,3250.5376,14121596.12,WH-001,"Chicago, IL",Ordered,Pending,,2024-05-09
ORD-00000511,SUP-00047,Fuller-Reyes,PRD-000179,Monitored stable artificial intelligence,Textiles,2025-09-17,2025-11-02,2025-11-19,3177,5966.4811,18955510.45,WH-006,"Los Angeles, CA",In Transit,Pending,,2025-03-13
ORD-00000512,SUP-00011,"Hatfield, Lyons and Richards",PRD-000151,Reactive incremental instruction set,Food & Beverage,2024-08-04,2024-09-10,2024-09-10,344,8872.0923,3051999.75,WH-010,"Dallas, TX",Returned,Fail,Matthew Blankenship,2025-08-09
ORD-00000513,SUP-00042,Peters Group,PRD-000152,Focused background Internet solution,Textiles,2026-02-19,2026-03-16,2026-03-18,-3079,4210.485,12964083.31,WH-005,"Dallas, TX",Cancelled,Pending,,2026-02-14
ORD-00000514,SUP-00058,"Browning, Wiley and Duran",PRD-000180,Optimized 24/7 matrix,Textiles,2025-11-03,2025-12-06,2025-10-09,2596,9517.2551,24706794.24,WH-013,"Atlanta, GA",Cancelled,Pending,,2025-07-04
ORD-00000515,SUP-00076,Roberts-Edwards,PRD-000146,User-friendly web-enabled Internet solution,Machinery,2024-12-24,2025-01-12,2025-01-08,1598,8464.5243,13526309.83,WH-014,"New York, NY",Cancelled,Pending,,2024-09-02
ORD-00000516,SUP-00018,"Thomas, Dennis and Rodriguez",PRD-000191,Right-sized high-level pricing structure,Textiles,2025-11-20,2025-12-02,2025-12-13,1372,6047.5165,8297192.64,WH-012,"Chicago, IL",In Transit,Pending,,2024-08-29
ORD-00000517,SUP-00035,Mann Ltd,PRD-000079,Multi-layered encompassing hierarchy,Food & Beverage,2025-08-16,2025-09-25,2025-10-13,4963,3117.5393,15472347.55,WH-011,"Dallas, TX",Cancelled,Pending,,2025-11-27
ORD-00000518,SUP-00019,Rivas-Whitaker,PRD-000085,Team-oriented exuding productivity,Packaging,2024-04-25,2024-06-16,2024-06-23,402,2830.9927,1138059.07,WH-010,"Chicago, IL",Delivered,Pending,Mary Watkins,2025-04-07
ORD-00000519,SUP-00018,"Thomas, Dennis and Rodriguez",PRD-000091,Ameliorated impactful instruction set,Food & Beverage,2026-03-23,2026-05-10,2026-05-25,1038,5279.5563,7103071.95,WH-012,"Chicago, IL",In Transit,Pending,,2025-07-16
ORD-00000520,SUP-00073,Newman PLC,PRD-000144,Reduced motivating open architecture,raw materials,2025-01-06,2025-02-15,2025-02-10,1274,3421.1151,4358500.64,WH-003,"Dallas, TX",In Transit,Pending,,2025-03-04
ORD-00000521,SUP-00040,"Ford, Smith and Hodge",PRD-000142,Ergonomic executive customer loyalty,Food & Beverage,2025-02-02,2025-03-31,2025-04-19,807,1465.9314,1183006.64,WH-008,"New York, NY",Delivered,Pending,,2024-10-11
ORD-00000522,SUP-00064,Mitchell Ltd,PRD-000161,Vision-oriented discrete customer loyalty,Packaging,2025-09-29,2025-11-23,2025-12-01,4203,3581.6429,15053645.11,WH-006,"Seattle, WA",Delivered,Pass,Juan Grimes,2024-09-16
ORD-00000523,SUP-00046,Dunn LLC,PRD-000177,Ameliorated optimal encryption,MACHINERY,2024-11-16,2024-11-29,2024-10-21,80,2996.9418,239755.34,WH-011,"Los Angeles, CA",Delivered,Pass,Lisa Hawkins,2024-11-28
ORD-00000524,SUP-00036,Thomas-Velasquez,PRD-000108,Advanced next generation Graphic Interface,Raw Materials,2023-06-15,2023-07-06,2023-07-06,1293,395.3983,511250.0,WH-009,"Chicago, IL",Returned,Fail,,2025-05-02
ORD-00000525,SUP-00032,"Foster, Powell and Moore",PRD-000188,Secured real-time productivity,packaging,2024-05-19,2024-06-08,2024-06-28,4386,3743.5782,16419333.99,WH-008,"Atlanta, GA",In Transit,Pending,,2025-01-28
ORD-00000526,SUP-00024,Kelly and Sons,PRD-000164,Profit-focused transitional data-warehouse,Food & Beverage,2024-10-24,2024-11-25,2024-11-30,4625,3003.9277,13893165.61,WH-014,"Seattle, WA",Delivered,Pass,Victoria Jackson,2025-11-04
ORD-00000527,SUP-00069,Thompson-Owens,PRD-000199,Self-enabling user-facing collaboration,Raw Materials,2024-07-27,2024-09-23,2024-09-28,1522,888.3534,1352073.87,WH-008,"Seattle, WA",Returned,Pending,Carl Brown,2025-11-02
ORD-00000528,SUP-00043,"Johnson, Brown and Coleman",PRD-000123,Ameliorated local concept,Raw Materials,2024-04-14,2024-06-12,2024-06-19,200,9478.6567,1895731.34,WH-001,"Chicago, IL",Delivered,,Kathryn Francis,2025-07-08
ORD-00000529,SUP-00037,Shah Inc,PRD-000050,Fundamental bi-directional customer loyalty,Machinery,2025-10-13,2025-10-29,2025-11-03,2222,5260.0567,11687845.99,WH-008,"Dallas, TX",Ordered,Pending,,2025-05-30
ORD-00000530,SUP-00014,Thomas-Nguyen,PRD-000126,Organized 24hour attitude,Textiles,2026-02-25,2026-04-22,2026-05-01,4577,3111.2099,14240007.71,WH-006,"Seattle, WA",Ordered,Pending,,2025-09-25
ORD-00000531,SUP-00007,Anderson-Jackson,PRD-000094,Reactive disintermediate methodology,Textiles,2023-11-09,2023-12-09,2023-12-28,1132,5567.7461,6302688.59,WH-001,"New York, NY",Cancelled,Pending,,2025-03-29
ORD-00000532,SUP-00033,Henderson-Mcguire,PRD-000137,Cross-group multi-state firmware,Raw Materials,2024-06-30,2024-07-26,2024-08-08,4177,3756.5447,15691087.21,WH-005,"Dallas, TX",Delivered,Pass,Elizabeth Cole,2025-11-01
ORD-00000533,SUP-00070,"Morales, Allen and Pittman",PRD-000062,Mandatory heuristic standardization,Textiles,2024-09-18,2024-11-16,2024-11-20,3999,7488.4148,29946170.79,WH-009,"Chicago, IL",Ordered,Pending,,2025-01-14
ORD-00000534,SUP-00060,"Smith, Hill and Steele",PRD-000041,Ameliorated content-based analyzer,Food & Beverage,2024-03-04,2024-04-09,2024-04-25,2863,7638.1059,21867897.19,WH-010,"Dallas, TX",Delivered,Pending,Jose Watson,2025-06-24
ORD-00000535,SUP-00040,"Ford, Smith and Hodge",PRD-000045,Balanced solution-oriented methodology,Electronics,2025-03-25,2025-04-20,2025-04-20,1879,9476.7892,17806886.91,WH-012,"Chicago, IL",Delivered,,Joseph Saunders,2025-01-08
ORD-00000536,SUP-00014,Thomas-Nguyen,PRD-000047,Customer-focused incremental collaboration,Machinery,2025-11-08,2025-11-19,2025-11-24,959,1089.6019,1044928.22,WH-008,"Los Angeles, CA",Cancelled,Pending,,2025-01-15
ORD-00000537,SUP-00078,Wallace-Williams,PRD-000127,Ameliorated contextually-based model,Raw Materials,2025-01-03,2025-02-04,2025-02-04,1402,447.4403,627311.3,WH-005,"Los Angeles, CA",Ordered,Pending,,2025-06-08
ORD-00000538,SUP-00017,Griffin and Sons,PRD-000063,Implemented regional adapter,RAW MATERIALS,2024-06-17,2024-07-26,2024-07-28,2188,9853.7477,21559999.97,WH-009,"Los Angeles, CA",Cancelled,Pending,,2025-12-06
ORD-00000539,SUP-00027,"Ellis, Webb and Rivera",PRD-000120,Enhanced client-server throughput,Packaging,2024-07-03,2024-07-25,2024-06-27,3996,6545.0362,26153964.66,WH-001,"New York, NY",Returned,Pending,Shelby Blair,2024-09-06
ORD-00000540,,Griffin and Sons,PRD-000191,Right-sized high-level pricing structure,Electronics,2025-08-29,2025-10-19,,1157,1642.6479,1900543.62,WH-006,"Atlanta, GA",Delivered,Pending,Kelli Johnson,2024-12-14
ORD-00000541,SUP-00044,Pitts LLC,PRD-000187,Face-to-face next generation process improvement,Textiles,2025-06-13,2025-07-29,2025-07-28,1790,537.5396,962195.88,WH-011,"Chicago, IL",Delivered,Pending,Kimberly Stanley,2024-11-25
ORD-00000542,SUP-00033,Henderson-Mcguire,PRD-000042,Managed neutral algorithm,Food & Beverage,2023-09-24,2023-10-18,2023-10-26,1712,4796.5518,8211696.68,WH-014,"Atlanta, GA",Ordered,Pending,,2025-12-07
ORD-00000543,SUP-00079,Mercado-Dorsey,PRD-000103,Universal demand-driven algorithm,Chemicals,2025-08-24,2025-09-15,2025-09-15,2103,5866.3391,12336911.13,WH-013,"Atlanta, GA",Delivered,,Steven Meyers,2025-10-16
ORD-00000544,SUP-00010,Robertson and Sons,PRD-000153,Function-based reciprocal firmware,Chemicals,2023-07-04,2023-07-13,2023-08-01,1151,5802.0707,6678183.38,WH-014,"Los Angeles, CA",Returned,Pass,Michael Anderson,2025-03-10
ORD-00000545,SUP-00055,"Myers, Coleman and White",PRD-000158,Focused maximized focus group,Machinery,2024-09-23,2024-10-15,2024-10-12,727,4520.793,3286616.51,WH-013,"Los Angeles, CA",In Transit,Pending,,2024-05-15
ORD-00000546,SUP-00055,"Myers, Coleman and White",PRD-000101,Grass-roots scalable database,Packaging,2024-08-23,2024-08-29,2024-08-24,4654,287.9953,1340330.13,WH-002,"New York, NY",In Transit,Pending,,2024-12-23
ORD-00000547,SUP-00014,Thomas-Nguyen,PRD-000134,Cross-group neutral access,Packaging,2023-05-27,2023-07-01,,-457,2310.6165,1055951.74,WH-002,"Dallas, TX",In Transit,Pending,,2025-10-31
ORD-00000548,SUP-00034,Krueger-Jackson,PRD-000115,Optimized actuating ability,Textiles,2023-04-25,2023-06-07,2023-06-26,4688,430.6666,2018965.02,WH-009,"Seattle, WA",In Transit,Pending,,2025-11-13
ORD-00000549,SUP-00064,Mitchell Ltd,PRD-000162,Front-line local website,Chemicals,2023-10-27,2023-11-08,2023-11-05,4195,3127.0459,13117957.55,WH-012,"New York, NY",Ordered,Pending,,2025-08-30
ORD-00000550,SUP-00015,"Nguyen, Cruz and Wilson",PRD-000071,Integrated well-modulated structure,Machinery,2024-05-12,2024-06-20,2024-07-04,4295,668.3577,2870596.32,WH-001,"Seattle, WA",In Transit,,,2024-11-10
ORD-00000551,SUP-00014,Thomas-Nguyen,PRD-000008,Optional zero-defect firmware,Machinery,2024-09-30,2024-11-18,2024-11-20,2971,8752.916,26004913.44,WH-014,"Chicago, IL",Returned,,Katherine Gentry,2025-06-19
ORD-00000552,SUP-00056,Garcia Group,PRD-000039,Profit-focused system-worthy paradigm,Packaging,2023-11-26,2023-12-06,2023-12-17,4880,6652.4277,32463847.18,WH-010,"Los Angeles, CA",Cancelled,Pending,,2024-11-27
ORD-00000553,SUP-00005,Williams LLC,PRD-000065,Decentralized well-modulated encoding,Food & Beverage,2025-05-18,2025-06-28,2025-06-30,3388,3327.9522,11275102.05,WH-012,"Atlanta, GA",Ordered,Pending,,2025-05-17
ORD-00000554,SUP-00021,"Walker, Mathis and Acosta",PRD-000159,Automated dynamic superstructure,Electronics,2024-02-12,2024-02-17,2024-02-15,4514,4217.4291,19037474.96,WH-010,"Seattle, WA",Returned,Pass,,2025-11-19
ORD-00000555,SUP-00052,Vargas-Hunter,PRD-000100,Automated static software,Chemicals,2024-09-30,2024-10-29,2024-11-16,454,8422.0721,3823620.73,WH-003,"Los Angeles, CA",Delivered,Fail,Matthew Mccarty,2026-03-18
ORD-00000556,SUP-00044,Pitts LLC,PRD-000087,Stand-alone cohesive approach,Electronics,2025-07-27,2025-08-13,2025-09-02,717,6819.4806,4889567.59,WH-005,"Dallas, TX",Returned,,Stephen Gonzales,2025-05-03
ORD-00000557,,Ellis Group,PRD-000093,Decentralized 24hour time-frame,Packaging,2023-11-16,2023-12-16,2023-12-22,774,8931.383,6912890.44,WH-010,"New York, NY",Cancelled,Pending,,2025-12-21
ORD-00000558,SUP-00021,"Walker, Mathis and Acosta",PRD-000126,Organized 24hour attitude,Raw Materials,2024-12-28,2025-01-22,2025-02-11,-2907,5245.2463,15247930.99,WH-004,"Chicago, IL",Ordered,Pending,,2024-05-01
ORD-00000559,SUP-00019,Rivas-Whitaker,PRD-000050,Fundamental bi-directional customer loyalty,Food & Beverage,2026-03-18,2026-05-11,2026-05-29,2349,3490.7622,8199800.41,WH-014,"Dallas, TX",Returned,Fail,,2025-12-29
ORD-00000560,SUP-00035,Mann Ltd,PRD-000198,Universal 6thgeneration emulation,Chemicals,2025-10-09,2025-12-04,2025-12-22,3463,1716.1192,5942920.79,WH-013,"Seattle, WA",Ordered,Pending,,2026-03-21
ORD-00000561,SUP-00061,Greene-Osborne,PRD-000137,Cross-group multi-state firmware,raw materials,2024-08-21,2024-09-15,2024-09-20,3657,8428.6031,30823401.54,WH-009,"New York, NY",Ordered,Pending,,2025-03-12
ORD-00000562,SUP-00071,"Robbins, Chapman and Morris",PRD-000158,Focused maximized focus group,Chemicals,2023-12-30,2024-01-11,2024-01-12,4965,84.0517,417316.69,WH-005,"Chicago, IL",Returned,Pending,Steven Valencia,2026-02-28
ORD-00000563,SUP-00017,Griffin and Sons,PRD-000025,Networked directional synergy,Packaging,2023-09-17,2023-10-24,2023-11-06,3028,6532.9522,19781779.26,WH-013,"Seattle, WA",Returned,Pass,Patrick Short,2024-06-12
ORD-00000564,SUP-00052,Vargas-Hunter,PRD-000070,Intuitive dedicated functionalities,Chemicals,2025-12-30,2026-02-26,2026-03-18,2739,5970.5854,16353433.41,WH-004,"Chicago, IL",Returned,Pending,Margaret Mcclain,2025-04-23
ORD-00000565,SUP-00068,Gaines-Jackson,PRD-000126,Organized 24hour attitude,Food & Beverage,2024-01-15,2024-02-29,2024-03-11,3875,5959.8723,23094505.16,WH-011,"Dallas, TX",Returned,Pass,Steve Turner,2025-04-13
ORD-00000566,SUP-00045,Barnes-Rivers,PRD-000029,Horizontal coherent protocol,Food & Beverage,2026-02-24,2026-04-07,2026-04-25,162,7896.7206,1279268.74,WH-007,"Chicago, IL",Delivered,Fail,Dr. Laura Hernandez,2024-07-22
ORD-00000567,,Bennett PLC,PRD-000086,Integrated 5thgeneration neural-net,Machinery,2025-05-16,2025-06-12,2025-06-16,3742,5782.1953,10874088.67,WH-003,"Los Angeles, CA",Ordered,Pending,,2026-03-06
ORD-00000568,,"Nguyen, Cruz and Wilson",PRD-000086,Integrated 5thgeneration neural-net,Raw Materials,2025-03-09,2025-04-13,2025-04-24,340,9017.2961,3065880.67,WH-009,"Seattle, WA",Ordered,Pending,,2025-03-31
ORD-00000569,SUP-00066,Willis-Olson,PRD-000070,Intuitive dedicated functionalities,Textiles,2025-09-30,2025-11-10,,1085,5275.1477,5723535.25,WH-001,"Los Angeles, CA",Ordered,Pending,,2025-04-14
ORD-00000570,SUP-00013,Meza LLC,PRD-000186,Enhanced asynchronous secured line,Textiles,2025-10-03,2025-09-26,2025-12-15,380,5990.793,1449759.96,WH-013,"Seattle, WA",Returned,Pass,Erika Mcdaniel,2025-08-02
ORD-00000571,SUP-00076,Roberts-Edwards,PRD-000051,Vision-oriented mobile throughput,Textiles,2024-10-14,2024-12-01,2024-12-01,2620,5598.0456,14666879.47,WH-005,"Chicago, IL",Ordered,,,2024-04-21
ORD-00000572,SUP-00075,Barron Ltd,PRD-000052,Proactive dedicated focus group,Chemicals,2024-12-13,2025-02-09,2025-02-18,1682,9740.9982,16384358.97,WH-001,"Atlanta, GA",In Transit,Pending,,2025-07-21
ORD-00000573,SUP-00002,Jimenez Inc,PRD-000131,User-friendly logistical groupware,Chemicals,2024-05-18,2024-06-03,2024-06-03,1655,5360.5583,8871723.99,WH-013,"Seattle, WA",Delivered,Pending,Amber Walsh,2026-01-05
ORD-00000574,SUP-00043,"Johnson, Brown and Coleman",PRD-000104,Inverse context-sensitive hardware,Electronics,2024-07-21,2024-08-21,2024-09-06,4346,4242.0356,18435886.72,WH-003,"Seattle, WA",In Transit,Pending,,2025-07-04
ORD-00000575,SUP-00049,Arellano-Anderson,PRD-000056,Exclusive bandwidth-monitored website,Electronics,2025-08-27,2025-10-20,2025-11-08,4967,3361.9333,16698722.7,WH-001,"Seattle, WA",Ordered,Pending,,2025-04-26
ORD-00000576,SUP-00033,Henderson-Mcguire,PRD-000141,Focused 24hour instruction set,Food & Beverage,2024-07-15,2024-08-31,2024-08-28,3332,5579.2049,18589910.73,WH-011,"Seattle, WA",Delivered,Fail,Marcia Flores,2025-06-16
ORD-00000577,SUP-00009,Burton Ltd,PRD-000107,Inverse 3rdgeneration architecture,Food & Beverage,2025-04-17,2025-05-14,2025-05-29,949,824.3263,782285.66,WH-012,"Atlanta, GA",In Transit,Pending,,2024-07-28
ORD-00000578,SUP-00026,Velasquez-Flores,PRD-000027,Secured client-driven protocol,Chemicals,2024-05-24,2024-07-04,2024-07-22,1855,481.6806,893517.51,WH-009,"Atlanta, GA",Returned,Pass,Nicholas Jackson,2025-11-13
ORD-00000579,SUP-00062,Chapman-Fuller,PRD-000127,Ameliorated contextually-based model,Food & Beverage,2023-06-04,2023-07-07,2023-05-25,1531,3499.1873,5357255.76,WH-010,"Los Angeles, CA",Ordered,,,2025-01-14
ORD-00000580,SUP-00023,"Boyle, Miller and Ellis",PRD-000150,Focused fresh-thinking paradigm,Food & Beverage,2024-03-17,2024-03-25,2024-04-02,4974,9058.9724,45059328.72,WH-005,"Seattle, WA",Cancelled,,,2026-01-06
ORD-00000581,SUP-00048,Morgan-Ware,PRD-000154,Ameliorated 6thgeneration access,Food & Beverage,2024-06-21,2024-07-27,2024-08-11,929,3124.9976,2903122.77,WH-008,"Dallas, TX",Ordered,Pending,,2024-04-20
ORD-00000582,SUP-00051,Hancock LLC,PRD-000094,Reactive disintermediate methodology,Raw Materials,2024-05-25,2024-06-05,2024-06-16,2845,8003.1009,22768822.06,WH-006,"Atlanta, GA",In Transit,,,2026-03-27
ORD-00000583,SUP-00023,"Boyle, Miller and Ellis",PRD-000004,Open-source logistical challenge,Machinery,2024-03-09,2024-03-23,2024-03-21,2013,2930.4885,5899073.35,WH-001,"Dallas, TX",Returned,Fail,Steven Barnes,2026-03-08
ORD-00000584,SUP-00054,Kane PLC,PRD-000056,Exclusive bandwidth-monitored website,Food & Beverage,2025-04-20,2025-04-15,2025-05-09,1481,5136.1341,7606614.6,WH-011,"New York, NY",In Transit,Pending,,2025-12-09
ORD-00000585,SUP-00028,Padilla PLC,PRD-000083,Profit-focused well-modulated function,Packaging,2024-07-27,2024-08-15,2024-08-18,1008,1056.7269,1065180.72,WH-008,"Chicago, IL",In Transit,Pending,,2025-03-16
ORD-00000586,SUP-00060,"Smith, Hill and Steele",PRD-000140,Quality-focused encompassing alliance,Packaging,2025-09-24,2025-10-18,2025-10-28,2813,5504.3052,15483610.53,WH-009,"Los Angeles, CA",In Transit,Pending,,2024-09-10
ORD-00000587,SUP-00061,Greene-Osborne,PRD-000070,Intuitive dedicated functionalities,Food & Beverage,2024-04-05,2024-04-22,2024-05-12,905,4148.8202,3754682.28,WH-010,"New York, NY",Cancelled,Pending,,2024-12-05
ORD-00000588,SUP-00009,Burton Ltd,PRD-000015,Distributed 6thgeneration info-mediaries,Raw Materials,2025-05-14,2025-06-09,2025-06-17,174,8308.6689,1445708.39,WH-012,"Dallas, TX",Cancelled,,,2024-04-25
ORD-00000589,SUP-00031,Lee Ltd,PRD-000148,Pre-emptive clear-thinking initiative,Electronics,2024-12-03,2025-01-11,2024-11-20,4375,7410.3165,32420134.69,WH-008,"Los Angeles, CA",Returned,Pass,Mrs. Allison Collins,2025-08-27
ORD-00000590,SUP-00039,"Wiley, Brown and Sampson",PRD-000199,Self-enabling user-facing collaboration,Food & Beverage,2026-01-13,2026-02-02,2026-01-31,2999,7435.0233,22297634.88,WH-009,"Seattle, WA",Returned,Pending,,2024-10-02
ORD-00000591,SUP-00061,Greene-Osborne,PRD-000002,Programmable object-oriented focus group,Machinery,2025-09-02,2025-09-24,2025-10-06,547,3297.4683,1803715.16,WH-013,"New York, NY",In Transit,Pending,,2024-06-27
ORD-00000592,SUP-00065,Ellis Group,PRD-000129,Compatible methodical leverage,Textiles,2025-04-08,2025-05-30,2025-06-01,373,1146.001,427458.37,WH-012,"New York, NY",Ordered,Pending,,2025-06-17
ORD-00000593,SUP-00001,"Taylor, Adams and Donaldson",PRD-000106,Open-architected demand-driven frame,Textiles,2024-06-03,2024-06-25,,3169,5101.8231,16167677.4,WH-012,"Dallas, TX",Ordered,Pending,,2024-08-10
ORD-00000594,SUP-00044,Pitts LLC,PRD-000187,Face-to-face next generation process improvement,Electronics,2023-09-21,2023-11-11,2023-11-21,3508,9352.8229,32809702.73,WH-010,"New York, NY",Ordered,Pending,,2026-01-16
ORD-00000595,SUP-00076,Roberts-Edwards,PRD-000044,Pre-emptive discrete methodology,Textiles,2025-10-01,2025-11-21,2025-11-19,4125,2473.0283,10201241.74,WH-007,"Chicago, IL",Ordered,Pending,,2025-05-01
ORD-00000596,,Willis-Olson,PRD-000138,Persevering zero-defect matrix,Textiles,2025-01-31,2025-03-06,2025-03-26,-1978,3456.7572,6837465.74,WH-008,"Atlanta, GA",Returned,Fail,Christina Bird,2025-03-05
ORD-00000597,SUP-00028,Padilla PLC,PRD-000133,Digitized executive emulation,Packaging,2024-06-03,2024-06-29,2024-07-03,3731,4617.6299,11039180.01,WH-011,"New York, NY",In Transit,Pending,,2024-11-25
ORD-00000598,SUP-00058,"Browning, Wiley and Duran",PRD-000149,Configurable zero administration website,Food & Beverage,2024-12-12,2025-01-08,2025-01-09,2627,9317.187,24076673.54,WH-010,"Chicago, IL",Returned,Pending,Rebecca Thompson,2025-06-14
ORD-00000599,SUP-00044,Pitts LLC,PRD-000056,Exclusive bandwidth-monitored website,Textiles,2026-03-04,2026-03-21,2026-03-26,4061,3474.9833,14111907.18,WH-005,"Atlanta, GA",Cancelled,Pending,,2024-12-11
ORD-00000600,SUP-00070,"Morales, Allen and Pittman",PRD-000125,Intuitive intangible artificial intelligence,Packaging,2024-08-22,2024-10-18,2024-10-27,354,3059.7757,1083160.6,WH-001,"Dallas, TX",In Transit,Pending,,2026-01-12
ORD-00000601,SUP-00039,"Wiley, Brown and Sampson",PRD-000072,Realigned bandwidth-monitored benchmark,Textiles,2024-12-26,2025-02-19,2025-03-02,445,1713.9577,762711.18,WH-008,"Chicago, IL",In Transit,Pending,,2025-04-07
ORD-00000602,SUP-00017,Griffin and Sons,PRD-000069,Decentralized systemic interface,FOOD & BEVERAGE,2024-02-11,2024-02-17,2024-02-20,921,8581.8782,7903909.82,WH-009,"New York, NY",Cancelled,Pending,,2026-01-07
ORD-00000603,SUP-00065,Ellis Group,PRD-000084,Synergized scalable matrices,Food & Beverage,2024-05-19,2024-06-30,2024-06-29,-4296,9926.7997,42645531.51,WH-007,"New York, NY",Cancelled,Pending,,2026-01-01
ORD-00000604,SUP-00015,"Nguyen, Cruz and Wilson",PRD-000066,Pre-emptive context-sensitive portal,Textiles,2024-10-31,2024-12-11,,3535,5856.5541,20702918.74,WH-014,"Chicago, IL",Returned,Pass,Richard Williams,2025-10-29
ORD-00000605,SUP-00047,Fuller-Reyes,PRD-000168,Upgradable object-oriented product,Textiles,2025-05-03,2025-06-18,2025-06-30,2673,1005.1112,2686662.24,WH-002,"Atlanta, GA",Ordered,Pending,,2025-01-29
ORD-00000606,SUP-00035,Mann Ltd,PRD-000173,Optional multimedia architecture,Packaging,2024-04-05,2024-04-19,2024-04-19,3474,2782.4546,9666247.28,WH-002,"New York, NY",Delivered,Pending,,2024-07-27
ORD-00000607,SUP-00043,"Johnson, Brown and Coleman",PRD-000133,Digitized executive emulation,Food & Beverage,2025-05-12,2025-06-22,2025-07-06,830,6311.3202,5238395.77,WH-006,"Dallas, TX",Delivered,Pass,Sierra Price,2025-11-13
ORD-00000608,SUP-00037,Shah Inc,PRD-000101,Grass-roots scalable database,Electronics,2026-03-23,2026-04-06,2026-04-20,4079,8369.1863,34137910.92,WH-013,"New York, NY",Returned,Fail,,2024-10-28
ORD-00000609,SUP-00053,"Osborn, Ryan and Garrett",PRD-000108,Advanced next generation Graphic Interface,Machinery,2024-08-23,2024-09-16,2024-09-12,426,4443.6356,1892988.77,WH-003,"Seattle, WA",Ordered,Pending,,2025-08-19
ORD-00000610,SUP-00020,"Reyes, Parker and Gibson",PRD-000088,User-centric client-server strategy,Machinery,2023-04-18,2023-06-12,2023-06-24,3034,8020.7636,24334996.76,WH-012,"Atlanta, GA",Cancelled,Pending,,2025-03-08
ORD-00000611,SUP-00021,"Walker, Mathis and Acosta",PRD-000132,Synchronized bottom-line intranet,Chemicals,2025-06-20,2025-07-15,2025-07-25,843,1409.9735,1188607.66,WH-009,"Los Angeles, CA",Delivered,Fail,Travis Nguyen,2024-04-23
ORD-00000612,SUP-00007,Anderson-Jackson,PRD-000164,Profit-focused transitional data-warehouse,Food & Beverage,2023-09-09,2023-10-03,2023-10-15,432,2906.0251,1255402.84,WH-008,"Seattle, WA",Returned,Fail,,2025-08-20
ORD-00000613,SUP-00004,Humphrey Group,PRD-000156,Sharable disintermediate Graphical User Interface,Machinery,2025-11-03,2025-12-28,2026-01-14,888,3854.2028,2416745.99,WH-002,"New York, NY",Returned,Fail,Richard Phillips,2024-12-19
ORD-00000614,,Dixon Inc,PRD-000116,Open-architected logistical matrices,Food & Beverage,2025-06-29,2025-08-25,2025-09-04,684,9192.7254,3206237.98,WH-013,"Dallas, TX",Delivered,Pass,Terry Hodges,2026-02-27
ORD-00000615,SUP-00004,Humphrey Group,PRD-000098,Total regional throughput,Raw Materials,2024-01-27,2024-02-08,2024-02-18,4395,6461.6767,28399069.1,WH-005,"Los Angeles, CA",Delivered,Pass,,2025-10-24
ORD-00000616,SUP-00062,Chapman-Fuller,PRD-000199,Self-enabling user-facing collaboration,Chemicals,2024-11-01,2024-11-08,2024-11-09,3200,7274.0258,23276882.56,WH-004,"Dallas, TX",Returned,Pending,Daniel Lee,2024-10-12
ORD-00000617,SUP-00010,Robertson and Sons,PRD-000028,Future-proofed secondary collaboration,Electronics,2025-12-03,2025-12-29,2026-01-01,1666,8620.1965,14361247.37,WH-004,"Chicago, IL",Ordered,Pending,,2024-09-17
ORD-00000618,SUP-00032,"Foster, Powell and Moore",PRD-000072,Realigned bandwidth-monitored benchmark,Raw Materials,2023-10-23,2023-12-02,2023-12-06,1479,9968.7415,14743768.68,WH-013,"Atlanta, GA",Cancelled,,,2026-03-03
ORD-00000619,SUP-00078,Wallace-Williams,PRD-000056,Exclusive bandwidth-monitored website,Food & Beverage,2024-04-04,2024-04-29,2024-05-16,960,2902.8042,2786692.03,WH-014,"Los Angeles, CA",Returned,Pass,Robin Dixon,2025-07-02
ORD-00000620,SUP-00015,"Nguyen, Cruz and Wilson",PRD-000007,Customer-focused context-sensitive attitude,Raw Materials,2025-08-15,2025-09-08,2025-09-20,4265,101.7523,433973.56,WH-009,"Atlanta, GA",Delivered,Pass,Pamela Kramer,2025-04-04
ORD-00000621,SUP-00015,"Nguyen, Cruz and Wilson",PRD-000157,Monitored grid-enabled concept,Chemicals,2025-06-19,2025-07-05,2025-07-13,1904,4496.0374,8560455.21,WH-003,"Atlanta, GA",Returned,,Megan Hatfield,2025-07-05
ORD-00000622,SUP-00021,"Walker, Mathis and Acosta",PRD-000195,Cross-group background database,Raw Materials,2024-09-01,2024-09-26,,2443,1370.6134,3348408.54,WH-006,"Dallas, TX",Ordered,Pending,,2024-12-17
ORD-00000623,SUP-00075,Barron Ltd,PRD-000146,User-friendly web-enabled Internet solution,Electronics,2024-05-03,2024-06-14,2024-06-29,4781,836.2034,3997888.46,WH-013,"Chicago, IL",In Transit,Pending,,2025-07-06
ORD-00000624,SUP-00035,Mann Ltd,PRD-000168,Upgradable object-oriented product,Textiles,2024-09-15,2024-09-21,2024-10-02,-4474,4164.8649,18633605.56,WH-012,"Atlanta, GA",Returned,Fail,,2025-01-06
ORD-00000625,SUP-00057,Cohen PLC,PRD-000083,Profit-focused well-modulated function,Electronics,2024-07-27,2024-09-06,2024-09-17,3227,3393.3475,10950332.38,WH-005,"Chicago, IL",Cancelled,Pending,,2025-09-18
ORD-00000626,SUP-00025,Turner Ltd,PRD-000198,Universal 6thgeneration emulation,Packaging,2025-12-17,2026-01-11,2026-01-14,205,8106.4021,1661812.43,WH-001,"Chicago, IL",Cancelled,,,2026-01-08
ORD-00000627,SUP-00044,Pitts LLC,PRD-000055,Streamlined dedicated moderator,Packaging,2024-01-14,2024-01-30,2024-02-18,4846,8797.1839,42631153.18,WH-005,"Atlanta, GA",Cancelled,Pending,,2026-02-09
ORD-00000628,SUP-00052,Vargas-Hunter,PRD-000160,De-engineered needs-based emulation,Textiles,2024-11-24,2024-12-30,,598,73.8876,44184.78,WH-009,"Dallas, TX",Returned,Fail,Suzanne Harris,2024-10-24
ORD-00000629,SUP-00060,"Smith, Hill and Steele",PRD-000116,Open-architected logistical matrices,Textiles,2024-09-11,2024-10-01,2024-10-10,4546,9585.2925,43574739.7,WH-005,"Chicago, IL",In Transit,Pending,,2025-12-31
ORD-00000630,SUP-00024,Kelly and Sons,PRD-000162,Front-line local website,Packaging,2023-08-04,2023-09-06,,-1987,2925.4705,5812909.88,WH-004,"Chicago, IL",Cancelled,,,2025-08-08
ORD-00000631,SUP-00058,"Browning, Wiley and Duran",PRD-000027,Secured client-driven protocol,Textiles,2024-11-18,2024-11-29,,1286,3277.7631,4215203.35,WH-010,"New York, NY",In Transit,Pending,,2025-05-03
ORD-00000632,SUP-00044,Pitts LLC,PRD-000116,Open-architected logistical matrices,Raw Materials,2025-01-01,2025-02-17,2025-02-26,1912,9766.244,18673058.53,WH-002,"New York, NY",In Transit,Pending,,2024-12-07
ORD-00000633,SUP-00020,"Reyes, Parker and Gibson",PRD-000191,Right-sized high-level pricing structure,RAW MATERIALS,2025-10-23,2025-12-12,,328,2547.6041,835614.14,WH-008,"Atlanta, GA",Cancelled,Pending,,2025-07-29
ORD-00000634,SUP-00035,Mann Ltd,PRD-000099,Reduced dynamic knowledgebase,Machinery,2023-05-19,2023-06-18,2023-06-25,1180,7792.5954,9195262.57,WH-002,"Dallas, TX",Ordered,,,2025-12-29
ORD-00000635,SUP-00037,Shah Inc,PRD-000013,Cross-platform maximized middleware,Chemicals,2024-11-15,2024-11-26,2024-12-14,1498,3966.376,5941631.25,WH-004,"Dallas, TX",In Transit,Pending,,2025-12-30
ORD-00000636,SUP-00073,Newman PLC,PRD-000116,Open-architected logistical matrices,Machinery,2025-04-08,2025-05-17,2025-05-19,3598,8912.2255,32066187.35,WH-004,"Los Angeles, CA",In Transit,Pending,,2025-12-01
ORD-00000637,SUP-00048,Morgan-Ware,PRD-000194,Re-contextualized mission-critical algorithm,Food & Beverage,2023-06-06,2023-08-03,2023-08-17,4998,6591.9698,32946665.06,WH-007,"New York, NY",Ordered,Pending,,2025-05-13
ORD-00000638,SUP-00042,Peters Group,PRD-000009,Open-architected explicit complexity,Raw Materials,2025-08-13,2025-08-25,2025-08-26,2488,3040.7352,7565349.18,WH-012,"Atlanta, GA",Cancelled,Pending,,2024-07-15
ORD-00000639,SUP-00015,"Nguyen, Cruz and Wilson",PRD-000194,Re-contextualized mission-critical algorithm,Textiles,2026-03-28,2026-04-22,2026-05-02,3452,8984.1678,31013347.25,WH-010,"Los Angeles, CA",In Transit,Pending,,2025-04-18
ORD-00000640,SUP-00056,Garcia Group,PRD-000175,Triple-buffered secondary focus group,Chemicals,2024-05-25,2024-07-02,2024-06-29,2233,6506.4492,14528901.06,WH-013,"Chicago, IL",In Transit,Pending,,2025-02-20
ORD-00000641,SUP-00036,Thomas-Velasquez,PRD-000191,Right-sized high-level pricing structure,Food & Beverage,2023-08-31,2023-10-07,2023-10-05,1561,1034.9029,1615483.43,WH-005,"Dallas, TX",In Transit,,,2024-09-25
ORD-00000642,SUP-00053,"Osborn, Ryan and Garrett",PRD-000098,Total regional throughput,Packaging,2025-08-01,2025-07-24,2025-08-07,1593,3598.6902,5732713.49,WH-012,"Seattle, WA",Returned,Pending,Logan Vega,2024-07-31
ORD-00000643,SUP-00071,"Robbins, Chapman and Morris",PRD-000071,Integrated well-modulated structure,Textiles,2024-01-31,2024-02-27,2024-03-07,2623,249.5301,654517.45,WH-010,"New York, NY",In Transit,Pending,,2024-12-13
ORD-00000644,,Barnes-Rivers,PRD-000172,Persevering fault-tolerant throughput,Electronics,2024-09-02,2024-10-26,2024-11-09,4465,7555.1766,33733863.52,WH-013,"Chicago, IL",Returned,Pass,Jessica Bernard,2025-04-06
ORD-00000645,SUP-00015,"Nguyen, Cruz and Wilson",PRD-000019,Self-enabling transitional pricing structure,Raw Materials,2024-05-19,2024-06-27,2024-07-02,238,3620.349,861643.06,WH-009,"Atlanta, GA",Returned,Pass,,2024-05-16
ORD-00000646,,Petersen-Kelly,PRD-000137,Cross-group multi-state firmware,Food & Beverage,2026-01-13,2026-01-27,2026-02-05,4719,701.5587,3310655.51,WH-008,"New York, NY",Ordered,Pending,,2025-07-03
ORD-00000647,SUP-00076,Roberts-Edwards,PRD-000142,Ergonomic executive customer loyalty,Raw Materials,2024-06-21,2024-06-28,2024-07-08,2435,3365.5506,8195115.71,WH-008,"Seattle, WA",In Transit,Pending,,2025-08-10
ORD-00000648,SUP-00031,Lee Ltd,PRD-000114,Programmable national open architecture,Machinery,2023-07-03,2023-07-18,2023-07-30,1963,608.5063,1194497.87,WH-013,"Chicago, IL",Returned,,Alicia Smith,2026-03-30
ORD-00000649,SUP-00028,Padilla PLC,PRD-000059,Fundamental asynchronous application,Machinery,2023-05-07,2023-06-16,2023-07-01,855,4292.0074,3669666.33,WH-003,"New York, NY",In Transit,Pending,,2026-01-30
ORD-00000650,SUP-00035,Mann Ltd,PRD-000171,User-friendly encompassing database,textiles,2025-11-03,2025-11-17,2025-11-14,3876,5535.4913,21455564.28,WH-008,"New York, NY",In Transit,,,2025-04-14
ORD-00000651,,Robertson and Sons,PRD-000015,Distributed 6thgeneration info-mediaries,Packaging,2025-01-14,2025-03-08,2025-03-03,651,7042.4512,4584635.73,WH-004,"Dallas, TX",Returned,Fail,Jennifer Sanchez,2025-10-28
ORD-00000652,SUP-00041,Webster and Sons,PRD-000024,Cloned cohesive open architecture,Food & Beverage,2024-01-18,2024-02-01,,4472,2155.1671,9637907.27,WH-004,"Dallas, TX",Ordered,Pending,,2025-01-27
ORD-00000653,SUP-00025,Turner Ltd,PRD-000055,Streamlined dedicated moderator,raw materials,2025-09-26,2025-10-19,2025-10-19,3350,8697.2244,29135701.74,WH-001,"Chicago, IL",In Transit,Pending,,2025-03-25
ORD-00000654,SUP-00014,Thomas-Nguyen,PRD-000124,Polarized modular hardware,Chemicals,2024-10-10,2024-11-01,2024-11-07,817,2815.8725,2300567.83,WH-004,"Atlanta, GA",Delivered,Pass,Kyle Cross,2026-03-23
ORD-00000655,SUP-00029,"Lawrence, Sutton and Fowler",PRD-000055,Streamlined dedicated moderator,Electronics,2023-10-26,2023-11-25,2023-11-21,3652,4263.0797,15568767.06,WH-011,"Atlanta, GA",Returned,Pending,Daniel Flynn,2026-02-08
ORD-00000656,SUP-00075,Barron Ltd,PRD-000089,Managed bandwidth-monitored customer loyalty,Textiles,2025-04-10,2025-06-04,2025-06-09,1121,8530.4344,9562616.96,WH-005,"Chicago, IL",Delivered,Pending,George White,2025-07-13
ORD-00000657,SUP-00038,Thomas-Wagner,PRD-000128,Compatible human-resource interface,Chemicals,2026-04-05,2026-06-02,2026-03-20,892,177.8328,158626.86,WH-006,"Seattle, WA",In Transit,Pending,,2024-08-09
ORD-00000658,SUP-00064,Mitchell Ltd,PRD-000143,Vision-oriented tangible secured line,FOOD & BEVERAGE,2025-12-06,2026-01-18,2026-01-26,4427,4815.975,21320321.33,WH-002,"Chicago, IL",Cancelled,Pending,,2025-10-21
ORD-00000659,SUP-00056,Garcia Group,PRD-000072,Realigned bandwidth-monitored benchmark,Machinery,2024-06-10,2024-07-24,,2501,7966.4636,15649632.93,WH-012,"Atlanta, GA",Returned,,Colton Rodriguez,2024-12-20
ORD-00000660,SUP-00056,Garcia Group,PRD-000098,Total regional throughput,Machinery,2024-11-11,2024-12-07,2024-12-14,3870,9105.7196,35239134.85,WH-001,"New York, NY",Cancelled,Pending,,2024-11-30
ORD-00000661,SUP-00022,"Reilly, Price and Galloway",PRD-000183,Business-focused content-based encryption,Electronics,2024-04-02,2024-05-11,2024-05-20,2911,8386.5486,24413242.97,WH-013,"Atlanta, GA",In Transit,Pending,,2024-12-04
ORD-00000662,SUP-00023,"Boyle, Miller and Ellis",PRD-000173,Optional multimedia architecture,Machinery,2023-10-30,2023-12-21,2024-01-09,1626,742.7418,1207698.17,WH-009,"New York, NY",In Transit,Pending,,2025-08-28
ORD-00000663,SUP-00008,"Barber, Davis and Barnett",PRD-000115,Optimized actuating ability,Machinery,2025-11-06,2025-12-17,2025-12-27,2322,9616.783,22330170.13,WH-003,"Dallas, TX",In Transit,Pending,,2024-05-04
ORD-00000664,SUP-00042,Peters Group,PRD-000070,Intuitive dedicated functionalities,Packaging,2025-07-23,2025-08-16,2025-09-05,2021,6188.2574,12506468.21,WH-011,"Atlanta, GA",In Transit,Pending,,2026-03-28
ORD-00000665,SUP-00018,"Thomas, Dennis and Rodriguez",PRD-000098,Total regional throughput,Chemicals,2026-02-11,2026-03-14,2026-03-28,3952,3870.2417,20998202.22,WH-004,"Dallas, TX",Returned,Pass,Alyssa Martinez,2025-01-27
ORD-00000666,SUP-00024,Kelly and Sons,PRD-000074,Reactive neutral collaboration,Food & Beverage,2024-02-14,2024-02-24,2024-03-12,4594,2586.9539,11884466.22,WH-007,"New York, NY",Delivered,Pending,Roberta Lucas,2025-01-07
ORD-00000667,SUP-00076,Roberts-Edwards,PRD-000066,Pre-emptive context-sensitive portal,Chemicals,2023-07-01,2023-08-09,2023-08-29,2551,4523.3979,11539188.04,WH-006,"Seattle, WA",Cancelled,Pending,,2024-10-15
ORD-00000668,SUP-00050,Dixon Inc,PRD-000147,Implemented content-based open architecture,Textiles,2026-02-04,2026-03-23,2026-04-03,2971,6382.2394,18961633.26,WH-009,"Dallas, TX",Delivered,Pending,David Allen,2025-09-20
ORD-00000669,SUP-00003,Bennett PLC,PRD-000153,Function-based reciprocal firmware,Raw Materials,2024-02-06,2024-04-01,2024-04-15,444,5502.9879,2443326.63,WH-001,"Seattle, WA",Delivered,Fail,Chelsea Knight,2025-07-08
ORD-00000670,SUP-00038,Thomas-Wagner,PRD-000016,Automated didactic concept,Chemicals,2024-04-18,2024-06-14,2024-06-30,2906,6505.2102,18904140.84,WH-013,"Los Angeles, CA",In Transit,Pending,,2024-11-09
ORD-00000671,SUP-00007,Anderson-Jackson,PRD-000137,Cross-group multi-state firmware,Electronics,2023-12-21,2024-01-17,2024-01-30,2785,9531.18,26544336.3,WH-005,"Atlanta, GA",Delivered,,,2025-07-30
ORD-00000672,SUP-00059,Campbell and Sons,PRD-000036,Focused regional contingency,textiles,2024-12-02,2025-01-16,2025-01-28,822,3786.1465,3112212.42,WH-006,"Atlanta, GA",Ordered,Pending,,2024-06-06
ORD-00000673,SUP-00054,Kane PLC,PRD-000012,Up-sized actuating model,Chemicals,2023-05-03,2023-05-28,2023-06-06,652,8840.8409,5764228.27,WH-008,"Atlanta, GA",Returned,Pending,Nichole Wyatt,2024-05-13
ORD-00000674,SUP-00010,Robertson and Sons,PRD-000153,Function-based reciprocal firmware,Electronics,2025-11-13,2025-12-19,2026-01-06,1801,1217.6098,2192915.25,WH-003,"Los Angeles, CA",Returned,Fail,Justin Williams,2024-05-20
ORD-00000675,SUP-00076,Roberts-Edwards,PRD-000096,Progressive empowering capability,Chemicals,2024-10-10,2024-12-06,2024-12-11,147,6912.64,1016158.08,WH-006,"Chicago, IL",Ordered,Pending,,2025-10-21
ORD-00000676,SUP-00041,Webster and Sons,PRD-000116,Open-architected logistical matrices,Packaging,2024-07-20,2024-08-02,2024-08-02,2061,6468.8816,13332364.98,WH-014,"Seattle, WA",Ordered,Pending,,2025-08-26
ORD-00000677,SUP-00004,Humphrey Group,PRD-000090,Multi-channeled asynchronous definition,Machinery,2024-10-24,2024-11-11,2024-11-19,1664,5928.5388,9865088.56,WH-009,"Los Angeles, CA",Cancelled,Pending,,2025-02-20
ORD-00000678,SUP-00056,Garcia Group,PRD-000154,Ameliorated 6thgeneration access,Textiles,2025-04-03,2025-04-10,2025-04-11,3094,1540.127,4765152.94,WH-007,"Los Angeles, CA",Cancelled,Pending,,2024-08-01
ORD-00000679,SUP-00037,Shah Inc,PRD-000134,Cross-group neutral access,Chemicals,2026-02-12,2026-02-23,2026-02-19,894,7871.6354,7037242.05,WH-001,"New York, NY",Ordered,Pending,,2025-02-06
ORD-00000680,SUP-00069,Thompson-Owens,PRD-000033,Streamlined methodical hierarchy,Textiles,2025-02-15,2025-04-04,2025-04-02,3910,4204.3727,16439097.26,WH-012,"Seattle, WA",In Transit,Pending,,2025-11-04
ORD-00000681,SUP-00076,Roberts-Edwards,PRD-000152,Focused background Internet solution,Chemicals,2025-05-25,2025-06-26,,3837,3571.1448,13496353.11,WH-012,"Seattle, WA",Delivered,Fail,,2025-02-14
ORD-00000682,SUP-00003,Bennett PLC,PRD-000124,Polarized modular hardware,Raw Materials,2025-07-11,2025-09-04,2025-09-04,3654,6576.776,24031539.5,WH-009,"Seattle, WA",In Transit,Pending,,2025-08-27
ORD-00000683,SUP-00070,"Morales, Allen and Pittman",PRD-000122,Phased holistic policy,Chemicals,2024-08-06,2024-08-17,2024-09-01,1425,9801.2192,13966737.36,WH-006,"Los Angeles, CA",Returned,Pass,Noah Martinez,2025-10-14
ORD-00000684,SUP-00067,Brooks and Sons,PRD-000149,Configurable zero administration website,Packaging,2024-05-23,2024-05-29,,3239,4685.6896,15176948.61,WH-009,"Dallas, TX",Ordered,Pending,,2024-08-12
ORD-00000685,SUP-00073,Newman PLC,PRD-000077,Devolved hybrid core,Machinery,2024-07-05,2024-08-21,2024-08-26,306,2785.9661,852505.63,WH-010,"Chicago, IL",Returned,Fail,Richard Fernandez,2026-03-01
ORD-00000686,SUP-00025,Turner Ltd,PRD-000189,Balanced demand-driven database,Textiles,2023-06-11,2023-08-05,,4585,3933.9099,18036976.89,WH-008,"Atlanta, GA",Delivered,Fail,Benjamin Gibson,2025-10-24
ORD-00000687,SUP-00074,"Mcclain, Johnson and Gibson",PRD-000126,Organized 24hour attitude,Raw Materials,2025-06-29,2025-08-23,,793,7581.08,6011796.44,WH-003,"Atlanta, GA",Cancelled,Pending,,2024-05-15
ORD-00000688,SUP-00074,"Mcclain, Johnson and Gibson",PRD-000068,Synchronized next generation archive,Machinery,2024-07-29,2024-08-16,2024-08-22,4973,4211.253,20942561.17,WH-010,"Dallas, TX",Returned,Fail,Louis Smith,2025-02-21
ORD-00000689,SUP-00028,Padilla PLC,PRD-000014,Upgradable composite firmware,Packaging,2024-01-08,2024-02-22,2024-03-03,2042,7359.7433,15028595.82,WH-004,"New York, NY",Returned,Pass,Angela Jones,2025-10-07
ORD-00000690,SUP-00062,Chapman-Fuller,PRD-000054,Reactive holistic flexibility,Raw Materials,2024-10-26,2024-11-18,2024-12-08,3426,4825.6864,10799693.58,WH-011,"Atlanta, GA",Returned,Pending,Lisa King,2025-12-21
ORD-00000691,SUP-00001,"Taylor, Adams and Donaldson",PRD-000164,Profit-focused transitional data-warehouse,Machinery,2024-02-10,2024-02-18,2024-03-02,3913,2567.7339,10047542.75,WH-008,"Los Angeles, CA",Returned,Fail,Andrew Johnson,2025-12-25
ORD-00000692,SUP-00073,Newman PLC,PRD-000040,Profit-focused zero tolerance info-mediaries,textiles,2025-08-29,2025-10-04,2025-10-21,4144,3739.3136,15495715.56,WH-002,"New York, NY",In Transit,Pending,,2024-10-29
ORD-00000693,SUP-00051,Hancock LLC,PRD-000090,Multi-channeled asynchronous definition,Raw Materials,2025-03-18,2025-03-26,2025-03-28,2441,8417.5422,20547220.51,WH-007,"New York, NY",Returned,Pending,Lindsay Fletcher,2024-07-14
ORD-00000694,SUP-00015,"Nguyen, Cruz and Wilson",PRD-000163,Secured 24hour knowledge user,Machinery,2024-12-15,2024-12-26,2025-01-15,3778,891.7105,3368882.27,WH-001,"Dallas, TX",In Transit,,,2024-11-03
ORD-00000695,SUP-00036,Thomas-Velasquez,PRD-000131,User-friendly logistical groupware,Machinery,2023-10-16,2023-10-30,2023-11-12,4114,7958.5788,32741593.18,WH-012,"Dallas, TX",Ordered,Pending,,2025-12-06
ORD-00000696,SUP-00006,Petersen-Kelly,PRD-000033,Streamlined methodical hierarchy,Machinery,2024-05-18,2024-07-07,2024-07-25,2928,4801.4021,14058505.35,WH-007,"Dallas, TX",In Transit,Pending,,2025-01-03
ORD-00000697,SUP-00041,Webster and Sons,PRD-000082,Ergonomic methodical alliance,Textiles,2023-08-24,2023-09-16,2023-09-14,2594,8856.4831,22973717.16,WH-003,"Atlanta, GA",In Transit,Pending,,2024-09-30
ORD-00000698,SUP-00028,Padilla PLC,PRD-000010,Grass-roots systemic moderator,Packaging,2025-08-02,2025-07-29,2025-09-29,4003,5997.1905,24006753.57,WH-006,"Chicago, IL",Returned,Fail,,2026-01-19
ORD-00000699,SUP-00045,Barnes-Rivers,PRD-000016,Automated didactic concept,Machinery,2025-12-15,2026-02-05,2026-02-11,2165,6232.1688,13492645.45,WH-014,"Los Angeles, CA",Ordered,Pending,,2024-07-14
ORD-00000700,SUP-00071,"Robbins, Chapman and Morris",PRD-000111,Team-oriented value-added middleware,Machinery,2025-05-11,2025-06-12,2025-06-08,-478,1092.3879,581666.09,WH-002,"Los Angeles, CA",Cancelled,Pending,,2026-01-25
ORD-00000701,SUP-00028,Padilla PLC,PRD-000119,Enhanced local migration,Food & Beverage,2025-09-21,2025-10-25,,-842,3072.582,2387029.33,WH-003,"Seattle, WA",Returned,Pass,Melinda Williams,2025-08-24
ORD-00000702,SUP-00039,"Wiley, Brown and Sampson",PRD-000076,Customer-focused cohesive middleware,electronics,2023-10-11,2023-11-10,2023-11-22,2730,1278.7806,3491071.04,WH-002,"New York, NY",Ordered,Pending,,2025-12-20
ORD-00000703,SUP-00077,Taylor-Evans,PRD-000182,Fully-configurable solution-oriented open system,Packaging,2023-11-03,2023-12-15,2023-12-11,3762,4787.7501,18011515.88,WH-008,"New York, NY",Delivered,Pending,Erica Walton,2025-10-12
ORD-00000704,SUP-00019,Rivas-Whitaker,PRD-000160,De-engineered needs-based emulation,Chemicals,2024-02-14,2024-03-20,2024-03-22,1762,8006.8904,14108140.88,WH-006,"New York, NY",Delivered,Pass,Austin Barrett,2025-06-25
ORD-00000705,SUP-00020,"Reyes, Parker and Gibson",PRD-000151,Reactive incremental instruction set,Packaging,2024-10-28,2024-11-21,2024-11-19,1228,7322.0775,8991511.17,WH-009,"Seattle, WA",Returned,Fail,,2026-01-24
ORD-00000706,SUP-00044,Pitts LLC,PRD-000048,Vision-oriented neutral neural-net,Machinery,2023-12-17,2024-02-08,2024-02-25,4768,8620.6194,41103113.3,WH-009,"Atlanta, GA",In Transit,Pending,,2026-04-06
ORD-00000707,SUP-00034,Krueger-Jackson,PRD-000128,Compatible human-resource interface,Electronics,2023-05-30,2023-07-20,2023-07-28,4801,8492.1039,40770590.82,WH-008,"Seattle, WA",Cancelled,Pending,,2025-07-13
ORD-00000708,SUP-00024,Kelly and Sons,PRD-000118,Function-based local orchestration,Food & Beverage,2023-06-13,2023-07-27,,3976,2413.5198,9596154.72,WH-011,"Chicago, IL",In Transit,Pending,,2025-12-25
ORD-00000709,SUP-00049,Arellano-Anderson,PRD-000156,Sharable disintermediate Graphical User Interface,Food & Beverage,2024-03-26,2024-04-30,2024-04-26,3670,5609.6908,20587565.24,WH-007,"Seattle, WA",Returned,Fail,David Olson,2025-06-18
ORD-00000710,SUP-00045,Barnes-Rivers,PRD-000144,Reduced motivating open architecture,Chemicals,2023-09-18,2023-10-31,2023-10-29,1681,8424.9598,14162357.42,WH-012,"New York, NY",Delivered,Pending,Lindsey Jensen,2025-08-03
ORD-00000711,SUP-00045,Barnes-Rivers,PRD-000038,Organic actuating strategy,Food & Beverage,2025-02-10,2025-02-23,2025-03-04,2801,9077.1555,25425112.56,WH-013,"Seattle, WA",In Transit,Pending,,2025-03-22
ORD-00000712,SUP-00052,Vargas-Hunter,PRD-000144,Reduced motivating open architecture,Chemicals,2023-11-03,2023-12-13,2023-12-10,0,9716.3723,3740803.34,WH-011,"Seattle, WA",Delivered,Pending,Paul Williams,2025-07-19
ORD-00000713,SUP-00068,Gaines-Jackson,PRD-000043,Decentralized disintermediate database,Food & Beverage,2024-08-20,2024-10-03,2024-10-12,3470,7492.0539,25997427.03,WH-014,"New York, NY",Returned,Pass,John Olson,2025-03-30
ORD-00000714,SUP-00037,Shah Inc,PRD-000112,Innovative real-time neural-net,Machinery,2025-01-16,2025-02-23,2025-03-07,4999,3947.4881,19733493.01,WH-008,"New York, NY",In Transit,Pending,,2026-03-14
ORD-00000715,,Pitts LLC,PRD-000070,Intuitive dedicated functionalities,Textiles,2025-12-04,2025-12-10,2025-12-16,2938,8934.3459,26249108.25,WH-004,"Los Angeles, CA",Returned,Pending,Andrew Stewart,2026-03-05
ORD-00000716,SUP-00036,Thomas-Velasquez,PRD-000001,Ameliorated interactive software,Raw Materials,2025-11-28,2025-12-16,2025-12-15,4536,5979.7909,27124331.52,WH-005,"Los Angeles, CA",Delivered,,Danielle Rogers,2025-12-05
ORD-00000717,SUP-00062,Chapman-Fuller,PRD-000145,Horizontal mobile knowledge user,Machinery,2023-07-26,2023-09-22,2023-10-10,4902,4815.4328,23605251.59,WH-012,"New York, NY",Returned,Pending,,2024-06-19
ORD-00000718,SUP-00073,Newman PLC,PRD-000136,Cloned multi-state success,Food & Beverage,2024-02-20,2024-03-03,2024-02-29,822,7137.6322,5867133.67,WH-014,"Atlanta, GA",Delivered,Fail,Dr. Dana Hawkins,2024-06-07
ORD-00000719,SUP-00029,"Lawrence, Sutton and Fowler",PRD-000053,Public-key 4thgeneration hierarchy,Chemicals,2024-07-22,2024-09-03,2024-07-09,1337,8434.3956,11276786.92,WH-011,"Atlanta, GA",Delivered,Pending,Susan Clark,2024-08-21
ORD-00000720,SUP-00050,Dixon Inc,PRD-000182,Fully-configurable solution-oriented open system,Raw Materials,2025-10-26,2025-11-22,2025-12-06,2827,6602.5487,18665405.17,WH-007,"Dallas, TX",In Transit,,,2024-07-01
ORD-00000721,SUP-00008,"Barber, Davis and Barnett",PRD-000136,Cloned multi-state success,Electronics,2024-01-19,2024-01-24,,291,368.3826,107199.34,WH-001,"New York, NY",Returned,Fail,Jenny Wilson,2025-07-07
ORD-00000722,SUP-00015,"Nguyen, Cruz and Wilson",PRD-000045,Balanced solution-oriented methodology,Electronics,2025-06-01,2025-07-03,2025-06-29,75,8178.4161,613381.21,WH-004,"Chicago, IL",Ordered,Pending,,2026-03-17
ORD-00000723,SUP-00018,"Thomas, Dennis and Rodriguez",PRD-000135,Switchable client-server success,Textiles,2026-03-04,2026-03-11,2026-03-26,1165,5943.5319,6924214.66,WH-013,"Los Angeles, CA",Returned,Pending,Rebecca Giles,2024-05-03
ORD-00000724,SUP-00037,Shah Inc,PRD-000193,Multi-tiered bandwidth-monitored adapter,Packaging,2023-05-24,2023-06-26,2023-07-15,1323,9796.6636,12960985.94,WH-010,"New York, NY",Cancelled,Pending,,2024-05-05
ORD-00000725,SUP-00037,Shah Inc,PRD-000010,Grass-roots systemic moderator,Food & Beverage,2024-10-24,2024-11-29,2024-12-11,3192,2230.141,7118610.07,WH-007,"Dallas, TX",Ordered,Pending,,2025-07-23
ORD-00000726,SUP-00033,Henderson-Mcguire,PRD-000086,Integrated 5thgeneration neural-net,Chemicals,2025-10-08,2025-11-27,2025-12-16,2483,7818.2144,19412626.36,WH-001,"Seattle, WA",Ordered,,,2024-05-08
ORD-00000727,SUP-00064,Mitchell Ltd,PRD-000129,Compatible methodical leverage,Food & Beverage,2023-06-23,2023-07-01,2023-06-26,3622,1127.6681,4084413.86,WH-009,"Atlanta, GA",In Transit,Pending,,2025-02-02
ORD-00000728,SUP-00077,Taylor-Evans,PRD-000197,Multi-tiered dedicated focus group,Machinery,2025-05-29,2025-07-04,2025-07-02,-661,4907.7769,3244040.53,WH-002,"Los Angeles, CA",Cancelled,Pending,,2026-01-07
ORD-00000729,SUP-00065,Ellis Group,PRD-000132,Synchronized bottom-line intranet,Textiles,2026-03-20,2026-04-24,2026-04-27,2625,6724.5774,17652015.68,WH-004,"Chicago, IL",In Transit,Pending,,2025-05-10
ORD-00000730,SUP-00048,Morgan-Ware,PRD-000035,Programmable 6thgeneration open system,Machinery,2026-01-14,2026-02-01,2025-12-20,2654,1965.8466,5217356.88,WH-001,"Atlanta, GA",In Transit,Pending,,2025-11-05
ORD-00000731,SUP-00012,"Hart, Hayes and Velez",PRD-000048,Vision-oriented neutral neural-net,food & beverage,2026-04-03,2026-05-21,2026-06-08,2556,6064.4215,15500661.35,WH-002,"Atlanta, GA",In Transit,Pending,,2024-10-27
ORD-00000732,SUP-00007,Anderson-Jackson,PRD-000002,Programmable object-oriented focus group,Packaging,2025-04-01,2025-05-23,2025-05-21,762,1306.7588,995750.21,WH-001,"Chicago, IL",Delivered,,Meghan Drake,2026-02-14
ORD-00000733,SUP-00064,Mitchell Ltd,PRD-000036,Focused regional contingency,Chemicals,2025-12-20,2026-02-17,2026-03-06,2134,3931.4829,8389784.51,WH-011,"Seattle, WA",Cancelled,Pending,,2026-02-24
ORD-00000734,SUP-00074,"Mcclain, Johnson and Gibson",PRD-000167,Streamlined 24/7 success,Packaging,2023-11-25,2023-12-23,2023-12-30,4504,8311.9561,37437050.27,WH-001,"Atlanta, GA",Returned,Pass,Andrew Smith,2024-04-19
ORD-00000735,SUP-00052,Vargas-Hunter,PRD-000131,User-friendly logistical groupware,Machinery,2025-04-21,2025-05-01,2025-05-06,2155,1519.5403,3274609.35,WH-010,"Chicago, IL",Returned,Pending,Joshua Martin,2024-12-25
ORD-00000736,,Kane PLC,PRD-000156,Sharable disintermediate Graphical User Interface,Food & Beverage,2025-08-22,2025-09-28,2025-10-15,2293,5779.4732,13252332.05,WH-009,"Seattle, WA",Ordered,,,2024-06-09
ORD-00000737,SUP-00009,Burton Ltd,PRD-000124,Polarized modular hardware,Food & Beverage,2023-05-24,2023-07-20,,142,1167.138,165733.6,WH-002,"Atlanta, GA",Delivered,Pending,Lisa Weaver,2025-07-18
ORD-00000738,SUP-00060,"Smith, Hill and Steele",PRD-000115,Optimized actuating ability,Chemicals,2024-05-15,2024-05-20,2024-05-24,2221,2241.1311,4977552.17,WH-011,"Seattle, WA",Delivered,Pending,Mary Jones,2025-09-27
ORD-00000739,,Rivas-Whitaker,PRD-000023,Total asymmetric hardware,Electronics,2024-04-23,2024-06-19,2024-06-28,1772,5559.7301,9851841.74,WH-005,"Los Angeles, CA",Returned,Fail,Brenda Sims,2024-07-25
ORD-00000740,SUP-00002,Jimenez Inc,PRD-000091,Ameliorated impactful instruction set,Raw Materials,2024-05-29,2024-06-29,2024-07-03,1311,164.2198,215292.16,WH-007,"Los Angeles, CA",Delivered,Pass,Christina Martin,2025-03-21
ORD-00000741,SUP-00067,Brooks and Sons,PRD-000192,Pre-emptive object-oriented superstructure,Textiles,2025-01-17,2025-02-12,2025-02-18,1182,7050.905,8334169.71,WH-010,"Dallas, TX",In Transit,Pending,,2024-09-15
ORD-00000742,SUP-00037,Shah Inc,PRD-000035,Programmable 6thgeneration open system,Textiles,2024-06-18,2024-08-06,2024-06-17,4635,114.6764,531525.11,WH-011,"Los Angeles, CA",In Transit,Pending,,2025-04-18
ORD-00000743,SUP-00069,Thompson-Owens,PRD-000183,Business-focused content-based encryption,Textiles,2023-12-16,2024-02-12,2024-02-12,0,5704.9918,28034329.71,WH-008,"Atlanta, GA",In Transit,Pending,,2024-09-14
ORD-00000744,SUP-00005,Williams LLC,PRD-000123,Ameliorated local concept,Packaging,2023-06-07,2023-07-13,2023-07-16,2053,1093.0726,2244078.05,WH-007,"Dallas, TX",Delivered,Pass,Jason Pierce,2024-12-21
ORD-00000745,SUP-00024,Kelly and Sons,PRD-000119,Enhanced local migration,Machinery,2025-07-10,2025-08-17,2025-09-03,2320,3208.3134,7443287.09,WH-001,"Los Angeles, CA",Returned,Pass,Peter Lam,2025-11-24
ORD-00000746,SUP-00056,Garcia Group,PRD-000157,Monitored grid-enabled concept,Machinery,2024-07-15,2024-08-31,2024-09-10,0,5293.8625,16236276.29,WH-006,"New York, NY",Delivered,Pass,Michelle Strong,2025-02-18
ORD-00000747,SUP-00035,Mann Ltd,PRD-000153,Function-based reciprocal firmware,Electronics,2023-07-20,2023-08-03,2023-07-05,4130,4696.348,19395917.24,WH-013,"Chicago, IL",Delivered,,Donna Mills,2024-06-29
ORD-00000748,SUP-00051,Hancock LLC,PRD-000147,Implemented content-based open architecture,Raw Materials,2024-01-13,2024-02-14,2024-02-28,203,1137.5441,349069.27,WH-005,"Seattle, WA",Cancelled,Pending,,2025-02-25
ORD-00000749,SUP-00018,"Thomas, Dennis and Rodriguez",PRD-000185,Decentralized incremental application,ELECTRONICS,2025-10-01,2025-10-21,2025-10-30,80,794.0611,63524.89,WH-006,"Los Angeles, CA",Delivered,Pass,Veronica Jensen,2026-01-21
ORD-00000750,SUP-00006,Petersen-Kelly,PRD-000195,Cross-group background database,Chemicals,2024-03-03,2024-03-30,2024-03-28,3613,4876.0251,17617078.69,WH-014,"Atlanta, GA",Delivered,Fail,,2024-08-22
ORD-00000751,SUP-00011,"Hatfield, Lyons and Richards",PRD-000167,Streamlined 24/7 success,Chemicals,2025-05-21,2025-06-04,2025-06-10,4101,9540.0679,39123818.46,WH-007,"Dallas, TX",Cancelled,Pending,,2026-02-25
ORD-00000752,SUP-00051,Hancock LLC,PRD-000157,Monitored grid-enabled concept,Machinery,2023-10-13,2023-10-21,2023-10-18,688,8756.0061,6024132.2,WH-013,"Dallas, TX",Cancelled,Pending,,2025-07-17
ORD-00000753,SUP-00030,Shaw-Moore,PRD-000100,Automated static software,Machinery,2025-05-23,2025-07-16,2025-07-22,1544,4386.8644,6773318.63,WH-001,"New York, NY",Cancelled,Pending,,2024-05-22
ORD-00000754,SUP-00008,"Barber, Davis and Barnett",PRD-000031,Stand-alone systemic productivity,Textiles,2025-04-05,2025-05-20,2025-06-08,1016,6743.6133,6851511.11,WH-009,"Atlanta, GA",Cancelled,Pending,,2025-11-27
ORD-00000755,SUP-00078,Wallace-Williams,PRD-000115,Optimized actuating ability,Machinery,2025-03-18,2025-04-25,,2007,2487.0578,7181429.78,WH-002,"New York, NY",In Transit,Pending,,2025-02-20
ORD-00000756,SUP-00040,"Ford, Smith and Hodge",PRD-000147,Implemented content-based open architecture,Electronics,2024-09-02,2024-09-28,2024-10-01,4704,778.5897,3662485.95,WH-006,"Atlanta, GA",Cancelled,Pending,,2026-04-09
ORD-00000757,SUP-00002,Jimenez Inc,PRD-000056,Exclusive bandwidth-monitored website,Electronics,2026-04-10,2026-04-18,2026-04-05,2383,8758.2509,20870911.89,WH-002,"Chicago, IL",Cancelled,Pending,,2024-06-20
ORD-00000758,SUP-00079,Mercado-Dorsey,PRD-000089,Managed bandwidth-monitored customer loyalty,Textiles,2024-09-14,2024-10-21,2024-10-24,-2431,630.8641,1533630.63,WH-002,"Dallas, TX",Ordered,Pending,,2024-07-07
ORD-00000759,,"Mcclain, Johnson and Gibson",PRD-000124,Polarized modular hardware,Packaging,2025-02-18,2025-04-10,2025-04-30,1735,8155.0626,14149033.61,WH-001,"Los Angeles, CA",Ordered,,,2025-01-17
ORD-00000760,SUP-00013,Meza LLC,PRD-000148,Pre-emptive clear-thinking initiative,Packaging,2023-12-22,2024-01-20,2024-01-17,2546,7353.1452,18721107.68,WH-010,"Seattle, WA",Cancelled,Pending,,2026-01-07
ORD-00000761,SUP-00015,"Nguyen, Cruz and Wilson",PRD-000003,Progressive object-oriented forecast,Chemicals,2025-09-22,2025-10-25,2025-11-01,2155,2371.3056,5110163.57,WH-014,"Dallas, TX",In Transit,Pending,,2025-05-03
ORD-00000762,SUP-00014,Thomas-Nguyen,PRD-000073,Seamless non-volatile collaboration,Textiles,2026-02-04,2026-02-20,2026-03-04,1170,6337.8774,7415316.56,WH-005,"Dallas, TX",Delivered,Pending,Stephanie Mcintosh,2024-08-23
ORD-00000763,SUP-00043,"Johnson, Brown and Coleman",PRD-000027,Secured client-driven protocol,Raw Materials,2024-10-01,2024-10-29,2024-11-02,783,418.1159,327384.75,WH-001,"Atlanta, GA",In Transit,Pending,,2025-07-13
ORD-00000764,SUP-00062,Chapman-Fuller,PRD-000081,Integrated 4thgeneration parallelism,Raw Materials,2025-09-06,2025-09-22,2025-09-29,214,6895.5732,1475652.66,WH-012,"Los Angeles, CA",Cancelled,Pending,,2024-10-23
ORD-00000765,SUP-00028,Padilla PLC,PRD-000032,Total radical methodology,Chemicals,2026-01-02,2026-01-13,2026-01-30,17,6226.6417,105852.91,WH-008,"Los Angeles, CA",In Transit,Pending,,2024-12-15
ORD-00000766,SUP-00008,"Barber, Davis and Barnett",PRD-000197,Multi-tiered dedicated focus group,Machinery,2025-03-11,2025-04-27,2025-04-24,4980,7608.6935,37891293.63,WH-009,"Los Angeles, CA",In Transit,Pending,,2026-03-06
ORD-00000767,,Griffin and Sons,PRD-000045,Balanced solution-oriented methodology,Chemicals,2024-02-20,2024-02-27,2024-02-28,1914,7078.8539,13548926.36,WH-003,"Dallas, TX",Ordered,Pending,,2024-11-30
ORD-00000768,,"Barber, Davis and Barnett",PRD-000082,Ergonomic methodical alliance,Chemicals,2024-07-08,2024-07-14,2024-07-23,4444,1395.0792,5418734.14,WH-004,"Los Angeles, CA",Cancelled,Pending,,2025-12-09
ORD-00000769,SUP-00045,Barnes-Rivers,PRD-000119,Enhanced local migration,Machinery,2024-12-28,2025-02-15,2025-02-16,2322,4238.8678,9842651.03,WH-012,"New York, NY",Delivered,Fail,Jonathan Lutz,2026-03-21
ORD-00000770,SUP-00040,"Ford, Smith and Hodge",PRD-000159,Automated dynamic superstructure,Food & Beverage,2025-03-06,2025-04-18,2025-04-20,2772,7238.085,20063971.62,WH-010,"Chicago, IL",Ordered,Pending,,2024-11-21
ORD-00000771,SUP-00058,"Browning, Wiley and Duran",PRD-000114,Programmable national open architecture,Raw Materials,2025-12-09,2025-12-29,2026-01-06,3323,139.9361,465007.66,WH-010,"Dallas, TX",In Transit,Pending,,2024-12-18
ORD-00000772,SUP-00059,Campbell and Sons,PRD-000126,Organized 24hour attitude,Packaging,2023-08-10,2023-08-25,2023-09-03,2306,2644.4673,6098141.59,WH-013,"Los Angeles, CA",Ordered,,,2025-06-24
ORD-00000773,SUP-00027,"Ellis, Webb and Rivera",PRD-000158,Focused maximized focus group,Packaging,2023-12-14,2024-01-12,2024-01-08,4317,7807.795,33706251.02,WH-005,"Atlanta, GA",Ordered,Pending,,2025-06-19
ORD-00000774,SUP-00077,Taylor-Evans,PRD-000148,Pre-emptive clear-thinking initiative,Packaging,2025-04-07,2025-04-28,,626,5594.0727,3501889.51,WH-005,"Atlanta, GA",Ordered,Pending,,2025-11-13
ORD-00000775,SUP-00055,"Myers, Coleman and White",PRD-000140,Quality-focused encompassing alliance,Raw Materials,2024-10-18,2024-11-21,2024-11-28,4449,8302.6528,36938502.31,WH-006,"New York, NY",Returned,,Daniel Wright,2024-06-05
ORD-00000776,SUP-00067,Brooks and Sons,PRD-000156,Sharable disintermediate Graphical User Interface,Textiles,2025-07-22,2025-09-07,2025-09-04,1923,2856.6588,5493354.87,WH-002,"Seattle, WA",In Transit,Pending,,2025-07-24
ORD-00000777,SUP-00049,Arellano-Anderson,PRD-000121,Adaptive systematic success,Electronics,2024-05-19,2024-06-16,2024-06-11,1707,8922.6673,15230993.08,WH-010,"Dallas, TX",Ordered,Pending,,2024-11-11
ORD-00000778,SUP-00068,Gaines-Jackson,PRD-000199,Self-enabling user-facing collaboration,food & beverage,2024-01-29,2024-03-08,2024-03-22,2980,3783.2582,11274109.44,WH-008,"Dallas, TX",Cancelled,Pending,,2024-08-25
ORD-00000779,SUP-00052,Vargas-Hunter,PRD-000194,Re-contextualized mission-critical algorithm,Electronics,2024-01-31,2024-03-07,2024-03-23,4257,9854.0877,41948851.34,WH-010,"New York, NY",Ordered,Pending,,2025-10-30
ORD-00000780,SUP-00021,"Walker, Mathis and Acosta",PRD-000045,Balanced solution-oriented methodology,Electronics,2024-04-17,2024-05-05,,1064,9780.898,10406875.47,WH-011,"Dallas, TX",Ordered,Pending,,2024-12-18
ORD-00000781,SUP-00043,"Johnson, Brown and Coleman",PRD-000062,Mandatory heuristic standardization,Electronics,2024-07-02,2024-07-24,2024-07-27,2139,2708.5247,5793534.33,WH-014,"New York, NY",Delivered,Pass,Marie Harris,2024-12-30
ORD-00000782,SUP-00012,"Hart, Hayes and Velez",PRD-000019,Self-enabling transitional pricing structure,Packaging,2024-04-15,2024-06-13,2024-06-11,1438,3194.0655,4593066.19,WH-007,"New York, NY",Cancelled,Pending,,2025-05-20
ORD-00000783,SUP-00074,"Mcclain, Johnson and Gibson",PRD-000181,Profit-focused stable hardware,Machinery,2023-07-10,2023-08-06,2023-08-04,1734,6105.058,10586170.57,WH-001,"Chicago, IL",Delivered,Pending,Edward Garcia,2025-04-11
ORD-00000784,SUP-00028,Padilla PLC,PRD-000104,Inverse context-sensitive hardware,Chemicals,2023-06-25,2023-07-13,2023-07-18,4845,4871.807,23603904.91,WH-008,"Atlanta, GA",Delivered,Pending,,2024-08-27
ORD-00000785,SUP-00062,Chapman-Fuller,PRD-000175,Triple-buffered secondary focus group,Raw Materials,2023-05-20,2023-06-25,2023-07-02,834,1682.6134,1403299.58,WH-002,"Los Angeles, CA",Cancelled,Pending,,2024-12-01
ORD-00000786,SUP-00077,Taylor-Evans,PRD-000041,Ameliorated content-based analyzer,Chemicals,2024-11-06,2024-11-30,2024-11-28,60,603.9504,36237.02,WH-010,"Chicago, IL",Returned,Pass,,2026-02-01
ORD-00000787,SUP-00035,Mann Ltd,PRD-000022,Networked empowering open system,Electronics,2025-11-13,2025-12-20,2026-01-09,1974,4130.154,8152924.0,WH-007,"New York, NY",In Transit,Pending,,2026-04-01
ORD-00000788,SUP-00055,"Myers, Coleman and White",PRD-000023,Total asymmetric hardware,Raw Materials,2025-09-13,2025-09-18,2025-10-07,323,807.4562,260808.35,WH-006,"Chicago, IL",Cancelled,Pending,,2025-08-20
ORD-00000789,SUP-00065,Ellis Group,PRD-000166,Business-focused 24hour secured line,Chemicals,2024-11-17,2024-12-25,2025-01-13,4796,2452.3595,11761516.16,WH-004,"Chicago, IL",Cancelled,Pending,,2025-06-14
ORD-00000790,SUP-00008,"Barber, Davis and Barnett",PRD-000028,Future-proofed secondary collaboration,Textiles,2024-09-16,2024-09-26,2024-10-03,420,28.918,12145.56,WH-009,"Los Angeles, CA",Ordered,Pending,,2026-02-24
ORD-00000791,SUP-00075,Barron Ltd,PRD-000122,Phased holistic policy,Raw Materials,2024-10-02,2024-10-21,2024-10-28,943,1756.403,1656288.03,WH-006,"Los Angeles, CA",Delivered,Pass,Ronald Holt,2025-03-09
ORD-00000792,SUP-00075,Barron Ltd,PRD-000094,Reactive disintermediate methodology,Chemicals,2023-05-20,2023-05-29,2023-06-18,1044,1622.1701,1693545.58,WH-007,"Los Angeles, CA",In Transit,Pending,,2025-11-15
ORD-00000793,SUP-00006,Petersen-Kelly,PRD-000155,Up-sized 24/7 migration,packaging,2025-09-23,2025-11-01,,3920,6345.6461,24874932.71,WH-011,"Seattle, WA",Ordered,Pending,,2024-05-24
ORD-00000794,SUP-00046,Dunn LLC,PRD-000107,Inverse 3rdgeneration architecture,Raw Materials,2025-09-20,2025-10-31,2025-11-04,4906,7244.3275,35540670.72,WH-006,"New York, NY",Ordered,Pending,,2024-08-02
ORD-00000795,SUP-00070,"Morales, Allen and Pittman",PRD-000198,Universal 6thgeneration emulation,Electronics,2023-07-12,2023-08-21,2023-08-19,2116,6303.748,13338730.77,WH-003,"Chicago, IL",Delivered,Pass,,2026-02-08
ORD-00000796,SUP-00036,Thomas-Velasquez,PRD-000183,Business-focused content-based encryption,Raw Materials,2025-07-23,2025-08-19,2025-08-17,2588,5085.8524,13162186.01,WH-004,"New York, NY",Returned,Fail,Jennifer Wilson,2025-05-10
ORD-00000797,SUP-00056,Garcia Group,PRD-000130,Monitored empowering migration,Raw Materials,2025-05-16,2025-05-11,2025-07-18,3184,6194.0859,18090527.13,WH-013,"Dallas, TX",Delivered,Pass,Cassidy Maldonado,2025-11-24
ORD-00000798,,"Reyes, Parker and Gibson",PRD-000116,Open-architected logistical matrices,raw materials,2023-05-02,2023-06-08,2023-06-06,-640,4594.1493,2940255.55,WH-014,"New York, NY",Delivered,Pass,,2024-09-11
ORD-00000799,SUP-00067,Brooks and Sons,PRD-000086,Integrated 5thgeneration neural-net,Machinery,2023-08-05,2023-08-14,2023-08-20,2147,375.2568,805676.35,WH-013,"Los Angeles, CA",Returned,Fail,Matthew Stephens,2025-04-09
ORD-00000800,SUP-00060,"Smith, Hill and Steele",PRD-000109,Synergistic composite ability,Electronics,2026-03-06,2026-04-28,2026-05-03,2508,674.413,1691427.8,WH-005,"Seattle, WA",In Transit,Pending,,2025-11-20
ORD-00000801,,"Myers, Coleman and White",PRD-000010,Grass-roots systemic moderator,Machinery,2023-11-07,2023-12-12,2023-12-09,4594,8409.6272,38633827.36,WH-010,"Seattle, WA",Delivered,Pass,Stacy Hernandez,2024-07-04
ORD-00000802,SUP-00079,Mercado-Dorsey,PRD-000095,Programmable zero-defect infrastructure,Chemicals,2026-02-12,2026-04-11,2026-02-04,4487,8623.396,38693177.85,WH-007,"Los Angeles, CA",Delivered,Pass,Tina Hill,2025-07-04
ORD-00000803,SUP-00044,Pitts LLC,PRD-000077,Devolved hybrid core,Electronics,2025-02-26,2025-04-03,2025-04-06,2186,6521.1803,11787447.37,WH-004,"Atlanta, GA",In Transit,Pending,,2025-04-12
ORD-00000804,SUP-00054,Kane PLC,PRD-000123,Ameliorated local concept,Textiles,2023-07-01,2023-08-08,2023-08-16,0,9223.8814,13457642.96,WH-011,"Atlanta, GA",Cancelled,Pending,,2024-12-19
ORD-00000805,SUP-00035,Mann Ltd,PRD-000187,Face-to-face next generation process improvement,Chemicals,2024-08-22,2024-09-05,2024-09-15,2426,398.4092,966540.72,WH-012,"Chicago, IL",Ordered,Pending,,2026-01-11
ORD-00000806,SUP-00057,Cohen PLC,PRD-000093,Decentralized 24hour time-frame,Chemicals,2023-04-17,2023-05-22,2023-05-24,1282,1463.7328,1876505.45,WH-002,"Dallas, TX",In Transit,Pending,,2025-02-18
ORD-00000807,SUP-00067,Brooks and Sons,PRD-000029,Horizontal coherent protocol,Textiles,2026-01-10,2026-02-03,2026-02-19,440,1310.4507,576598.31,WH-004,"Seattle, WA",Cancelled,Pending,,2025-11-27
ORD-00000808,SUP-00037,Shah Inc,PRD-000185,Decentralized incremental application,Chemicals,2024-08-10,2024-08-15,2024-08-23,1473,4835.7029,7122990.37,WH-003,"Atlanta, GA",Delivered,Fail,Timothy Atkinson,2024-08-08
ORD-00000809,SUP-00020,"Reyes, Parker and Gibson",PRD-000033,Streamlined methodical hierarchy,Chemicals,2025-12-25,2026-02-14,2026-02-18,1037,5974.7345,6195799.68,WH-008,"Los Angeles, CA",In Transit,Pending,,2025-10-30
ORD-00000810,SUP-00043,"Johnson, Brown and Coleman",PRD-000040,Profit-focused zero tolerance info-mediaries,Chemicals,2023-07-06,2023-09-03,2023-09-14,1092,4230.3877,4619583.37,WH-006,"Atlanta, GA",Ordered,Pending,,2024-09-26
ORD-00000811,SUP-00066,Willis-Olson,PRD-000192,Pre-emptive object-oriented superstructure,Chemicals,2023-05-30,2023-06-10,2023-06-25,1787,753.6129,1346706.25,WH-001,"Chicago, IL",Ordered,,,2025-03-08
ORD-00000812,SUP-00017,Griffin and Sons,PRD-000074,Reactive neutral collaboration,Chemicals,2024-12-12,2025-02-01,,1553,4269.5869,6630668.46,WH-001,"Atlanta, GA",In Transit,Pending,,2025-10-25
ORD-00000813,SUP-00019,Rivas-Whitaker,PRD-000121,Adaptive systematic success,Raw Materials,2023-06-03,2023-07-11,2023-07-31,3639,7143.074,25993646.29,WH-010,"Atlanta, GA",Returned,Fail,Patrick Wright,2026-01-12
ORD-00000814,SUP-00046,Dunn LLC,PRD-000184,Distributed user-facing encryption,Packaging,2025-11-17,2025-12-14,2026-01-03,1308,5221.2739,6829426.26,WH-001,"Seattle, WA",Ordered,Pending,,2024-09-12
ORD-00000815,SUP-00075,Barron Ltd,PRD-000054,Reactive holistic flexibility,Machinery,2025-02-05,2025-02-16,2025-03-03,1849,5122.8019,9472060.71,WH-006,"Los Angeles, CA",Cancelled,Pending,,2024-05-27
ORD-00000816,SUP-00024,Kelly and Sons,PRD-000060,Ergonomic global architecture,Chemicals,2025-11-14,2025-11-24,2025-11-29,4235,7208.5215,30528088.55,WH-009,"Los Angeles, CA",In Transit,Pending,,2024-12-29
ORD-00000817,SUP-00003,Bennett PLC,PRD-000060,Ergonomic global architecture,Packaging,2024-10-29,2024-12-26,2025-01-10,73,8890.3815,648997.85,WH-014,"Atlanta, GA",Delivered,Fail,Mrs. Jennifer Smith,2025-07-12
ORD-00000818,SUP-00007,Anderson-Jackson,PRD-000028,Future-proofed secondary collaboration,Electronics,2024-05-31,2024-06-08,,-1684,1478.6262,2490006.52,WH-001,"Los Angeles, CA",Ordered,Pending,,2026-01-01
ORD-00000819,SUP-00022,"Reilly, Price and Galloway",PRD-000027,Secured client-driven protocol,Chemicals,2023-08-30,2023-10-13,2023-10-25,4662,2180.5501,10165724.57,WH-012,"Seattle, WA",Returned,Pass,Rodney Smith,2024-07-19
ORD-00000820,SUP-00063,Montoya Inc,PRD-000050,Fundamental bi-directional customer loyalty,Electronics,2024-10-14,2024-10-31,2024-11-06,3435,6956.7186,23896328.39,WH-005,"Dallas, TX",Cancelled,Pending,,2024-12-11
ORD-00000821,SUP-00006,Petersen-Kelly,PRD-000099,Reduced dynamic knowledgebase,Food & Beverage,2023-09-21,2023-10-04,2023-10-23,295,1544.5744,455649.45,WH-011,"Atlanta, GA",Returned,Pending,Vicki Jones,2025-02-10
ORD-00000822,SUP-00073,Newman PLC,PRD-000064,Multi-layered composite neural-net,Packaging,2025-02-13,2025-04-13,2025-04-17,1032,1058.1517,1092012.55,WH-014,"Chicago, IL",Cancelled,,,2024-04-26
ORD-00000823,SUP-00016,Acosta and Sons,PRD-000083,Profit-focused well-modulated function,ELECTRONICS,2026-03-03,2026-03-16,2026-03-14,1504,5378.7356,8089618.34,WH-013,"Los Angeles, CA",Delivered,Pending,Jeffrey Nichols,2024-07-26
ORD-00000824,SUP-00024,Kelly and Sons,PRD-000118,Function-based local orchestration,Raw Materials,2023-11-10,2023-12-15,2023-12-21,2943,8096.4141,23827746.7,WH-004,"Dallas, TX",In Transit,Pending,,2026-03-22
ORD-00000825,SUP-00035,Mann Ltd,PRD-000043,Decentralized disintermediate database,Chemicals,2024-09-22,2024-10-17,2024-10-20,3642,3573.2098,13013630.09,WH-007,"Dallas, TX",Delivered,Fail,Jason Carr,2024-07-05
ORD-00000826,SUP-00075,Barron Ltd,PRD-000046,Ergonomic demand-driven function,Chemicals,2024-10-16,2024-11-28,2024-12-10,3452,6585.784,22734126.37,WH-006,"Dallas, TX",Returned,Pending,,2026-01-11
ORD-00000827,SUP-00072,Jackson Inc,PRD-000173,Optional multimedia architecture,Machinery,2024-12-15,2025-02-08,2025-02-06,3648,399.2215,1456360.03,WH-005,"Los Angeles, CA",Cancelled,Pending,,2024-11-01
ORD-00000828,SUP-00070,"Morales, Allen and Pittman",PRD-000092,Pre-emptive human-resource customer loyalty,Machinery,2024-08-01,2024-08-14,2024-08-18,1855,806.3214,1495726.2,WH-001,"Atlanta, GA",Cancelled,,,2025-03-19
ORD-00000829,SUP-00030,Shaw-Moore,PRD-000186,Enhanced asynchronous secured line,Electronics,2023-10-15,2023-11-24,2023-12-05,2451,6894.2013,16897687.39,WH-011,"Chicago, IL",Cancelled,Pending,,2024-07-30
ORD-00000830,SUP-00067,Brooks and Sons,PRD-000105,Universal bifurcated Graphical User Interface,Raw Materials,2024-01-08,2024-01-23,2024-01-31,2626,6089.8051,15991828.19,WH-001,"Seattle, WA",Returned,Fail,Mark Mack,2024-12-24
ORD-00000831,SUP-00056,Garcia Group,PRD-000160,De-engineered needs-based emulation,Chemicals,2024-12-28,2025-02-24,2025-03-01,260,8498.082,2209501.32,WH-011,"Dallas, TX",Delivered,,Nathaniel Reyes,2025-12-24
ORD-00000832,SUP-00058,"Browning, Wiley and Duran",PRD-000087,Stand-alone cohesive approach,Textiles,2023-05-01,2023-05-29,2023-05-30,4544,2545.818,11568196.99,WH-007,"Dallas, TX",Returned,Pass,Timothy Scott,2025-12-26
ORD-00000833,SUP-00078,Wallace-Williams,PRD-000131,User-friendly logistical groupware,Food & Beverage,2025-04-15,2025-05-12,2025-05-30,980,3397.5596,3329608.41,WH-009,"Los Angeles, CA",In Transit,Pending,,2025-07-25
ORD-00000834,SUP-00056,Garcia Group,PRD-000147,Implemented content-based open architecture,Machinery,2025-08-10,2025-08-04,2025-10-11,1955,5222.977,10210920.04,WH-007,"Los Angeles, CA",Cancelled,Pending,,2025-05-03
ORD-00000835,SUP-00073,Newman PLC,PRD-000044,Pre-emptive discrete methodology,Electronics,2024-07-20,2024-08-25,2024-09-02,522,1226.5636,640266.2,WH-012,"New York, NY",In Transit,Pending,,2025-03-22
ORD-00000836,SUP-00050,Dixon Inc,PRD-000195,Cross-group background database,Textiles,2023-08-14,2023-08-26,2023-09-13,4105,7495.1991,30767792.31,WH-012,"Chicago, IL",Delivered,Fail,Matthew Marshall,2025-11-14
ORD-00000837,,Ellis Group,PRD-000121,Adaptive systematic success,Textiles,2023-07-06,2023-07-14,2023-07-26,3661,9856.144,36083343.18,WH-005,"Chicago, IL",Returned,Pass,Brooke Adams,2024-11-06
ORD-00000838,SUP-00002,Jimenez Inc,PRD-000112,Innovative real-time neural-net,Textiles,2024-04-02,2024-05-06,2024-05-13,2242,8656.1867,19407170.58,WH-005,"Chicago, IL",Delivered,Fail,Gina Knapp,2024-05-20
ORD-00000839,SUP-00055,"Myers, Coleman and White",PRD-000012,Up-sized actuating model,Machinery,2023-05-06,2023-05-21,2023-06-07,518,5234.8245,2711639.09,WH-009,"Los Angeles, CA",In Transit,Pending,,2024-10-06
ORD-00000840,SUP-00051,Hancock LLC,PRD-000084,Synergized scalable matrices,FOOD & BEVERAGE,2026-02-11,2026-03-23,2026-04-07,4992,556.3565,2777331.65,WH-001,"Los Angeles, CA",In Transit,Pending,,2025-08-04
ORD-00000841,SUP-00029,"Lawrence, Sutton and Fowler",PRD-000069,Decentralized systemic interface,Packaging,2026-03-09,2026-04-09,2026-04-28,1657,1517.6812,2514797.75,WH-014,"Dallas, TX",Ordered,Pending,,2025-03-21
ORD-00000842,SUP-00004,Humphrey Group,PRD-000122,Phased holistic policy,Textiles,2025-07-20,2025-07-25,2025-07-21,4539,5005.9667,22722082.85,WH-005,"Seattle, WA",Delivered,Pending,Daniel Davis,2026-02-23
ORD-00000843,SUP-00024,Kelly and Sons,PRD-000060,Ergonomic global architecture,Packaging,2025-09-18,2025-11-17,2025-11-21,4242,5996.5501,25437365.52,WH-008,"Seattle, WA",In Transit,Pending,,2024-08-09
ORD-00000844,SUP-00053,"Osborn, Ryan and Garrett",PRD-000195,Cross-group background database,Packaging,2023-06-05,2023-06-25,2023-06-30,3423,500.8705,1714479.72,WH-014,"New York, NY",Returned,Pending,,2026-01-07
ORD-00000845,SUP-00025,Turner Ltd,PRD-000183,Business-focused content-based encryption,Raw Materials,2024-10-12,2024-11-28,2024-12-03,-2394,9332.8956,22342952.07,WH-007,"Seattle, WA",Cancelled,,,2024-10-16
ORD-00000846,SUP-00008,"Barber, Davis and Barnett",PRD-000021,Synergized zero tolerance approach,Food & Beverage,2024-12-03,2025-01-19,,269,5595.0132,1505058.55,WH-014,"Seattle, WA",In Transit,Pending,,2025-12-08
ORD-00000847,SUP-00075,Barron Ltd,PRD-000014,Upgradable composite firmware,Raw Materials,2024-11-21,2025-01-19,,2033,3548.8618,7214836.04,WH-002,"Los Angeles, CA",Cancelled,Pending,,2024-07-26
ORD-00000848,SUP-00051,Hancock LLC,PRD-000006,Intuitive bifurcated open system,Packaging,2024-07-30,2024-08-07,2024-07-06,1659,193.3695,320800.0,WH-006,"Seattle, WA",Returned,,Lori Kelly,2025-01-29
ORD-00000849,SUP-00066,Willis-Olson,PRD-000165,Integrated 5thgeneration contingency,Food & Beverage,2025-01-11,2025-02-03,,2189,3062.7091,6704270.22,WH-012,"Chicago, IL",Returned,,Linda Wells,2026-01-11
ORD-00000850,SUP-00073,Newman PLC,PRD-000094,Reactive disintermediate methodology,Chemicals,2025-03-13,2025-05-03,2025-05-06,27,1156.2986,31220.06,WH-005,"Atlanta, GA",Cancelled,Pending,,2026-01-27
ORD-00000851,SUP-00046,Dunn LLC,PRD-000006,Intuitive bifurcated open system,Raw Materials,2024-02-21,2024-03-09,2024-03-12,2084,6109.5602,12732323.46,WH-014,"Dallas, TX",In Transit,Pending,,2025-10-17
ORD-00000852,,Anderson-Jackson,PRD-000082,Ergonomic methodical alliance,Electronics,2025-09-05,2025-09-04,2025-11-16,767,1903.7142,1460148.79,WH-003,"Seattle, WA",Delivered,Fail,Kimberly Lawson,2026-02-23
ORD-00000853,SUP-00036,Thomas-Velasquez,PRD-000002,Programmable object-oriented focus group,Raw Materials,2025-01-05,2025-01-11,2025-01-29,1656,5558.7759,9205332.89,WH-006,"Atlanta, GA",Cancelled,Pending,,2024-06-09
ORD-00000854,SUP-00071,"Robbins, Chapman and Morris",PRD-000161,Vision-oriented discrete customer loyalty,Chemicals,2026-03-01,2026-04-24,2026-05-06,499,3926.6266,1959386.67,WH-013,"Los Angeles, CA",Cancelled,Pending,,2024-09-19
ORD-00000855,SUP-00026,Velasquez-Flores,PRD-000008,Optional zero-defect firmware,Chemicals,2024-03-31,2024-05-02,2024-05-13,3977,3137.9315,12479553.58,WH-014,"Atlanta, GA",In Transit,Pending,,2026-01-31
ORD-00000856,SUP-00057,Cohen PLC,PRD-000165,Integrated 5thgeneration contingency,Food & Beverage,2025-12-07,2026-02-03,2026-02-10,1340,7630.4267,10224771.78,WH-005,"Atlanta, GA",Ordered,Pending,,2026-01-29
ORD-00000857,SUP-00010,Robertson and Sons,PRD-000115,Optimized actuating ability,Raw Materials,2026-01-31,2026-03-06,2026-03-09,2727,3177.3465,8664623.91,WH-009,"Seattle, WA",Returned,Pending,Melissa Ramirez,2025-12-31
ORD-00000858,SUP-00016,Acosta and Sons,PRD-000022,Networked empowering open system,Raw Materials,2025-07-13,2025-08-13,2025-08-23,1973,6498.568,12821674.66,WH-003,"Dallas, TX",Cancelled,,,2025-10-25
ORD-00000859,SUP-00010,Robertson and Sons,PRD-000149,Configurable zero administration website,Textiles,2025-04-26,2025-06-08,,1612,981.4666,1582124.16,WH-010,"New York, NY",Ordered,Pending,,2025-12-03
ORD-00000860,SUP-00006,Petersen-Kelly,PRD-000124,Polarized modular hardware,Textiles,2026-02-19,2026-03-02,2026-02-26,1260,6386.2229,8046640.85,WH-013,"Dallas, TX",In Transit,Pending,,2024-12-27
ORD-00000861,SUP-00037,Shah Inc,PRD-000156,Sharable disintermediate Graphical User Interface,Packaging,2024-11-10,2024-11-26,2024-12-10,0,827.0611,2728474.57,WH-001,"Dallas, TX",In Transit,,,2025-10-20
ORD-00000862,SUP-00066,Willis-Olson,PRD-000107,Inverse 3rdgeneration architecture,Food & Beverage,2024-05-29,2024-06-14,2024-06-26,974,8508.9872,8287753.53,WH-012,"Atlanta, GA",Returned,Pending,Shannon Gray,2026-01-10
ORD-00000863,SUP-00030,Shaw-Moore,PRD-000041,Ameliorated content-based analyzer,Packaging,2024-07-11,2024-08-19,2024-08-15,451,8182.7071,3690400.9,WH-003,"New York, NY",Returned,Pending,Victoria Wilson,2025-11-07
ORD-00000864,SUP-00078,Wallace-Williams,PRD-000054,Reactive holistic flexibility,Packaging,2026-02-16,2026-02-25,2026-02-25,2116,7843.379,16596589.96,WH-002,"Chicago, IL",Returned,Pending,,2025-02-20
ORD-00000865,SUP-00007,Anderson-Jackson,PRD-000175,Triple-buffered secondary focus group,Machinery,2025-01-13,2025-01-29,2025-02-04,4814,6916.2305,33294733.63,WH-004,"Seattle, WA",Cancelled,Pending,,2024-09-01
ORD-00000866,SUP-00034,Krueger-Jackson,PRD-000087,Stand-alone cohesive approach,Raw Materials,2025-09-25,2025-10-13,2025-10-17,1501,6405.8039,9615111.65,WH-006,"Atlanta, GA",Ordered,Pending,,2024-07-06
ORD-00000867,SUP-00077,Taylor-Evans,PRD-000028,Future-proofed secondary collaboration,Electronics,2024-07-05,2024-07-14,2024-07-16,1003,435.714,437021.14,WH-012,"Seattle, WA",In Transit,Pending,,2025-08-24
ORD-00000868,SUP-00046,Dunn LLC,PRD-000039,Profit-focused system-worthy paradigm,Food & Beverage,2025-04-17,2025-06-10,2025-06-11,2068,2557.1589,5288204.61,WH-011,"Los Angeles, CA",Ordered,Pending,,2025-05-07
ORD-00000869,SUP-00040,"Ford, Smith and Hodge",PRD-000197,Multi-tiered dedicated focus group,Raw Materials,2025-04-06,2025-04-14,2025-04-15,4181,7037.7123,29424675.13,WH-006,"Los Angeles, CA",Cancelled,Pending,,2025-05-28
ORD-00000870,SUP-00005,Williams LLC,PRD-000086,Integrated 5thgeneration neural-net,Food & Beverage,2025-09-04,2025-10-27,2025-11-15,2966,6689.0368,10081366.57,WH-007,"Los Angeles, CA",Delivered,Fail,Jordan Day,2025-08-26
ORD-00000871,SUP-00041,Webster and Sons,PRD-000037,Multi-channeled 3rdgeneration website,Electronics,2024-03-16,2024-04-15,2024-04-21,199,4749.3132,945113.33,WH-013,"Seattle, WA",In Transit,Pending,,2025-04-14
ORD-00000872,SUP-00032,"Foster, Powell and Moore",PRD-000070,Intuitive dedicated functionalities,Food & Beverage,2025-11-19,2025-11-30,2025-12-15,3565,1522.0583,9463153.09,WH-005,"Los Angeles, CA",Returned,Pending,Kathryn Rose,2026-03-20
ORD-00000873,SUP-00029,"Lawrence, Sutton and Fowler",PRD-000096,Progressive empowering capability,Raw Materials,2023-07-21,2023-09-19,2023-10-08,2753,2200.6322,6058340.45,WH-009,"Chicago, IL",Ordered,,,2024-12-04
ORD-00000874,SUP-00068,Gaines-Jackson,PRD-000026,Monitored didactic productivity,Machinery,2025-11-12,2025-11-20,2025-12-10,3288,1295.3426,4259086.47,WH-003,"Atlanta, GA",In Transit,Pending,,2025-09-14
ORD-00000875,SUP-00053,"Osborn, Ryan and Garrett",PRD-000022,Networked empowering open system,Food & Beverage,2024-12-27,2025-02-07,2025-02-02,74,1318.6678,97581.42,WH-001,"New York, NY",Cancelled,,,2024-06-10
ORD-00000876,SUP-00038,Thomas-Wagner,PRD-000115,Optimized actuating ability,Electronics,2025-06-14,2025-07-02,2025-07-20,2610,7134.3466,18620644.63,WH-012,"Atlanta, GA",Ordered,Pending,,2024-06-24
ORD-00000877,SUP-00013,Meza LLC,PRD-000190,Virtual fresh-thinking function,Machinery,2023-09-01,2023-08-23,2023-10-03,742,4663.7147,3460476.31,WH-012,"Dallas, TX",Cancelled,Pending,,2025-10-22
ORD-00000878,SUP-00004,Humphrey Group,PRD-000184,Distributed user-facing encryption,Machinery,2024-08-25,2024-10-03,2024-10-17,2417,4029.5518,9739426.7,WH-010,"Atlanta, GA",Cancelled,,,2025-07-26
ORD-00000879,SUP-00010,Robertson and Sons,PRD-000151,Reactive incremental instruction set,Textiles,2023-07-05,2023-09-01,2023-09-12,4251,1890.4815,8036436.86,WH-013,"Los Angeles, CA",Returned,Pass,Paul Ramirez,2025-03-19
ORD-00000880,SUP-00036,Thomas-Velasquez,PRD-000163,Secured 24hour knowledge user,Electronics,2024-06-07,2024-06-17,2024-06-25,2814,622.2895,1751122.65,WH-003,"Atlanta, GA",Cancelled,,,2024-12-14
ORD-00000881,SUP-00011,"Hatfield, Lyons and Richards",PRD-000155,Up-sized 24/7 migration,Food & Beverage,2023-07-24,2023-08-11,,992,1545.9322,1533564.74,WH-009,"Chicago, IL",Ordered,Pending,,2025-02-16
ORD-00000882,SUP-00008,"Barber, Davis and Barnett",PRD-000150,Focused fresh-thinking paradigm,Raw Materials,2025-06-27,2025-08-20,2025-09-08,2150,7855.7765,16889919.48,WH-013,"Dallas, TX",Cancelled,Pending,,2024-10-08
ORD-00000883,SUP-00039,"Wiley, Brown and Sampson",PRD-000163,Secured 24hour knowledge user,Raw Materials,2026-02-03,2026-01-30,2026-04-01,3494,3542.864,12378766.82,WH-004,"Chicago, IL",In Transit,Pending,,2026-04-08
ORD-00000884,SUP-00040,"Ford, Smith and Hodge",PRD-000011,Organic 24/7 function,Food & Beverage,2024-10-14,2024-11-12,2024-11-11,2849,7336.8779,20902765.14,WH-006,"New York, NY",In Transit,Pending,,2024-06-24
ORD-00000885,SUP-00076,Roberts-Edwards,PRD-000022,Networked empowering open system,Raw Materials,2025-02-27,2025-03-04,2025-03-04,2340,7226.0015,16908843.51,WH-005,"Los Angeles, CA",Ordered,Pending,,2025-08-23
ORD-00000886,SUP-00059,Campbell and Sons,PRD-000159,Automated dynamic superstructure,Raw Materials,2024-05-03,2024-06-22,2024-06-27,4265,709.8741,3027613.04,WH-012,"Chicago, IL",Returned,,Brian Smith,2024-07-24
ORD-00000887,SUP-00021,"Walker, Mathis and Acosta",PRD-000006,Intuitive bifurcated open system,Chemicals,2023-05-04,2023-06-11,2023-06-24,1402,980.1357,1374150.25,WH-004,"Los Angeles, CA",Ordered,Pending,,2025-09-07
ORD-00000888,SUP-00064,Mitchell Ltd,PRD-000004,Open-source logistical challenge,Machinery,2024-03-03,2024-03-15,2024-04-03,-2988,2512.3294,7506840.25,WH-011,"Seattle, WA",Returned,,Elizabeth Smith,2024-06-06
ORD-00000889,SUP-00066,Willis-Olson,PRD-000070,Intuitive dedicated functionalities,Electronics,2025-01-07,2025-01-20,2025-02-05,1734,6270.93,10873792.62,WH-008,"Seattle, WA",In Transit,Pending,,2025-06-16
ORD-00000890,SUP-00053,"Osborn, Ryan and Garrett",PRD-000166,Business-focused 24hour secured line,Raw Materials,2024-02-20,2024-04-11,2024-04-24,3898,2175.0041,8478165.98,WH-011,"Chicago, IL",Ordered,Pending,,2024-08-03
ORD-00000891,SUP-00013,Meza LLC,PRD-000025,Networked directional synergy,Electronics,2024-03-16,2024-03-23,2024-03-27,4873,5024.2753,24483293.54,WH-011,"Los Angeles, CA",Returned,Fail,Amanda Miller,2024-12-30
ORD-00000892,SUP-00061,Greene-Osborne,PRD-000155,Up-sized 24/7 migration,Packaging,2025-05-07,2025-06-28,2025-07-03,4132,8802.068,36370144.98,WH-011,"Atlanta, GA",Delivered,Pass,Christina Klein,2025-06-21
ORD-00000893,SUP-00064,Mitchell Ltd,PRD-000159,Automated dynamic superstructure,Packaging,2024-04-13,2024-05-12,2024-05-16,429,2705.6235,1160712.48,WH-002,"New York, NY",Ordered,Pending,,2025-12-04
ORD-00000894,SUP-00027,"Ellis, Webb and Rivera",PRD-000056,Exclusive bandwidth-monitored website,Electronics,2024-10-25,2024-11-16,2024-11-14,-3532,3986.4203,14080036.5,WH-004,"Atlanta, GA",In Transit,Pending,,2024-10-20
ORD-00000895,SUP-00027,"Ellis, Webb and Rivera",PRD-000057,Horizontal background framework,Food & Beverage,2023-06-01,2023-07-25,2023-08-01,623,4953.5129,3086038.54,WH-005,"Los Angeles, CA",Returned,Pending,,2024-12-22
ORD-00000896,SUP-00069,Thompson-Owens,PRD-000149,Configurable zero administration website,Raw Materials,2025-04-21,2025-06-03,2025-06-23,1662,3716.8963,6177481.65,WH-011,"Los Angeles, CA",Cancelled,Pending,,2025-08-01
ORD-00000897,SUP-00068,Gaines-Jackson,PRD-000088,User-centric client-server strategy,Packaging,2025-02-28,2025-03-17,2025-03-16,2196,7643.4733,16785067.37,WH-012,"Los Angeles, CA",Cancelled,Pending,,2024-08-23
ORD-00000898,SUP-00014,Thomas-Nguyen,PRD-000175,Triple-buffered secondary focus group,Packaging,2025-04-14,2025-05-15,2025-06-03,4598,8569.7046,39403501.75,WH-013,"New York, NY",Returned,Pending,Alicia Vaughn,2024-10-27
ORD-00000899,,Humphrey Group,PRD-000073,Seamless non-volatile collaboration,Electronics,2023-12-07,2024-01-08,2024-01-12,152,9593.0402,1458142.11,WH-013,"Seattle, WA",Ordered,,,2024-10-30
ORD-00000900,SUP-00036,Thomas-Velasquez,PRD-000151,Reactive incremental instruction set,Chemicals,2025-08-05,2025-08-15,2025-08-25,411,5682.0331,2335315.6,WH-014,"Dallas, TX",Delivered,,Krystal Lopez,2026-02-10
ORD-00000901,SUP-00018,"Thomas, Dennis and Rodriguez",PRD-000029,Horizontal coherent protocol,Packaging,2023-08-26,2023-10-25,2023-10-27,554,3381.7063,1873465.29,WH-007,"Chicago, IL",Cancelled,Pending,,2024-12-26
ORD-00000902,SUP-00046,Dunn LLC,PRD-000119,Enhanced local migration,Machinery,2025-05-17,2025-06-09,2025-06-29,1821,3499.8663,6373256.53,WH-007,"Los Angeles, CA",Ordered,Pending,,2026-01-29
ORD-00000903,SUP-00077,Taylor-Evans,PRD-000062,Mandatory heuristic standardization,Packaging,2025-07-25,2025-09-08,2025-07-01,829,9687.2446,10931597.76,WH-010,"Seattle, WA",Cancelled,,,2024-04-17
ORD-00000904,SUP-00037,Shah Inc,PRD-000192,Pre-emptive object-oriented superstructure,Raw Materials,2023-09-22,2023-10-20,2023-11-02,3522,4399.3413,15494480.06,WH-011,"Dallas, TX",In Transit,Pending,,2025-10-23
ORD-00000905,SUP-00038,Thomas-Wagner,PRD-000168,Upgradable object-oriented product,Chemicals,2024-05-25,2024-06-30,2024-06-26,668,3095.519,2067806.69,WH-010,"Chicago, IL",In Transit,Pending,,2025-04-20
ORD-00000906,SUP-00007,Anderson-Jackson,PRD-000042,Managed neutral algorithm,Food & Beverage,2023-10-21,2023-12-12,2023-12-22,2550,8800.3659,22440933.05,WH-010,"Chicago, IL",In Transit,Pending,,2024-09-20
ORD-00000907,SUP-00050,Dixon Inc,PRD-000102,Secured upward-trending workforce,Raw Materials,2024-01-01,2024-02-11,,3373,2399.9083,8094890.7,WH-004,"Chicago, IL",Cancelled,Pending,,2025-09-22
ORD-00000908,SUP-00033,Henderson-Mcguire,PRD-000070,Intuitive dedicated functionalities,Chemicals,2025-02-08,2025-03-31,2025-04-09,-4984,4297.8729,21420598.53,WH-008,"Seattle, WA",Returned,Pass,Mark Smith,2024-05-05
ORD-00000909,SUP-00041,Webster and Sons,PRD-000113,Quality-focused real-time matrices,Electronics,2025-12-03,2026-01-01,,4000,7901.1212,31604484.8,WH-013,"Seattle, WA",Ordered,Pending,,2024-11-11
ORD-00000910,SUP-00012,"Hart, Hayes and Velez",PRD-000045,Balanced solution-oriented methodology,Packaging,2024-02-18,2024-04-06,2024-04-01,1175,2996.7563,3521188.65,WH-009,"Chicago, IL",Ordered,Pending,,2024-11-03
ORD-00000911,SUP-00005,Williams LLC,PRD-000004,Open-source logistical challenge,Machinery,2025-07-28,2025-09-10,2025-09-10,2989,6973.6522,20844246.43,WH-005,"Dallas, TX",In Transit,Pending,,2025-08-08
ORD-00000912,SUP-00052,Vargas-Hunter,PRD-000087,Stand-alone cohesive approach,Food & Beverage,2025-11-22,2026-01-21,2026-02-08,2346,4474.7356,10497729.72,WH-002,"Seattle, WA",In Transit,,,2025-01-01
ORD-00000913,SUP-00053,"Osborn, Ryan and Garrett",PRD-000048,Vision-oriented neutral neural-net,Chemicals,2023-10-05,2023-11-21,2023-11-26,4655,7257.4431,33783397.63,WH-012,"Atlanta, GA",Cancelled,Pending,,2025-01-20
ORD-00000914,SUP-00074,"Mcclain, Johnson and Gibson",PRD-000123,Ameliorated local concept,Chemicals,2023-04-15,2023-04-24,2023-05-10,3568,5126.9473,18292947.97,WH-005,"Atlanta, GA",Delivered,,Kathy Pierce,2024-07-24
ORD-00000915,SUP-00044,Pitts LLC,PRD-000042,Managed neutral algorithm,Food & Beverage,2024-01-02,2024-02-09,2024-02-28,1300,3193.7888,4151925.44,WH-013,"Dallas, TX",Ordered,Pending,,2024-05-10
ORD-00000916,SUP-00027,"Ellis, Webb and Rivera",PRD-000161,Vision-oriented discrete customer loyalty,Machinery,2025-09-11,2025-11-01,2025-11-12,343,6610.8164,2267510.03,WH-014,"New York, NY",In Transit,Pending,,2024-04-25
ORD-00000917,SUP-00025,Turner Ltd,PRD-000093,Decentralized 24hour time-frame,Food & Beverage,2024-06-21,2024-07-18,2024-07-31,3857,4468.3619,17234471.85,WH-014,"Atlanta, GA",Returned,Pending,Mr. Joe Reynolds MD,2024-08-25
ORD-00000918,SUP-00057,Cohen PLC,PRD-000039,Profit-focused system-worthy paradigm,Textiles,2024-02-20,2024-03-17,2024-03-18,3939,3028.0985,9632296.41,WH-007,"Dallas, TX",Returned,Pending,,2025-12-08
ORD-00000919,SUP-00065,Ellis Group,PRD-000071,Integrated well-modulated structure,Food & Beverage,2024-12-18,2025-02-01,,2588,2100.0098,5434825.36,WH-006,"Atlanta, GA",In Transit,Pending,,2026-01-29
ORD-00000920,SUP-00028,Padilla PLC,PRD-000146,User-friendly web-enabled Internet solution,Textiles,2025-10-12,2025-11-01,2025-11-02,2500,8082.962,20207405.0,WH-007,"Chicago, IL",In Transit,Pending,,2025-12-29
ORD-00000921,SUP-00061,Greene-Osborne,PRD-000171,User-friendly encompassing database,Chemicals,2023-06-19,2023-07-06,2023-07-15,649,3421.0377,2220253.47,WH-002,"Dallas, TX",Ordered,Pending,,2024-08-13
ORD-00000922,SUP-00068,Gaines-Jackson,PRD-000013,Cross-platform maximized middleware,FOOD & BEVERAGE,2023-09-05,2023-10-29,2023-11-01,4888,447.1053,2185450.71,WH-009,"Seattle, WA",In Transit,Pending,,2025-03-18
ORD-00000923,SUP-00001,"Taylor, Adams and Donaldson",PRD-000127,Ameliorated contextually-based model,Chemicals,2024-12-20,2025-01-06,2025-01-08,429,2814.763,1093458.82,WH-010,"Los Angeles, CA",Delivered,,Cody Golden,2025-12-24
ORD-00000924,SUP-00012,"Hart, Hayes and Velez",PRD-000109,Synergistic composite ability,Machinery,2023-04-23,2023-05-05,2023-05-13,3046,1631.5452,4969686.68,WH-013,"Atlanta, GA",Returned,Pass,Sandra Franklin DDS,2025-11-10
ORD-00000925,SUP-00030,Shaw-Moore,PRD-000171,User-friendly encompassing database,Raw Materials,2025-12-21,2026-01-15,2025-11-28,3673,9108.3453,51857758.35,WH-014,"Atlanta, GA",Delivered,,Shari Jordan,2025-03-29
ORD-00000926,SUP-00046,Dunn LLC,PRD-000167,Streamlined 24/7 success,Machinery,2024-06-26,2024-08-11,2024-08-14,0,2233.0707,3137464.33,WH-001,"Los Angeles, CA",Cancelled,Pending,,2024-04-23
ORD-00000927,SUP-00031,Lee Ltd,PRD-000146,User-friendly web-enabled Internet solution,Textiles,2025-09-18,2025-10-06,2025-10-11,1710,160.2317,230729.91,WH-006,"Chicago, IL",Returned,Pending,Stephen Martin,2024-07-28
ORD-00000928,SUP-00036,Thomas-Velasquez,PRD-000100,Automated static software,Raw Materials,2024-06-04,2024-07-13,2024-07-22,927,9906.0149,9182875.81,WH-001,"Dallas, TX",Returned,Pending,Daniel Wilkinson,2024-07-16
ORD-00000929,SUP-00067,Brooks and Sons,PRD-000094,Reactive disintermediate methodology,Textiles,2026-02-21,2026-03-15,2026-03-23,3222,3543.1862,10389558.56,WH-012,"Chicago, IL",Returned,Pending,David Middleton,2025-07-16
ORD-00000930,SUP-00032,"Foster, Powell and Moore",PRD-000044,Pre-emptive discrete methodology,Electronics,2025-10-25,2025-12-16,2025-12-30,3193,4325.4568,24699556.76,WH-007,"Dallas, TX",In Transit,Pending,,2025-11-27
ORD-00000931,SUP-00041,Webster and Sons,PRD-000174,Seamless multimedia customer loyalty,Machinery,2023-07-08,2023-08-09,2023-08-14,0,5372.2754,19673272.51,WH-005,"New York, NY",Delivered,Fail,Kyle Stone,2025-11-07
ORD-00000932,SUP-00072,Jackson Inc,PRD-000091,Ameliorated impactful instruction set,Electronics,2025-03-16,2025-03-21,2025-03-17,4169,6554.3728,27325180.2,WH-006,"Seattle, WA",Ordered,Pending,,2025-03-25
ORD-00000933,SUP-00060,"Smith, Hill and Steele",PRD-000039,Profit-focused system-worthy paradigm,Chemicals,2024-08-13,2024-09-13,2024-09-18,1193,5039.2442,6011818.33,WH-012,"Chicago, IL",Delivered,Fail,Brenda Gill,2025-10-20
ORD-00000934,SUP-00075,Barron Ltd,PRD-000102,Secured upward-trending workforce,Electronics,2023-11-16,2023-12-11,2023-12-24,984,7395.8685,7277534.6,WH-001,"New York, NY",Delivered,Fail,,2024-09-07
ORD-00000935,SUP-00054,Kane PLC,PRD-000166,Business-focused 24hour secured line,Machinery,2025-09-05,2025-10-13,2025-10-28,3600,2452.9253,8830531.08,WH-007,"Los Angeles, CA",In Transit,Pending,,2025-08-05
ORD-00000936,SUP-00046,Dunn LLC,PRD-000172,Persevering fault-tolerant throughput,Machinery,2024-06-20,2024-08-15,2024-08-28,4871,9844.6804,47953438.23,WH-004,"Chicago, IL",Returned,Pass,Cindy Williams MD,2024-10-22
ORD-00000937,SUP-00079,Mercado-Dorsey,PRD-000166,Business-focused 24hour secured line,Textiles,2025-12-31,2026-02-13,2026-02-11,2914,1783.5112,4798127.88,WH-001,"Los Angeles, CA",Ordered,Pending,,2025-09-24
ORD-00000938,SUP-00011,"Hatfield, Lyons and Richards",PRD-000109,Synergistic composite ability,Packaging,2024-08-17,2024-10-11,2024-10-17,0,8173.7538,14820912.42,WH-004,"Chicago, IL",Delivered,Pending,Samantha Arroyo,2025-10-01
ORD-00000939,SUP-00036,Thomas-Velasquez,PRD-000097,Versatile static software,Packaging,2024-06-21,2024-07-17,2024-07-26,2393,9007.37,21554636.41,WH-012,"Atlanta, GA",Returned,Pass,Barbara Wilkerson,2025-04-22
ORD-00000940,SUP-00054,Kane PLC,PRD-000075,Realigned coherent capacity,Textiles,2024-11-11,2024-12-29,2025-01-05,1528,2691.0754,4111963.21,WH-013,"Chicago, IL",In Transit,,,2025-07-18
ORD-00000941,SUP-00038,Thomas-Wagner,PRD-000052,Proactive dedicated focus group,Chemicals,2024-02-14,2024-03-11,2024-03-13,2066,749.5646,1548600.46,WH-003,"Los Angeles, CA",Delivered,,Angela Cisneros,2025-08-21
ORD-00000942,SUP-00043,"Johnson, Brown and Coleman",PRD-000193,Multi-tiered bandwidth-monitored adapter,Raw Materials,2025-11-29,2025-12-21,2026-01-10,0,267.3468,1097725.96,WH-013,"Atlanta, GA",Returned,Pass,Gary Brown,2024-08-23
ORD-00000943,SUP-00002,Jimenez Inc,PRD-000087,Stand-alone cohesive approach,Food & Beverage,2025-12-05,2026-01-22,2025-11-26,2264,9748.877,22071457.53,WH-005,"New York, NY",Ordered,Pending,,2026-02-03
ORD-00000944,SUP-00059,Campbell and Sons,PRD-000074,Reactive neutral collaboration,Raw Materials,2025-12-16,2026-01-23,,2250,1064.1307,2394294.07,WH-008,"Los Angeles, CA",Delivered,Pass,Ann Wilson,2025-08-05
ORD-00000945,SUP-00029,"Lawrence, Sutton and Fowler",PRD-000152,Focused background Internet solution,Electronics,2024-05-26,2024-06-21,2024-06-27,3728,2698.0919,10058486.6,WH-007,"New York, NY",Cancelled,Pending,,2025-08-01
ORD-00000946,SUP-00065,Ellis Group,PRD-000007,Customer-focused context-sensitive attitude,Machinery,2024-04-25,2024-06-23,2024-06-20,1517,2566.4096,3893243.36,WH-012,"Chicago, IL",Delivered,Fail,Renee Hart,2026-01-26
ORD-00000947,SUP-00020,"Reyes, Parker and Gibson",PRD-000190,Virtual fresh-thinking function,Machinery,2025-02-27,2025-04-25,2025-05-14,0,8810.7342,41198993.12,WH-002,"Los Angeles, CA",Delivered,,Jason Mills,2025-11-18
ORD-00000948,SUP-00022,"Reilly, Price and Galloway",PRD-000182,Fully-configurable solution-oriented open system,Textiles,2023-11-21,2023-12-10,,4571,5505.0782,25163712.45,WH-006,"Los Angeles, CA",Cancelled,Pending,,2025-06-04
ORD-00000949,SUP-00047,Fuller-Reyes,PRD-000146,User-friendly web-enabled Internet solution,Packaging,2025-01-21,2025-02-21,2025-02-19,1548,5540.7673,8577107.78,WH-009,"Atlanta, GA",In Transit,Pending,,2024-05-07
ORD-00000950,SUP-00072,Jackson Inc,PRD-000120,Enhanced client-server throughput,Textiles,2024-09-01,2024-09-27,2024-10-10,4999,147.6178,737941.38,WH-013,"Los Angeles, CA",Returned,Pending,,2025-04-21
ORD-00000951,SUP-00051,Hancock LLC,PRD-000155,Up-sized 24/7 migration,Textiles,2023-04-28,2023-06-25,2023-06-24,415,9540.6548,3959371.74,WH-013,"Dallas, TX",Returned,,,2024-08-15
ORD-00000952,SUP-00018,"Thomas, Dennis and Rodriguez",PRD-000196,Assimilated non-volatile artificial intelligence,Chemicals,2025-04-10,2025-05-17,2025-06-02,3939,7761.4092,30572190.84,WH-008,"Dallas, TX",Cancelled,Pending,,2025-03-18
ORD-00000953,SUP-00013,Meza LLC,PRD-000095,Programmable zero-defect infrastructure,Packaging,2025-06-08,2025-07-23,2025-08-10,2202,1248.1686,2748467.26,WH-005,"New York, NY",Ordered,Pending,,2025-06-16
ORD-00000954,SUP-00079,Mercado-Dorsey,PRD-000098,Total regional throughput,Textiles,2025-12-06,2026-01-15,2026-01-29,4882,78.5895,383673.94,WH-006,"Chicago, IL",Cancelled,Pending,,2024-07-24
ORD-00000955,SUP-00048,Morgan-Ware,PRD-000037,Multi-channeled 3rdgeneration website,Machinery,2024-12-22,2024-12-28,2024-12-29,0,325.6953,877097.44,WH-013,"New York, NY",Returned,Pending,Lisa Bruce,2025-08-11
ORD-00000956,SUP-00053,"Osborn, Ryan and Garrett",PRD-000008,Optional zero-defect firmware,Raw Materials,2025-07-30,2025-08-31,2025-09-11,2228,3102.1351,6911557.0,WH-002,"Chicago, IL",Cancelled,Pending,,2024-07-03
ORD-00000957,SUP-00031,Lee Ltd,PRD-000094,Reactive disintermediate methodology,Textiles,2025-04-29,2025-06-15,2025-06-26,4835,1676.5936,8106330.06,WH-001,"Chicago, IL",Cancelled,Pending,,2024-09-05
ORD-00000958,SUP-00049,Arellano-Anderson,PRD-000153,Function-based reciprocal firmware,Machinery,2025-10-14,2025-11-23,2025-11-20,4914,1558.868,7660277.35,WH-005,"Los Angeles, CA",Ordered,Pending,,2024-05-05
ORD-00000959,SUP-00004,Humphrey Group,PRD-000113,Quality-focused real-time matrices,Packaging,2025-04-16,2025-05-15,2025-05-27,3308,2706.1903,8952077.51,WH-011,"Atlanta, GA",Returned,Pending,Angelica Johnson,2024-05-18
ORD-00000960,SUP-00014,Thomas-Nguyen,PRD-000089,Managed bandwidth-monitored customer loyalty,Chemicals,2026-04-04,2026-05-16,2026-05-21,805,6368.612,5126732.66,WH-005,"Dallas, TX",Cancelled,Pending,,2025-01-25
ORD-00000961,SUP-00037,Shah Inc,PRD-000014,Upgradable composite firmware,Electronics,2026-01-12,2026-01-26,,4034,8038.6492,32427910.87,WH-007,"Dallas, TX",In Transit,,,2025-04-07
ORD-00000962,SUP-00035,Mann Ltd,PRD-000133,Digitized executive emulation,Electronics,2026-03-22,2026-04-09,2026-04-13,4197,4238.2667,17788005.34,WH-006,"Dallas, TX",Delivered,Pass,Victoria Walker,2025-08-13
ORD-00000963,SUP-00027,"Ellis, Webb and Rivera",PRD-000143,Vision-oriented tangible secured line,Packaging,2023-11-14,2024-01-05,2024-01-20,2557,948.3731,2424990.02,WH-002,"Los Angeles, CA",Cancelled,Pending,,2024-12-08
ORD-00000964,SUP-00039,"Wiley, Brown and Sampson",PRD-000132,Synchronized bottom-line intranet,RAW MATERIALS,2025-08-27,2025-09-23,2025-09-18,3812,664.754,2534042.25,WH-006,"New York, NY",Returned,Pending,Jacob Simpson,2025-05-20
ORD-00000965,,Thomas-Velasquez,PRD-000093,Decentralized 24hour time-frame,Raw Materials,2023-12-15,2024-01-24,2024-02-01,1310,9238.3668,12102260.51,WH-013,"Dallas, TX",Returned,Pending,Catherine Bradford,2024-09-24
ORD-00000966,SUP-00066,Willis-Olson,PRD-000160,De-engineered needs-based emulation,Raw Materials,2023-09-30,2023-11-23,2023-11-25,339,6515.8009,2208856.51,WH-010,"Seattle, WA",Delivered,Pending,Jacob Thomas,2025-09-08
ORD-00000967,SUP-00009,Burton Ltd,PRD-000186,Enhanced asynchronous secured line,Packaging,2023-05-28,2023-07-05,2023-07-25,2610,8355.1044,21806822.48,WH-014,"Dallas, TX",Ordered,Pending,,2024-09-05
ORD-00000968,SUP-00028,Padilla PLC,PRD-000192,Pre-emptive object-oriented superstructure,Chemicals,2026-04-07,2026-05-22,2026-06-06,3210,4549.2845,14603203.24,WH-010,"New York, NY",Returned,Pass,Felicia West,2025-05-11
ORD-00000969,SUP-00004,Humphrey Group,PRD-000135,Switchable client-server success,Food & Beverage,2023-07-26,2023-07-18,2023-09-10,3987,5242.5939,20902221.88,WH-010,"Chicago, IL",Delivered,Pass,Stephanie Stone,2025-10-25
ORD-00000970,SUP-00027,"Ellis, Webb and Rivera",PRD-000042,Managed neutral algorithm,Packaging,2024-06-21,2024-08-12,2024-09-01,3125,1962.4923,6132788.44,WH-011,"Los Angeles, CA",In Transit,Pending,,2024-08-15
ORD-00000971,SUP-00014,Thomas-Nguyen,PRD-000171,User-friendly encompassing database,Packaging,2025-12-17,2026-02-08,2026-02-16,4891,5309.9923,25971172.34,WH-008,"Seattle, WA",Cancelled,Pending,,2024-06-05
ORD-00000972,SUP-00016,Acosta and Sons,PRD-000062,Mandatory heuristic standardization,Food & Beverage,2025-12-04,2026-01-14,,4532,5556.0905,25180202.15,WH-006,"Los Angeles, CA",Ordered,,,2024-06-12
ORD-00000973,SUP-00020,"Reyes, Parker and Gibson",PRD-000071,Integrated well-modulated structure,Electronics,2025-06-16,2025-06-23,2025-06-22,4137,1727.7011,7147499.45,WH-006,"Los Angeles, CA",In Transit,Pending,,2025-09-30
ORD-00000974,SUP-00020,"Reyes, Parker and Gibson",PRD-000023,Total asymmetric hardware,Raw Materials,2025-11-27,2026-01-24,2026-02-04,4355,4669.7361,20336700.72,WH-008,"Chicago, IL",Cancelled,,,2025-11-16
ORD-00000975,SUP-00024,Kelly and Sons,PRD-000173,Optional multimedia architecture,Food & Beverage,2025-10-01,2025-10-22,2025-10-28,1229,562.7499,691619.63,WH-002,"Los Angeles, CA",Returned,Pending,Aaron Delgado,2024-07-14
ORD-00000976,SUP-00015,"Nguyen, Cruz and Wilson",PRD-000142,Ergonomic executive customer loyalty,Textiles,2025-10-15,2025-11-12,2025-11-08,2997,6859.9423,20559247.07,WH-010,"Atlanta, GA",Ordered,Pending,,2025-02-24
ORD-00000977,SUP-00044,Pitts LLC,PRD-000024,Cloned cohesive open architecture,Machinery,2024-06-01,2024-07-03,2024-06-28,2607,1385.0815,3610907.47,WH-006,"Los Angeles, CA",Returned,,Luis Lopez,2025-06-03
ORD-00000978,SUP-00003,Bennett PLC,PRD-000117,Grass-roots neutral database,Machinery,2025-09-01,2025-10-31,2025-11-20,1227,533.2483,654295.66,WH-003,"Los Angeles, CA",Returned,Fail,William Patel,2025-04-11
ORD-00000979,SUP-00034,Krueger-Jackson,PRD-000100,Automated static software,Machinery,2023-07-16,2023-08-10,2023-08-13,2073,5246.7858,10876586.96,WH-014,"Seattle, WA",Cancelled,Pending,,2025-09-03
ORD-00000980,SUP-00034,Krueger-Jackson,PRD-000076,Customer-focused cohesive middleware,Chemicals,2024-01-29,2024-03-21,2024-03-17,1336,2383.0731,4385249.38,WH-001,"Dallas, TX",Ordered,Pending,,2025-08-13
ORD-00000981,SUP-00053,"Osborn, Ryan and Garrett",PRD-000166,Business-focused 24hour secured line,Packaging,2025-07-28,2025-08-30,2025-07-17,3517,414.5254,1457885.83,WH-009,"Chicago, IL",Returned,Pass,,2026-03-16
ORD-00000982,SUP-00068,Gaines-Jackson,PRD-000030,Inverse real-time database,Chemicals,2026-02-04,2026-02-27,2026-02-22,4942,9074.3542,44845458.46,WH-011,"Atlanta, GA",Ordered,Pending,,2025-05-14
ORD-00000983,SUP-00019,Rivas-Whitaker,PRD-000075,Realigned coherent capacity,RAW MATERIALS,2025-10-06,2025-11-27,2025-09-13,668,2959.854,1977182.47,WH-002,"Chicago, IL",Delivered,Pass,,2024-09-21
ORD-00000984,SUP-00051,Hancock LLC,PRD-000193,Multi-tiered bandwidth-monitored adapter,Packaging,2024-03-26,2024-05-15,2024-06-03,3387,2501.7239,8473338.85,WH-005,"Seattle, WA",Returned,Pending,James Henderson,2025-09-17
ORD-00000985,SUP-00075,Barron Ltd,PRD-000172,Persevering fault-tolerant throughput,Food & Beverage,2023-09-18,2023-09-14,2023-12-02,339,5996.1438,2032692.75,WH-007,"Los Angeles, CA",Delivered,Fail,,2025-02-21
ORD-00000986,SUP-00048,Morgan-Ware,PRD-000159,Automated dynamic superstructure,ELECTRONICS,2024-12-08,2024-12-16,2024-11-20,173,6507.4526,1125789.3,WH-008,"Dallas, TX",Returned,Fail,Alex Riley,2025-05-28
ORD-00000987,SUP-00006,Petersen-Kelly,PRD-000024,Cloned cohesive open architecture,Food & Beverage,2025-04-25,2025-05-21,2025-05-22,2268,5281.1513,11977651.15,WH-013,"Seattle, WA",In Transit,Pending,,2025-05-03
ORD-00000988,,Jackson Inc,PRD-000017,Up-sized zero administration info-mediaries,Electronics,2024-02-18,2024-03-13,2024-03-23,4303,2261.1212,9729604.52,WH-010,"Chicago, IL",Returned,Pending,,2025-01-28
ORD-00000989,SUP-00004,Humphrey Group,PRD-000119,Enhanced local migration,Electronics,2024-10-06,2024-10-18,2024-10-17,4925,250.2335,2111572.99,WH-014,"Seattle, WA",Returned,Pass,Jill Park,2025-01-25
ORD-00000990,SUP-00029,"Lawrence, Sutton and Fowler",PRD-000063,Implemented regional adapter,Food & Beverage,2024-04-13,2024-06-11,2024-06-22,123,6085.4319,748508.12,WH-013,"Chicago, IL",Ordered,Pending,,2026-02-07
ORD-00000991,SUP-00039,"Wiley, Brown and Sampson",PRD-000131,User-friendly logistical groupware,packaging,2024-06-10,2024-07-20,2024-07-30,1672,8105.4767,13552357.04,WH-014,"New York, NY",Delivered,Pending,Mr. Ernest Dyer,2025-11-06
ORD-00000992,SUP-00064,Mitchell Ltd,PRD-000019,Self-enabling transitional pricing structure,Food & Beverage,2025-06-23,2025-08-06,2025-08-20,2781,9346.9765,25993941.65,WH-003,"Chicago, IL",Cancelled,Pending,,2024-06-14
ORD-00000993,,"Taylor, Adams and Donaldson",PRD-000106,Open-architected demand-driven frame,Machinery,2025-03-04,2025-04-16,,-4439,2987.1524,13259969.5,WH-009,"New York, NY",Ordered,Pending,,2025-01-20
ORD-00000994,SUP-00041,Webster and Sons,PRD-000054,Reactive holistic flexibility,Textiles,2026-02-04,2026-03-24,2026-04-06,3101,3772.1675,11697491.42,WH-006,"Los Angeles, CA",In Transit,Pending,,2024-08-14
ORD-00000995,SUP-00050,Dixon Inc,PRD-000115,Optimized actuating ability,Machinery,2023-07-26,2023-09-17,2023-10-01,2920,8021.0067,23421339.56,WH-008,"New York, NY",Returned,,Johnny Smith,2026-02-18
ORD-00000996,SUP-00017,Griffin and Sons,PRD-000189,Balanced demand-driven database,Food & Beverage,2024-07-29,2024-09-08,2024-09-12,300,7573.5817,2272074.51,WH-004,"New York, NY",Cancelled,Pending,,2024-05-29
ORD-00000997,SUP-00050,Dixon Inc,PRD-000002,Programmable object-oriented focus group,Food & Beverage,2024-06-28,2024-08-23,2024-09-04,3062,3676.3116,11256866.12,WH-013,"Seattle, WA",In Transit,Pending,,2025-09-13
ORD-00000998,SUP-00066,Willis-Olson,PRD-000006,Intuitive bifurcated open system,Raw Materials,2024-03-03,2024-03-10,2024-03-30,2093,8066.3882,16882950.5,WH-002,"Dallas, TX",Ordered,Pending,,2025-06-05
ORD-00000999,SUP-00017,Griffin and Sons,PRD-000087,Stand-alone cohesive approach,Raw Materials,2025-04-13,2025-05-23,,4162,8963.9094,37307790.92,WH-012,"Chicago, IL",Returned,Pass,April Roberts,2025-05-10
ORD-00001000,SUP-00001,"Taylor, Adams and Donaldson",PRD-000093,Decentralized 24hour time-frame,textiles,2024-07-19,2024-08-16,2024-09-05,-3989,9642.5136,38463986.75,WH-009,"New York, NY",In Transit,Pending,,2025-01-28
ORD-00001001,SUP-00069,Thompson-Owens,PRD-000067,Function-based human-resource secured line,food & beverage,2025-11-06,2025-11-15,2025-11-21,3186,4623.4065,14730173.11,WH-007,"Seattle, WA",Returned,,Elizabeth Perez,2024-05-11
ORD-00001002,SUP-00023,"Boyle, Miller and Ellis",PRD-000186,Enhanced asynchronous secured line,Textiles,2024-04-28,2024-05-09,2024-05-10,-4796,1363.2285,6538043.89,WH-014,"New York, NY",Delivered,,,2025-04-14
ORD-00001003,SUP-00033,Henderson-Mcguire,PRD-000066,Pre-emptive context-sensitive portal,Raw Materials,2026-02-18,2026-03-11,2026-03-22,439,4419.318,1940080.6,WH-003,"Chicago, IL",Delivered,Fail,Gabrielle Jacobson,2025-07-10
ORD-00001004,SUP-00077,Taylor-Evans,PRD-000086,Integrated 5thgeneration neural-net,Raw Materials,2024-05-04,2024-06-30,2024-06-26,2518,6729.6969,16945376.79,WH-014,"Seattle, WA",Returned,Pending,Michelle Moran,2026-01-03
ORD-00001005,SUP-00060,"Smith, Hill and Steele",PRD-000172,Persevering fault-tolerant throughput,Textiles,2023-11-02,2023-12-29,2024-01-02,806,3457.0581,2844420.81,WH-014,"New York, NY",Ordered,Pending,,2026-01-30
ORD-00001006,SUP-00043,"Johnson, Brown and Coleman",PRD-000134,Cross-group neutral access,Packaging,2023-11-14,2023-12-09,2023-12-17,3165,9932.5887,31436643.24,WH-003,"Atlanta, GA",Delivered,,,2024-04-13
ORD-00001007,SUP-00012,"Hart, Hayes and Velez",PRD-000110,Cross-platform encompassing complexity,Food & Beverage,2026-02-04,2026-03-19,2026-03-22,2099,1656.4823,3476956.35,WH-009,"New York, NY",Delivered,Pending,Ethan Chase,2026-02-28
ORD-00001008,SUP-00054,Kane PLC,PRD-000061,Profound upward-trending Graphic Interface,Food & Beverage,2026-01-31,2026-02-26,2026-03-02,3144,639.8424,2011664.51,WH-005,"Los Angeles, CA",In Transit,Pending,,2026-03-05
ORD-00001009,SUP-00012,"Hart, Hayes and Velez",PRD-000182,Fully-configurable solution-oriented open system,Food & Beverage,2023-05-08,2023-05-25,2023-06-14,45,9630.8117,433386.53,WH-011,"Atlanta, GA",In Transit,Pending,,2024-08-30
ORD-00001010,SUP-00074,"Mcclain, Johnson and Gibson",PRD-000008,Optional zero-defect firmware,Raw Materials,2025-01-24,2025-02-13,,3910,1342.4742,5249074.12,WH-007,"Dallas, TX",Returned,,Norman Williams,2026-03-24
ORD-00001011,SUP-00004,Humphrey Group,PRD-000090,Multi-channeled asynchronous definition,Chemicals,2025-01-18,2025-02-23,2025-03-10,1162,1152.0223,1338649.91,WH-005,"Dallas, TX",Returned,Pass,Dale Mcdonald,2024-12-23
ORD-00001012,SUP-00007,Anderson-Jackson,PRD-000109,Synergistic composite ability,Chemicals,2024-08-03,2024-09-19,2024-09-22,3198,4675.0517,14950815.34,WH-014,"New York, NY",In Transit,Pending,,2025-07-28
ORD-00001013,SUP-00005,Williams LLC,PRD-000120,Enhanced client-server throughput,Machinery,2024-10-30,2024-11-28,2024-11-23,3550,7021.0747,24924815.18,WH-001,"Seattle, WA",Delivered,Pass,Latoya Rodriguez,2024-08-30
ORD-00001014,SUP-00020,"Reyes, Parker and Gibson",PRD-000190,Virtual fresh-thinking function,Raw Materials,2026-03-15,2026-05-14,2026-05-29,2825,7852.701,22183880.32,WH-003,"Seattle, WA",Returned,,Lisa Jackson,2025-06-09
ORD-00001015,SUP-00072,Jackson Inc,PRD-000071,Integrated well-modulated structure,Food & Beverage,2025-05-28,2025-06-09,2025-06-13,4616,8870.6106,40946738.53,WH-011,"Los Angeles, CA",Returned,,Pamela Wade,2024-07-10
ORD-00001016,SUP-00033,Henderson-Mcguire,PRD-000008,Optional zero-defect firmware,Machinery,2024-02-17,2024-02-29,2024-03-10,-3349,5206.5983,17436897.71,WH-001,"Seattle, WA",Ordered,Pending,,2024-08-16
ORD-00001017,SUP-00009,Burton Ltd,PRD-000002,Programmable object-oriented focus group,TEXTILES,2024-12-12,2024-12-31,2025-01-16,697,2631.7528,1834331.7,WH-010,"Dallas, TX",Delivered,Pass,Justin Blackburn,2024-12-16
ORD-00001018,SUP-00052,Vargas-Hunter,PRD-000031,Stand-alone systemic productivity,Chemicals,2026-03-31,2026-04-12,2026-04-27,3486,4599.1935,16032788.54,WH-013,"New York, NY",Delivered,Pass,Joseph Johnson,2024-05-25
ORD-00001019,SUP-00010,Robertson and Sons,PRD-000057,Horizontal background framework,Machinery,2024-07-26,2024-07-23,2024-09-26,769,1033.2845,794595.78,WH-014,"New York, NY",Ordered,Pending,,2024-05-13
ORD-00001020,SUP-00018,"Thomas, Dennis and Rodriguez",PRD-000145,Horizontal mobile knowledge user,Machinery,2025-04-01,2025-05-22,2025-05-27,2870,5704.793,16372755.91,WH-013,"Seattle, WA",In Transit,Pending,,2025-03-22
ORD-00001021,SUP-00065,Ellis Group,PRD-000194,Re-contextualized mission-critical algorithm,Raw Materials,2025-11-28,2025-12-28,2026-01-07,530,4725.5584,2504545.95,WH-013,"Chicago, IL",Cancelled,,,2024-10-26
ORD-00001022,SUP-00024,Kelly and Sons,PRD-000069,Decentralized systemic interface,Textiles,2023-08-12,2023-09-18,2023-07-25,945,1414.6565,1336850.39,WH-002,"Seattle, WA",Cancelled,Pending,,2025-08-29
ORD-00001023,SUP-00044,Pitts LLC,PRD-000087,Stand-alone cohesive approach,Machinery,2025-12-01,2026-01-13,2026-01-31,1533,9342.9236,14322701.88,WH-008,"Seattle, WA",Returned,Fail,Michael Thompson,2025-02-01
ORD-00001024,SUP-00046,Dunn LLC,PRD-000047,Customer-focused incremental collaboration,Electronics,2025-04-16,2025-06-06,2025-06-07,2853,3777.9309,10778436.86,WH-012,"Los Angeles, CA",Delivered,Pass,Erica Smith,2025-11-27
ORD-00001025,SUP-00073,Newman PLC,PRD-000037,Multi-channeled 3rdgeneration website,Chemicals,2023-05-03,2023-06-08,2023-06-27,2302,947.301,2180686.9,WH-008,"Los Angeles, CA",Ordered,Pending,,2024-10-30
ORD-00001026,SUP-00066,Willis-Olson,PRD-000091,Ameliorated impactful instruction set,Raw Materials,2025-02-24,2025-04-03,2025-04-14,1876,2746.7366,5152877.86,WH-012,"Atlanta, GA",In Transit,Pending,,2025-12-06
ORD-00001027,SUP-00007,Anderson-Jackson,PRD-000075,Realigned coherent capacity,Food & Beverage,2023-12-05,2023-12-17,2023-12-14,561,1120.1438,628400.67,WH-009,"Chicago, IL",Cancelled,Pending,,2025-02-10
ORD-00001028,SUP-00024,Kelly and Sons,PRD-000198,Universal 6thgeneration emulation,Raw Materials,2024-05-03,2024-06-09,2024-06-14,4793,3535.941,16947765.21,WH-001,"Los Angeles, CA",In Transit,Pending,,2025-06-24
ORD-00001029,,"Foster, Powell and Moore",PRD-000077,Devolved hybrid core,Electronics,2024-12-08,2024-12-31,2025-01-16,1025,229.5287,235266.92,WH-012,"Los Angeles, CA",Cancelled,,,2025-10-14
ORD-00001030,SUP-00069,Thompson-Owens,PRD-000145,Horizontal mobile knowledge user,Food & Beverage,2024-12-08,2024-12-15,2024-12-18,4779,3028.7607,14474447.39,WH-006,"Dallas, TX",Cancelled,Pending,,2025-05-04
ORD-00001031,SUP-00039,"Wiley, Brown and Sampson",PRD-000060,Ergonomic global architecture,Raw Materials,2025-02-07,2025-04-07,2025-04-14,3223,4225.213,13617861.5,WH-006,"Dallas, TX",Ordered,Pending,,2025-10-31
ORD-00001032,SUP-00030,Shaw-Moore,PRD-000108,Advanced next generation Graphic Interface,machinery,2024-08-15,2024-10-05,2024-10-18,1104,2184.5809,2411777.31,WH-013,"Dallas, TX",Returned,Pass,,2026-01-28
ORD-00001033,SUP-00048,Morgan-Ware,PRD-000003,Progressive object-oriented forecast,Packaging,2024-10-03,2024-10-19,2024-11-08,-4389,614.8471,2698563.92,WH-010,"Los Angeles, CA",Returned,Fail,Thomas Williams,2026-02-15
ORD-00001034,SUP-00071,"Robbins, Chapman and Morris",PRD-000050,Fundamental bi-directional customer loyalty,Food & Beverage,2025-05-11,2025-05-17,2025-05-22,1894,4749.6349,8995808.5,WH-005,"Chicago, IL",Returned,Pending,Scott Martin,2026-03-16
ORD-00001035,SUP-00068,Gaines-Jackson,PRD-000109,Synergistic composite ability,Textiles,2023-08-29,2023-09-30,2023-10-14,4381,9649.7488,42275549.49,WH-009,"New York, NY",Delivered,Fail,,2024-08-23
ORD-00001036,SUP-00056,Garcia Group,PRD-000112,Innovative real-time neural-net,Food & Beverage,2024-05-04,2024-05-29,2024-05-30,2981,1606.8287,4789956.35,WH-006,"New York, NY",In Transit,Pending,,2025-05-06
ORD-00001037,SUP-00013,Meza LLC,PRD-000042,Managed neutral algorithm,Electronics,2024-08-08,2024-08-20,2024-08-20,3976,8806.6711,35015324.29,WH-010,"Dallas, TX",Ordered,Pending,,2024-12-03
ORD-00001038,SUP-00029,"Lawrence, Sutton and Fowler",PRD-000193,Multi-tiered bandwidth-monitored adapter,Raw Materials,2025-05-17,2025-06-12,2025-04-17,1727,5969.5368,10309390.05,WH-013,"Seattle, WA",In Transit,Pending,,2025-12-15
ORD-00001039,SUP-00005,Williams LLC,PRD-000019,Self-enabling transitional pricing structure,Food & Beverage,2025-11-15,2026-01-12,2026-01-12,1292,4751.7899,6139312.55,WH-007,"Seattle, WA",Ordered,Pending,,2026-01-27
ORD-00001040,SUP-00061,Greene-Osborne,PRD-000166,Business-focused 24hour secured line,Textiles,2026-01-30,2026-03-22,2026-03-24,983,124.5522,122434.81,WH-008,"Chicago, IL",In Transit,Pending,,2025-09-22
ORD-00001041,SUP-00068,Gaines-Jackson,PRD-000009,Open-architected explicit complexity,textiles,2024-10-06,2024-11-17,2024-11-12,2574,9455.3907,24338175.66,WH-004,"New York, NY",In Transit,Pending,,2025-06-12
ORD-00001042,SUP-00064,Mitchell Ltd,PRD-000086,Integrated 5thgeneration neural-net,Textiles,2026-03-31,2026-04-19,,4327,2757.6078,11932168.95,WH-010,"Los Angeles, CA",Cancelled,Pending,,2024-09-23
ORD-00001043,SUP-00032,"Foster, Powell and Moore",PRD-000057,Horizontal background framework,Raw Materials,2025-05-02,2025-05-12,2025-05-27,1164,806.0813,938278.63,WH-011,"Los Angeles, CA",Cancelled,Pending,,2025-05-07
ORD-00001044,SUP-00037,Shah Inc,PRD-000087,Stand-alone cohesive approach,Packaging,2025-11-27,2026-01-18,,3819,6735.7303,25723754.02,WH-002,"New York, NY",In Transit,,,2026-03-02
ORD-00001045,SUP-00067,Brooks and Sons,PRD-000128,Compatible human-resource interface,Raw Materials,2025-10-14,2025-11-21,2025-11-16,407,3445.0153,1402121.23,WH-003,"Los Angeles, CA",Cancelled,,,2024-10-13
ORD-00001046,SUP-00064,Mitchell Ltd,PRD-000095,Programmable zero-defect infrastructure,FOOD & BEVERAGE,2025-09-29,2025-11-16,2025-11-23,2325,6053.1859,14073657.22,WH-012,"Atlanta, GA",In Transit,Pending,,2024-06-17
ORD-00001047,SUP-00051,Hancock LLC,PRD-000104,Inverse context-sensitive hardware,Electronics,2025-02-10,2025-04-04,2025-04-01,67,8523.4822,571073.31,WH-001,"New York, NY",In Transit,,,2024-06-02
ORD-00001048,SUP-00022,"Reilly, Price and Galloway",PRD-000025,Networked directional synergy,Textiles,2023-06-10,2023-07-20,2023-08-08,3233,6895.8516,22294288.22,WH-014,"Los Angeles, CA",In Transit,Pending,,2025-07-22
ORD-00001049,SUP-00030,Shaw-Moore,PRD-000139,Synchronized responsive product,Chemicals,2024-06-27,2024-07-12,2024-07-23,886,282.4869,250283.39,WH-013,"Los Angeles, CA",Returned,Pass,Monique Johnson,2025-09-19
ORD-00001050,SUP-00035,Mann Ltd,PRD-000171,User-friendly encompassing database,Machinery,2024-04-06,2024-06-01,2024-05-29,2164,4650.2765,10063198.35,WH-012,"Los Angeles, CA",Returned,Fail,Jacqueline Moss,2024-10-08
ORD-00001051,SUP-00074,"Mcclain, Johnson and Gibson",PRD-000079,Multi-layered encompassing hierarchy,Chemicals,2025-03-12,2025-03-24,,4061,7426.3594,30158445.52,WH-012,"New York, NY",Returned,Pending,Larry Gonzales,2025-03-27
ORD-00001052,SUP-00056,Garcia Group,PRD-000168,Upgradable object-oriented product,Food & Beverage,2025-03-21,2025-05-02,2025-05-12,4697,3959.9704,18599980.97,WH-008,"Chicago, IL",Ordered,Pending,,2024-11-14
ORD-00001053,SUP-00079,Mercado-Dorsey,PRD-000151,Reactive incremental instruction set,Chemicals,2026-03-27,2026-05-10,2026-05-16,2199,7003.3035,15400264.4,WH-003,"Atlanta, GA",Cancelled,Pending,,2025-03-25
ORD-00001054,SUP-00028,Padilla PLC,PRD-000022,Networked empowering open system,Machinery,2026-01-06,2026-02-09,2026-02-24,3842,358.9704,1379164.28,WH-013,"Dallas, TX",Cancelled,Pending,,2025-03-28
ORD-00001055,SUP-00005,Williams LLC,PRD-000172,Persevering fault-tolerant throughput,Electronics,2025-10-26,2025-12-09,2025-12-29,3520,4304.1345,15150553.44,WH-007,"Dallas, TX",Delivered,Pass,Tiffany Williams,2025-11-29
ORD-00001056,SUP-00032,"Foster, Powell and Moore",PRD-000029,Horizontal coherent protocol,ELECTRONICS,2026-01-19,2026-02-15,2026-02-13,2697,8464.8766,22829772.19,WH-005,"Dallas, TX",In Transit,,,2024-06-12
ORD-00001057,SUP-00004,Humphrey Group,PRD-000092,Pre-emptive human-resource customer loyalty,Raw Materials,2025-01-25,2025-03-09,2025-03-16,155,8883.8802,1377001.43,WH-011,"Chicago, IL",Ordered,Pending,,2026-02-08
ORD-00001058,SUP-00032,"Foster, Powell and Moore",PRD-000086,Integrated 5thgeneration neural-net,Raw Materials,2025-01-27,2025-02-06,2025-02-07,4182,7064.7097,29544615.97,WH-011,"Chicago, IL",Ordered,Pending,,2025-12-02
ORD-00001059,SUP-00003,Bennett PLC,PRD-000144,Reduced motivating open architecture,Food & Beverage,2025-11-18,2025-11-29,2025-12-11,1118,1643.6668,3199215.44,WH-013,"Dallas, TX",In Transit,Pending,,2024-07-16
ORD-00001060,SUP-00019,Rivas-Whitaker,PRD-000143,Vision-oriented tangible secured line,Chemicals,2024-11-20,2025-01-04,2024-12-30,91,4045.1618,368109.72,WH-005,"Dallas, TX",Delivered,,Alyssa Cook,2026-03-28
ORD-00001061,SUP-00041,Webster and Sons,PRD-000197,Multi-tiered dedicated focus group,Food & Beverage,2023-05-03,2023-05-02,,3712,1601.9105,5946291.78,WH-007,"Chicago, IL",In Transit,,,2025-10-22
ORD-00001062,SUP-00019,Rivas-Whitaker,PRD-000075,Realigned coherent capacity,Chemicals,2026-03-02,2026-03-17,2026-03-16,1434,4374.6835,4428061.67,WH-004,"Dallas, TX",Cancelled,Pending,,2025-02-22
ORD-00001063,SUP-00051,Hancock LLC,PRD-000197,Multi-tiered dedicated focus group,Raw Materials,2024-07-26,2024-08-26,,1594,5213.6459,8310551.56,WH-005,"Los Angeles, CA",Returned,Pass,Pedro Fowler,2025-12-26
ORD-00001064,SUP-00038,Thomas-Wagner,PRD-000158,Focused maximized focus group,Machinery,2023-09-30,2023-11-15,,2648,8609.5879,22798188.76,WH-003,"Dallas, TX",Ordered,Pending,,2025-03-16
ORD-00001065,SUP-00058,"Browning, Wiley and Duran",PRD-000024,Cloned cohesive open architecture,Textiles,2023-12-26,2024-01-22,2024-01-31,4879,3391.1028,16545190.56,WH-005,"Seattle, WA",Returned,Fail,Diana Ball,2024-07-10
ORD-00001066,SUP-00047,Fuller-Reyes,PRD-000155,Up-sized 24/7 migration,Packaging,2025-11-01,2025-12-27,2026-01-11,889,7189.7715,6391706.86,WH-006,"Los Angeles, CA",Ordered,Pending,,2024-12-09
ORD-00001067,SUP-00061,Greene-Osborne,PRD-000062,Mandatory heuristic standardization,Chemicals,2023-12-13,2024-01-11,2024-01-12,724,5721.6843,4142499.43,WH-007,"Los Angeles, CA",In Transit,Pending,,2025-05-14
ORD-00001068,SUP-00019,Rivas-Whitaker,PRD-000172,Persevering fault-tolerant throughput,Electronics,2026-02-16,2026-02-21,2026-01-19,3326,877.4957,2918550.7,WH-006,"Seattle, WA",Returned,Fail,Kelly Lin,2024-12-19
ORD-00001069,SUP-00031,Lee Ltd,PRD-000148,Pre-emptive clear-thinking initiative,Chemicals,2024-05-02,2024-06-21,2024-06-22,1104,1568.4758,1731597.28,WH-013,"Seattle, WA",Delivered,Pass,Mr. Steven Barr,2026-04-06
ORD-00001070,SUP-00007,Anderson-Jackson,PRD-000027,Secured client-driven protocol,machinery,2023-09-13,2023-09-21,2023-10-07,2795,3064.1499,11117317.51,WH-007,"Los Angeles, CA",Returned,Pass,Todd Horn,2024-12-26
ORD-00001071,SUP-00060,"Smith, Hill and Steele",PRD-000067,Function-based human-resource secured line,Machinery,2025-03-14,2025-04-20,2025-04-19,3303,9925.1286,32782699.77,WH-013,"Atlanta, GA",In Transit,Pending,,2026-02-24
ORD-00001072,SUP-00072,Jackson Inc,PRD-000105,Universal bifurcated Graphical User Interface,Food & Beverage,2026-01-21,2026-03-11,2026-03-23,4124,6148.214,25355234.54,WH-014,"Seattle, WA",Ordered,Pending,,2024-05-10
ORD-00001073,SUP-00051,Hancock LLC,PRD-000051,Vision-oriented mobile throughput,Chemicals,2023-09-23,2023-10-20,2023-11-08,601,1425.6637,856823.88,WH-001,"Los Angeles, CA",Delivered,Pending,Mary Wells,2024-08-12
ORD-00001074,SUP-00025,Turner Ltd,PRD-000025,Networked directional synergy,Raw Materials,2023-10-08,2023-11-22,2023-12-12,264,1304.792,344465.09,WH-001,"Atlanta, GA",Ordered,Pending,,2025-07-31
ORD-00001075,SUP-00075,Barron Ltd,PRD-000025,Networked directional synergy,Packaging,2024-11-23,2025-01-12,2025-01-25,1252,925.991,1159340.73,WH-008,"Chicago, IL",Ordered,Pending,,2026-02-10
ORD-00001076,SUP-00003,Bennett PLC,PRD-000182,Fully-configurable solution-oriented open system,Machinery,2024-06-02,2024-06-12,2024-07-02,2611,2842.5278,7421840.09,WH-013,"Los Angeles, CA",In Transit,Pending,,2024-10-03
ORD-00001077,SUP-00070,"Morales, Allen and Pittman",PRD-000187,Face-to-face next generation process improvement,Food & Beverage,2024-03-20,2024-03-28,2024-03-28,89,3105.268,276368.85,WH-012,"New York, NY",Returned,Pass,Hannah Moore,2024-11-02
ORD-00001078,SUP-00027,"Ellis, Webb and Rivera",PRD-000171,User-friendly encompassing database,Food & Beverage,2025-02-04,2025-02-19,,510,7183.2803,3663472.95,WH-004,"Atlanta, GA",Cancelled,Pending,,2024-08-26
ORD-00001079,SUP-00060,"Smith, Hill and Steele",PRD-000015,Distributed 6thgeneration info-mediaries,Textiles,2024-12-31,2025-01-06,2025-01-09,4633,3328.3292,15420149.18,WH-002,"Chicago, IL",Returned,Pass,Joshua Moran,2025-01-19
ORD-00001080,SUP-00032,"Foster, Powell and Moore",PRD-000109,Synergistic composite ability,Raw Materials,2026-01-15,2026-01-25,2026-01-22,2877,8941.1495,25723687.11,WH-008,"Los Angeles, CA",Cancelled,Pending,,2025-11-21
ORD-00001081,SUP-00049,Arellano-Anderson,PRD-000191,Right-sized high-level pricing structure,Chemicals,2023-05-14,2023-07-01,2023-07-02,3411,721.6125,2461420.24,WH-007,"Seattle, WA",Ordered,Pending,,2025-08-31
ORD-00001082,SUP-00034,Krueger-Jackson,PRD-000117,Grass-roots neutral database,Raw Materials,2025-12-08,2025-12-27,2026-01-11,1967,4293.1258,8444578.45,WH-001,"New York, NY",Returned,Pass,Anne Lee,2025-04-22
ORD-00001083,SUP-00036,Thomas-Velasquez,PRD-000188,Secured real-time productivity,Raw Materials,2023-06-16,2023-08-09,2023-08-26,4367,6435.9218,28105670.5,WH-007,"Chicago, IL",Delivered,Pass,Alexander Mccoy,2026-02-02
ORD-00001084,SUP-00066,Willis-Olson,PRD-000026,Monitored didactic productivity,Packaging,2024-09-07,2024-09-16,2024-09-23,2597,70.8841,184086.01,WH-001,"New York, NY",In Transit,Pending,,2024-07-02
ORD-00001085,SUP-00063,Montoya Inc,PRD-000192,Pre-emptive object-oriented superstructure,Raw Materials,2025-05-11,2025-05-27,2025-06-14,-744,3283.0291,2442573.65,WH-010,"Dallas, TX",Returned,Pending,,2025-11-26
ORD-00001086,SUP-00032,"Foster, Powell and Moore",PRD-000029,Horizontal coherent protocol,Packaging,2025-04-16,2025-06-01,2025-06-10,3313,5241.8745,17366330.22,WH-007,"Dallas, TX",Delivered,Pending,James Gardner,2024-09-15
ORD-00001087,SUP-00070,"Morales, Allen and Pittman",PRD-000059,Fundamental asynchronous application,Food & Beverage,2023-05-13,2023-05-05,2023-06-13,1712,6842.8993,11715043.6,WH-009,"Los Angeles, CA",Ordered,Pending,,2025-10-31
ORD-00001088,SUP-00040,"Ford, Smith and Hodge",PRD-000086,Integrated 5thgeneration neural-net,packaging,2025-12-23,2026-02-20,2026-03-08,16,6943.3169,111093.07,WH-003,"Atlanta, GA",Delivered,Fail,,2025-02-16
ORD-00001089,SUP-00029,"Lawrence, Sutton and Fowler",PRD-000029,Horizontal coherent protocol,Machinery,2023-08-01,2023-08-15,2023-08-28,3042,2724.2059,8287034.35,WH-014,"Seattle, WA",Ordered,Pending,,2025-12-18
ORD-00001090,SUP-00005,Williams LLC,PRD-000062,Mandatory heuristic standardization,Food & Beverage,2025-09-13,2025-10-11,2025-10-24,2545,4505.1202,11465530.91,WH-001,"Chicago, IL",In Transit,Pending,,2024-11-10
ORD-00001091,SUP-00049,Arellano-Anderson,PRD-000115,Optimized actuating ability,Packaging,2025-03-20,2025-04-05,2025-04-21,1296,9850.2554,12765931.0,WH-005,"Los Angeles, CA",In Transit,Pending,,2025-06-03
ORD-00001092,,Kelly and Sons,PRD-000053,Public-key 4thgeneration hierarchy,Machinery,2024-07-06,2024-07-26,2024-08-14,746,6500.2422,4849180.68,WH-008,"New York, NY",In Transit,Pending,,2024-06-17
ORD-00001093,SUP-00027,"Ellis, Webb and Rivera",PRD-000071,Integrated well-modulated structure,Chemicals,2026-03-27,2026-04-09,2026-04-18,3561,7243.8287,25795274.0,WH-014,"Atlanta, GA",Returned,Fail,Dr. Laura Hill,2025-03-26
ORD-00001094,SUP-00007,Anderson-Jackson,PRD-000195,Cross-group background database,Machinery,2024-04-14,2024-06-13,2024-06-29,4553,6442.6827,29333534.33,WH-014,"Dallas, TX",Delivered,Pass,Richard Hess,2024-07-31
ORD-00001095,SUP-00043,"Johnson, Brown and Coleman",PRD-000147,Implemented content-based open architecture,Raw Materials,2025-10-14,2025-12-03,2025-12-17,4324,9598.9193,41505727.05,WH-011,"Seattle, WA",Returned,Fail,,2024-07-26
ORD-00001096,,Webster and Sons,PRD-000078,Devolved didactic instruction set,ELECTRONICS,2026-02-16,2026-03-03,2026-03-21,1798,38.72,69618.56,WH-007,"Dallas, TX",Returned,Pending,Austin Harrison,2025-09-14
ORD-00001097,SUP-00002,Jimenez Inc,PRD-000130,Monitored empowering migration,Electronics,2025-11-25,2025-12-04,2025-12-24,1872,1780.8104,3333677.07,WH-006,"Atlanta, GA",Returned,Fail,Jeremy Miller,2026-03-23
ORD-00001098,SUP-00059,Campbell and Sons,PRD-000046,Ergonomic demand-driven function,Food & Beverage,2024-09-10,2024-10-12,2024-10-20,4233,4800.9811,20322553.0,WH-013,"New York, NY",Returned,Fail,Dr. Brian Miller,2024-06-17
ORD-00001099,SUP-00005,Williams LLC,PRD-000088,User-centric client-server strategy,Packaging,2025-11-09,2025-12-22,,1108,6449.3872,7145921.02,WH-008,"Dallas, TX",Returned,Pending,James Cameron,2024-07-11
ORD-00001100,SUP-00071,"Robbins, Chapman and Morris",PRD-000037,Multi-channeled 3rdgeneration website,Textiles,2023-08-06,2023-08-27,2023-09-04,1634,3469.8111,5669671.34,WH-013,"Atlanta, GA",Delivered,Pass,Michael Robinson,2024-10-20
ORD-00001101,SUP-00019,Rivas-Whitaker,PRD-000019,Self-enabling transitional pricing structure,Chemicals,2026-01-10,2026-01-18,2026-01-23,2875,3873.7403,11137003.36,WH-009,"Chicago, IL",Cancelled,Pending,,2025-12-07
ORD-00001102,SUP-00015,"Nguyen, Cruz and Wilson",PRD-000128,Compatible human-resource interface,Textiles,2025-12-17,2026-01-25,2026-02-08,1405,4224.6227,5935594.89,WH-013,"Atlanta, GA",Returned,Pending,Steven Jordan,2025-08-30
ORD-00001103,SUP-00048,Morgan-Ware,PRD-000022,Networked empowering open system,Textiles,2024-07-04,2024-07-31,2024-07-29,4813,3923.2247,18882480.48,WH-013,"Atlanta, GA",Cancelled,Pending,,2025-05-14
ORD-00001104,SUP-00010,Robertson and Sons,PRD-000105,Universal bifurcated Graphical User Interface,Electronics,2023-05-04,2023-06-19,2023-07-08,3827,8961.2211,34294593.15,WH-005,"Seattle, WA",In Transit,,,2025-04-23
ORD-00001105,SUP-00004,Humphrey Group,PRD-000068,Synchronized next generation archive,Machinery,2025-01-14,2025-01-26,2025-02-01,2492,8825.8751,21994080.75,WH-008,"Chicago, IL",Ordered,Pending,,2024-08-16
ORD-00001106,SUP-00024,Kelly and Sons,PRD-000110,Cross-platform encompassing complexity,Electronics,2024-05-25,2024-07-19,2024-07-30,4765,7414.347,35329363.45,WH-014,"Chicago, IL",In Transit,Pending,,2026-03-04
ORD-00001107,SUP-00044,Pitts LLC,PRD-000141,Focused 24hour instruction set,Raw Materials,2024-08-15,2024-08-30,,1984,8655.3478,17172210.04,WH-005,"Chicago, IL",Cancelled,,,2025-05-29
ORD-00001108,SUP-00068,Gaines-Jackson,PRD-000027,Secured client-driven protocol,CHEMICALS,2024-06-22,2024-07-15,2024-07-28,2809,6801.6353,19105793.56,WH-012,"Chicago, IL",Ordered,Pending,,2024-11-27
ORD-00001109,SUP-00039,"Wiley, Brown and Sampson",PRD-000019,Self-enabling transitional pricing structure,Chemicals,2024-03-04,2024-04-28,2024-05-09,447,8228.1109,3677965.57,WH-006,"New York, NY",Delivered,Pass,Heather Medina,2025-10-30
ORD-00001110,SUP-00010,Robertson and Sons,PRD-000025,Networked directional synergy,Raw Materials,2024-09-27,2024-11-06,2024-11-05,4126,7062.3936,29139435.99,WH-004,"Los Angeles, CA",Returned,,Kenneth Mitchell,2025-11-24
ORD-00001111,SUP-00060,"Smith, Hill and Steele",PRD-000159,Automated dynamic superstructure,Raw Materials,2025-08-07,2025-09-30,2025-10-16,387,1938.5294,750210.88,WH-002,"Chicago, IL",Cancelled,Pending,,2024-06-04
ORD-00001112,SUP-00054,Kane PLC,PRD-000154,Ameliorated 6thgeneration access,Packaging,2024-10-13,2024-11-25,2024-11-20,4040,8097.7766,32715017.46,WH-012,"Los Angeles, CA",Returned,Pass,Linda Harrell,2025-12-04
ORD-00001113,SUP-00030,Shaw-Moore,PRD-000029,Horizontal coherent protocol,Textiles,2025-12-18,2026-02-04,2026-01-30,3064,7140.788,21879374.43,WH-004,"Dallas, TX",Delivered,Fail,Gary Williams MD,2024-10-15
ORD-00001114,SUP-00002,Jimenez Inc,PRD-000130,Monitored empowering migration,Packaging,2024-11-12,2024-12-30,2024-12-25,2156,6682.7733,14408059.23,WH-008,"Dallas, TX",Cancelled,Pending,,2025-04-16
ORD-00001115,SUP-00056,Garcia Group,PRD-000151,Reactive incremental instruction set,Packaging,2023-05-22,2023-06-22,2023-06-21,2447,7530.6099,18427402.43,WH-008,"Los Angeles, CA",Delivered,,Andrew Thomas,2024-06-15
ORD-00001116,SUP-00024,Kelly and Sons,PRD-000084,Synergized scalable matrices,Food & Beverage,2024-05-12,2024-05-07,2024-07-08,1051,2501.5988,2344161.57,WH-005,"Chicago, IL",Delivered,Pass,Luis Walters,2024-05-22
ORD-00001117,SUP-00043,"Johnson, Brown and Coleman",PRD-000037,Multi-channeled 3rdgeneration website,Food & Beverage,2026-01-20,2026-02-20,2026-02-20,466,2888.2375,1345918.68,WH-005,"Los Angeles, CA",Cancelled,,,2025-12-23
ORD-00001118,SUP-00031,Lee Ltd,PRD-000121,Adaptive systematic success,Machinery,2024-10-12,2024-10-24,,1892,936.7829,1772393.25,WH-010,"Chicago, IL",Delivered,Pass,Mrs. Cindy Robinson,2024-08-22
ORD-00001119,SUP-00008,"Barber, Davis and Barnett",PRD-000067,Function-based human-resource secured line,Chemicals,2023-06-09,2023-06-16,2023-06-12,3316,1999.3521,6629851.56,WH-004,"Chicago, IL",Cancelled,Pending,,2024-08-14
ORD-00001120,SUP-00044,Pitts LLC,PRD-000130,Monitored empowering migration,Electronics,2025-12-08,2026-01-08,2026-01-22,184,9986.758,1837563.47,WH-004,"Dallas, TX",Delivered,Pending,Kristen Lee,2026-03-21
ORD-00001121,SUP-00028,Padilla PLC,PRD-000031,Stand-alone systemic productivity,Raw Materials,2023-05-30,2023-06-09,2023-06-18,860,5581.7335,4800290.81,WH-009,"Seattle, WA",In Transit,Pending,,2025-11-30
ORD-00001122,SUP-00031,Lee Ltd,PRD-000010,Grass-roots systemic moderator,Machinery,2025-09-29,2025-11-05,2025-11-23,1977,4774.3394,9438868.99,WH-007,"New York, NY",Ordered,Pending,,2024-05-16
ORD-00001123,SUP-00063,Montoya Inc,PRD-000005,Fundamental methodical ability,Machinery,2025-06-01,2025-07-04,2025-07-01,2266,7726.7241,17508756.81,WH-005,"Atlanta, GA",Returned,Pending,Kelly Perez,2025-10-13
ORD-00001124,SUP-00031,Lee Ltd,PRD-000023,Total asymmetric hardware,Raw Materials,2025-07-19,2025-08-12,2025-08-20,0,1837.3798,8016488.07,WH-014,"Chicago, IL",Ordered,Pending,,2025-07-26
ORD-00001125,,"Hatfield, Lyons and Richards",PRD-000140,Quality-focused encompassing alliance,ELECTRONICS,2025-04-29,2025-04-27,2025-05-18,2294,9383.1792,21525013.08,WH-011,"Chicago, IL",Returned,Pending,Emily Le,2024-08-01
ORD-00001126,SUP-00053,"Osborn, Ryan and Garrett",PRD-000090,Multi-channeled asynchronous definition,Textiles,2025-09-26,2025-11-09,2025-11-12,3843,5691.1327,33509999.37,WH-008,"New York, NY",Delivered,Fail,Natasha Lopez,2025-02-25
ORD-00001127,SUP-00010,Robertson and Sons,PRD-000056,Exclusive bandwidth-monitored website,Electronics,2024-12-24,2025-02-05,2024-12-20,1767,943.1871,1666611.61,WH-001,"New York, NY",In Transit,Pending,,2025-01-25
ORD-00001128,SUP-00002,Jimenez Inc,PRD-000190,Virtual fresh-thinking function,Textiles,2023-10-30,2023-12-28,2023-12-28,2313,4609.3829,10661502.65,WH-002,"Dallas, TX",Cancelled,Pending,,2024-05-08
ORD-00001129,SUP-00017,Griffin and Sons,PRD-000077,Devolved hybrid core,Raw Materials,2026-04-03,2026-05-03,2026-05-05,4838,7652.1826,37021259.42,WH-002,"Atlanta, GA",Returned,Fail,Elizabeth Mendez,2024-08-12
ORD-00001130,SUP-00073,Newman PLC,PRD-000130,Monitored empowering migration,Packaging,2024-05-28,2024-06-29,2024-07-01,2578,50.8844,131179.98,WH-011,"Los Angeles, CA",Returned,,David Esparza,2026-04-03
ORD-00001131,SUP-00014,Thomas-Nguyen,PRD-000067,Function-based human-resource secured line,Machinery,2023-04-26,2023-05-28,2023-06-06,0,8674.4872,31132734.56,WH-011,"New York, NY",Delivered,Pending,Michelle Edwards,2025-05-23
ORD-00001132,SUP-00066,Willis-Olson,PRD-000109,Synergistic composite ability,Textiles,2023-11-08,2023-12-26,2024-01-15,4925,4153.4208,20455597.44,WH-001,"Dallas, TX",Cancelled,Pending,,2026-03-24
ORD-00001133,SUP-00061,Greene-Osborne,PRD-000120,Enhanced client-server throughput,Electronics,2023-06-15,2023-08-08,2023-08-26,4680,772.9063,3617201.48,WH-008,"Seattle, WA",Ordered,Pending,,2025-03-01
ORD-00001134,SUP-00022,"Reilly, Price and Galloway",PRD-000199,Self-enabling user-facing collaboration,Chemicals,2023-06-13,2023-08-07,2023-08-18,1755,3156.0955,5538947.6,WH-013,"Chicago, IL",Cancelled,Pending,,2024-06-22
ORD-00001135,SUP-00014,Thomas-Nguyen,PRD-000007,Customer-focused context-sensitive attitude,Food & Beverage,2023-07-02,2023-07-22,2023-07-31,2723,9276.2032,25259101.31,WH-013,"New York, NY",Delivered,,Susan Yates,2024-10-04
ORD-00001136,SUP-00041,Webster and Sons,PRD-000151,Reactive incremental instruction set,Food & Beverage,2025-07-09,2025-09-06,2025-09-13,3930,6953.71,27328080.3,WH-014,"Seattle, WA",In Transit,Pending,,2025-04-05
ORD-00001137,SUP-00044,Pitts LLC,PRD-000048,Vision-oriented neutral neural-net,Packaging,2024-10-02,2024-11-23,2024-12-06,-3712,4239.2663,15736156.51,WH-006,"Atlanta, GA",Delivered,Pass,Lisa Stewart,2026-03-17
ORD-00001138,SUP-00060,"Smith, Hill and Steele",PRD-000023,Total asymmetric hardware,Textiles,2025-04-15,2025-04-12,2025-05-24,3345,2802.5339,9374475.9,WH-001,"Chicago, IL",Cancelled,Pending,,2026-01-18
ORD-00001139,SUP-00020,"Reyes, Parker and Gibson",PRD-000072,Realigned bandwidth-monitored benchmark,Chemicals,2024-08-02,2024-09-01,2024-09-14,3004,6630.9244,19919296.9,WH-009,"Chicago, IL",Cancelled,Pending,,2025-05-09
ORD-00001140,SUP-00047,Fuller-Reyes,PRD-000019,Self-enabling transitional pricing structure,Raw Materials,2025-10-15,2025-10-24,2025-11-08,4742,3035.5089,14394383.2,WH-011,"Atlanta, GA",In Transit,Pending,,2025-01-17
ORD-00001141,SUP-00038,Thomas-Wagner,PRD-000132,Synchronized bottom-line intranet,CHEMICALS,2023-08-01,2023-09-03,2023-09-21,3157,1189.978,5384721.62,WH-011,"Atlanta, GA",In Transit,Pending,,2024-08-06
ORD-00001142,SUP-00044,Pitts LLC,PRD-000058,Pre-emptive context-sensitive process improvement,Electronics,2024-06-24,2024-07-03,2024-07-20,30,8836.8435,265105.31,WH-003,"Dallas, TX",Ordered,Pending,,2025-09-19
ORD-00001143,SUP-00061,Greene-Osborne,PRD-000110,Cross-platform encompassing complexity,Machinery,2025-05-13,2025-06-17,2025-06-12,3020,850.5908,2568784.22,WH-014,"New York, NY",Ordered,Pending,,2024-07-31
ORD-00001144,SUP-00037,Shah Inc,PRD-000071,Integrated well-modulated structure,Packaging,2023-04-14,2023-05-10,2023-05-28,1458,2433.4565,3547979.58,WH-010,"Atlanta, GA",Delivered,Fail,Adam Carter,2024-05-06
ORD-00001145,SUP-00076,Roberts-Edwards,PRD-000139,Synchronized responsive product,Textiles,2025-12-19,2026-01-16,,2437,4027.1254,9814104.6,WH-006,"Los Angeles, CA",In Transit,,,2024-10-28
ORD-00001146,SUP-00078,Wallace-Williams,PRD-000082,Ergonomic methodical alliance,Electronics,2024-01-08,2024-02-26,2024-03-11,1522,9115.6271,13873984.45,WH-009,"Dallas, TX",In Transit,Pending,,2024-11-12
ORD-00001147,SUP-00015,"Nguyen, Cruz and Wilson",PRD-000183,Business-focused content-based encryption,ELECTRONICS,2024-01-07,2024-02-28,2024-03-02,-1433,8517.5332,12205625.08,WH-004,"Los Angeles, CA",Cancelled,Pending,,2025-02-26
ORD-00001148,SUP-00013,Meza LLC,PRD-000188,Secured real-time productivity,Food & Beverage,2024-03-01,2024-04-10,2024-02-19,1670,2430.7366,4059330.12,WH-005,"Seattle, WA",Ordered,Pending,,2026-03-29
ORD-00001149,SUP-00068,Gaines-Jackson,PRD-000107,Inverse 3rdgeneration architecture,Food & Beverage,2023-07-06,2023-07-12,2023-07-09,2691,6433.6756,17313021.04,WH-006,"Los Angeles, CA",Delivered,Pending,Noah Rich,2025-06-02
ORD-00001150,SUP-00062,Chapman-Fuller,PRD-000080,Implemented solution-oriented adapter,Textiles,2025-11-03,2026-01-01,2025-12-28,249,7381.3665,1837960.26,WH-014,"Chicago, IL",In Transit,,,2026-01-11
ORD-00001151,SUP-00065,Ellis Group,PRD-000177,Ameliorated optimal encryption,Chemicals,2024-07-21,2024-09-02,2024-08-29,4851,4171.206,20234520.31,WH-005,"Dallas, TX",Cancelled,Pending,,2024-11-21
ORD-00001152,SUP-00040,"Ford, Smith and Hodge",PRD-000145,Horizontal mobile knowledge user,Raw Materials,2023-06-15,2023-07-08,2023-06-01,1392,8535.187,11880980.3,WH-013,"Los Angeles, CA",Cancelled,Pending,,2025-10-22
ORD-00001153,SUP-00028,Padilla PLC,PRD-000011,Organic 24/7 function,Raw Materials,2025-08-06,2025-09-09,2025-09-07,0,6298.5444,15544807.58,WH-008,"Seattle, WA",Cancelled,Pending,,2025-11-10
ORD-00001154,SUP-00014,Thomas-Nguyen,PRD-000195,Cross-group background database,Textiles,2024-06-15,2024-07-13,2024-07-26,4858,7769.7555,39305676.43,WH-005,"New York, NY",Cancelled,Pending,,2024-05-04
ORD-00001155,SUP-00022,"Reilly, Price and Galloway",PRD-000056,Exclusive bandwidth-monitored website,Chemicals,2025-10-30,2025-12-29,2026-01-05,680,7216.5329,4907242.37,WH-002,"Los Angeles, CA",Cancelled,Pending,,2024-07-28
ORD-00001156,SUP-00064,Mitchell Ltd,PRD-000004,Open-source logistical challenge,Raw Materials,2024-03-11,2024-03-26,2024-04-09,2128,6420.1095,13661993.02,WH-010,"Atlanta, GA",Ordered,Pending,,2025-12-30
ORD-00001157,SUP-00050,Dixon Inc,PRD-000019,Self-enabling transitional pricing structure,FOOD & BEVERAGE,2024-07-24,2024-08-04,2024-08-04,2188,7947.3369,17388773.14,WH-002,"Los Angeles, CA",Returned,Pending,Tammy Walker,2026-01-08
ORD-00001158,SUP-00054,Kane PLC,PRD-000090,Multi-channeled asynchronous definition,Raw Materials,2024-03-27,2024-04-16,2024-04-23,668,8428.7735,5630420.7,WH-014,"Chicago, IL",In Transit,Pending,,2025-08-25
ORD-00001159,SUP-00001,"Taylor, Adams and Donaldson",PRD-000024,Cloned cohesive open architecture,Raw Materials,2024-09-16,2024-11-06,2024-11-05,4740,5027.6685,23831148.69,WH-012,"Los Angeles, CA",Delivered,Pending,Kerry Reese,2025-11-16
ORD-00001160,SUP-00016,Acosta and Sons,PRD-000118,Function-based local orchestration,Food & Beverage,2024-08-08,2024-08-24,2024-09-10,1858,706.3557,1255516.92,WH-004,"Los Angeles, CA",In Transit,Pending,,2026-03-31
ORD-00001161,SUP-00006,Petersen-Kelly,PRD-000065,Decentralized well-modulated encoding,Packaging,2025-01-12,2025-02-15,2025-02-12,3843,2525.4365,9705252.47,WH-001,"Dallas, TX",Cancelled,Pending,,2026-01-24
ORD-00001162,SUP-00054,Kane PLC,PRD-000121,Adaptive systematic success,Textiles,2024-04-05,2024-06-03,2024-04-04,288,4010.4563,1636053.3,WH-014,"Atlanta, GA",Ordered,Pending,,2026-03-05
ORD-00001163,SUP-00050,Dixon Inc,PRD-000161,Vision-oriented discrete customer loyalty,Chemicals,2024-09-11,2024-09-28,,3620,6747.2885,24425184.37,WH-005,"Atlanta, GA",Returned,Pending,Geoffrey Gates,2025-05-09
ORD-00001164,SUP-00058,"Browning, Wiley and Duran",PRD-000025,Networked directional synergy,Textiles,2024-10-07,2024-12-05,2024-12-07,4913,4354.4203,21393266.93,WH-013,"Chicago, IL",Ordered,,,2024-07-17
ORD-00001165,SUP-00074,"Mcclain, Johnson and Gibson",PRD-000132,Synchronized bottom-line intranet,Packaging,2025-05-13,2025-06-11,2025-06-06,163,293.9507,47913.96,WH-004,"Dallas, TX",Ordered,Pending,,2026-04-04
ORD-00001166,SUP-00006,Petersen-Kelly,PRD-000049,Monitored systemic knowledge user,Electronics,2023-05-06,2023-05-29,2023-05-24,1460,3575.5237,5220264.6,WH-001,"Seattle, WA",Delivered,Pending,Scott Hudson,2025-03-08
ORD-00001167,SUP-00011,"Hatfield, Lyons and Richards",PRD-000150,Focused fresh-thinking paradigm,Raw Materials,2023-06-17,2023-08-12,2023-08-26,422,9400.5104,3967015.39,WH-013,"Chicago, IL",Delivered,Fail,Travis Dyer,2025-10-08
ORD-00001168,SUP-00051,Hancock LLC,PRD-000044,Pre-emptive discrete methodology,Chemicals,2024-09-17,2024-10-18,2024-10-23,4840,3737.3241,18088648.64,WH-006,"Dallas, TX",Returned,Pending,Vickie Owens,2025-06-08
ORD-00001169,SUP-00070,"Morales, Allen and Pittman",PRD-000146,User-friendly web-enabled Internet solution,Food & Beverage,2024-11-22,2024-12-19,2024-12-28,3427,6006.0147,20582612.38,WH-005,"Chicago, IL",Ordered,Pending,,2025-04-18
ORD-00001170,SUP-00044,Pitts LLC,PRD-000133,Digitized executive emulation,Electronics,2023-09-09,2023-10-08,2023-10-06,4729,3683.1276,17417510.42,WH-004,"Los Angeles, CA",Returned,,Ralph Torres,2025-08-27
ORD-00001171,SUP-00075,Barron Ltd,PRD-000016,Automated didactic concept,Machinery,2023-07-30,2023-08-30,2023-08-30,2189,5471.673,11977492.2,WH-014,"Atlanta, GA",Ordered,Pending,,2025-04-26
ORD-00001172,SUP-00018,"Thomas, Dennis and Rodriguez",PRD-000151,Reactive incremental instruction set,Chemicals,2025-08-13,2025-10-05,2025-10-05,4250,4808.3604,20435531.7,WH-006,"Chicago, IL",Cancelled,Pending,,2024-08-30
ORD-00001173,SUP-00016,Acosta and Sons,PRD-000190,Virtual fresh-thinking function,Textiles,2025-12-23,2026-01-16,,345,7983.4561,2754292.35,WH-013,"Seattle, WA",Cancelled,,,2025-10-06
ORD-00001174,SUP-00025,Turner Ltd,PRD-000031,Stand-alone systemic productivity,Chemicals,2024-02-01,2024-03-17,,2987,1641.4603,4903041.92,WH-007,"New York, NY",Cancelled,Pending,,2025-10-14
ORD-00001175,SUP-00055,"Myers, Coleman and White",PRD-000062,Mandatory heuristic standardization,raw materials,2026-02-16,2026-03-29,2026-03-27,0,7665.3376,29097621.53,WH-011,"Dallas, TX",Ordered,Pending,,2024-07-16
ORD-00001176,SUP-00033,Henderson-Mcguire,PRD-000183,Business-focused content-based encryption,Chemicals,2025-04-28,2025-06-26,,3263,9971.8523,32538154.05,WH-012,"Los Angeles, CA",Returned,Fail,Amber Ruiz,2025-08-17
ORD-00001177,SUP-00078,Wallace-Williams,PRD-000046,Ergonomic demand-driven function,Raw Materials,2024-06-23,2024-07-10,,3152,810.9715,3075231.79,WH-008,"Seattle, WA",Ordered,Pending,,2024-08-19
ORD-00001178,SUP-00067,Brooks and Sons,PRD-000132,Synchronized bottom-line intranet,Packaging,2025-09-09,2025-09-22,2025-09-25,4433,1008.6013,4471129.56,WH-007,"Los Angeles, CA",Delivered,Pass,Bridget Rose,2025-07-25
ORD-00001179,SUP-00052,Vargas-Hunter,PRD-000076,Customer-focused cohesive middleware,Food & Beverage,2026-03-24,2026-05-21,2026-06-06,3495,6127.9675,21417246.41,WH-002,"Los Angeles, CA",Delivered,Pass,,2025-04-10
ORD-00001180,SUP-00010,Robertson and Sons,PRD-000098,Total regional throughput,Textiles,2026-02-06,2026-02-16,2026-02-20,4216,7726.6322,32575481.36,WH-002,"Seattle, WA",Cancelled,Pending,,2025-03-14
ORD-00001181,SUP-00074,"Mcclain, Johnson and Gibson",PRD-000085,Team-oriented exuding productivity,Textiles,2023-12-21,2024-01-16,2024-01-19,3125,1798.8929,5621540.31,WH-014,"Chicago, IL",Ordered,Pending,,2026-03-12
ORD-00001182,SUP-00028,Padilla PLC,PRD-000127,Ameliorated contextually-based model,Packaging,2025-04-09,2025-06-04,2025-06-16,4874,8027.1663,39124408.55,WH-008,"New York, NY",In Transit,Pending,,2024-08-13
ORD-00001183,SUP-00055,"Myers, Coleman and White",PRD-000095,Programmable zero-defect infrastructure,Packaging,2025-06-15,2025-06-28,2025-07-09,2945,2477.3305,7295738.32,WH-005,"Seattle, WA",Cancelled,Pending,,2025-03-01
ORD-00001184,SUP-00040,"Ford, Smith and Hodge",PRD-000012,Up-sized actuating model,Packaging,2025-03-04,2025-03-15,2025-04-01,1558,4012.1196,6250882.34,WH-005,"Seattle, WA",Delivered,Fail,Christine Burton,2024-09-27
ORD-00001185,SUP-00073,Newman PLC,PRD-000004,Open-source logistical challenge,Textiles,2025-08-08,2025-08-23,2025-08-31,3279,4192.8477,13748347.61,WH-006,"Chicago, IL",Delivered,Pass,,2025-02-19
ORD-00001186,SUP-00074,"Mcclain, Johnson and Gibson",PRD-000145,Horizontal mobile knowledge user,Electronics,2026-04-05,2026-05-09,,4148,5734.0577,23784871.34,WH-010,"Los Angeles, CA",In Transit,Pending,,2024-07-29
ORD-00001187,SUP-00057,Cohen PLC,PRD-000168,Upgradable object-oriented product,Food & Beverage,2023-05-18,2023-07-11,2023-07-16,1352,9171.4669,12399823.25,WH-009,"Seattle, WA",Delivered,Pass,Kelsey Cole,2024-09-10
ORD-00001188,,Chapman-Fuller,PRD-000165,Integrated 5thgeneration contingency,Machinery,2024-04-15,2024-04-26,2024-05-12,3297,2274.347,7498522.06,WH-010,"Chicago, IL",Delivered,Pending,Karen Gonzalez,2024-06-10
ORD-00001189,SUP-00043,"Johnson, Brown and Coleman",PRD-000020,Universal methodical workforce,Raw Materials,2025-05-20,2025-06-18,2025-06-17,915,9169.3585,8389963.03,WH-004,"Atlanta, GA",In Transit,Pending,,2026-02-16
ORD-00001190,SUP-00007,Anderson-Jackson,PRD-000163,Secured 24hour knowledge user,Raw Materials,2024-11-23,2024-12-31,2025-01-14,3831,6462.1006,42143595.73,WH-009,"Seattle, WA",In Transit,Pending,,2024-12-04
ORD-00001191,SUP-00025,Turner Ltd,PRD-000176,Persistent clear-thinking adapter,Machinery,2026-01-19,2026-01-31,2026-02-05,4848,8659.7483,41982459.76,WH-010,"New York, NY",Delivered,Pending,Jordan Gregory,2026-01-08
ORD-00001192,SUP-00077,Taylor-Evans,PRD-000073,Seamless non-volatile collaboration,Machinery,2025-09-07,2025-10-04,2025-08-17,4814,6209.6893,29893444.29,WH-012,"New York, NY",Cancelled,Pending,,2025-03-25
ORD-00001193,SUP-00003,Bennett PLC,PRD-000126,Organized 24hour attitude,Packaging,2023-10-24,2023-11-04,2023-11-22,172,8077.6333,1389352.93,WH-006,"Dallas, TX",Cancelled,Pending,,2025-08-10
ORD-00001194,SUP-00071,"Robbins, Chapman and Morris",PRD-000084,Synergized scalable matrices,Electronics,2023-12-31,2024-01-09,2024-01-10,1056,9811.5927,10361041.89,WH-010,"Seattle, WA",Returned,Pending,Timothy Gaines,2024-11-15
ORD-00001195,SUP-00060,"Smith, Hill and Steele",PRD-000030,Inverse real-time database,Food & Beverage,2023-05-13,2023-06-02,2023-06-17,1736,5518.2815,9579736.68,WH-006,"Atlanta, GA",Delivered,Pass,Steve Meyer,2025-05-26
ORD-00001196,SUP-00033,Henderson-Mcguire,PRD-000062,Mandatory heuristic standardization,Textiles,2025-01-11,2025-01-09,2025-02-17,2431,6057.3067,14725312.59,WH-012,"New York, NY",In Transit,Pending,,2025-12-26
ORD-00001197,SUP-00060,"Smith, Hill and Steele",PRD-000148,Pre-emptive clear-thinking initiative,MACHINERY,2024-04-26,2024-05-06,2024-05-12,410,5779.8274,2369729.23,WH-003,"New York, NY",Returned,,Justin Mullins,2024-11-11
ORD-00001198,SUP-00051,Hancock LLC,PRD-000123,Ameliorated local concept,Packaging,2025-09-01,2025-09-30,2025-10-08,4381,8619.398,37761582.64,WH-005,"New York, NY",Returned,Pending,,2025-02-03
ORD-00001199,SUP-00048,Morgan-Ware,PRD-000114,Programmable national open architecture,Raw Materials,2024-10-16,2024-11-14,2024-12-01,4184,7170.7863,30002569.88,WH-001,"Los Angeles, CA",In Transit,Pending,,2025-07-24
ORD-00001200,SUP-00069,Thompson-Owens,PRD-000037,Multi-channeled 3rdgeneration website,Electronics,2024-03-17,2024-05-09,2024-05-05,4999,6532.7366,32657150.26,WH-012,"Los Angeles, CA",Cancelled,Pending,,2025-05-21
ORD-00001201,SUP-00055,"Myers, Coleman and White",PRD-000134,Cross-group neutral access,Food & Beverage,2024-01-23,2024-02-10,2024-02-19,1733,6808.844,11799726.65,WH-013,"Los Angeles, CA",Delivered,Fail,Jonathan Morse,2024-04-20
ORD-00001202,SUP-00011,"Hatfield, Lyons and Richards",PRD-000079,Multi-layered encompassing hierarchy,Textiles,2026-01-21,2026-03-09,2026-03-14,1961,6363.128,12478094.01,WH-001,"Chicago, IL",Delivered,Pass,,2025-02-19
ORD-00001203,SUP-00074,"Mcclain, Johnson and Gibson",PRD-000148,Pre-emptive clear-thinking initiative,Chemicals,2023-08-17,2023-09-26,2023-10-13,3405,6531.6294,22240198.11,WH-010,"Atlanta, GA",Delivered,Pending,John Medina,2025-09-07
ORD-00001204,SUP-00002,Jimenez Inc,PRD-000117,Grass-roots neutral database,Packaging,2023-12-02,2024-01-21,2024-01-16,3634,7499.6516,27253733.91,WH-004,"Los Angeles, CA",Delivered,Pending,Charles King,2025-10-05
ORD-00001205,SUP-00057,Cohen PLC,PRD-000089,Managed bandwidth-monitored customer loyalty,Electronics,2025-12-03,2026-01-20,2026-01-15,1466,8777.0373,12867136.68,WH-014,"Atlanta, GA",Returned,Fail,,2025-04-26
ORD-00001206,SUP-00042,Peters Group,PRD-000087,Stand-alone cohesive approach,Packaging,2024-02-27,2024-02-19,,1448,7219.7514,10454200.03,WH-009,"Los Angeles, CA",Cancelled,,,2025-01-19
ORD-00001207,SUP-00011,"Hatfield, Lyons and Richards",PRD-000111,Team-oriented value-added middleware,Chemicals,2023-12-14,2023-12-31,2024-01-10,1274,68.604,107342.26,WH-014,"Atlanta, GA",Returned,Pass,Jason Moreno,2024-09-09
ORD-00001208,SUP-00065,Ellis Group,PRD-000139,Synchronized responsive product,Food & Beverage,2024-01-29,2024-02-18,2024-02-26,2483,3747.4723,9304973.72,WH-011,"Dallas, TX",Cancelled,Pending,,2025-11-23
ORD-00001209,SUP-00078,Wallace-Williams,PRD-000140,Quality-focused encompassing alliance,Food & Beverage,2026-03-27,2026-05-21,2026-05-18,3236,849.2729,2748247.1,WH-006,"Atlanta, GA",Returned,Pending,Sabrina Velez,2025-02-12
ORD-00001210,SUP-00067,Brooks and Sons,PRD-000195,Cross-group background database,Textiles,2025-02-26,2025-03-13,2025-03-30,3611,6502.3728,23480068.18,WH-002,"Seattle, WA",Returned,Pass,Juan Crawford,2025-06-10
ORD-00001211,SUP-00069,Thompson-Owens,PRD-000064,Multi-layered composite neural-net,Machinery,2024-06-20,2024-06-28,,245,4782.5907,1171734.72,WH-008,"Chicago, IL",Delivered,Fail,,2024-08-30
ORD-00001212,SUP-00022,"Reilly, Price and Galloway",PRD-000042,Managed neutral algorithm,Packaging,2024-03-16,2024-04-20,2024-04-16,1985,4369.451,8673360.23,WH-005,"Los Angeles, CA",Cancelled,,,2025-04-24
ORD-00001213,SUP-00029,"Lawrence, Sutton and Fowler",PRD-000059,Fundamental asynchronous application,Raw Materials,2025-09-28,2025-11-24,2025-12-03,4454,7922.4259,35286484.96,WH-006,"New York, NY",Returned,Fail,Carla Krause,2024-11-15
ORD-00001214,SUP-00076,Roberts-Edwards,PRD-000033,Streamlined methodical hierarchy,Textiles,2025-10-17,2025-12-13,2026-01-01,1183,4856.2432,5744935.71,WH-008,"Dallas, TX",Cancelled,Pending,,2024-08-07
ORD-00001215,SUP-00003,Bennett PLC,PRD-000174,Seamless multimedia customer loyalty,Raw Materials,2024-10-29,2024-11-11,2024-11-19,370,2401.1175,888413.47,WH-001,"Atlanta, GA",Cancelled,,,2024-09-06
ORD-00001216,SUP-00058,"Browning, Wiley and Duran",PRD-000096,Progressive empowering capability,Textiles,2025-08-31,2025-09-27,2025-10-07,1800,8231.2811,14816305.98,WH-003,"Seattle, WA",Returned,,Jennifer Evans,2025-07-13
ORD-00001217,SUP-00041,Webster and Sons,PRD-000019,Self-enabling transitional pricing structure,Food & Beverage,2025-06-04,2025-07-22,2025-08-06,3827,857.0795,3280043.25,WH-008,"Los Angeles, CA",Returned,Pending,Nathan Walker PhD,2025-04-26
ORD-00001218,SUP-00033,Henderson-Mcguire,PRD-000067,Function-based human-resource secured line,Raw Materials,2023-08-07,2023-09-26,2023-09-24,4227,9664.6824,40852612.5,WH-001,"Seattle, WA",Ordered,Pending,,2026-02-26
ORD-00001219,,Chapman-Fuller,PRD-000063,Implemented regional adapter,Raw Materials,2024-11-12,2024-11-23,2024-11-21,4832,7291.7495,35233733.58,WH-013,"New York, NY",Cancelled,Pending,,2025-07-16
ORD-00001220,SUP-00068,Gaines-Jackson,PRD-000057,Horizontal background framework,Textiles,2025-09-04,2025-09-20,2025-10-10,3936,163.6329,644059.09,WH-007,"Atlanta, GA",Delivered,Pending,Mr. John Dixon,2026-01-13
ORD-00001221,SUP-00058,"Browning, Wiley and Duran",PRD-000108,Advanced next generation Graphic Interface,Packaging,2026-02-04,2026-02-22,2026-03-05,3237,3339.2872,10809272.67,WH-012,"Dallas, TX",Cancelled,Pending,,2025-07-24
ORD-00001222,SUP-00017,Griffin and Sons,PRD-000054,Reactive holistic flexibility,Machinery,2025-10-11,2025-10-19,2025-11-07,4270,3306.8083,14120071.44,WH-009,"Atlanta, GA",Returned,Fail,Virginia Espinoza,2024-09-19
ORD-00001223,SUP-00005,Williams LLC,PRD-000092,Pre-emptive human-resource customer loyalty,Machinery,2023-10-14,2023-11-15,2023-11-26,473,1563.6358,739599.73,WH-005,"New York, NY",Ordered,Pending,,2025-12-31
ORD-00001224,SUP-00023,"Boyle, Miller and Ellis",PRD-000063,Implemented regional adapter,Electronics,2025-06-16,2025-07-06,,1336,4387.2158,5861320.31,WH-009,"Chicago, IL",Returned,Pass,,2025-11-10
ORD-00001225,SUP-00072,Jackson Inc,PRD-000144,Reduced motivating open architecture,Raw Materials,2025-09-15,2025-10-22,2025-10-31,503,1999.6231,1005810.42,WH-009,"Seattle, WA",Delivered,Pass,,2026-03-12
ORD-00001226,SUP-00060,"Smith, Hill and Steele",PRD-000122,Phased holistic policy,Machinery,2025-09-30,2025-10-17,2025-11-03,1854,8316.3791,15418566.85,WH-007,"Los Angeles, CA",Delivered,Pass,,2025-01-26
ORD-00001227,SUP-00041,Webster and Sons,PRD-000152,Focused background Internet solution,Food & Beverage,2023-04-16,2023-05-16,2023-05-21,3263,6657.0154,21721841.25,WH-014,"Atlanta, GA",In Transit,Pending,,2026-01-15
ORD-00001228,,Jimenez Inc,PRD-000090,Multi-channeled asynchronous definition,Chemicals,2025-08-06,2025-08-13,2025-08-20,4168,4118.1061,17164266.22,WH-006,"New York, NY",Cancelled,Pending,,2024-05-22
ORD-00001229,SUP-00035,Mann Ltd,PRD-000007,Customer-focused context-sensitive attitude,Chemicals,2025-12-28,2026-01-27,,4645,2104.7935,9776765.81,WH-005,"Chicago, IL",In Transit,Pending,,2024-04-23
ORD-00001230,SUP-00004,Humphrey Group,PRD-000162,Front-line local website,Food & Beverage,2025-09-04,2025-10-25,2025-11-02,1832,6136.1613,11241447.5,WH-005,"Atlanta, GA",Delivered,Pending,Laurie Phillips,2024-04-16
ORD-00001231,SUP-00035,Mann Ltd,PRD-000015,Distributed 6thgeneration info-mediaries,Textiles,2025-01-22,2025-02-10,2025-02-12,2018,5208.4462,10510644.43,WH-013,"New York, NY",Cancelled,Pending,,2024-12-21
ORD-00001232,SUP-00035,Mann Ltd,PRD-000043,Decentralized disintermediate database,Electronics,2024-06-08,2024-07-18,2024-07-21,1402,7883.0565,11052045.21,WH-008,"Seattle, WA",Delivered,Fail,Michelle Nixon,2026-02-17
ORD-00001233,SUP-00047,Fuller-Reyes,PRD-000110,Cross-platform encompassing complexity,Chemicals,2024-03-28,2024-04-23,2024-04-28,4406,5171.5292,22785757.66,WH-010,"Seattle, WA",Delivered,Pass,,2025-08-06
ORD-00001234,SUP-00070,"Morales, Allen and Pittman",PRD-000022,Networked empowering open system,Textiles,2024-06-14,2024-07-13,2024-07-16,3556,2353.6389,8369539.93,WH-001,"Los Angeles, CA",Returned,Pass,,2025-04-05
ORD-00001235,SUP-00033,Henderson-Mcguire,PRD-000084,Synergized scalable matrices,Textiles,2024-03-22,2024-04-24,2024-04-29,745,4386.2743,3267774.35,WH-005,"Atlanta, GA",Cancelled,Pending,,2024-07-22
ORD-00001236,SUP-00047,Fuller-Reyes,PRD-000039,Profit-focused system-worthy paradigm,Machinery,2025-06-10,2025-08-03,2025-08-10,698,3851.3257,1828484.75,WH-003,"Seattle, WA",Delivered,Pass,Troy Lamb,2024-09-19
ORD-00001237,SUP-00052,Vargas-Hunter,PRD-000112,Innovative real-time neural-net,Textiles,2024-02-09,2024-03-01,2024-03-18,2715,705.1906,1914592.48,WH-008,"New York, NY",Returned,Pass,Stacy Butler,2026-03-05
ORD-00001238,SUP-00013,Meza LLC,PRD-000182,Fully-configurable solution-oriented open system,Electronics,2025-06-10,2025-08-01,2025-08-08,3401,8928.3406,30365286.38,WH-006,"New York, NY",Delivered,Pass,Mrs. Amy Lloyd MD,2025-03-20
ORD-00001239,SUP-00043,"Johnson, Brown and Coleman",PRD-000148,Pre-emptive clear-thinking initiative,Chemicals,2026-04-10,2026-06-02,2026-06-20,3894,5037.6584,19616641.81,WH-007,"Seattle, WA",Cancelled,Pending,,2024-09-22
ORD-00001240,SUP-00028,Padilla PLC,PRD-000077,Devolved hybrid core,Machinery,2026-02-17,2026-03-05,2026-03-07,1660,1397.2826,2319489.12,WH-006,"New York, NY",Returned,Pass,Kathy Brown,2025-07-01
ORD-00001241,SUP-00063,Montoya Inc,PRD-000190,Virtual fresh-thinking function,Textiles,2024-01-30,2024-03-20,2024-01-25,715,5688.7348,2714350.4,WH-003,"Chicago, IL",Returned,Pending,,2026-03-15
ORD-00001242,SUP-00052,Vargas-Hunter,PRD-000001,Ameliorated interactive software,Machinery,2025-09-30,2025-10-23,2025-10-18,4948,4334.4067,21446644.35,WH-004,"Seattle, WA",Returned,Pending,Alexandra Manning,2024-10-19
ORD-00001243,SUP-00008,"Barber, Davis and Barnett",PRD-000017,Up-sized zero administration info-mediaries,Chemicals,2025-06-01,2025-07-25,,2324,5437.6478,12637093.49,WH-006,"Seattle, WA",In Transit,Pending,,2024-05-30
ORD-00001244,SUP-00043,"Johnson, Brown and Coleman",PRD-000022,Networked empowering open system,Packaging,2026-03-11,2026-03-24,2026-02-17,3609,5535.0296,19975921.83,WH-005,"Atlanta, GA",In Transit,Pending,,2025-05-08
ORD-00001245,SUP-00010,Robertson and Sons,PRD-000165,Integrated 5thgeneration contingency,Machinery,2025-05-25,2025-05-23,2025-07-15,821,3117.9761,2559858.38,WH-010,"New York, NY",Cancelled,,,2026-04-07
ORD-00001246,SUP-00004,Humphrey Group,PRD-000156,Sharable disintermediate Graphical User Interface,Textiles,2025-04-19,2025-04-24,2025-05-13,2855,7997.0397,22831548.34,WH-010,"New York, NY",In Transit,Pending,,2025-10-13
ORD-00001247,SUP-00007,Anderson-Jackson,PRD-000153,Function-based reciprocal firmware,Machinery,2023-05-03,2023-06-02,2023-05-30,3801,4709.4507,17900622.11,WH-004,"Atlanta, GA",Cancelled,Pending,,2026-04-11
ORD-00001248,SUP-00027,"Ellis, Webb and Rivera",PRD-000044,Pre-emptive discrete methodology,Electronics,2026-01-15,2026-02-26,2026-03-13,3425,8577.1608,29376775.74,WH-004,"Chicago, IL",Ordered,Pending,,2025-03-01
ORD-00001249,SUP-00068,Gaines-Jackson,PRD-000197,Multi-tiered dedicated focus group,Raw Materials,2023-10-19,2023-11-27,2023-12-04,2877,7115.8509,20472303.04,WH-013,"Dallas, TX",Returned,Fail,Jaime Green,2024-04-23
ORD-00001250,SUP-00066,Willis-Olson,PRD-000061,Profound upward-trending Graphic Interface,Chemicals,2025-11-23,2026-01-02,2026-01-10,2479,3558.5557,8821659.58,WH-007,"Chicago, IL",Cancelled,Pending,,2024-08-29
ORD-00001251,SUP-00033,Henderson-Mcguire,PRD-000028,Future-proofed secondary collaboration,Raw Materials,2023-06-30,2023-08-09,2023-08-05,728,9618.7385,7002441.63,WH-003,"Los Angeles, CA",Cancelled,Pending,,2025-02-24
ORD-00001252,SUP-00069,Thompson-Owens,PRD-000128,Compatible human-resource interface,Machinery,2025-06-30,2025-07-10,,4069,949.5906,3863884.15,WH-012,"New York, NY",In Transit,Pending,,2025-09-01
ORD-00001253,SUP-00047,Fuller-Reyes,PRD-000077,Devolved hybrid core,Raw Materials,2026-02-23,2026-03-06,,2602,8174.5582,21270200.44,WH-007,"Atlanta, GA",Cancelled,Pending,,2025-11-05
ORD-00001254,SUP-00043,"Johnson, Brown and Coleman",PRD-000183,Business-focused content-based encryption,Machinery,2023-09-26,2023-10-20,2023-10-28,3081,4421.8404,13623690.27,WH-005,"Atlanta, GA",Ordered,Pending,,2025-03-23
ORD-00001255,SUP-00035,Mann Ltd,PRD-000069,Decentralized systemic interface,Electronics,2024-06-22,2024-07-11,2024-07-31,2643,8596.7454,22721198.09,WH-012,"Seattle, WA",In Transit,Pending,,2025-10-10
ORD-00001256,SUP-00073,Newman PLC,PRD-000141,Focused 24hour instruction set,Textiles,2025-08-27,2025-10-11,2025-08-13,4683,4887.9691,22890359.3,WH-011,"Atlanta, GA",Delivered,Pass,Justin Smith,2025-12-15
ORD-00001257,SUP-00068,Gaines-Jackson,PRD-000145,Horizontal mobile knowledge user,Electronics,2025-04-17,2025-05-04,2025-05-21,-2489,1568.4106,3903773.98,WH-002,"Dallas, TX",Returned,Pending,Jack Washington,2025-03-25
ORD-00001258,,Turner Ltd,PRD-000161,Vision-oriented discrete customer loyalty,Food & Beverage,2024-08-19,2024-09-19,2024-10-06,1776,5455.7764,9689458.89,WH-009,"New York, NY",In Transit,Pending,,2025-10-22
ORD-00001259,SUP-00058,"Browning, Wiley and Duran",PRD-000125,Intuitive intangible artificial intelligence,Raw Materials,2025-04-04,2025-05-13,2025-05-23,1655,1240.2269,2052575.52,WH-001,"Dallas, TX",In Transit,,,2025-03-26
ORD-00001260,SUP-00045,Barnes-Rivers,PRD-000123,Ameliorated local concept,Packaging,2024-01-20,2024-02-10,2024-02-23,2806,8832.8751,24785047.53,WH-011,"Dallas, TX",Ordered,Pending,,2025-02-09
ORD-00001261,SUP-00076,Roberts-Edwards,PRD-000113,Quality-focused real-time matrices,Electronics,2024-08-10,2024-09-17,2024-09-24,1856,20.3158,37706.12,WH-008,"Los Angeles, CA",Delivered,Pass,Brian Barnes,2025-05-01
ORD-00001262,SUP-00077,Taylor-Evans,PRD-000129,Compatible methodical leverage,Machinery,2026-02-22,2026-03-31,2026-04-07,3313,2387.5746,7910034.65,WH-007,"New York, NY",Returned,Fail,,2026-01-14
ORD-00001263,SUP-00053,"Osborn, Ryan and Garrett",PRD-000173,Optional multimedia architecture,Raw Materials,2025-08-26,2025-09-12,2025-10-02,425,2465.1114,1047672.34,WH-007,"New York, NY",Returned,Pass,Victor Curtis,2025-10-23
ORD-00001264,SUP-00017,Griffin and Sons,PRD-000169,Organized explicit utilization,Food & Beverage,2026-03-24,2026-04-29,2026-04-24,3403,4690.7629,15962666.15,WH-001,"Dallas, TX",Delivered,Pending,Monica Oliver,2024-11-26
ORD-00001265,SUP-00027,"Ellis, Webb and Rivera",PRD-000075,Realigned coherent capacity,Packaging,2025-01-09,2025-03-07,2024-12-25,112,4340.7054,486159.0,WH-004,"Los Angeles, CA",Ordered,Pending,,2025-11-09
ORD-00001266,SUP-00046,Dunn LLC,PRD-000097,Versatile static software,Food & Beverage,2023-07-31,2023-08-22,2023-08-29,3688,9079.7038,33485947.61,WH-001,"New York, NY",Ordered,,,2025-12-08
ORD-00001267,SUP-00073,Newman PLC,PRD-000031,Stand-alone systemic productivity,MACHINERY,2026-02-16,2026-03-02,2026-02-28,-4589,6135.9909,36795480.95,WH-011,"Dallas, TX",Ordered,Pending,,2024-07-20
ORD-00001268,SUP-00056,Garcia Group,PRD-000056,Exclusive bandwidth-monitored website,Food & Beverage,2024-05-30,2024-06-08,,2041,9869.8592,20144382.63,WH-001,"Atlanta, GA",Returned,Pending,Taylor Fry,2024-11-20
ORD-00001269,SUP-00053,"Osborn, Ryan and Garrett",PRD-000042,Managed neutral algorithm,Food & Beverage,2025-12-04,2026-01-16,2026-02-02,3090,6354.0191,19633919.02,WH-003,"Dallas, TX",In Transit,Pending,,2025-07-10
ORD-00001270,SUP-00016,Acosta and Sons,PRD-000147,Implemented content-based open architecture,Raw Materials,2023-09-15,2023-09-26,2023-09-26,3290,4203.2496,13828691.18,WH-006,"Dallas, TX",Delivered,Pending,,2024-09-03
ORD-00001271,SUP-00025,Turner Ltd,PRD-000121,Adaptive systematic success,Food & Beverage,2026-02-12,2026-03-30,2026-04-04,3905,5967.487,23303036.73,WH-008,"Seattle, WA",Returned,Pending,Jasmine Cooper,2025-02-12
ORD-00001272,,Lee Ltd,PRD-000077,Devolved hybrid core,Packaging,2025-06-26,2025-08-21,2025-09-07,1958,6143.8904,12029737.4,WH-014,"Los Angeles, CA",Returned,Pass,Mary Morrison,2025-12-18
ORD-00001273,SUP-00015,"Nguyen, Cruz and Wilson",PRD-000199,Self-enabling user-facing collaboration,Food & Beverage,2023-11-05,2023-12-24,2024-01-02,4638,7864.7865,36476879.79,WH-004,"Atlanta, GA",Returned,Fail,Tara Hood,2026-02-13
ORD-00001274,SUP-00076,Roberts-Edwards,PRD-000055,Streamlined dedicated moderator,Raw Materials,2024-04-06,2024-05-16,2024-06-01,294,7708.7113,2266361.12,WH-012,"Los Angeles, CA",Returned,Fail,,2024-06-20
ORD-00001275,SUP-00020,"Reyes, Parker and Gibson",PRD-000133,Digitized executive emulation,Electronics,2024-02-06,2024-03-18,2024-04-01,2064,7827.3028,16155552.98,WH-013,"Los Angeles, CA",Ordered,Pending,,2025-07-01
ORD-00001276,SUP-00044,Pitts LLC,PRD-000193,Multi-tiered bandwidth-monitored adapter,Electronics,2024-02-28,2024-04-05,2024-04-03,4620,4845.831,22387739.22,WH-014,"Los Angeles, CA",Returned,Pending,,2025-01-01
ORD-00001277,SUP-00013,Meza LLC,PRD-000129,Compatible methodical leverage,Electronics,2024-06-06,2024-07-18,2024-08-07,85,1556.7286,132321.93,WH-009,"Chicago, IL",Ordered,Pending,,2025-01-01
ORD-00001278,SUP-00069,Thompson-Owens,PRD-000022,Networked empowering open system,Food & Beverage,2025-06-30,2025-08-28,2025-08-31,293,4586.8902,1343958.83,WH-005,"Atlanta, GA",In Transit,Pending,,2025-06-15
ORD-00001279,SUP-00069,Thompson-Owens,PRD-000053,Public-key 4thgeneration hierarchy,Textiles,2024-05-08,2024-05-17,2024-05-12,295,8855.3228,2612320.23,WH-001,"Los Angeles, CA",Cancelled,Pending,,2025-08-04
ORD-00001280,SUP-00063,Montoya Inc,PRD-000064,Multi-layered composite neural-net,Packaging,2025-07-06,2025-08-11,2025-08-12,4689,7575.6158,35522062.49,WH-008,"Chicago, IL",Returned,Fail,,2026-02-03
ORD-00001281,SUP-00006,Petersen-Kelly,PRD-000152,Focused background Internet solution,Machinery,2024-01-17,2024-03-03,2024-03-16,4311,2872.1911,12382015.83,WH-014,"Chicago, IL",In Transit,Pending,,2025-12-14
ORD-00001282,SUP-00026,Velasquez-Flores,PRD-000042,Managed neutral algorithm,Machinery,2025-02-02,2025-03-02,2025-03-06,314,5426.1478,1703810.41,WH-008,"Dallas, TX",Ordered,Pending,,2024-08-23
ORD-00001283,SUP-00063,Montoya Inc,PRD-000182,Fully-configurable solution-oriented open system,Electronics,2024-04-11,2024-05-16,2024-05-18,814,8352.1213,6798626.74,WH-014,"Dallas, TX",Delivered,Fail,Austin Roman,2024-09-13
ORD-00001284,SUP-00051,Hancock LLC,PRD-000094,Reactive disintermediate methodology,Food & Beverage,2023-09-18,2023-09-29,2023-10-17,1938,226.9779,439883.17,WH-013,"Chicago, IL",Cancelled,Pending,,2026-01-17
ORD-00001285,SUP-00027,"Ellis, Webb and Rivera",PRD-000059,Fundamental asynchronous application,Textiles,2026-01-01,2026-02-10,2026-02-12,2326,7268.7139,16907028.53,WH-002,"Atlanta, GA",In Transit,,,2025-09-13
ORD-00001286,SUP-00037,Shah Inc,PRD-000114,Programmable national open architecture,Food & Beverage,2024-04-25,2024-05-24,2024-05-24,2539,330.519,839187.74,WH-011,"Dallas, TX",In Transit,Pending,,2026-01-12
ORD-00001287,SUP-00058,"Browning, Wiley and Duran",PRD-000130,Monitored empowering migration,Textiles,2024-11-22,2025-01-03,2025-01-07,428,8399.1147,3594821.09,WH-014,"New York, NY",Cancelled,Pending,,2025-08-26
ORD-00001288,SUP-00062,Chapman-Fuller,PRD-000151,Reactive incremental instruction set,Food & Beverage,2023-04-18,2023-05-08,2023-05-27,460,5051.2896,2323593.22,WH-012,"Los Angeles, CA",In Transit,Pending,,2026-03-09
ORD-00001289,SUP-00014,Thomas-Nguyen,PRD-000134,Cross-group neutral access,Raw Materials,2025-12-29,2026-02-12,2026-02-25,2272,8780.1007,19948388.79,WH-009,"Seattle, WA",Returned,Fail,Laura Mendez,2025-05-22
ORD-00001290,SUP-00064,Mitchell Ltd,PRD-000032,Total radical methodology,CHEMICALS,2023-04-26,2023-05-14,2023-05-21,4237,4213.6013,17853028.71,WH-009,"Chicago, IL",In Transit,Pending,,2025-10-10
ORD-00001291,SUP-00019,Rivas-Whitaker,PRD-000133,Digitized executive emulation,Raw Materials,2024-09-21,2024-09-30,2024-10-10,1779,6709.6003,11936378.93,WH-003,"Seattle, WA",Ordered,,,2025-05-04
ORD-00001292,SUP-00011,"Hatfield, Lyons and Richards",PRD-000085,Team-oriented exuding productivity,Machinery,2024-07-13,2024-08-13,2024-08-25,1702,708.1001,1205186.37,WH-013,"Los Angeles, CA",In Transit,Pending,,2025-05-31
ORD-00001293,SUP-00019,Rivas-Whitaker,PRD-000158,Focused maximized focus group,Chemicals,2024-09-07,2024-10-25,2024-11-08,0,3839.4535,5187101.68,WH-011,"Atlanta, GA",Cancelled,Pending,,2025-07-17
ORD-00001294,SUP-00054,Kane PLC,PRD-000083,Profit-focused well-modulated function,Raw Materials,2025-10-18,2025-12-14,,2010,126.3187,253900.59,WH-001,"New York, NY",Returned,Pending,Nicholas Nelson,2025-05-12
ORD-00001295,SUP-00063,Montoya Inc,PRD-000049,Monitored systemic knowledge user,Textiles,2026-02-02,2026-01-24,2026-02-13,4999,7309.3825,36539603.12,WH-002,"Los Angeles, CA",Cancelled,Pending,,2024-12-31
ORD-00001296,SUP-00028,Padilla PLC,PRD-000161,Vision-oriented discrete customer loyalty,Chemicals,2026-01-16,2026-03-13,2026-03-30,3548,5644.847,20027917.16,WH-002,"Los Angeles, CA",Ordered,Pending,,2026-01-24
ORD-00001297,SUP-00078,Wallace-Williams,PRD-000172,Persevering fault-tolerant throughput,Raw Materials,2025-08-15,2025-08-25,2025-08-21,2312,9553.8013,22088388.61,WH-005,"New York, NY",Delivered,Pass,Joseph Dixon,2025-09-17
ORD-00001298,,Greene-Osborne,PRD-000068,Synchronized next generation archive,Chemicals,2023-12-24,2024-01-02,2024-01-18,4968,4856.6511,24127842.66,WH-007,"Atlanta, GA",Delivered,Pending,Gary Bryan,2026-03-19
ORD-00001299,SUP-00030,Shaw-Moore,PRD-000078,Devolved didactic instruction set,textiles,2024-05-17,2024-07-06,2024-07-10,4882,588.7634,2874342.92,WH-008,"Los Angeles, CA",Delivered,Pass,Katherine Harris,2025-04-16
ORD-00001300,SUP-00001,"Taylor, Adams and Donaldson",PRD-000117,Grass-roots neutral database,Machinery,2026-02-23,2026-03-11,2026-03-23,3404,1999.0752,6804851.98,WH-005,"Dallas, TX",Ordered,Pending,,2024-06-11
ORD-00001301,SUP-00029,"Lawrence, Sutton and Fowler",PRD-000164,Profit-focused transitional data-warehouse,Chemicals,2024-06-07,2024-07-17,,-1252,111.6921,139838.51,WH-001,"New York, NY",Ordered,Pending,,2026-03-05
ORD-00001302,SUP-00049,Arellano-Anderson,PRD-000038,Organic actuating strategy,Machinery,2024-03-01,2024-03-30,2024-04-07,2560,8564.5073,21925138.69,WH-007,"Atlanta, GA",Ordered,Pending,,2026-03-30
ORD-00001303,SUP-00039,"Wiley, Brown and Sampson",PRD-000001,Ameliorated interactive software,Textiles,2025-01-31,2025-03-23,2025-04-05,3687,1607.2874,5926068.64,WH-008,"Dallas, TX",Delivered,Pass,Haley Campbell,2025-04-13
ORD-00001304,SUP-00009,Burton Ltd,PRD-000033,Streamlined methodical hierarchy,MACHINERY,2025-06-05,2025-06-16,,1506,7541.023,11356780.64,WH-008,"Dallas, TX",Delivered,Fail,Janet Diaz,2026-02-26
ORD-00001305,SUP-00009,Burton Ltd,PRD-000103,Universal demand-driven algorithm,Electronics,2024-12-02,2024-12-09,2024-12-23,3446,2613.6826,9006750.24,WH-007,"Los Angeles, CA",Cancelled,Pending,,2024-11-15
ORD-00001306,SUP-00027,"Ellis, Webb and Rivera",PRD-000090,Multi-channeled asynchronous definition,Textiles,2025-05-12,2025-06-03,2025-06-06,3583,5955.6504,21339095.38,WH-005,"Seattle, WA",Returned,Pending,Jessica Fry,2024-10-18
ORD-00001307,SUP-00002,Jimenez Inc,PRD-000084,Synergized scalable matrices,Chemicals,2024-08-14,2024-09-19,,4215,868.7023,3661580.19,WH-009,"Chicago, IL",Returned,Fail,John Johnson,2025-06-05
ORD-00001308,SUP-00059,Campbell and Sons,PRD-000009,Open-architected explicit complexity,Machinery,2024-01-13,2024-02-25,2024-02-26,1527,6119.9726,9345198.16,WH-008,"Dallas, TX",In Transit,Pending,,2024-06-10
ORD-00001309,SUP-00018,"Thomas, Dennis and Rodriguez",PRD-000053,Public-key 4thgeneration hierarchy,Packaging,2025-06-11,2025-07-08,2025-05-18,1277,7382.5562,9427524.27,WH-013,"Los Angeles, CA",Delivered,Fail,Dr. Daniel Williams,2025-11-11
ORD-00001310,SUP-00032,"Foster, Powell and Moore",PRD-000047,Customer-focused incremental collaboration,Machinery,2023-12-13,2024-01-05,,3264,2437.2879,7955307.71,WH-002,"New York, NY",Returned,Pending,Veronica Spencer,2025-10-20
ORD-00001311,,"Reyes, Parker and Gibson",PRD-000174,Seamless multimedia customer loyalty,Packaging,2025-08-04,2025-09-02,2025-09-20,1439,4736.2066,6815401.3,WH-009,"New York, NY",Ordered,Pending,,2024-08-27
ORD-00001312,SUP-00047,Fuller-Reyes,PRD-000011,Organic 24/7 function,Electronics,2025-01-14,2025-03-06,2025-03-24,1797,4219.1522,7581816.5,WH-007,"Chicago, IL",Returned,Pending,,2024-09-13
ORD-00001313,SUP-00029,"Lawrence, Sutton and Fowler",PRD-000163,Secured 24hour knowledge user,Packaging,2025-02-21,2025-03-03,2025-03-13,2221,6365.8871,14138635.25,WH-008,"Los Angeles, CA",In Transit,Pending,,2025-06-26
ORD-00001314,SUP-00037,Shah Inc,PRD-000136,Cloned multi-state success,Textiles,2024-05-29,2024-07-28,2024-08-11,4508,5401.1774,24348507.72,WH-012,"Atlanta, GA",Cancelled,Pending,,2025-07-22
ORD-00001315,SUP-00071,"Robbins, Chapman and Morris",PRD-000061,Profound upward-trending Graphic Interface,Machinery,2023-05-06,2023-06-21,2023-07-08,2400,1689.4397,4054655.28,WH-012,"Los Angeles, CA",Cancelled,Pending,,2024-11-01
ORD-00001316,SUP-00003,Bennett PLC,PRD-000075,Realigned coherent capacity,Chemicals,2024-06-16,2024-06-25,2024-06-30,2970,4006.0528,14853910.35,WH-002,"Chicago, IL",Cancelled,Pending,,2025-03-14
ORD-00001317,SUP-00071,"Robbins, Chapman and Morris",PRD-000042,Managed neutral algorithm,Food & Beverage,2025-06-11,2025-07-19,2025-07-21,2123,4285.6702,9098477.83,WH-001,"New York, NY",Ordered,Pending,,2025-04-28
ORD-00001318,SUP-00078,Wallace-Williams,PRD-000089,Managed bandwidth-monitored customer loyalty,Packaging,2025-09-12,2025-10-07,2025-10-23,3152,7475.9929,23564329.62,WH-004,"Los Angeles, CA",In Transit,Pending,,2024-09-05
ORD-00001319,SUP-00020,"Reyes, Parker and Gibson",PRD-000084,Synergized scalable matrices,Chemicals,2026-01-17,2026-02-02,2026-02-07,4729,5481.561,25922301.97,WH-009,"Chicago, IL",In Transit,,,2025-04-09
ORD-00001320,SUP-00007,Anderson-Jackson,PRD-000082,Ergonomic methodical alliance,Chemicals,2024-07-25,2024-09-09,2024-09-17,1097,3408.494,3739117.92,WH-009,"Chicago, IL",Cancelled,Pending,,2025-11-27
ORD-00001321,SUP-00025,Turner Ltd,PRD-000162,Front-line local website,Machinery,2025-05-08,2025-06-06,2025-06-06,3353,3167.4542,10620473.93,WH-006,"Seattle, WA",Cancelled,,,2025-04-12
ORD-00001322,SUP-00027,"Ellis, Webb and Rivera",PRD-000123,Ameliorated local concept,Packaging,2024-11-11,2024-11-28,2024-11-27,1725,8083.0349,10579994.7,WH-010,"Chicago, IL",In Transit,Pending,,2026-01-11
ORD-00001323,SUP-00003,Bennett PLC,PRD-000001,Ameliorated interactive software,RAW MATERIALS,2026-02-26,2026-04-16,2026-04-24,3275,9624.3157,32446817.91,WH-010,"Dallas, TX",Delivered,Fail,Priscilla Miller,2024-10-31
ORD-00001324,SUP-00065,Ellis Group,PRD-000007,Customer-focused context-sensitive attitude,Electronics,2025-03-11,2025-04-19,2025-04-28,1879,411.7281,773637.1,WH-010,"Seattle, WA",Returned,Fail,Jeffrey Sellers,2026-04-06
ORD-00001325,SUP-00022,"Reilly, Price and Galloway",PRD-000056,Exclusive bandwidth-monitored website,Textiles,2024-05-28,2024-07-27,2024-07-28,947,2548.6615,2413582.44,WH-007,"Chicago, IL",Delivered,Fail,Colin Barry,2024-07-30
ORD-00001326,SUP-00024,Kelly and Sons,PRD-000047,Customer-focused incremental collaboration,CHEMICALS,2025-11-06,2025-12-26,2025-12-31,837,8465.0723,7085265.52,WH-006,"New York, NY",Cancelled,Pending,,2025-10-31
ORD-00001327,SUP-00064,Mitchell Ltd,PRD-000110,Cross-platform encompassing complexity,Machinery,2026-02-17,2026-02-27,2026-03-17,4099,594.3456,2436222.61,WH-013,"Seattle, WA",Delivered,,Jonathan Francis,2024-10-16
ORD-00001328,SUP-00002,Jimenez Inc,PRD-000005,Fundamental methodical ability,Machinery,2025-12-10,2026-01-24,2026-02-01,-1027,1237.1602,1270563.53,WH-004,"Los Angeles, CA",Returned,,Lawrence Khan,2024-08-03
ORD-00001329,SUP-00055,"Myers, Coleman and White",PRD-000053,Public-key 4thgeneration hierarchy,Electronics,2025-01-15,2025-02-14,2025-02-26,3642,5525.2468,20122948.85,WH-011,"Los Angeles, CA",In Transit,,,2026-01-01
ORD-00001330,SUP-00067,Brooks and Sons,PRD-000154,Ameliorated 6thgeneration access,Chemicals,2025-07-24,2025-08-01,2025-08-14,2784,9522.9656,26511936.23,WH-007,"Los Angeles, CA",Cancelled,Pending,,2026-02-09
ORD-00001331,SUP-00047,Fuller-Reyes,PRD-000120,Enhanced client-server throughput,Electronics,2023-06-29,2023-07-07,2023-07-06,3349,8885.8226,29758619.89,WH-005,"Atlanta, GA",Returned,,,2025-04-03
ORD-00001332,SUP-00002,Jimenez Inc,PRD-000066,Pre-emptive context-sensitive portal,Raw Materials,2025-04-03,2025-04-10,2025-04-08,1246,4847.3148,6039754.24,WH-006,"Chicago, IL",In Transit,Pending,,2024-06-27
ORD-00001333,SUP-00047,Fuller-Reyes,PRD-000098,Total regional throughput,Packaging,2023-05-07,2023-06-25,2023-06-26,4343,2955.8437,12837229.19,WH-007,"Dallas, TX",Cancelled,Pending,,2024-05-30
ORD-00001334,SUP-00028,Padilla PLC,PRD-000101,Grass-roots scalable database,Chemicals,2023-07-08,2023-07-22,2023-08-02,1241,9083.3985,11272497.54,WH-011,"Chicago, IL",Returned,Fail,Jack Bell,2025-06-25
ORD-00001335,SUP-00016,Acosta and Sons,PRD-000060,Ergonomic global architecture,Raw Materials,2026-03-22,2026-04-16,2026-04-30,3134,4088.768,12814198.91,WH-004,"Los Angeles, CA",Returned,Fail,Rebecca Simpson,2026-03-03
ORD-00001336,SUP-00078,Wallace-Williams,PRD-000092,Pre-emptive human-resource customer loyalty,Raw Materials,2023-10-06,2023-11-24,2023-11-22,1877,5850.9561,10982244.6,WH-010,"Los Angeles, CA",Cancelled,Pending,,2024-10-12
ORD-00001337,SUP-00030,Shaw-Moore,PRD-000070,Intuitive dedicated functionalities,Textiles,2024-07-23,2024-09-05,2024-09-14,-3766,7838.6751,29520450.43,WH-004,"New York, NY",Cancelled,Pending,,2025-11-22
ORD-00001338,SUP-00009,Burton Ltd,PRD-000171,User-friendly encompassing database,Textiles,2025-02-06,2025-03-06,2025-03-23,4095,1970.7382,8070172.93,WH-012,"Chicago, IL",Ordered,Pending,,2024-05-05
ORD-00001339,SUP-00055,"Myers, Coleman and White",PRD-000036,Focused regional contingency,Electronics,2023-12-04,2024-02-02,2024-02-11,1168,9650.3018,11271552.5,WH-002,"Seattle, WA",Cancelled,Pending,,2025-05-02
ORD-00001340,SUP-00032,"Foster, Powell and Moore",PRD-000084,Synergized scalable matrices,Textiles,2026-03-25,2026-05-09,2026-05-29,2270,8312.2405,18868785.93,WH-012,"Chicago, IL",Cancelled,Pending,,2025-06-09
ORD-00001341,,"Reilly, Price and Galloway",PRD-000111,Team-oriented value-added middleware,Machinery,2025-02-10,2025-03-18,2025-03-23,451,4703.3266,2121200.3,WH-002,"Seattle, WA",In Transit,Pending,,2025-05-18
ORD-00001342,SUP-00033,Henderson-Mcguire,PRD-000008,Optional zero-defect firmware,Machinery,2023-10-01,2023-11-05,2023-11-24,65,64.1314,4168.54,WH-011,"Dallas, TX",Returned,Fail,Allison Jones,2024-04-29
ORD-00001343,SUP-00019,Rivas-Whitaker,PRD-000012,Up-sized actuating model,Electronics,2025-03-29,2025-04-14,2025-05-02,1374,2210.8093,3037651.98,WH-009,"New York, NY",Returned,Pass,Jason Miles,2025-03-31
ORD-00001344,SUP-00021,"Walker, Mathis and Acosta",PRD-000005,Fundamental methodical ability,Chemicals,2023-12-26,2024-02-01,2024-02-13,1731,616.1797,568712.44,WH-011,"Dallas, TX",Delivered,Pass,Dana Atkins,2025-08-12
ORD-00001345,SUP-00047,Fuller-Reyes,PRD-000052,Proactive dedicated focus group,Textiles,2025-12-10,2026-01-08,2026-01-14,1631,421.8779,688082.85,WH-005,"Chicago, IL",In Transit,Pending,,2024-05-28
ORD-00001346,SUP-00069,Thompson-Owens,PRD-000111,Team-oriented value-added middleware,Machinery,2023-06-30,2023-08-24,2023-08-23,1793,4316.2618,7739057.41,WH-001,"Seattle, WA",Ordered,Pending,,2026-02-21
ORD-00001347,SUP-00050,Dixon Inc,PRD-000126,Organized 24hour attitude,Textiles,2026-03-18,2026-04-12,,4908,7481.4254,36718835.86,WH-008,"Los Angeles, CA",Returned,Fail,Brian Hunt,2025-02-11
ORD-00001348,SUP-00041,Webster and Sons,PRD-000168,Upgradable object-oriented product,Packaging,2025-04-05,2025-04-29,2025-05-18,122,2928.4388,457167.99,WH-011,"New York, NY",Cancelled,Pending,,2024-10-08
ORD-00001349,SUP-00029,"Lawrence, Sutton and Fowler",PRD-000152,Focused background Internet solution,Raw Materials,2023-11-26,2023-12-03,2023-12-20,0,3492.8232,12448421.88,WH-003,"New York, NY",Returned,Pass,Cynthia Anderson,2026-03-12
ORD-00001350,SUP-00048,Morgan-Ware,PRD-000153,Function-based reciprocal firmware,Raw Materials,2023-05-25,2023-06-02,2023-06-05,1086,9994.191,10853691.43,WH-008,"New York, NY",Cancelled,Pending,,2025-04-13
ORD-00001351,SUP-00051,Hancock LLC,PRD-000100,Automated static software,Electronics,2024-11-01,2024-11-10,2024-11-12,141,8567.5429,1208023.55,WH-010,"Los Angeles, CA",Ordered,Pending,,2025-04-01
ORD-00001352,SUP-00050,Dixon Inc,PRD-000113,Quality-focused real-time matrices,Packaging,2023-08-15,2023-09-20,2023-10-10,4366,5507.1641,24044278.46,WH-003,"Los Angeles, CA",In Transit,Pending,,2025-01-01
ORD-00001353,SUP-00064,Mitchell Ltd,PRD-000138,Persevering zero-defect matrix,Food & Beverage,2026-03-16,2026-03-12,2026-05-05,4610,9796.6839,45162712.78,WH-001,"Seattle, WA",In Transit,Pending,,2024-06-14
ORD-00001354,SUP-00044,Pitts LLC,PRD-000192,Pre-emptive object-oriented superstructure,Textiles,2024-10-11,2024-11-08,2024-11-09,4236,708.0422,2999266.76,WH-006,"Seattle, WA",Returned,Pending,Jeremiah Burch,2025-12-09
ORD-00001355,SUP-00024,Kelly and Sons,PRD-000152,Focused background Internet solution,Packaging,2023-12-06,2023-12-28,2024-01-09,309,8899.8144,2750042.65,WH-005,"Chicago, IL",In Transit,Pending,,2025-09-13
ORD-00001356,SUP-00022,"Reilly, Price and Galloway",PRD-000104,Inverse context-sensitive hardware,Machinery,2023-10-18,2023-12-09,2023-12-10,2729,8945.4751,24412201.55,WH-006,"Seattle, WA",Delivered,,Sara Griffin,2024-09-29
ORD-00001357,,Jackson Inc,PRD-000092,Pre-emptive human-resource customer loyalty,Packaging,2024-02-15,2024-04-14,2024-04-28,2569,5115.1262,13140759.21,WH-002,"Dallas, TX",Ordered,,,2024-05-01
ORD-00001358,,Griffin and Sons,PRD-000100,Automated static software,Chemicals,2025-05-01,2025-05-23,2025-05-24,4796,9479.7549,45464904.5,WH-001,"Atlanta, GA",Delivered,Fail,,2024-10-06
ORD-00001359,SUP-00037,Shah Inc,PRD-000136,Cloned multi-state success,Machinery,2025-06-02,2025-07-25,2025-08-02,0,2117.4032,6235752.42,WH-012,"Seattle, WA",Ordered,Pending,,2025-08-06
ORD-00001360,SUP-00071,"Robbins, Chapman and Morris",PRD-000166,Business-focused 24hour secured line,Packaging,2025-12-21,2026-01-18,2026-01-18,3683,5998.4962,22092461.5,WH-004,"New York, NY",Returned,Fail,Clayton Walls,2026-03-26
ORD-00001361,SUP-00024,Kelly and Sons,PRD-000089,Managed bandwidth-monitored customer loyalty,Machinery,2024-10-18,2024-11-11,2024-11-27,42,1157.2779,48605.67,WH-012,"Chicago, IL",Ordered,Pending,,2025-05-20
ORD-00001362,,Campbell and Sons,PRD-000176,Persistent clear-thinking adapter,Packaging,2024-08-11,2024-09-01,2024-09-12,4013,290.9289,807575.52,WH-009,"Seattle, WA",Ordered,Pending,,2025-03-17
ORD-00001363,SUP-00060,"Smith, Hill and Steele",PRD-000188,Secured real-time productivity,Food & Beverage,2024-08-10,2024-09-12,2024-09-19,2016,7887.8572,15901920.12,WH-002,"Atlanta, GA",Cancelled,Pending,,2025-11-08
ORD-00001364,SUP-00004,Humphrey Group,PRD-000098,Total regional throughput,Packaging,2023-06-21,2023-07-17,2023-07-30,3735,2301.0804,8751220.49,WH-002,"Los Angeles, CA",Returned,Pending,Deanna Martinez,2025-11-18
ORD-00001365,SUP-00031,Lee Ltd,PRD-000082,Ergonomic methodical alliance,Raw Materials,2023-04-21,2023-06-07,2023-06-21,3694,2010.9626,7428495.84,WH-012,"Chicago, IL",In Transit,Pending,,2025-03-25
ORD-00001366,SUP-00011,"Hatfield, Lyons and Richards",PRD-000088,User-centric client-server strategy,Chemicals,2023-05-02,2023-04-28,2023-06-02,724,3482.1047,2521043.8,WH-010,"Dallas, TX",Cancelled,Pending,,2025-07-06
ORD-00001367,SUP-00043,"Johnson, Brown and Coleman",PRD-000139,Synchronized responsive product,Machinery,2025-12-07,2026-01-21,2026-01-22,208,9124.5405,1897904.42,WH-007,"New York, NY",In Transit,Pending,,2025-12-03
ORD-00001368,,Fuller-Reyes,PRD-000165,Integrated 5thgeneration contingency,Electronics,2025-11-15,2025-12-23,2026-01-07,1932,8978.9499,17347331.21,WH-013,"Los Angeles, CA",Returned,Fail,Andrea Hall,2025-11-13
ORD-00001369,,Taylor-Evans,PRD-000049,Monitored systemic knowledge user,Electronics,2023-10-11,2023-10-27,2023-11-15,0,3392.7618,9642229.04,WH-009,"Seattle, WA",Returned,Pass,Brian Blair,2024-09-19
ORD-00001370,SUP-00043,"Johnson, Brown and Coleman",PRD-000049,Monitored systemic knowledge user,Packaging,2023-12-08,2024-01-29,2024-02-16,4598,7596.777,34929980.65,WH-014,"Dallas, TX",Ordered,Pending,,2026-02-19
ORD-00001371,,"Reyes, Parker and Gibson",PRD-000045,Balanced solution-oriented methodology,Raw Materials,2026-02-27,2026-04-19,2026-05-04,1778,7900.4558,14047010.41,WH-007,"Chicago, IL",Cancelled,Pending,,2025-03-15
ORD-00001372,SUP-00002,Jimenez Inc,PRD-000093,Decentralized 24hour time-frame,Packaging,2026-04-08,2026-05-10,2026-05-14,728,7948.9506,5786836.04,WH-005,"Atlanta, GA",Ordered,Pending,,2025-05-23
ORD-00001373,SUP-00065,Ellis Group,PRD-000098,Total regional throughput,Chemicals,2024-01-11,2024-02-17,2024-02-22,3587,642.4172,2304350.5,WH-009,"Los Angeles, CA",Delivered,Pending,,2025-12-15
ORD-00001374,SUP-00063,Montoya Inc,PRD-000047,Customer-focused incremental collaboration,Textiles,2026-03-17,2026-04-23,2026-04-25,9,5445.7953,49012.16,WH-011,"Seattle, WA",In Transit,Pending,,2024-07-17
ORD-00001375,SUP-00011,"Hatfield, Lyons and Richards",PRD-000151,Reactive incremental instruction set,Packaging,2024-01-08,2024-02-09,2024-02-11,4970,4828.7642,23998958.07,WH-011,"New York, NY",In Transit,,,2025-03-28
ORD-00001376,SUP-00028,Padilla PLC,PRD-000123,Ameliorated local concept,Raw Materials,2023-06-01,2023-07-19,2023-07-29,1652,116.3388,192191.7,WH-001,"Atlanta, GA",Ordered,Pending,,2024-08-31
ORD-00001377,SUP-00047,Fuller-Reyes,PRD-000008,Optional zero-defect firmware,Chemicals,2023-11-21,2024-01-06,2024-01-17,2809,7919.7609,22246608.37,WH-008,"Los Angeles, CA",Cancelled,Pending,,2025-07-09
ORD-00001378,SUP-00011,"Hatfield, Lyons and Richards",PRD-000169,Organized explicit utilization,Chemicals,2023-05-29,2023-07-15,2023-07-12,253,9423.4724,3061575.38,WH-011,"New York, NY",In Transit,Pending,,2024-05-26
ORD-00001379,SUP-00075,Barron Ltd,PRD-000144,Reduced motivating open architecture,Chemicals,2025-10-08,2025-12-06,2025-12-11,-1982,2198.3363,4357102.55,WH-002,"Atlanta, GA",Returned,Pass,James Lopez,2025-08-17
ORD-00001380,SUP-00066,Willis-Olson,PRD-000022,Networked empowering open system,machinery,2026-02-04,2026-03-30,,4502,7312.2948,32919951.19,WH-007,"New York, NY",Returned,Pending,Patricia Molina,2024-09-12
ORD-00001381,SUP-00054,Kane PLC,PRD-000180,Optimized 24/7 matrix,Food & Beverage,2025-03-18,2025-05-06,2025-05-05,0,7984.1361,582841.94,WH-006,"Atlanta, GA",Cancelled,,,2025-03-11
ORD-00001382,SUP-00063,Montoya Inc,PRD-000005,Fundamental methodical ability,Packaging,2026-02-13,2026-03-29,2026-03-29,859,2705.2428,2323803.57,WH-002,"Seattle, WA",Returned,Pending,Brendan Hinton,2024-11-06
ORD-00001383,SUP-00038,Thomas-Wagner,PRD-000059,Fundamental asynchronous application,Packaging,2025-02-15,2025-04-11,2025-04-21,418,938.986,392496.15,WH-001,"Dallas, TX",Delivered,Pending,Kevin Nelson,2026-01-30
ORD-00001384,SUP-00057,Cohen PLC,PRD-000048,Vision-oriented neutral neural-net,Packaging,2026-01-10,2026-03-03,2026-03-06,1418,6642.5328,9419111.51,WH-006,"Los Angeles, CA",Ordered,Pending,,2025-04-25
ORD-00001385,SUP-00028,Padilla PLC,PRD-000139,Synchronized responsive product,Machinery,2024-05-16,2024-05-23,,3739,1291.9091,4830448.12,WH-004,"New York, NY",Returned,Fail,Katie Humphrey,2024-08-01
ORD-00001386,SUP-00057,Cohen PLC,PRD-000198,Universal 6thgeneration emulation,CHEMICALS,2025-12-04,2025-11-27,2026-01-14,2321,4328.1418,10045617.12,WH-012,"Los Angeles, CA",Delivered,Pending,,2025-08-07
ORD-00001387,SUP-00024,Kelly and Sons,PRD-000040,Profit-focused zero tolerance info-mediaries,Raw Materials,2026-01-20,2026-02-21,2026-02-24,1427,1090.3431,1555919.6,WH-012,"Los Angeles, CA",In Transit,Pending,,2024-05-09
ORD-00001388,SUP-00005,Williams LLC,PRD-000025,Networked directional synergy,Electronics,2023-09-29,2023-10-20,2023-10-28,815,9549.2286,7782621.31,WH-004,"Seattle, WA",Cancelled,Pending,,2024-10-17
ORD-00001389,SUP-00077,Taylor-Evans,PRD-000007,Customer-focused context-sensitive attitude,Packaging,2025-11-15,2025-12-11,2025-12-10,3530,706.8613,2495220.39,WH-002,"Seattle, WA",Cancelled,Pending,,2025-04-11
ORD-00001390,SUP-00030,Shaw-Moore,PRD-000084,Synergized scalable matrices,Chemicals,2024-10-28,2024-11-15,2024-11-30,4772,6059.5776,28916304.31,WH-013,"Seattle, WA",Returned,Pending,David Bridges,2025-06-28
ORD-00001391,SUP-00046,Dunn LLC,PRD-000147,Implemented content-based open architecture,Machinery,2024-12-20,2025-01-12,2025-01-19,4901,3898.9588,19108797.08,WH-014,"Los Angeles, CA",Returned,Pass,Ryan Mclaughlin,2025-09-16
ORD-00001392,SUP-00042,Peters Group,PRD-000144,Reduced motivating open architecture,Packaging,2025-12-12,2026-01-28,2026-02-15,3630,2409.8898,8747899.97,WH-006,"New York, NY",Cancelled,Pending,,2025-02-06
ORD-00001393,SUP-00011,"Hatfield, Lyons and Richards",PRD-000022,Networked empowering open system,Textiles,2023-07-01,2023-08-07,2023-08-16,-2118,507.5328,1074954.47,WH-005,"Atlanta, GA",Cancelled,Pending,,2024-10-11
ORD-00001394,SUP-00076,Roberts-Edwards,PRD-000175,Triple-buffered secondary focus group,Food & Beverage,2026-01-17,2026-01-26,2026-01-24,2962,8302.7762,24592823.1,WH-001,"Chicago, IL",In Transit,Pending,,2024-08-17
ORD-00001395,SUP-00046,Dunn LLC,PRD-000148,Pre-emptive clear-thinking initiative,Machinery,2026-02-11,2026-03-27,2026-04-05,1571,4000.2646,6284415.69,WH-013,"Los Angeles, CA",Delivered,Pending,Sarah Smith,2026-02-14
ORD-00001396,SUP-00004,Humphrey Group,PRD-000166,Business-focused 24hour secured line,Machinery,2024-04-29,2024-06-03,,931,6286.5967,5852821.53,WH-013,"Atlanta, GA",Returned,Fail,Isaiah Oliver,2025-01-03
ORD-00001397,SUP-00001,"Taylor, Adams and Donaldson",PRD-000164,Profit-focused transitional data-warehouse,Electronics,2024-08-09,2024-09-05,2024-09-16,3452,9281.0885,32038317.5,WH-001,"Atlanta, GA",Cancelled,Pending,,2025-03-17
ORD-00001398,SUP-00014,Thomas-Nguyen,PRD-000188,Secured real-time productivity,machinery,2024-05-17,2024-07-05,2024-07-01,2328,6312.7692,14696126.7,WH-010,"Seattle, WA",Returned,Pending,Sarah Marshall,2026-01-02
ORD-00001399,SUP-00068,Gaines-Jackson,PRD-000014,Upgradable composite firmware,Raw Materials,2025-02-22,2025-04-18,2025-04-22,2519,1668.4169,4202742.17,WH-002,"Dallas, TX",Returned,Pass,Stephanie Conway,2025-09-08
ORD-00001400,SUP-00032,"Foster, Powell and Moore",PRD-000165,Integrated 5thgeneration contingency,Machinery,2024-07-02,2024-07-31,2024-08-08,2746,7515.558,20637722.27,WH-007,"Los Angeles, CA",In Transit,Pending,,2024-10-13
ORD-00001401,SUP-00055,"Myers, Coleman and White",PRD-000075,Realigned coherent capacity,Raw Materials,2024-10-30,2024-11-19,2024-11-22,1461,28.8953,42216.03,WH-005,"Dallas, TX",Cancelled,Pending,,2025-02-09
ORD-00001402,SUP-00042,Peters Group,PRD-000089,Managed bandwidth-monitored customer loyalty,Packaging,2026-02-01,2026-02-16,2026-03-06,4642,8603.1019,39935599.02,WH-014,"Los Angeles, CA",In Transit,Pending,,2025-07-21
ORD-00001403,SUP-00011,"Hatfield, Lyons and Richards",PRD-000084,Synergized scalable matrices,Machinery,2024-08-04,2024-09-21,2024-10-03,0,7578.0355,2485595.64,WH-009,"Los Angeles, CA",Cancelled,,,2026-02-04
ORD-00001404,SUP-00056,Garcia Group,PRD-000002,Programmable object-oriented focus group,Electronics,2025-10-07,2025-10-13,2025-10-25,4356,6172.2547,24868050.86,WH-011,"Seattle, WA",Delivered,Pass,Suzanne Norton,2024-05-15
ORD-00001405,SUP-00071,"Robbins, Chapman and Morris",PRD-000002,Programmable object-oriented focus group,Electronics,2026-02-11,2026-03-30,2026-03-27,76,7586.3535,576562.87,WH-012,"Seattle, WA",Delivered,Pass,Tara Jacobs,2024-08-04
ORD-00001406,SUP-00074,"Mcclain, Johnson and Gibson",PRD-000053,Public-key 4thgeneration hierarchy,Electronics,2026-01-05,2026-01-15,2026-01-19,2594,148.0455,384030.03,WH-011,"Los Angeles, CA",Ordered,Pending,,2024-12-27
ORD-00001407,SUP-00065,Ellis Group,PRD-000181,Profit-focused stable hardware,Textiles,2024-01-06,2024-01-19,2024-01-18,-2566,5044.3545,12943813.65,WH-008,"Chicago, IL",Cancelled,Pending,,2025-03-31
ORD-00001408,SUP-00022,"Reilly, Price and Galloway",PRD-000145,Horizontal mobile knowledge user,Chemicals,2025-11-09,2025-12-19,2025-12-28,958,6090.4064,5834609.33,WH-001,"Los Angeles, CA",Delivered,Pass,Margaret Cowan,2025-09-02
ORD-00001409,SUP-00066,Willis-Olson,PRD-000093,Decentralized 24hour time-frame,Textiles,2024-04-07,2024-05-23,2024-06-08,3081,1471.9822,4535177.16,WH-009,"Chicago, IL",Delivered,Pending,,2025-05-23
ORD-00001410,SUP-00032,"Foster, Powell and Moore",PRD-000192,Pre-emptive object-oriented superstructure,Electronics,2025-05-23,2025-06-23,2025-07-01,691,7743.0572,5350452.53,WH-001,"Atlanta, GA",Returned,Pending,Erik Rich,2025-06-08
ORD-00001411,SUP-00059,Campbell and Sons,PRD-000040,Profit-focused zero tolerance info-mediaries,Machinery,2023-10-01,2023-10-23,2023-11-12,4945,3725.8444,18424300.56,WH-002,"Dallas, TX",Delivered,,Andrew Wilson,2024-09-13
ORD-00001412,SUP-00014,Thomas-Nguyen,PRD-000085,Team-oriented exuding productivity,Textiles,2023-08-31,2023-09-28,2023-09-29,874,6715.1149,5869010.42,WH-001,"Los Angeles, CA",Delivered,Fail,,2024-06-18
ORD-00001413,SUP-00056,Garcia Group,PRD-000129,Compatible methodical leverage,Machinery,2024-09-23,2024-11-18,2024-11-28,3733,3252.8433,12142864.04,WH-007,"Atlanta, GA",Cancelled,Pending,,2026-04-11
ORD-00001414,SUP-00015,"Nguyen, Cruz and Wilson",PRD-000074,Reactive neutral collaboration,ELECTRONICS,2024-12-24,2025-01-09,2025-01-24,-4767,1453.6966,6929771.69,WH-007,"Atlanta, GA",Ordered,Pending,,2024-12-03
ORD-00001415,SUP-00062,Chapman-Fuller,PRD-000104,Inverse context-sensitive hardware,Packaging,2024-12-23,2025-02-17,2025-03-07,2756,6271.8966,17285347.03,WH-002,"Chicago, IL",In Transit,Pending,,2025-10-22
ORD-00001416,SUP-00008,"Barber, Davis and Barnett",PRD-000137,Cross-group multi-state firmware,Machinery,2025-06-19,2025-08-16,2025-08-17,2195,9210.2635,20216528.38,WH-014,"Dallas, TX",Returned,Pass,,2024-10-28
ORD-00001417,SUP-00050,Dixon Inc,PRD-000075,Realigned coherent capacity,Raw Materials,2025-10-20,2025-12-04,2025-12-20,957,5453.3065,5218814.32,WH-010,"Atlanta, GA",Cancelled,Pending,,2024-04-15
ORD-00001418,SUP-00012,"Hart, Hayes and Velez",PRD-000120,Enhanced client-server throughput,Chemicals,2023-10-26,2023-12-17,2023-12-25,41,5533.5441,226875.31,WH-010,"Los Angeles, CA",Ordered,Pending,,2025-01-01
ORD-00001419,SUP-00052,Vargas-Hunter,PRD-000106,Open-architected demand-driven frame,Packaging,2025-07-13,2025-09-01,2025-08-28,1651,235.0485,388065.07,WH-006,"New York, NY",In Transit,Pending,,2025-06-12
ORD-00001420,SUP-00019,Rivas-Whitaker,PRD-000162,Front-line local website,Raw Materials,2023-09-07,2023-09-23,,2780,135.5481,376823.72,WH-008,"Dallas, TX",Cancelled,Pending,,2025-12-31
ORD-00001421,SUP-00004,Humphrey Group,PRD-000169,Organized explicit utilization,Textiles,2025-01-10,2025-02-24,2025-03-02,4367,4690.1038,20481683.29,WH-002,"Seattle, WA",Ordered,Pending,,2025-11-03
ORD-00001422,SUP-00021,"Walker, Mathis and Acosta",PRD-000191,Right-sized high-level pricing structure,Chemicals,2025-12-09,2026-01-30,,1824,502.2848,916167.48,WH-011,"Chicago, IL",Delivered,Fail,Jeffrey Martin,2024-05-08
ORD-00001423,SUP-00014,Thomas-Nguyen,PRD-000154,Ameliorated 6thgeneration access,Electronics,2023-10-02,2023-10-30,2023-10-31,3927,8966.2849,35210600.8,WH-004,"Dallas, TX",Delivered,Pending,Stephanie Mathews,2025-10-31
ORD-00001424,SUP-00056,Garcia Group,PRD-000194,Re-contextualized mission-critical algorithm,Machinery,2025-10-26,2025-11-13,2025-11-22,2853,2890.2922,8246003.65,WH-012,"Dallas, TX",Returned,,Ashley Jackson,2025-06-03
ORD-00001425,SUP-00044,Pitts LLC,PRD-000122,Phased holistic policy,Electronics,2025-07-07,2025-07-24,2025-07-30,3667,2150.3976,7885508.0,WH-014,"Los Angeles, CA",Delivered,Pass,Carol Walker,2025-06-25
ORD-00001426,SUP-00032,"Foster, Powell and Moore",PRD-000145,Horizontal mobile knowledge user,Chemicals,2024-04-03,2024-05-29,2024-06-13,68,7744.3786,526617.74,WH-006,"Atlanta, GA",In Transit,Pending,,2025-01-04
ORD-00001427,,"Reyes, Parker and Gibson",PRD-000112,Innovative real-time neural-net,Packaging,2024-06-12,2024-07-12,2024-07-25,1933,8303.4422,16050553.77,WH-001,"Chicago, IL",In Transit,,,2026-04-01
ORD-00001428,SUP-00013,Meza LLC,PRD-000106,Open-architected demand-driven frame,Electronics,2025-07-20,2025-08-06,2025-08-03,3886,4890.0995,19002926.66,WH-013,"Chicago, IL",In Transit,,,2025-09-26
ORD-00001429,SUP-00002,Jimenez Inc,PRD-000162,Front-line local website,electronics,2025-12-31,2026-02-20,2026-02-21,1420,5155.3338,10997853.9,WH-002,"Chicago, IL",In Transit,Pending,,2025-03-18
ORD-00001430,SUP-00001,"Taylor, Adams and Donaldson",PRD-000049,Monitored systemic knowledge user,Raw Materials,2024-09-04,2024-10-18,2024-08-21,3888,1534.8402,5967458.7,WH-007,"Seattle, WA",Returned,Fail,,2024-10-12
ORD-00001431,SUP-00055,"Myers, Coleman and White",PRD-000168,Upgradable object-oriented product,Machinery,2024-05-03,2024-06-13,2024-06-17,4010,7006.5387,28096220.19,WH-012,"Chicago, IL",Ordered,Pending,,2025-06-09
ORD-00001432,SUP-00059,Campbell and Sons,PRD-000037,Multi-channeled 3rdgeneration website,Raw Materials,2025-12-11,2025-12-17,2025-12-12,1486,5046.9246,7499729.96,WH-010,"New York, NY",In Transit,,,2026-03-30
ORD-00001433,SUP-00001,"Taylor, Adams and Donaldson",PRD-000104,Inverse context-sensitive hardware,Machinery,2025-01-07,2025-02-21,2025-02-19,3181,7491.6196,23830841.95,WH-002,"Dallas, TX",Returned,Pass,,2025-05-09
ORD-00001434,SUP-00005,Williams LLC,PRD-000102,Secured upward-trending workforce,Food & Beverage,2024-01-20,2024-02-26,,2615,7322.8961,19149373.3,WH-014,"Chicago, IL",Cancelled,Pending,,2025-10-21
ORD-00001435,SUP-00011,"Hatfield, Lyons and Richards",PRD-000173,Optional multimedia architecture,PACKAGING,2023-10-26,2023-11-03,2023-11-08,1450,4889.2645,7089433.53,WH-011,"Chicago, IL",Cancelled,Pending,,2024-05-29
ORD-00001436,SUP-00018,"Thomas, Dennis and Rodriguez",PRD-000036,Focused regional contingency,Textiles,2023-08-26,2023-09-24,2023-10-10,3430,6925.2406,23753575.26,WH-003,"Los Angeles, CA",Delivered,Fail,Jose Thomas,2024-12-06
ORD-00001437,SUP-00071,"Robbins, Chapman and Morris",PRD-000111,Team-oriented value-added middleware,Machinery,2025-03-19,2025-04-10,,2757,7434.4455,20496766.24,WH-004,"Chicago, IL",Returned,Pass,Andrew Saunders,2024-06-19
ORD-00001438,SUP-00069,Thompson-Owens,PRD-000078,Devolved didactic instruction set,Chemicals,2025-07-01,2025-07-16,2025-07-25,1628,2296.24,3738278.72,WH-008,"Dallas, TX",Ordered,Pending,,2026-01-24
ORD-00001439,SUP-00060,"Smith, Hill and Steele",PRD-000095,Programmable zero-defect infrastructure,Raw Materials,2024-11-12,2024-11-30,2024-12-03,3815,2776.9672,10594129.87,WH-001,"Dallas, TX",Cancelled,Pending,,2025-02-02
ORD-00001440,SUP-00025,Turner Ltd,PRD-000004,Open-source logistical challenge,Electronics,2023-11-02,2023-11-29,2023-12-05,2517,6942.0882,17473236.0,WH-003,"Los Angeles, CA",In Transit,Pending,,2025-10-22
ORD-00001441,SUP-00019,Rivas-Whitaker,PRD-000134,Cross-group neutral access,Electronics,2024-03-20,2024-04-07,2024-04-22,4892,6283.791,30740305.57,WH-001,"Seattle, WA",Cancelled,Pending,,2025-07-27
ORD-00001442,SUP-00053,"Osborn, Ryan and Garrett",PRD-000004,Open-source logistical challenge,Chemicals,2026-02-27,2026-04-24,2026-04-22,-2302,495.8107,1141356.23,WH-008,"New York, NY",In Transit,Pending,,2025-06-24
ORD-00001443,SUP-00076,Roberts-Edwards,PRD-000183,Business-focused content-based encryption,Electronics,2023-07-15,2023-07-27,2023-07-08,3664,5733.6305,21008022.15,WH-011,"Dallas, TX",Ordered,Pending,,2026-03-17
ORD-00001444,SUP-00026,Velasquez-Flores,PRD-000025,Networked directional synergy,Electronics,2023-07-08,2023-08-07,2023-08-24,-3041,8954.7409,26754143.95,WH-007,"Dallas, TX",Returned,Pass,Kim Villegas,2025-02-18
ORD-00001445,SUP-00063,Montoya Inc,PRD-000003,Progressive object-oriented forecast,Raw Materials,2024-04-03,2024-05-14,2024-05-25,3198,4496.366,14379378.47,WH-002,"Los Angeles, CA",Returned,Pass,Allison Meza,2025-03-10
ORD-00001446,SUP-00009,Burton Ltd,PRD-000103,Universal demand-driven algorithm,Packaging,2026-04-05,2026-05-03,2026-05-09,2595,7365.5038,19113482.36,WH-011,"New York, NY",Cancelled,Pending,,2024-09-15
ORD-00001447,SUP-00045,Barnes-Rivers,PRD-000078,Devolved didactic instruction set,Electronics,2024-03-02,2024-04-26,2024-05-08,998,9444.1352,9425246.93,WH-011,"New York, NY",Cancelled,Pending,,2024-08-12
ORD-00001448,SUP-00012,"Hart, Hayes and Velez",PRD-000126,Organized 24hour attitude,Chemicals,2024-06-06,2024-06-21,2024-06-27,3342,4089.7075,13667802.46,WH-003,"New York, NY",Returned,Pending,Rebecca Boone,2025-01-24
ORD-00001449,SUP-00047,Fuller-Reyes,PRD-000070,Intuitive dedicated functionalities,Textiles,2023-11-06,2023-12-22,2023-12-23,478,2930.3351,1400700.18,WH-013,"Los Angeles, CA",Cancelled,,,2025-02-21
ORD-00001450,SUP-00072,Jackson Inc,PRD-000115,Optimized actuating ability,Food & Beverage,2023-11-16,2023-11-25,,3868,7400.197,24465996.63,WH-004,"Seattle, WA",Delivered,Pending,Olivia Klein,2026-01-22
ORD-00001451,,"Mcclain, Johnson and Gibson",PRD-000098,Total regional throughput,Textiles,2025-05-27,2025-07-23,2025-07-26,835,1004.5401,838790.98,WH-005,"Los Angeles, CA",Cancelled,Pending,,2025-12-09
ORD-00001452,SUP-00079,Mercado-Dorsey,PRD-000072,Realigned bandwidth-monitored benchmark,Chemicals,2025-08-11,2025-08-02,2025-08-20,3117,851.1238,2652952.88,WH-006,"Atlanta, GA",Ordered,Pending,,2025-11-21
ORD-00001453,,"Nguyen, Cruz and Wilson",PRD-000026,Monitored didactic productivity,Textiles,2024-09-16,2024-11-11,2024-11-07,192,657.4014,126221.07,WH-014,"Atlanta, GA",In Transit,Pending,,2025-03-13
ORD-00001454,SUP-00028,Padilla PLC,PRD-000167,Streamlined 24/7 success,Electronics,2025-02-01,2025-03-06,,2861,7273.6096,20809797.07,WH-003,"Seattle, WA",In Transit,Pending,,2025-12-01
ORD-00001455,SUP-00069,Thompson-Owens,PRD-000060,Ergonomic global architecture,Food & Beverage,2024-12-18,2025-02-12,2025-02-11,-446,2982.3939,1637346.12,WH-011,"Los Angeles, CA",Returned,Pass,Kathleen Taylor,2024-10-18
ORD-00001456,SUP-00008,"Barber, Davis and Barnett",PRD-000086,Integrated 5thgeneration neural-net,Textiles,2025-04-15,2025-05-07,,556,3888.5449,2162030.96,WH-008,"Chicago, IL",Returned,,Angela Thomas,2025-12-17
ORD-00001457,SUP-00006,Petersen-Kelly,PRD-000091,Ameliorated impactful instruction set,Electronics,2024-07-23,2024-07-31,2024-07-30,1673,8796.1728,11690583.09,WH-012,"Dallas, TX",Cancelled,Pending,,2025-09-16
ORD-00001458,SUP-00020,"Reyes, Parker and Gibson",PRD-000006,Intuitive bifurcated open system,Textiles,2025-01-22,2025-03-06,,2537,8179.247,20750749.64,WH-002,"Dallas, TX",Cancelled,Pending,,2025-09-12
ORD-00001459,SUP-00052,Vargas-Hunter,PRD-000063,Implemented regional adapter,Electronics,2024-05-11,2024-05-20,2024-05-26,3228,5754.3957,18575189.32,WH-012,"New York, NY",Cancelled,Pending,,2025-07-22
ORD-00001460,SUP-00010,Robertson and Sons,PRD-000107,Inverse 3rdgeneration architecture,RAW MATERIALS,2024-04-19,2024-05-02,2024-05-14,1067,9064.9067,9672255.45,WH-006,"Seattle, WA",Ordered,Pending,,2025-04-18
ORD-00001461,SUP-00050,Dixon Inc,PRD-000120,Enhanced client-server throughput,Electronics,2026-03-30,2026-05-21,2026-05-30,2688,355.6683,956036.39,WH-011,"Los Angeles, CA",Cancelled,Pending,,2025-01-12
ORD-00001462,SUP-00067,Brooks and Sons,PRD-000107,Inverse 3rdgeneration architecture,Raw Materials,2025-04-18,2025-04-29,2025-05-06,586,7371.6117,4319764.46,WH-008,"Chicago, IL",In Transit,Pending,,2025-09-24
ORD-00001463,,Mitchell Ltd,PRD-000103,Universal demand-driven algorithm,Food & Beverage,2024-12-10,2025-01-24,,1597,8577.1079,20978492.08,WH-014,"Atlanta, GA",Returned,Pending,Bradley Torres,2026-03-07
ORD-00001464,SUP-00054,Kane PLC,PRD-000119,Enhanced local migration,Chemicals,2024-02-26,2024-04-24,2024-04-27,4793,7730.9831,37054602.0,WH-004,"New York, NY",Returned,Pending,Tonya Holt,2026-03-03
ORD-00001465,SUP-00055,"Myers, Coleman and White",PRD-000169,Organized explicit utilization,Chemicals,2026-01-25,2026-02-09,2026-02-26,4851,1207.5069,5857615.97,WH-010,"Atlanta, GA",Ordered,Pending,,2025-05-19
ORD-00001466,SUP-00050,Dixon Inc,PRD-000050,Fundamental bi-directional customer loyalty,Textiles,2023-08-05,2023-09-15,,3982,5970.8648,23775983.63,WH-009,"Atlanta, GA",In Transit,Pending,,2026-02-28
ORD-00001467,SUP-00066,Willis-Olson,PRD-000060,Ergonomic global architecture,FOOD & BEVERAGE,2024-10-08,2024-10-30,,1496,6599.9589,9873538.51,WH-007,"Dallas, TX",Delivered,,,2026-03-08
ORD-00001468,SUP-00028,Padilla PLC,PRD-000137,Cross-group multi-state firmware,Machinery,2024-06-27,2024-07-03,2024-07-10,0,1642.7398,8193986.12,WH-002,"Chicago, IL",In Transit,Pending,,2025-10-11
ORD-00001469,SUP-00068,Gaines-Jackson,PRD-000117,Grass-roots neutral database,Raw Materials,2025-07-22,2025-08-11,2025-08-31,2442,1730.9165,4226898.09,WH-013,"Dallas, TX",Delivered,Fail,Carl Conway,2026-03-13
ORD-00001470,SUP-00055,"Myers, Coleman and White",PRD-000077,Devolved hybrid core,Chemicals,2023-08-27,2023-10-03,,4120,5715.0468,23545992.82,WH-003,"New York, NY",Ordered,Pending,,2026-03-09
ORD-00001471,SUP-00074,"Mcclain, Johnson and Gibson",PRD-000057,Horizontal background framework,Raw Materials,2026-01-25,2026-02-01,2026-02-10,4890,8083.0538,39526133.08,WH-004,"Atlanta, GA",Cancelled,Pending,,2025-12-22
ORD-00001472,SUP-00071,"Robbins, Chapman and Morris",PRD-000115,Optimized actuating ability,Textiles,2024-08-01,2024-09-24,2024-09-28,3076,1608.6939,4948342.44,WH-007,"Los Angeles, CA",Delivered,Fail,Matthew Smith,2025-10-08
ORD-00001473,SUP-00017,Griffin and Sons,PRD-000138,Persevering zero-defect matrix,Textiles,2024-01-03,2024-02-06,2024-02-06,1399,8278.4548,11581558.27,WH-014,"Seattle, WA",Ordered,Pending,,2025-04-04
ORD-00001474,SUP-00025,Turner Ltd,PRD-000002,Programmable object-oriented focus group,Machinery,2024-09-28,2024-11-26,2024-11-21,49,6384.1045,312821.12,WH-012,"Atlanta, GA",Ordered,Pending,,2025-07-18
ORD-00001475,SUP-00034,Krueger-Jackson,PRD-000136,Cloned multi-state success,Food & Beverage,2025-07-30,2025-08-30,2025-08-31,2697,7933.3511,21396247.92,WH-006,"Dallas, TX",Delivered,Fail,,2026-02-06
ORD-00001476,SUP-00037,Shah Inc,PRD-000013,Cross-platform maximized middleware,Electronics,2025-04-29,2025-05-19,2025-05-19,3597,374.8909,1631993.65,WH-004,"New York, NY",In Transit,Pending,,2025-04-15
ORD-00001477,SUP-00010,Robertson and Sons,PRD-000058,Pre-emptive context-sensitive process improvement,Packaging,2025-12-05,2026-01-03,2026-01-10,1819,5752.623,10464021.24,WH-009,"Los Angeles, CA",In Transit,,,2024-06-19
ORD-00001478,SUP-00024,Kelly and Sons,PRD-000076,Customer-focused cohesive middleware,Raw Materials,2024-01-01,2024-02-09,,493,19.1455,9438.73,WH-005,"Chicago, IL",Returned,Pass,Lonnie Rocha,2024-07-03
ORD-00001479,SUP-00048,Morgan-Ware,PRD-000037,Multi-channeled 3rdgeneration website,Electronics,2025-07-01,2025-08-01,2025-06-05,4170,5766.2101,24045096.12,WH-001,"Atlanta, GA",Returned,Fail,Dr. Paul Ryan II,2025-12-31
ORD-00001480,SUP-00006,Petersen-Kelly,PRD-000009,Open-architected explicit complexity,Chemicals,2024-11-16,2024-11-23,2024-12-07,801,7279.6156,5830972.1,WH-006,"New York, NY",Cancelled,,,2026-04-11
ORD-00001481,,Taylor-Evans,PRD-000076,Customer-focused cohesive middleware,Food & Beverage,2025-10-12,2025-10-24,,2983,375.7081,1120737.26,WH-008,"Seattle, WA",Ordered,Pending,,2024-05-17
ORD-00001482,SUP-00011,"Hatfield, Lyons and Richards",PRD-000198,Universal 6thgeneration emulation,Food & Beverage,2023-10-21,2023-10-31,2023-11-09,54,5357.0029,289278.16,WH-012,"Dallas, TX",Cancelled,,,2025-02-06
ORD-00001483,SUP-00020,"Reyes, Parker and Gibson",PRD-000060,Ergonomic global architecture,Raw Materials,2023-05-15,2023-06-21,2023-06-25,4060,4112.8491,16698167.35,WH-008,"New York, NY",Returned,,Stephen Hall,2025-01-01
ORD-00001484,SUP-00041,Webster and Sons,PRD-000009,Open-architected explicit complexity,Electronics,2024-12-04,2025-01-22,2025-01-29,1628,2800.2433,4558796.09,WH-010,"Los Angeles, CA",Cancelled,Pending,,2026-02-11
ORD-00001485,SUP-00037,Shah Inc,PRD-000077,Devolved hybrid core,Raw Materials,2024-08-31,2024-09-16,2024-09-12,3921,4062.0044,15927119.25,WH-005,"Chicago, IL",Delivered,Pass,Blake Ruiz,2026-04-12
ORD-00001486,SUP-00049,Arellano-Anderson,PRD-000032,Total radical methodology,Machinery,2025-10-25,2025-12-05,2025-12-16,2557,7512.9668,19210656.11,WH-003,"Chicago, IL",In Transit,Pending,,2025-06-02
ORD-00001487,SUP-00031,Lee Ltd,PRD-000188,Secured real-time productivity,Textiles,2024-08-27,2024-10-05,2024-10-13,3699,2075.9312,7678869.51,WH-005,"Dallas, TX",Returned,Pending,Chad Hatfield,2024-05-31
ORD-00001488,SUP-00009,Burton Ltd,PRD-000131,User-friendly logistical groupware,Food & Beverage,2024-11-06,2024-11-30,2024-12-19,781,1424.7399,1112721.86,WH-002,"Atlanta, GA",In Transit,Pending,,2025-03-10
ORD-00001489,SUP-00018,"Thomas, Dennis and Rodriguez",PRD-000077,Devolved hybrid core,Textiles,2024-02-08,2024-03-31,2024-04-18,793,7420.7355,5884643.25,WH-001,"Seattle, WA",Delivered,Fail,John Jones,2025-07-27
ORD-00001490,SUP-00048,Morgan-Ware,PRD-000061,Profound upward-trending Graphic Interface,Chemicals,2025-06-06,2025-05-29,,1483,3927.596,5824624.87,WH-014,"Seattle, WA",Cancelled,Pending,,2025-01-04
ORD-00001491,SUP-00028,Padilla PLC,PRD-000028,Future-proofed secondary collaboration,Chemicals,2024-08-19,2024-09-20,2024-10-05,2840,280.5636,796800.62,WH-013,"Los Angeles, CA",In Transit,Pending,,2025-01-05
ORD-00001492,SUP-00037,Shah Inc,PRD-000062,Mandatory heuristic standardization,Food & Beverage,2024-02-25,2024-03-05,2024-03-14,2982,2589.4189,7721647.16,WH-008,"Dallas, TX",In Transit,Pending,,2025-08-09
ORD-00001493,SUP-00066,Willis-Olson,PRD-000003,Progressive object-oriented forecast,Textiles,2024-08-19,2024-08-30,2024-09-18,4584,4941.0983,22649994.61,WH-003,"Atlanta, GA",Delivered,Fail,David Marshall,2024-10-03
ORD-00001494,SUP-00046,Dunn LLC,PRD-000060,Ergonomic global architecture,Electronics,2024-10-17,2024-12-03,,2920,7670.0497,22396545.12,WH-008,"Atlanta, GA",Cancelled,Pending,,2025-11-19
ORD-00001495,SUP-00011,"Hatfield, Lyons and Richards",PRD-000170,Mandatory modular capacity,Food & Beverage,2023-08-14,2023-10-01,2023-10-18,865,6943.2876,6005943.77,WH-009,"Dallas, TX",In Transit,,,2026-01-26
ORD-00001496,SUP-00075,Barron Ltd,PRD-000132,Synchronized bottom-line intranet,Chemicals,2025-05-25,2025-07-23,2025-08-07,53,7309.8462,387421.85,WH-001,"Los Angeles, CA",Returned,Fail,Benjamin Norris,2024-07-08
ORD-00001497,SUP-00013,Meza LLC,PRD-000089,Managed bandwidth-monitored customer loyalty,Food & Beverage,2023-09-26,2023-11-07,2023-11-18,2692,532.05,1432278.6,WH-002,"Atlanta, GA",Returned,Pass,Nathan Anderson,2025-04-04
ORD-00001498,SUP-00036,Thomas-Velasquez,PRD-000150,Focused fresh-thinking paradigm,Machinery,2023-06-02,2023-07-01,2023-07-09,2219,6444.9942,14301442.13,WH-012,"New York, NY",In Transit,Pending,,2025-09-11
ORD-00001499,SUP-00013,Meza LLC,PRD-000187,Face-to-face next generation process improvement,Machinery,2023-11-22,2023-12-17,2023-12-27,2149,7954.8566,17094986.83,WH-004,"Los Angeles, CA",In Transit,Pending,,2025-06-06
ORD-00001500,SUP-00027,"Ellis, Webb and Rivera",PRD-000070,Intuitive dedicated functionalities,Packaging,2023-12-26,2024-01-04,2024-01-19,4139,1779.4669,7365213.5,WH-011,"Chicago, IL",Delivered,Fail,George Marsh,2024-07-05
ORD-00001501,SUP-00069,Thompson-Owens,PRD-000103,Universal demand-driven algorithm,Raw Materials,2023-11-12,2024-01-03,2023-12-29,1169,1671.366,1444582.64,WH-011,"Atlanta, GA",Returned,Pass,Gabriel Soto,2025-05-18
ORD-00001502,SUP-00008,"Barber, Davis and Barnett",PRD-000178,Cross-group intangible interface,Food & Beverage,2024-05-26,2024-07-18,2024-08-02,1168,87.6358,102358.61,WH-008,"Dallas, TX",Delivered,Pending,,2025-03-07
ORD-00001503,SUP-00058,"Browning, Wiley and Duran",PRD-000079,Multi-layered encompassing hierarchy,Food & Beverage,2025-04-19,2025-06-05,2025-06-19,2312,1899.5906,4391853.47,WH-007,"Dallas, TX",Delivered,Pass,Gary Jackson,2025-05-19
ORD-00001504,SUP-00031,Lee Ltd,PRD-000162,Front-line local website,Packaging,2023-07-25,2023-08-06,2023-08-21,2215,798.3938,1768442.27,WH-001,"Seattle, WA",Returned,Fail,Andrew Pope,2025-12-26
ORD-00001505,SUP-00015,"Nguyen, Cruz and Wilson",PRD-000163,Secured 24hour knowledge user,Packaging,2024-10-20,2024-11-22,2024-11-18,4621,5553.4445,25662467.03,WH-006,"Atlanta, GA",Cancelled,Pending,,2025-08-21
ORD-00001506,SUP-00067,Brooks and Sons,PRD-000091,Ameliorated impactful instruction set,Machinery,2025-09-23,2025-10-17,,4039,7762.4015,31352339.66,WH-005,"Seattle, WA",In Transit,Pending,,2025-05-05
ORD-00001507,SUP-00021,"Walker, Mathis and Acosta",PRD-000086,Integrated 5thgeneration neural-net,Electronics,2024-02-16,2024-02-28,2024-02-29,0,7974.1519,32965143.95,WH-008,"Los Angeles, CA",Cancelled,Pending,,2025-09-04
ORD-00001508,SUP-00041,Webster and Sons,PRD-000108,Advanced next generation Graphic Interface,Raw Materials,2026-01-30,2026-02-24,,1673,6461.1557,10809513.49,WH-003,"New York, NY",Returned,,,2025-07-01
ORD-00001509,SUP-00005,Williams LLC,PRD-000166,Business-focused 24hour secured line,Packaging,2024-12-24,2025-02-07,2025-02-27,835,5707.0999,4765428.42,WH-012,"Dallas, TX",Delivered,,Valerie Case,2025-03-12
ORD-00001510,SUP-00067,Brooks and Sons,PRD-000096,Progressive empowering capability,Chemicals,2024-06-30,2024-07-15,,2922,5237.8382,15304963.22,WH-012,"Seattle, WA",Delivered,Pending,Daniel Foley,2026-01-17
ORD-00001511,,"Taylor, Adams and Donaldson",PRD-000139,Synchronized responsive product,Raw Materials,2026-01-24,2026-02-19,2026-03-09,597,6861.6647,4096413.83,WH-012,"Los Angeles, CA",In Transit,Pending,,2024-06-10
ORD-00001512,SUP-00063,Montoya Inc,PRD-000134,Cross-group neutral access,Textiles,2025-05-29,2025-07-08,2025-07-09,-443,181.1579,110059.9,WH-001,"New York, NY",Delivered,Pending,Mark Houston,2024-09-16
ORD-00001513,SUP-00025,Turner Ltd,PRD-000084,Synergized scalable matrices,Food & Beverage,2024-06-14,2024-07-01,2024-07-01,2096,3088.6881,6473890.26,WH-003,"Atlanta, GA",Delivered,Pending,Autumn Carlson,2025-11-05
ORD-00001514,SUP-00044,Pitts LLC,PRD-000170,Mandatory modular capacity,Machinery,2024-06-12,2024-07-17,2024-07-31,3765,5476.812,20620197.18,WH-009,"New York, NY",Ordered,Pending,,2025-03-03
ORD-00001515,SUP-00001,"Taylor, Adams and Donaldson",PRD-000015,Distributed 6thgeneration info-mediaries,Raw Materials,2024-09-17,2024-10-05,2024-10-23,1372,8602.2611,11802302.23,WH-007,"Dallas, TX",In Transit,Pending,,2026-02-04
ORD-00001516,SUP-00036,Thomas-Velasquez,PRD-000103,Universal demand-driven algorithm,textiles,2023-10-09,2023-11-28,2023-09-30,2641,781.4069,2063695.62,WH-014,"New York, NY",Cancelled,Pending,,2026-03-02
ORD-00001517,SUP-00030,Shaw-Moore,PRD-000001,Ameliorated interactive software,CHEMICALS,2025-10-27,2025-11-16,2025-11-26,1226,1154.6279,1415573.81,WH-003,"Seattle, WA",Ordered,Pending,,2024-11-17
ORD-00001518,SUP-00039,"Wiley, Brown and Sampson",PRD-000188,Secured real-time productivity,Chemicals,2025-02-12,2025-04-05,2025-04-08,1395,668.3927,932407.82,WH-002,"Seattle, WA",Returned,Fail,Cynthia Lewis,2025-12-18
ORD-00001519,SUP-00056,Garcia Group,PRD-000011,Organic 24/7 function,Textiles,2026-01-11,2026-01-16,2026-01-11,2450,570.1444,1396853.78,WH-013,"Dallas, TX",Returned,Pending,,2025-11-28
ORD-00001520,SUP-00025,Turner Ltd,PRD-000111,Team-oriented value-added middleware,Chemicals,2024-03-27,2024-05-14,2024-05-22,3158,3959.0892,12502803.69,WH-001,"Atlanta, GA",In Transit,Pending,,2025-10-03
ORD-00001521,SUP-00079,Mercado-Dorsey,PRD-000087,Stand-alone cohesive approach,Packaging,2024-03-30,2024-05-18,2024-05-29,1631,6274.266,10233327.85,WH-002,"Chicago, IL",Cancelled,Pending,,2026-03-23
ORD-00001522,SUP-00027,"Ellis, Webb and Rivera",PRD-000085,Team-oriented exuding productivity,Chemicals,2023-12-08,2023-12-07,2024-01-25,2932,2083.7223,9449243.26,WH-011,"Atlanta, GA",Cancelled,Pending,,2025-10-29
ORD-00001523,SUP-00062,Chapman-Fuller,PRD-000061,Profound upward-trending Graphic Interface,Raw Materials,2023-12-30,2024-01-22,2024-01-26,82,2523.4941,206926.52,WH-010,"Dallas, TX",Ordered,Pending,,2025-02-01
ORD-00001524,SUP-00073,Newman PLC,PRD-000029,Horizontal coherent protocol,Food & Beverage,2023-10-27,2023-11-09,2023-11-11,2839,8041.5267,22829894.3,WH-008,"Chicago, IL",Returned,Fail,Brittany Carr,2025-12-05
ORD-00001525,SUP-00027,"Ellis, Webb and Rivera",PRD-000037,Multi-channeled 3rdgeneration website,Food & Beverage,2023-07-06,2023-09-02,2023-09-14,154,7085.5037,1091167.57,WH-014,"Seattle, WA",Cancelled,Pending,,2024-06-12
ORD-00001526,SUP-00073,Newman PLC,PRD-000158,Focused maximized focus group,Food & Beverage,2023-07-23,2023-07-31,,4748,8667.7632,41154539.67,WH-011,"New York, NY",Returned,,William Yoder,2025-02-11
ORD-00001527,SUP-00056,Garcia Group,PRD-000123,Ameliorated local concept,Food & Beverage,2026-04-04,2026-05-27,2026-05-28,2223,9697.0326,21556503.47,WH-009,"Seattle, WA",Delivered,Fail,Margaret Donaldson,2025-04-27
ORD-00001528,SUP-00006,Petersen-Kelly,PRD-000191,Right-sized high-level pricing structure,Raw Materials,2025-03-01,2025-04-19,2025-05-08,3791,3279.1155,12431126.86,WH-008,"Seattle, WA",In Transit,Pending,,2024-11-09
ORD-00001529,SUP-00055,"Myers, Coleman and White",PRD-000153,Function-based reciprocal firmware,Electronics,2024-09-29,2024-10-18,2024-11-01,2702,163.2316,441051.78,WH-014,"Los Angeles, CA",Ordered,Pending,,2025-05-09
ORD-00001530,SUP-00024,Kelly and Sons,PRD-000152,Focused background Internet solution,RAW MATERIALS,2024-01-14,2024-02-09,2024-02-12,1285,3915.1059,5030911.08,WH-013,"Seattle, WA",In Transit,Pending,,2024-10-10
ORD-00001531,,Pitts LLC,PRD-000140,Quality-focused encompassing alliance,Raw Materials,2025-02-16,2025-03-20,2025-03-23,3760,3806.3882,14312019.63,WH-001,"Chicago, IL",Delivered,Pass,Ronald Jackson,2026-02-26
ORD-00001532,SUP-00024,Kelly and Sons,PRD-000129,Compatible methodical leverage,Food & Beverage,2025-11-28,2026-01-21,2026-01-18,2381,2396.3709,5705759.11,WH-011,"Dallas, TX",Ordered,Pending,,2024-10-28
ORD-00001533,SUP-00037,Shah Inc,PRD-000092,Pre-emptive human-resource customer loyalty,Packaging,2025-05-04,2025-05-21,2025-06-01,7,4037.4582,28262.21,WH-003,"Dallas, TX",Cancelled,Pending,,2024-07-01
ORD-00001534,SUP-00039,"Wiley, Brown and Sampson",PRD-000052,Proactive dedicated focus group,Textiles,2024-11-28,2024-12-17,2024-12-24,4637,3157.6288,9048557.89,WH-003,"Dallas, TX",Delivered,,Zachary Barber,2025-02-14
ORD-00001535,SUP-00013,Meza LLC,PRD-000006,Intuitive bifurcated open system,Machinery,2025-08-06,2025-10-01,,2572,635.4563,1634393.6,WH-004,"New York, NY",Returned,Pass,Brandon Brady,2025-07-30
ORD-00001536,SUP-00057,Cohen PLC,PRD-000158,Focused maximized focus group,Raw Materials,2024-09-24,2024-11-19,,1718,611.3695,1050332.8,WH-011,"Dallas, TX",In Transit,Pending,,2026-01-18
ORD-00001537,SUP-00060,"Smith, Hill and Steele",PRD-000145,Horizontal mobile knowledge user,Raw Materials,2025-01-06,2025-01-05,2025-03-04,3230,2361.4802,10142421.31,WH-002,"Atlanta, GA",In Transit,Pending,,2024-10-01
ORD-00001538,SUP-00003,Bennett PLC,PRD-000132,Synchronized bottom-line intranet,Packaging,2023-06-29,2023-07-09,2023-07-12,3956,7765.5615,30720561.29,WH-013,"Seattle, WA",Returned,Fail,Tim Stevens,2025-02-13
ORD-00001539,,Burton Ltd,PRD-000092,Pre-emptive human-resource customer loyalty,Electronics,2023-08-29,2023-09-11,2023-09-22,4492,1546.0515,6944863.34,WH-012,"Seattle, WA",Returned,Pass,Monica Hernandez,2024-06-13
ORD-00001540,SUP-00010,Robertson and Sons,PRD-000034,Progressive regional utilization,Electronics,2024-04-03,2024-05-25,2024-05-26,4336,4714.9994,20444237.4,WH-008,"New York, NY",Ordered,Pending,,2025-02-22
ORD-00001541,SUP-00078,Wallace-Williams,PRD-000053,Public-key 4thgeneration hierarchy,Packaging,2026-02-06,2026-01-30,2026-02-17,3808,5363.4103,20423866.42,WH-012,"Chicago, IL",Returned,Pending,Travis Evans,2025-04-22
ORD-00001542,SUP-00019,Rivas-Whitaker,PRD-000152,Focused background Internet solution,Textiles,2023-08-14,2023-08-31,2023-08-31,4771,4465.038,21302696.3,WH-010,"Dallas, TX",Delivered,Fail,Felicia Garner,2025-10-17
ORD-00001543,SUP-00045,Barnes-Rivers,PRD-000005,Fundamental methodical ability,Raw Materials,2024-04-02,2024-05-22,2024-06-11,3522,1473.5918,5189990.32,WH-003,"Seattle, WA",Returned,Pass,Beverly Wolf,2025-07-10
ORD-00001544,SUP-00035,Mann Ltd,PRD-000161,Vision-oriented discrete customer loyalty,Packaging,2024-05-02,2024-06-27,2024-06-28,1916,80.1991,153661.48,WH-002,"Dallas, TX",Ordered,Pending,,2025-10-03
ORD-00001545,SUP-00004,Humphrey Group,PRD-000082,Ergonomic methodical alliance,Chemicals,2024-09-21,2024-10-03,2024-10-06,4734,5197.2299,24603686.35,WH-008,"Atlanta, GA",In Transit,Pending,,2026-01-06
ORD-00001546,SUP-00072,Jackson Inc,PRD-000096,Progressive empowering capability,Food & Beverage,2026-03-12,2026-04-14,,965,1275.3028,1230667.2,WH-008,"Atlanta, GA",In Transit,Pending,,2025-12-23
ORD-00001547,SUP-00053,"Osborn, Ryan and Garrett",PRD-000068,Synchronized next generation archive,Raw Materials,2023-11-22,2023-12-18,2023-12-25,3977,9943.9518,39547096.31,WH-012,"Chicago, IL",Returned,Fail,Alexandra Lin,2024-07-30
ORD-00001548,SUP-00015,"Nguyen, Cruz and Wilson",PRD-000134,Cross-group neutral access,Textiles,2024-06-03,2024-06-08,2024-06-22,3624,483.3657,1751717.3,WH-002,"Los Angeles, CA",In Transit,Pending,,2024-06-08
ORD-00001549,SUP-00004,Humphrey Group,PRD-000171,User-friendly encompassing database,Textiles,2024-03-14,2024-04-22,2024-05-11,285,9961.0176,2838890.02,WH-013,"New York, NY",In Transit,Pending,,2024-10-04
ORD-00001550,SUP-00022,"Reilly, Price and Galloway",PRD-000147,Implemented content-based open architecture,Machinery,2025-12-21,2026-01-25,2026-01-25,3944,7698.6961,30363657.42,WH-003,"Dallas, TX",Returned,Pass,Barbara Adams,2025-08-31
ORD-00001551,SUP-00037,Shah Inc,PRD-000047,Customer-focused incremental collaboration,Textiles,2024-05-24,2024-06-12,2024-06-29,1683,353.6515,595195.47,WH-001,"Seattle, WA",Cancelled,Pending,,2024-06-11
ORD-00001552,SUP-00012,"Hart, Hayes and Velez",PRD-000182,Fully-configurable solution-oriented open system,Machinery,2024-05-21,2024-06-06,2024-06-25,1098,7642.1991,11311768.36,WH-005,"Dallas, TX",In Transit,,,2024-06-04
ORD-00001553,SUP-00025,Turner Ltd,PRD-000116,Open-architected logistical matrices,Packaging,2024-12-18,2025-01-08,2025-01-10,3402,7195.1181,24477791.78,WH-013,"Dallas, TX",In Transit,Pending,,2025-07-31
ORD-00001554,SUP-00026,Velasquez-Flores,PRD-000151,Reactive incremental instruction set,Machinery,2024-04-22,2024-05-30,2024-06-09,461,180.3824,83156.29,WH-010,"Los Angeles, CA",Cancelled,Pending,,2024-04-17
ORD-00001555,SUP-00025,Turner Ltd,PRD-000199,Self-enabling user-facing collaboration,Food & Beverage,2025-07-25,2025-09-04,2025-09-04,2175,1358.4266,2008261.18,WH-004,"Los Angeles, CA",Cancelled,,,2024-11-15
ORD-00001556,SUP-00055,"Myers, Coleman and White",PRD-000041,Ameliorated content-based analyzer,Machinery,2025-03-24,2025-05-10,2025-03-17,2816,8010.5654,22557752.17,WH-008,"New York, NY",In Transit,Pending,,2024-05-24
ORD-00001557,SUP-00044,Pitts LLC,PRD-000136,Cloned multi-state success,Raw Materials,2025-11-25,2026-01-01,2026-01-10,996,2829.552,2818233.79,WH-004,"Seattle, WA",Cancelled,Pending,,2026-02-10
ORD-00001558,SUP-00075,Barron Ltd,PRD-000051,Vision-oriented mobile throughput,Food & Beverage,2024-07-04,2024-07-25,2024-08-04,438,2009.0308,879955.49,WH-005,"Seattle, WA",Returned,Pass,Kristi Fletcher,2025-08-09
ORD-00001559,SUP-00035,Mann Ltd,PRD-000196,Assimilated non-volatile artificial intelligence,Food & Beverage,2025-07-21,2025-08-13,2025-08-19,3547,3413.9912,12109426.79,WH-011,"Dallas, TX",Delivered,Fail,Laura White,2024-09-27
ORD-00001560,SUP-00062,Chapman-Fuller,PRD-000150,Focused fresh-thinking paradigm,Raw Materials,2023-09-09,2023-09-22,2023-09-18,4462,6230.4052,43134626.93,WH-007,"Chicago, IL",Delivered,Pending,John Walters,2024-07-20
ORD-00001561,SUP-00020,"Reyes, Parker and Gibson",PRD-000181,Profit-focused stable hardware,Electronics,2026-02-01,2026-02-13,2026-02-23,2740,4792.3842,13131132.71,WH-011,"Atlanta, GA",Returned,Pending,,2025-02-16
ORD-00001562,SUP-00020,"Reyes, Parker and Gibson",PRD-000109,Synergistic composite ability,Packaging,2025-05-11,2025-06-12,2025-06-22,509,889.3456,452676.91,WH-007,"Dallas, TX",In Transit,,,2025-09-23
ORD-00001563,SUP-00045,Barnes-Rivers,PRD-000058,Pre-emptive context-sensitive process improvement,Raw Materials,2025-02-06,2025-02-12,,2113,6429.1688,20638725.59,WH-011,"Dallas, TX",Cancelled,Pending,,2025-11-13
ORD-00001564,SUP-00021,"Walker, Mathis and Acosta",PRD-000198,Universal 6thgeneration emulation,Machinery,2024-04-23,2024-06-05,2024-06-05,4571,226.9905,1381895.15,WH-006,"Seattle, WA",Delivered,Pending,Jason Archer,2025-05-30
ORD-00001565,SUP-00035,Mann Ltd,PRD-000131,User-friendly logistical groupware,Electronics,2024-12-27,2025-01-11,2025-01-08,3117,5548.2617,17293931.72,WH-004,"Dallas, TX",In Transit,Pending,,2024-12-26
ORD-00001566,SUP-00071,"Robbins, Chapman and Morris",PRD-000091,Ameliorated impactful instruction set,Raw Materials,2025-06-07,2025-06-18,2025-06-26,1622,7882.1294,12784813.89,WH-010,"Atlanta, GA",Returned,Pass,Christopher Hernandez,2025-03-27
ORD-00001567,SUP-00037,Shah Inc,PRD-000032,Total radical methodology,Packaging,2025-06-22,2025-07-09,2025-07-19,414,5622.9253,2327891.07,WH-008,"New York, NY",Ordered,Pending,,2025-01-16
ORD-00001568,SUP-00041,Webster and Sons,PRD-000175,Triple-buffered secondary focus group,Packaging,2025-02-20,2025-04-10,2025-04-11,1803,4734.0198,8535437.7,WH-010,"Seattle, WA",Cancelled,Pending,,2026-01-14
ORD-00001569,SUP-00075,Barron Ltd,PRD-000192,Pre-emptive object-oriented superstructure,Food & Beverage,2024-02-10,2024-03-03,2024-03-08,2972,7741.4683,23007643.79,WH-006,"Dallas, TX",Ordered,Pending,,2024-09-06
ORD-00001570,SUP-00061,Greene-Osborne,PRD-000107,Inverse 3rdgeneration architecture,Chemicals,2025-09-02,2025-09-13,2025-09-25,17,8234.2737,139982.65,WH-004,"Los Angeles, CA",Delivered,Fail,Dr. Frank Larson Jr.,2025-05-02
ORD-00001571,SUP-00036,Thomas-Velasquez,PRD-000177,Ameliorated optimal encryption,Machinery,2024-02-10,2024-04-05,2024-04-17,1257,5575.1575,7007972.98,WH-006,"Atlanta, GA",Returned,Pending,William Schneider,2024-11-15
ORD-00001572,SUP-00061,Greene-Osborne,PRD-000138,Persevering zero-defect matrix,Packaging,2024-04-21,2024-05-19,2024-06-08,2840,3172.5358,9010001.67,WH-002,"Los Angeles, CA",Delivered,Pending,,2025-09-17
ORD-00001573,SUP-00063,Montoya Inc,PRD-000166,Business-focused 24hour secured line,Chemicals,2026-03-07,2026-04-19,2026-04-14,-2293,5051.336,11582713.45,WH-001,"New York, NY",Ordered,Pending,,2024-09-12
ORD-00001574,SUP-00060,"Smith, Hill and Steele",PRD-000169,Organized explicit utilization,Textiles,2025-05-25,2025-07-07,2025-07-07,2295,7085.9026,16262146.47,WH-004,"Atlanta, GA",Returned,Pass,Tiffany Glover,2024-04-17
ORD-00001575,SUP-00025,Turner Ltd,PRD-000023,Total asymmetric hardware,Food & Beverage,2024-12-11,2025-01-20,2025-01-25,4924,518.6282,2553725.26,WH-012,"Los Angeles, CA",Cancelled,,,2024-05-01
ORD-00001576,SUP-00006,Petersen-Kelly,PRD-000130,Monitored empowering migration,Packaging,2023-11-25,2024-01-13,2024-01-17,17,6191.0081,105247.14,WH-005,"New York, NY",In Transit,,,2024-11-06
ORD-00001577,SUP-00035,Mann Ltd,PRD-000126,Organized 24hour attitude,Chemicals,2026-03-19,2026-05-02,2026-05-12,4638,4844.5625,22469080.88,WH-009,"New York, NY",In Transit,Pending,,2026-01-03
ORD-00001578,SUP-00020,"Reyes, Parker and Gibson",PRD-000076,Customer-focused cohesive middleware,Electronics,2025-09-14,2025-09-08,2025-10-20,1592,722.5524,1528988.28,WH-010,"Chicago, IL",Delivered,,Katelyn Reeves,2026-01-22
ORD-00001579,SUP-00057,Cohen PLC,PRD-000029,Horizontal coherent protocol,Machinery,2024-05-18,2024-06-09,2024-06-18,283,9865.227,2791859.24,WH-010,"Los Angeles, CA",Returned,Fail,Gavin Freeman,2026-02-16
ORD-00001580,SUP-00076,Roberts-Edwards,PRD-000187,Face-to-face next generation process improvement,Machinery,2026-01-08,2026-02-17,2026-02-19,2628,2019.3801,5306930.9,WH-003,"Atlanta, GA",Cancelled,Pending,,2025-03-12
ORD-00001581,SUP-00056,Garcia Group,PRD-000126,Organized 24hour attitude,Textiles,2023-07-22,2023-08-25,2023-09-02,1619,7332.332,11871045.51,WH-012,"Atlanta, GA",Cancelled,,,2024-05-16
ORD-00001582,SUP-00028,Padilla PLC,PRD-000193,Multi-tiered bandwidth-monitored adapter,Electronics,2024-11-12,2024-11-28,2024-12-13,2812,3683.8832,10359079.56,WH-005,"Chicago, IL",Returned,Pending,John Jenkins,2024-05-28
ORD-00001583,SUP-00070,"Morales, Allen and Pittman",PRD-000079,Multi-layered encompassing hierarchy,Electronics,2024-05-11,2024-06-08,2024-05-04,3270,1599.4426,5230177.3,WH-004,"Atlanta, GA",Returned,,Edward Webb,2025-10-23
ORD-00001584,SUP-00064,Mitchell Ltd,PRD-000114,Programmable national open architecture,Chemicals,2024-05-12,2024-06-05,2024-06-21,861,8193.6943,7054770.79,WH-008,"Chicago, IL",Delivered,Fail,Kevin Taylor,2024-06-29
ORD-00001585,SUP-00002,Jimenez Inc,PRD-000018,Organic cohesive core,Textiles,2025-05-29,2025-06-30,2025-06-30,3955,2100.6391,8308027.64,WH-013,"Atlanta, GA",In Transit,Pending,,2025-06-13
ORD-00001586,SUP-00002,Jimenez Inc,PRD-000018,Organic cohesive core,Raw Materials,2025-11-15,2025-12-04,2025-12-21,1860,7248.1855,13481625.03,WH-007,"Los Angeles, CA",Returned,Fail,Brittany Hurley,2025-01-08
ORD-00001587,SUP-00073,Newman PLC,PRD-000074,Reactive neutral collaboration,Chemicals,2025-08-07,2025-07-30,2025-08-23,2468,298.5209,736749.58,WH-014,"Seattle, WA",Cancelled,,,2024-10-31
ORD-00001588,SUP-00054,Kane PLC,PRD-000118,Function-based local orchestration,Food & Beverage,2024-04-14,2024-06-10,2024-06-06,44,2336.4704,102804.7,WH-012,"Los Angeles, CA",Returned,Pending,Samuel Snyder,2025-11-02
ORD-00001589,SUP-00009,Burton Ltd,PRD-000029,Horizontal coherent protocol,Electronics,2025-03-03,2025-03-28,2025-04-10,1313,4028.7792,5289787.09,WH-009,"Seattle, WA",Delivered,,Christine Lawson,2025-07-18
ORD-00001590,SUP-00013,Meza LLC,PRD-000005,Fundamental methodical ability,Electronics,2023-12-14,2024-02-03,2024-02-13,1266,2869.0866,3632263.64,WH-006,"Seattle, WA",In Transit,Pending,,2025-05-14
ORD-00001591,SUP-00033,Henderson-Mcguire,PRD-000110,Cross-platform encompassing complexity,Packaging,2024-11-17,2024-12-15,2024-12-31,4065,8788.2152,35724094.79,WH-005,"Seattle, WA",Cancelled,Pending,,2024-06-02
ORD-00001592,SUP-00057,Cohen PLC,PRD-000111,Team-oriented value-added middleware,Food & Beverage,2025-07-26,2025-09-01,2025-08-29,4627,2411.9623,11160149.56,WH-009,"New York, NY",In Transit,Pending,,2024-11-17
ORD-00001593,SUP-00025,Turner Ltd,PRD-000048,Vision-oriented neutral neural-net,Food & Beverage,2023-06-21,2023-06-17,2023-07-22,914,6251.2376,5713631.17,WH-003,"Seattle, WA",Returned,Pending,Tammy Stewart,2025-07-18
ORD-00001594,SUP-00071,"Robbins, Chapman and Morris",PRD-000133,Digitized executive emulation,food & beverage,2024-10-10,2024-10-30,2024-11-18,2253,1101.3427,2481325.1,WH-004,"New York, NY",Returned,Fail,James Stewart MD,2024-08-15
ORD-00001595,SUP-00079,Mercado-Dorsey,PRD-000114,Programmable national open architecture,Textiles,2023-09-08,2023-09-13,2023-09-15,-1345,5766.9082,7756491.53,WH-008,"Los Angeles, CA",Cancelled,Pending,,2025-10-03
ORD-00001596,SUP-00072,Jackson Inc,PRD-000069,Decentralized systemic interface,Chemicals,2023-09-04,2023-10-16,2023-10-29,4031,7050.1593,28419192.14,WH-003,"New York, NY",In Transit,Pending,,2025-06-17
ORD-00001597,,Meza LLC,PRD-000066,Pre-emptive context-sensitive portal,Food & Beverage,2026-03-28,2026-05-23,2026-06-07,4021,1739.2439,6993499.72,WH-004,"Chicago, IL",In Transit,Pending,,2025-07-05
ORD-00001598,SUP-00039,"Wiley, Brown and Sampson",PRD-000132,Synchronized bottom-line intranet,Food & Beverage,2024-09-29,2024-10-30,2024-11-18,4338,1447.4053,6278844.19,WH-006,"Dallas, TX",Returned,Fail,Ryan Carpenter,2025-07-04
ORD-00001599,SUP-00071,"Robbins, Chapman and Morris",PRD-000064,Multi-layered composite neural-net,Machinery,2024-07-26,2024-09-02,2024-08-31,2443,5819.6058,14217296.97,WH-004,"Seattle, WA",Cancelled,Pending,,2025-01-10
ORD-00001600,SUP-00038,Thomas-Wagner,PRD-000164,Profit-focused transitional data-warehouse,Textiles,2023-08-02,2023-08-07,2023-08-26,1293,755.6276,977026.49,WH-007,"New York, NY",Delivered,,Andrew Martinez,2026-01-29
ORD-00001601,SUP-00058,"Browning, Wiley and Duran",PRD-000026,Monitored didactic productivity,Chemicals,2024-11-11,2024-12-25,2025-01-10,1228,6042.7943,7420551.4,WH-003,"Los Angeles, CA",Returned,Pending,Robert Benson,2025-01-24
ORD-00001602,SUP-00017,Griffin and Sons,PRD-000160,De-engineered needs-based emulation,Textiles,2025-02-21,2025-04-10,2025-04-23,-2104,2263.934,4763317.14,WH-014,"New York, NY",In Transit,Pending,,2025-10-27
ORD-00001603,SUP-00014,Thomas-Nguyen,PRD-000020,Universal methodical workforce,Electronics,2024-11-09,2024-12-04,2024-12-05,2843,7264.5153,20653017.0,WH-005,"Atlanta, GA",Returned,Pass,Elizabeth Peterson,2025-11-10
ORD-00001604,SUP-00071,"Robbins, Chapman and Morris",PRD-000016,Automated didactic concept,Food & Beverage,2025-09-21,2025-10-07,2025-09-13,2306,7681.2413,21924265.68,WH-003,"New York, NY",Delivered,Pending,Dalton Atkins,2024-10-27
ORD-00001605,SUP-00079,Mercado-Dorsey,PRD-000158,Focused maximized focus group,Textiles,2023-12-28,2024-01-06,2024-01-09,932,7329.5917,6831179.46,WH-010,"Chicago, IL",Cancelled,Pending,,2025-03-16
ORD-00001606,SUP-00045,Barnes-Rivers,PRD-000104,Inverse context-sensitive hardware,Raw Materials,2025-01-17,2025-03-14,2025-03-09,2429,310.1999,753475.56,WH-006,"Dallas, TX",Delivered,Fail,,2025-04-03
ORD-00001607,SUP-00020,"Reyes, Parker and Gibson",PRD-000105,Universal bifurcated Graphical User Interface,Chemicals,2025-08-13,2025-09-07,2025-09-03,3305,4896.8403,16184057.19,WH-009,"Atlanta, GA",In Transit,Pending,,2024-07-20
ORD-00001608,SUP-00066,Willis-Olson,PRD-000060,Ergonomic global architecture,Chemicals,2025-02-01,2025-02-21,2025-02-27,4314,9247.1604,39892249.97,WH-012,"Atlanta, GA",Returned,Fail,Mary Thompson,2025-08-23
ORD-00001609,SUP-00031,Lee Ltd,PRD-000001,Ameliorated interactive software,Textiles,2023-12-27,2024-02-06,2024-02-13,3879,3618.6835,14036873.3,WH-004,"New York, NY",Ordered,Pending,,2024-12-23
ORD-00001610,SUP-00052,Vargas-Hunter,PRD-000169,Organized explicit utilization,MACHINERY,2023-11-02,2023-12-28,2024-01-01,3972,5136.2967,20401370.49,WH-004,"Atlanta, GA",Ordered,Pending,,2024-08-20
ORD-00001611,,Jimenez Inc,PRD-000002,Programmable object-oriented focus group,Electronics,2025-12-23,2026-01-27,2026-01-27,4239,4023.8577,17057132.79,WH-001,"Los Angeles, CA",Ordered,Pending,,2025-10-17
ORD-00001612,SUP-00001,"Taylor, Adams and Donaldson",PRD-000107,Inverse 3rdgeneration architecture,Chemicals,2023-11-01,2023-12-17,2023-12-18,2998,5007.9448,15013818.51,WH-007,"New York, NY",Cancelled,Pending,,2025-10-25
ORD-00001613,SUP-00025,Turner Ltd,PRD-000028,Future-proofed secondary collaboration,Raw Materials,2023-08-30,2023-10-01,,4987,5518.921,27522859.03,WH-011,"Chicago, IL",Cancelled,Pending,,2025-03-17
ORD-00001614,SUP-00048,Morgan-Ware,PRD-000064,Multi-layered composite neural-net,Electronics,2024-06-21,2024-07-27,2024-07-23,2087,827.757,1727528.86,WH-007,"Chicago, IL",Ordered,,,2026-02-09
ORD-00001615,SUP-00023,"Boyle, Miller and Ellis",PRD-000198,Universal 6thgeneration emulation,Electronics,2025-02-02,2025-03-31,2025-04-05,1174,9965.0941,11699020.47,WH-006,"New York, NY",Cancelled,Pending,,2025-11-19
ORD-00001616,SUP-00077,Taylor-Evans,PRD-000154,Ameliorated 6thgeneration access,Electronics,2023-05-01,2023-05-20,2023-06-06,1021,9583.6735,9784930.64,WH-012,"Los Angeles, CA",In Transit,Pending,,2024-12-19
ORD-00001617,SUP-00065,Ellis Group,PRD-000189,Balanced demand-driven database,Raw Materials,2025-11-15,2025-12-24,2025-12-27,2781,8210.8802,22834457.84,WH-007,"Chicago, IL",Returned,,Sandra Garcia,2026-02-08
ORD-00001618,SUP-00054,Kane PLC,PRD-000197,Multi-tiered dedicated focus group,Packaging,2024-03-18,2024-03-25,2024-04-03,3600,9704.2615,34935341.4,WH-002,"Atlanta, GA",Ordered,Pending,,2025-05-29
ORD-00001619,SUP-00070,"Morales, Allen and Pittman",PRD-000047,Customer-focused incremental collaboration,Machinery,2023-04-28,2023-06-13,2023-06-13,230,8480.1072,1950424.66,WH-006,"Seattle, WA",Ordered,Pending,,2025-06-24
ORD-00001620,SUP-00031,Lee Ltd,PRD-000042,Managed neutral algorithm,Textiles,2024-06-13,2024-06-26,,928,9047.9099,8396460.39,WH-012,"Chicago, IL",Delivered,Fail,David Key,2025-07-26
ORD-00001621,SUP-00030,Shaw-Moore,PRD-000122,Phased holistic policy,Raw Materials,2024-12-16,2025-02-07,2025-02-11,2096,6880.3797,14421275.85,WH-014,"Chicago, IL",Ordered,Pending,,2024-06-16
ORD-00001622,SUP-00021,"Walker, Mathis and Acosta",PRD-000011,Organic 24/7 function,Machinery,2024-02-07,2024-03-21,2024-04-07,480,7299.9086,3503956.13,WH-012,"Los Angeles, CA",Returned,Pending,Mary Parks,2025-04-16
ORD-00001623,SUP-00054,Kane PLC,PRD-000049,Monitored systemic knowledge user,Textiles,2025-05-17,2025-07-04,2025-07-10,2603,8932.7395,23251920.92,WH-006,"Los Angeles, CA",Cancelled,Pending,,2026-03-30
ORD-00001624,SUP-00025,Turner Ltd,PRD-000161,Vision-oriented discrete customer loyalty,Electronics,2025-04-18,2025-05-22,2025-05-22,4884,7087.0901,34613348.05,WH-012,"Seattle, WA",Delivered,Pass,Kimberly Smith,2025-01-19
ORD-00001625,SUP-00042,Peters Group,PRD-000185,Decentralized incremental application,Packaging,2024-07-03,2024-07-19,,659,9534.2611,6283078.06,WH-012,"Seattle, WA",Ordered,Pending,,2025-09-30
ORD-00001626,SUP-00051,Hancock LLC,PRD-000150,Focused fresh-thinking paradigm,Electronics,2024-09-02,2024-10-29,2024-10-30,3241,4006.6667,12985606.77,WH-012,"Seattle, WA",Delivered,Pending,John Meyer,2024-12-27
ORD-00001627,SUP-00068,Gaines-Jackson,PRD-000009,Open-architected explicit complexity,Machinery,2024-02-03,2024-02-10,2024-02-13,1616,5118.9131,8272163.57,WH-007,"Atlanta, GA",Delivered,Fail,Eric Davidson,2024-09-13
ORD-00001628,SUP-00011,"Hatfield, Lyons and Richards",PRD-000142,Ergonomic executive customer loyalty,Electronics,2024-03-17,2024-05-08,2024-05-26,225,3167.8653,712769.69,WH-014,"Chicago, IL",Returned,Pending,Vanessa Neal,2024-10-21
ORD-00001629,SUP-00001,"Taylor, Adams and Donaldson",PRD-000093,Decentralized 24hour time-frame,Packaging,2025-12-12,2026-01-21,2026-02-01,758,2442.8675,1851693.56,WH-006,"New York, NY",Returned,Fail,,2024-12-02
ORD-00001630,SUP-00053,"Osborn, Ryan and Garrett",PRD-000088,User-centric client-server strategy,Electronics,2024-04-17,2024-05-18,2024-05-20,1625,451.6397,733914.51,WH-003,"Los Angeles, CA",Returned,Fail,Robin Frost,2025-09-22
ORD-00001631,SUP-00028,Padilla PLC,PRD-000120,Enhanced client-server throughput,Chemicals,2024-08-18,2024-09-05,2024-09-12,-3676,4196.6708,15426961.86,WH-006,"Chicago, IL",Returned,Pending,,2025-04-17
ORD-00001632,SUP-00040,"Ford, Smith and Hodge",PRD-000187,Face-to-face next generation process improvement,Machinery,2023-09-20,2023-10-20,2023-10-27,-189,6984.9549,1320156.48,WH-006,"Seattle, WA",Cancelled,Pending,,2025-07-24
ORD-00001633,SUP-00010,Robertson and Sons,PRD-000009,Open-architected explicit complexity,Textiles,2024-09-24,2024-10-16,2024-10-16,4131,531.5959,2196022.66,WH-005,"Los Angeles, CA",Cancelled,Pending,,2026-03-21
ORD-00001634,SUP-00039,"Wiley, Brown and Sampson",PRD-000111,Team-oriented value-added middleware,Food & Beverage,2025-01-02,2025-02-14,2025-02-14,3480,2935.116,10214203.68,WH-011,"New York, NY",Returned,Pass,Corey Herring,2025-02-25
ORD-00001635,SUP-00001,"Taylor, Adams and Donaldson",PRD-000027,Secured client-driven protocol,Chemicals,2023-08-04,2023-08-20,2023-08-17,4647,3635.0138,16891909.13,WH-003,"New York, NY",Cancelled,Pending,,2024-12-15
ORD-00001636,SUP-00074,"Mcclain, Johnson and Gibson",PRD-000122,Phased holistic policy,Chemicals,2024-11-05,2024-12-18,2024-12-24,1689,6961.0864,11757274.93,WH-005,"Atlanta, GA",Ordered,Pending,,2024-08-20
ORD-00001637,SUP-00051,Hancock LLC,PRD-000166,Business-focused 24hour secured line,TEXTILES,2025-12-09,2025-12-22,2026-01-10,4631,4827.7129,22357138.44,WH-014,"Atlanta, GA",Delivered,Pending,,2025-05-19
ORD-00001638,SUP-00052,Vargas-Hunter,PRD-000169,Organized explicit utilization,Textiles,2024-08-06,2024-08-12,2024-08-10,1381,3514.1474,4853037.56,WH-012,"Chicago, IL",Ordered,Pending,,2025-04-14
ORD-00001639,SUP-00028,Padilla PLC,PRD-000059,Fundamental asynchronous application,Electronics,2023-08-13,2023-09-26,2023-10-06,3903,1731.1853,4034787.83,WH-010,"Los Angeles, CA",Cancelled,,,2024-11-11
ORD-00001640,SUP-00009,Burton Ltd,PRD-000098,Total regional throughput,Textiles,2025-05-18,2025-06-27,2025-07-04,579,8571.5371,8238515.75,WH-004,"New York, NY",Cancelled,Pending,,2026-02-05
ORD-00001641,SUP-00031,Lee Ltd,PRD-000092,Pre-emptive human-resource customer loyalty,Chemicals,2025-08-18,2025-09-18,,4938,7529.9634,37182959.27,WH-003,"Seattle, WA",Ordered,,,2026-03-24
ORD-00001642,SUP-00070,"Morales, Allen and Pittman",PRD-000049,Monitored systemic knowledge user,ELECTRONICS,2024-07-19,2024-09-11,2024-09-07,3229,8088.0947,26116457.79,WH-007,"Atlanta, GA",Ordered,Pending,,2024-11-29
ORD-00001643,,Jimenez Inc,PRD-000185,Decentralized incremental application,Textiles,2024-10-10,2024-10-29,,724,9796.148,7092411.15,WH-014,"New York, NY",In Transit,Pending,,2024-05-05
ORD-00001644,SUP-00048,Morgan-Ware,PRD-000193,Multi-tiered bandwidth-monitored adapter,Chemicals,2023-07-05,2023-08-20,2023-08-28,1007,9876.0632,9945195.64,WH-005,"Chicago, IL",In Transit,Pending,,2025-09-23
ORD-00001645,SUP-00034,Krueger-Jackson,PRD-000011,Organic 24/7 function,Machinery,2025-08-28,2025-09-30,2025-09-30,205,6320.2479,1295650.82,WH-002,"Los Angeles, CA",In Transit,Pending,,2024-11-16
ORD-00001646,SUP-00008,"Barber, Davis and Barnett",PRD-000106,Open-architected demand-driven frame,Electronics,2026-04-10,2026-05-25,2026-06-08,1396,4179.1652,5834114.62,WH-011,"New York, NY",In Transit,Pending,,2024-12-13
ORD-00001647,SUP-00011,"Hatfield, Lyons and Richards",PRD-000045,Balanced solution-oriented methodology,Chemicals,2026-04-02,2026-04-11,,1607,9667.2794,15535318.0,WH-002,"Dallas, TX",Returned,Fail,Michael Singleton,2025-04-07
ORD-00001648,SUP-00004,Humphrey Group,PRD-000134,Cross-group neutral access,Packaging,2024-02-22,2024-03-12,2024-03-30,908,7184.972,6523954.58,WH-004,"Seattle, WA",Delivered,Fail,,2024-09-26
ORD-00001649,SUP-00065,Ellis Group,PRD-000116,Open-architected logistical matrices,Food & Beverage,2026-01-21,2026-02-01,2026-02-05,294,6890.2011,2025719.12,WH-008,"Los Angeles, CA",In Transit,Pending,,2025-10-31
ORD-00001650,SUP-00059,Campbell and Sons,PRD-000162,Front-line local website,Packaging,2026-03-13,2026-03-23,2026-03-27,3065,3466.528,10624908.32,WH-006,"New York, NY",In Transit,Pending,,2026-01-12
ORD-00001651,SUP-00056,Garcia Group,PRD-000179,Monitored stable artificial intelligence,Raw Materials,2024-06-06,2024-08-03,2024-07-29,336,8555.7424,2874729.45,WH-005,"Atlanta, GA",Cancelled,Pending,,2025-12-08
ORD-00001652,SUP-00013,Meza LLC,PRD-000074,Reactive neutral collaboration,Food & Beverage,2024-10-04,2024-10-19,2024-10-21,2290,4617.9371,10575075.96,WH-012,"Chicago, IL",Ordered,Pending,,2026-04-03
ORD-00001653,SUP-00044,Pitts LLC,PRD-000119,Enhanced local migration,Textiles,2024-08-02,2024-09-28,2024-10-17,3653,6198.1453,22641824.78,WH-003,"Chicago, IL",In Transit,,,2025-12-25
ORD-00001654,SUP-00045,Barnes-Rivers,PRD-000074,Reactive neutral collaboration,Food & Beverage,2024-01-15,2024-03-15,2024-03-28,4551,4782.734,21766222.43,WH-003,"New York, NY",Ordered,Pending,,2025-03-12
ORD-00001655,SUP-00015,"Nguyen, Cruz and Wilson",PRD-000156,Sharable disintermediate Graphical User Interface,FOOD & BEVERAGE,2025-11-23,2026-01-05,2025-12-31,2760,1450.5051,4003394.08,WH-014,"Atlanta, GA",Cancelled,Pending,,2025-07-07
ORD-00001656,SUP-00013,Meza LLC,PRD-000074,Reactive neutral collaboration,Raw Materials,2024-02-03,2024-03-14,2024-03-11,92,9555.3505,879092.25,WH-012,"New York, NY",Returned,Pass,,2025-10-24
ORD-00001657,SUP-00042,Peters Group,PRD-000199,Self-enabling user-facing collaboration,textiles,2023-11-19,2023-11-28,2023-12-04,4341,5836.2208,25335034.49,WH-007,"Atlanta, GA",In Transit,Pending,,2024-09-28
ORD-00001658,SUP-00051,Hancock LLC,PRD-000061,Profound upward-trending Graphic Interface,Electronics,2025-08-15,2025-08-24,2025-09-02,1001,5219.0539,5224272.95,WH-012,"New York, NY",In Transit,Pending,,2024-12-28
ORD-00001659,SUP-00016,Acosta and Sons,PRD-000042,Managed neutral algorithm,Machinery,2025-04-16,2025-04-26,2025-05-07,1957,8809.5522,17240293.66,WH-012,"Chicago, IL",In Transit,,,2026-01-20
ORD-00001660,SUP-00074,"Mcclain, Johnson and Gibson",PRD-000196,Assimilated non-volatile artificial intelligence,Chemicals,2026-01-09,2026-02-10,2026-02-26,352,462.9788,162968.54,WH-013,"Seattle, WA",Returned,Fail,James Nguyen,2025-10-16
ORD-00001661,SUP-00075,Barron Ltd,PRD-000162,Front-line local website,Machinery,2025-11-02,2025-12-15,2025-12-21,1988,982.2435,1952700.08,WH-013,"Atlanta, GA",Ordered,Pending,,2024-05-19
ORD-00001662,,"Taylor, Adams and Donaldson",PRD-000053,Public-key 4thgeneration hierarchy,RAW MATERIALS,2023-11-02,2023-12-02,2023-12-05,49,8033.0792,393620.88,WH-002,"Atlanta, GA",Cancelled,,,2026-04-07
ORD-00001663,SUP-00072,Jackson Inc,PRD-000062,Mandatory heuristic standardization,Electronics,2024-05-27,2024-07-03,2024-07-12,3702,9970.9227,36912355.84,WH-009,"New York, NY",In Transit,Pending,,2026-03-20
ORD-00001664,SUP-00073,Newman PLC,PRD-000140,Quality-focused encompassing alliance,Machinery,2023-12-26,2024-01-28,2024-01-25,617,1051.62,648849.54,WH-014,"New York, NY",In Transit,Pending,,2025-11-04
ORD-00001665,SUP-00071,"Robbins, Chapman and Morris",PRD-000169,Organized explicit utilization,Machinery,2024-03-29,2024-03-26,2024-05-11,1522,746.2141,1135737.86,WH-007,"Chicago, IL",Cancelled,Pending,,2025-04-20
ORD-00001666,SUP-00017,Griffin and Sons,PRD-000099,Reduced dynamic knowledgebase,Machinery,2024-10-21,2024-11-04,2024-11-15,1386,6813.5092,9443523.75,WH-014,"Seattle, WA",Ordered,Pending,,2025-03-30
ORD-00001667,SUP-00052,Vargas-Hunter,PRD-000173,Optional multimedia architecture,Packaging,2023-06-12,2023-08-03,2023-08-17,4458,7952.1231,35450564.78,WH-003,"Los Angeles, CA",Cancelled,Pending,,2025-07-07
ORD-00001668,SUP-00076,Roberts-Edwards,PRD-000082,Ergonomic methodical alliance,Electronics,2023-07-13,2023-09-08,2023-09-16,4981,7625.023,37980239.56,WH-003,"Chicago, IL",In Transit,Pending,,2024-07-01
ORD-00001669,,Padilla PLC,PRD-000054,Reactive holistic flexibility,Food & Beverage,2025-11-21,2025-11-30,2025-12-04,965,2318.1103,2236976.44,WH-006,"Chicago, IL",In Transit,Pending,,2025-09-22
ORD-00001670,SUP-00028,Padilla PLC,PRD-000118,Function-based local orchestration,Electronics,2023-09-11,2023-10-22,2023-10-17,1562,3218.5147,5027319.96,WH-013,"Los Angeles, CA",Returned,Pending,Scott Blair,2026-01-13
ORD-00001671,SUP-00064,Mitchell Ltd,PRD-000083,Profit-focused well-modulated function,Raw Materials,2025-09-07,2025-09-19,2025-10-06,109,8471.8175,923428.11,WH-013,"Los Angeles, CA",Delivered,Pending,Krystal Baker,2025-07-05
ORD-00001672,SUP-00027,"Ellis, Webb and Rivera",PRD-000126,Organized 24hour attitude,Chemicals,2024-02-01,2024-03-02,,498,8936.6063,4450429.94,WH-014,"Dallas, TX",Cancelled,,,2025-06-29
ORD-00001673,SUP-00028,Padilla PLC,PRD-000002,Programmable object-oriented focus group,Electronics,2024-08-20,2024-09-18,2024-09-24,3445,9173.5799,31602982.76,WH-003,"New York, NY",In Transit,Pending,,2024-06-04
ORD-00001674,SUP-00013,Meza LLC,PRD-000049,Monitored systemic knowledge user,Packaging,2026-04-07,2026-05-11,,2478,185.8222,460467.41,WH-013,"Los Angeles, CA",In Transit,Pending,,2025-01-19
ORD-00001675,SUP-00072,Jackson Inc,PRD-000117,Grass-roots neutral database,Packaging,2024-05-26,2024-07-10,2024-04-28,2842,4615.0438,10328221.23,WH-014,"Chicago, IL",Ordered,Pending,,2025-04-28
ORD-00001676,SUP-00060,"Smith, Hill and Steele",PRD-000018,Organic cohesive core,Raw Materials,2024-03-10,2024-03-21,2024-03-29,-4736,8633.021,40885987.46,WH-002,"Atlanta, GA",Cancelled,Pending,,2024-09-02
ORD-00001677,SUP-00057,Cohen PLC,PRD-000131,User-friendly logistical groupware,electronics,2025-02-24,2025-03-28,2025-03-25,2295,5518.9086,12665895.24,WH-005,"Seattle, WA",In Transit,Pending,,2024-08-15
ORD-00001678,SUP-00055,"Myers, Coleman and White",PRD-000002,Programmable object-oriented focus group,Machinery,2023-10-25,2023-10-19,,0,3646.8588,13270919.17,WH-002,"Los Angeles, CA",Delivered,,Joseph Cook,2025-03-12
ORD-00001679,SUP-00031,Lee Ltd,PRD-000003,Progressive object-oriented forecast,Raw Materials,2025-11-19,2026-01-05,2025-11-13,523,1088.1621,569108.78,WH-009,"Dallas, TX",Cancelled,Pending,,2025-04-24
ORD-00001680,,Gaines-Jackson,PRD-000090,Multi-channeled asynchronous definition,Food & Beverage,2023-07-08,2023-07-21,2023-07-30,1172,5461.5165,6400897.34,WH-008,"Los Angeles, CA",Returned,Pending,Sherry Hobbs,2025-11-25
ORD-00001681,SUP-00048,Morgan-Ware,PRD-000085,Team-oriented exuding productivity,Food & Beverage,2025-12-14,2025-12-25,2026-01-12,1343,7197.0111,9665585.91,WH-005,"Atlanta, GA",Delivered,Pending,Marie Collins,2025-04-10
ORD-00001682,SUP-00065,Ellis Group,PRD-000126,Organized 24hour attitude,Chemicals,2024-09-21,2024-09-29,2024-10-16,4838,2136.4839,10336309.11,WH-005,"Seattle, WA",Cancelled,Pending,,2025-12-22
ORD-00001683,SUP-00035,Mann Ltd,PRD-000130,Monitored empowering migration,Textiles,2025-10-21,2025-10-19,2025-11-21,4874,68.0682,331764.41,WH-013,"New York, NY",In Transit,Pending,,2025-08-13
ORD-00001684,SUP-00032,"Foster, Powell and Moore",PRD-000100,Automated static software,Packaging,2025-07-02,2025-08-01,2025-08-07,3689,7355.0071,27132621.19,WH-005,"Dallas, TX",Ordered,Pending,,2025-04-18
ORD-00001685,SUP-00058,"Browning, Wiley and Duran",PRD-000140,Quality-focused encompassing alliance,Chemicals,2024-10-02,2024-11-04,2024-11-23,963,7241.8196,6973872.27,WH-009,"Chicago, IL",In Transit,Pending,,2024-06-06
ORD-00001686,SUP-00049,Arellano-Anderson,PRD-000030,Inverse real-time database,Electronics,2024-06-05,2024-06-22,2024-06-29,4115,5380.0776,22139019.32,WH-014,"Dallas, TX",Returned,Pending,,2024-11-26
ORD-00001687,,Newman PLC,PRD-000012,Up-sized actuating model,Chemicals,2025-07-15,2025-09-09,2025-09-18,0,3736.5901,15660049.11,WH-006,"New York, NY",Cancelled,Pending,,2024-05-25
ORD-00001688,SUP-00021,"Walker, Mathis and Acosta",PRD-000010,Grass-roots systemic moderator,Electronics,2024-04-30,2024-05-06,2024-05-03,1297,7566.4045,9813626.64,WH-004,"Dallas, TX",Returned,Pending,Theresa Adkins,2025-08-17
ORD-00001689,,"Boyle, Miller and Ellis",PRD-000073,Seamless non-volatile collaboration,Electronics,2025-05-24,2025-06-05,2025-06-10,2336,5660.1411,13222089.61,WH-012,"Dallas, TX",Ordered,,,2025-06-19
ORD-00001690,SUP-00031,Lee Ltd,PRD-000079,Multi-layered encompassing hierarchy,Food & Beverage,2026-04-01,2026-05-10,2026-05-29,1555,3907.0671,6075489.34,WH-013,"Chicago, IL",Ordered,Pending,,2026-01-09
ORD-00001691,SUP-00075,Barron Ltd,PRD-000138,Persevering zero-defect matrix,Chemicals,2023-06-28,2023-08-03,2023-06-23,3876,2883.0414,11174668.47,WH-002,"Atlanta, GA",Cancelled,Pending,,2024-07-07
ORD-00001692,SUP-00034,Krueger-Jackson,PRD-000195,Cross-group background database,Textiles,2026-01-21,2026-02-26,2026-02-25,3000,8511.4775,37369439.08,WH-010,"Dallas, TX",Ordered,Pending,,2024-05-13
ORD-00001693,SUP-00061,Greene-Osborne,PRD-000016,Automated didactic concept,Textiles,2023-07-26,2023-07-22,,872,820.2822,715286.08,WH-006,"Dallas, TX",Cancelled,Pending,,2024-07-16
ORD-00001694,SUP-00061,Greene-Osborne,PRD-000123,Ameliorated local concept,Chemicals,2025-04-29,2025-05-25,2025-05-25,4573,3010.0785,13765088.98,WH-002,"New York, NY",Ordered,Pending,,2025-01-26
ORD-00001695,SUP-00027,"Ellis, Webb and Rivera",PRD-000188,Secured real-time productivity,Food & Beverage,2024-02-27,2024-03-14,2024-04-01,4121,8828.6374,36382814.73,WH-014,"New York, NY",In Transit,Pending,,2025-03-03
ORD-00001696,SUP-00063,Montoya Inc,PRD-000114,Programmable national open architecture,Food & Beverage,2025-04-11,2025-05-09,2025-05-29,4070,1858.2352,7563017.26,WH-006,"Los Angeles, CA",Returned,Pass,,2025-03-26
ORD-00001697,SUP-00060,"Smith, Hill and Steele",PRD-000170,Mandatory modular capacity,Food & Beverage,2025-02-28,2025-03-12,2025-03-29,4813,7345.5086,35353932.89,WH-011,"Chicago, IL",Returned,Fail,Kyle Payne,2025-04-28
ORD-00001698,SUP-00021,"Walker, Mathis and Acosta",PRD-000024,Cloned cohesive open architecture,Machinery,2025-03-26,2025-04-23,2025-05-07,1937,5245.1779,8728453.55,WH-013,"Seattle, WA",In Transit,Pending,,2026-03-06
ORD-00001699,SUP-00013,Meza LLC,PRD-000080,Implemented solution-oriented adapter,Chemicals,2026-02-28,2026-03-09,2026-03-04,2361,6456.5182,15243839.47,WH-002,"Los Angeles, CA",Returned,Fail,,2025-01-31
ORD-00001700,SUP-00012,"Hart, Hayes and Velez",PRD-000037,Multi-channeled 3rdgeneration website,Electronics,2023-04-21,2023-05-07,,0,4293.1233,14957241.58,WH-006,"Los Angeles, CA",Cancelled,Pending,,2024-10-24
ORD-00001701,SUP-00048,Morgan-Ware,PRD-000102,Secured upward-trending workforce,Packaging,2025-10-21,2025-11-16,,3138,4421.0916,13873385.44,WH-006,"Chicago, IL",Delivered,Fail,Ian Johnson,2024-06-26
ORD-00001702,SUP-00056,Garcia Group,PRD-000014,Upgradable composite firmware,Chemicals,2024-02-21,2024-03-18,2024-03-17,1782,3776.4205,6729581.33,WH-005,"Atlanta, GA",Delivered,,Laura Palmer,2025-01-08
ORD-00001703,SUP-00001,"Taylor, Adams and Donaldson",PRD-000157,Monitored grid-enabled concept,Textiles,2026-01-14,2026-01-27,2026-02-06,3458,4810.2062,16633693.04,WH-012,"New York, NY",Delivered,Pass,Christine Summers,2024-05-08
ORD-00001704,SUP-00026,Velasquez-Flores,PRD-000083,Profit-focused well-modulated function,Machinery,2023-06-22,2023-07-03,2023-07-22,4199,1580.2605,6635513.84,WH-005,"Atlanta, GA",In Transit,Pending,,2025-08-07
ORD-00001705,SUP-00071,"Robbins, Chapman and Morris",PRD-000080,Implemented solution-oriented adapter,Textiles,2026-01-20,2026-03-16,2026-03-14,4871,7679.854,37408568.83,WH-014,"Dallas, TX",Delivered,Fail,Cody Brown,2025-04-24
ORD-00001706,SUP-00059,Campbell and Sons,PRD-000029,Horizontal coherent protocol,Textiles,2025-06-28,2025-08-26,,0,753.2755,1450055.34,WH-008,"New York, NY",Ordered,Pending,,2025-08-18
ORD-00001707,SUP-00062,Chapman-Fuller,PRD-000129,Compatible methodical leverage,Raw Materials,2025-12-17,2026-01-26,2026-02-14,2927,3601.4851,10541546.89,WH-004,"Dallas, TX",In Transit,Pending,,2026-03-22
ORD-00001708,SUP-00059,Campbell and Sons,PRD-000091,Ameliorated impactful instruction set,Raw Materials,2024-09-08,2024-10-20,2024-10-26,651,6656.0735,4333103.85,WH-001,"Dallas, TX",Returned,Pending,Heather Allen,2026-02-21
ORD-00001709,SUP-00008,"Barber, Davis and Barnett",PRD-000157,Monitored grid-enabled concept,Food & Beverage,2023-06-21,2023-08-14,2023-08-24,4568,9735.5496,44471990.57,WH-006,"Chicago, IL",Cancelled,Pending,,2024-10-01
ORD-00001710,SUP-00039,"Wiley, Brown and Sampson",PRD-000170,Mandatory modular capacity,Machinery,2025-07-25,2025-08-22,2025-09-02,4568,3127.197,14285035.9,WH-009,"New York, NY",Returned,Fail,,2026-02-03
ORD-00001711,SUP-00033,Henderson-Mcguire,PRD-000165,Integrated 5thgeneration contingency,Machinery,2023-09-16,2023-10-20,,4793,5084.8521,24371696.12,WH-007,"New York, NY",Cancelled,Pending,,2024-04-17
ORD-00001712,SUP-00074,"Mcclain, Johnson and Gibson",PRD-000066,Pre-emptive context-sensitive portal,Raw Materials,2026-04-12,2026-04-30,2026-05-05,4642,3423.2448,15890702.36,WH-003,"Dallas, TX",Cancelled,,,2025-09-06
ORD-00001713,SUP-00030,Shaw-Moore,PRD-000020,Universal methodical workforce,Machinery,2025-01-06,2025-01-30,2025-01-26,0,9355.6208,40855996.03,WH-003,"Los Angeles, CA",Cancelled,Pending,,2024-09-11
ORD-00001714,SUP-00067,Brooks and Sons,PRD-000016,Automated didactic concept,Electronics,2023-11-04,2024-01-02,2024-01-15,4018,1324.5787,5322157.22,WH-010,"New York, NY",Returned,Pass,Michael Hudson,2025-08-06
ORD-00001715,SUP-00028,Padilla PLC,PRD-000175,Triple-buffered secondary focus group,CHEMICALS,2024-11-28,2024-12-29,2025-01-11,2761,3886.0147,10729286.59,WH-006,"New York, NY",Ordered,Pending,,2026-02-17
ORD-00001716,SUP-00065,Ellis Group,PRD-000067,Function-based human-resource secured line,Machinery,2023-05-24,2023-07-12,,1677,7326.0462,12285779.48,WH-003,"Chicago, IL",Cancelled,Pending,,2025-02-19
ORD-00001717,SUP-00055,"Myers, Coleman and White",PRD-000183,Business-focused content-based encryption,Electronics,2025-06-22,2025-08-12,2025-06-05,236,4025.1123,949926.5,WH-003,"New York, NY",Cancelled,Pending,,2024-12-14
ORD-00001718,SUP-00044,Pitts LLC,PRD-000154,Ameliorated 6thgeneration access,Raw Materials,2025-05-22,2025-06-13,2025-07-01,2828,2648.69,7490495.32,WH-004,"Seattle, WA",In Transit,Pending,,2024-12-10
ORD-00001719,SUP-00032,"Foster, Powell and Moore",PRD-000164,Profit-focused transitional data-warehouse,Packaging,2025-03-09,2025-05-05,2025-05-18,4594,256.4262,1178021.96,WH-004,"Chicago, IL",Delivered,Pending,,2025-07-18
ORD-00001720,SUP-00071,"Robbins, Chapman and Morris",PRD-000169,Organized explicit utilization,Chemicals,2024-02-09,2024-03-28,,4906,3131.296,15362138.18,WH-003,"Dallas, TX",Returned,Pass,,2025-02-09
ORD-00001721,SUP-00059,Campbell and Sons,PRD-000074,Reactive neutral collaboration,Textiles,2025-10-13,2025-11-06,2025-11-22,4974,5019.5638,21424170.13,WH-006,"Chicago, IL",Ordered,,,2025-02-22
ORD-00001722,SUP-00018,"Thomas, Dennis and Rodriguez",PRD-000047,Customer-focused incremental collaboration,Electronics,2023-07-03,2023-07-09,2023-07-21,3588,587.7384,2108805.38,WH-006,"Atlanta, GA",Returned,Pass,Jennifer Conner,2024-11-03
ORD-00001723,SUP-00010,Robertson and Sons,PRD-000135,Switchable client-server success,Textiles,2023-08-25,2023-09-06,2023-09-16,3951,3338.7122,13191251.9,WH-008,"Los Angeles, CA",Delivered,Fail,Michael Diaz,2026-04-03
ORD-00001724,SUP-00034,Krueger-Jackson,PRD-000022,Networked empowering open system,Chemicals,2025-02-06,2025-03-05,2025-03-08,4423,9830.379,43479766.32,WH-007,"Dallas, TX",Returned,Pass,Brian Anderson,2025-09-25
ORD-00001725,SUP-00056,Garcia Group,PRD-000184,Distributed user-facing encryption,packaging,2025-06-27,2025-07-20,2025-08-04,4934,6668.3655,32901715.38,WH-004,"Los Angeles, CA",Returned,Pass,Claudia Smith,2025-08-05
ORD-00001726,SUP-00053,"Osborn, Ryan and Garrett",PRD-000032,Total radical methodology,Food & Beverage,2025-03-29,2025-05-24,2025-05-20,2017,5320.7296,10731911.6,WH-008,"Chicago, IL",Delivered,Fail,,2026-01-22
ORD-00001727,SUP-00033,Henderson-Mcguire,PRD-000077,Devolved hybrid core,Electronics,2024-05-30,2024-05-23,2024-07-12,237,8311.1802,1969749.71,WH-013,"Los Angeles, CA",Ordered,Pending,,2025-03-21
ORD-00001728,SUP-00027,"Ellis, Webb and Rivera",PRD-000063,Implemented regional adapter,Packaging,2025-04-29,2025-05-11,2025-05-15,93,6917.2034,643299.92,WH-010,"Seattle, WA",Cancelled,Pending,,2025-05-20
ORD-00001729,SUP-00050,Dixon Inc,PRD-000095,Programmable zero-defect infrastructure,Raw Materials,2025-03-09,2025-04-15,2025-04-19,4620,4479.3424,20694561.89,WH-011,"Chicago, IL",Cancelled,Pending,,2024-09-20
ORD-00001730,SUP-00073,Newman PLC,PRD-000001,Ameliorated interactive software,Packaging,2025-10-15,2025-12-04,,2248,5746.0793,12917186.27,WH-009,"Dallas, TX",In Transit,Pending,,2025-06-29
ORD-00001731,SUP-00060,"Smith, Hill and Steele",PRD-000150,Focused fresh-thinking paradigm,Raw Materials,2025-11-10,2025-12-13,2025-12-23,228,9707.3838,2213283.51,WH-008,"Chicago, IL",Returned,Fail,Anne Jones,2024-04-23
ORD-00001732,SUP-00073,Newman PLC,PRD-000115,Optimized actuating ability,Packaging,2026-01-02,2026-02-04,2026-01-31,208,2964.4768,616611.17,WH-006,"Seattle, WA",In Transit,Pending,,2025-04-06
ORD-00001733,SUP-00020,"Reyes, Parker and Gibson",PRD-000119,Enhanced local migration,Machinery,2024-06-06,2024-07-28,2024-08-03,4774,6964.5775,33248892.99,WH-012,"Los Angeles, CA",Delivered,Pending,Rebecca Bass,2025-12-20
ORD-00001734,SUP-00016,Acosta and Sons,PRD-000014,Upgradable composite firmware,Electronics,2025-02-17,2025-03-23,2025-03-27,1840,538.572,990972.48,WH-009,"Chicago, IL",In Transit,Pending,,2025-04-17
ORD-00001735,SUP-00034,Krueger-Jackson,PRD-000008,Optional zero-defect firmware,Chemicals,2025-04-17,2025-06-16,2025-06-27,-2294,1100.177,2523806.04,WH-012,"Los Angeles, CA",Returned,Pass,Philip Smith,2024-12-17
ORD-00001736,SUP-00019,Rivas-Whitaker,PRD-000052,Proactive dedicated focus group,Textiles,2023-05-29,2023-06-26,2023-07-04,221,3444.0765,761140.91,WH-014,"Seattle, WA",In Transit,Pending,,2025-02-22
ORD-00001737,SUP-00073,Newman PLC,PRD-000108,Advanced next generation Graphic Interface,Chemicals,2024-01-08,2024-03-02,2024-03-02,2461,8074.9754,22330923.26,WH-006,"Los Angeles, CA",Returned,Pending,David Nunez,2026-01-21
ORD-00001738,SUP-00022,"Reilly, Price and Galloway",PRD-000158,Focused maximized focus group,Packaging,2023-12-22,2024-01-14,2024-01-23,928,1529.9033,1419750.26,WH-005,"Dallas, TX",In Transit,Pending,,2025-06-22
ORD-00001739,SUP-00054,Kane PLC,PRD-000118,Function-based local orchestration,Food & Beverage,2025-02-18,2025-03-04,2025-01-26,756,6625.3133,5008736.85,WH-003,"Atlanta, GA",Ordered,Pending,,2024-08-26
ORD-00001740,SUP-00053,"Osborn, Ryan and Garrett",PRD-000103,Universal demand-driven algorithm,Electronics,2023-04-22,2023-05-12,2023-05-24,-4856,9316.7578,45242175.88,WH-002,"Los Angeles, CA",Returned,Fail,,2025-09-10
ORD-00001741,SUP-00038,Thomas-Wagner,PRD-000008,Optional zero-defect firmware,Textiles,2023-04-20,2023-04-29,2023-04-24,842,3312.0943,2788783.4,WH-001,"Dallas, TX",Delivered,Pass,Joyce Johnson MD,2025-01-11
ORD-00001742,SUP-00007,Anderson-Jackson,PRD-000186,Enhanced asynchronous secured line,Chemicals,2026-02-15,2026-03-17,2026-03-20,3187,8279.1587,26385678.78,WH-014,"Dallas, TX",Ordered,Pending,,2025-04-30
ORD-00001743,SUP-00013,Meza LLC,PRD-000172,Persevering fault-tolerant throughput,Textiles,2023-06-15,2023-07-02,2023-06-28,4900,6113.3088,29955213.12,WH-012,"Los Angeles, CA",Delivered,,Edward Vega,2024-08-30
ORD-00001744,SUP-00050,Dixon Inc,PRD-000121,Adaptive systematic success,Textiles,2026-03-23,2026-05-07,2026-05-25,3116,5286.0932,16471466.41,WH-002,"Chicago, IL",Ordered,Pending,,2025-04-13
ORD-00001745,SUP-00038,Thomas-Wagner,PRD-000019,Self-enabling transitional pricing structure,Electronics,2023-12-03,2023-12-24,2023-11-09,3700,8986.5268,33250149.16,WH-007,"Los Angeles, CA",Returned,Pending,,2025-07-07
ORD-00001746,SUP-00056,Garcia Group,PRD-000052,Proactive dedicated focus group,Electronics,2023-09-05,2023-10-02,2023-10-20,695,837.4557,582031.71,WH-010,"Chicago, IL",Ordered,Pending,,2024-07-21
ORD-00001747,SUP-00067,Brooks and Sons,PRD-000078,Devolved didactic instruction set,Food & Beverage,2026-03-29,2026-05-08,2026-05-09,1993,644.843,1285172.1,WH-006,"Los Angeles, CA",Returned,,,2024-10-01
ORD-00001748,SUP-00011,"Hatfield, Lyons and Richards",PRD-000175,Triple-buffered secondary focus group,Raw Materials,2025-01-17,2025-02-20,2025-03-09,2496,2368.865,5912687.04,WH-004,"Dallas, TX",Delivered,Pass,Kelly Alvarez,2025-08-20
ORD-00001749,SUP-00020,"Reyes, Parker and Gibson",PRD-000114,Programmable national open architecture,Raw Materials,2023-11-12,2023-12-01,2023-12-15,990,5307.737,5254659.63,WH-014,"Chicago, IL",In Transit,Pending,,2025-07-30
ORD-00001750,SUP-00017,Griffin and Sons,PRD-000188,Secured real-time productivity,Textiles,2024-02-01,2024-03-19,2024-03-27,3242,3647.8857,11826445.44,WH-014,"Dallas, TX",Returned,Fail,Anna Myers DDS,2025-10-02
ORD-00001751,SUP-00037,Shah Inc,PRD-000140,Quality-focused encompassing alliance,Machinery,2024-01-10,2024-01-21,2024-01-19,1266,8339.7785,10558159.58,WH-001,"Seattle, WA",Delivered,Fail,,2025-07-24
ORD-00001752,SUP-00074,"Mcclain, Johnson and Gibson",PRD-000180,Optimized 24/7 matrix,Textiles,2025-05-21,2025-07-05,2025-07-10,3542,9387.4672,33250408.82,WH-005,"Seattle, WA",Delivered,Pending,,2026-03-03
ORD-00001753,SUP-00011,"Hatfield, Lyons and Richards",PRD-000181,Profit-focused stable hardware,Electronics,2024-06-08,2024-06-25,2024-06-25,468,8861.954,4147394.47,WH-001,"Atlanta, GA",Cancelled,Pending,,2025-10-23
ORD-00001754,SUP-00033,Henderson-Mcguire,PRD-000038,Organic actuating strategy,Raw Materials,2024-06-26,2024-07-23,2024-08-04,4776,9370.1108,44751649.18,WH-013,"Atlanta, GA",Returned,Pending,Christine Jones,2025-07-09
ORD-00001755,SUP-00015,"Nguyen, Cruz and Wilson",PRD-000091,Ameliorated impactful instruction set,Machinery,2023-11-30,2024-01-12,,3570,7192.5812,25677514.88,WH-010,"Seattle, WA",Returned,Pass,Wayne Barnes,2025-02-15
ORD-00001756,SUP-00023,"Boyle, Miller and Ellis",PRD-000019,Self-enabling transitional pricing structure,Textiles,2026-02-10,2026-03-03,2026-03-07,4249,2760.681,11730133.57,WH-013,"New York, NY",Cancelled,,,2024-07-14
ORD-00001757,SUP-00034,Krueger-Jackson,PRD-000018,Organic cohesive core,Food & Beverage,2024-05-02,2024-06-05,2024-06-02,2222,976.8432,2170545.59,WH-011,"Atlanta, GA",Ordered,Pending,,2025-02-22
ORD-00001758,,Montoya Inc,PRD-000138,Persevering zero-defect matrix,Raw Materials,2025-12-25,2026-01-13,2026-01-20,803,5535.6157,4445099.41,WH-003,"Los Angeles, CA",Delivered,Pass,,2025-04-17
ORD-00001759,SUP-00037,Shah Inc,PRD-000175,Triple-buffered secondary focus group,Food & Beverage,2024-02-29,2024-04-17,2024-04-16,2436,9593.6529,23370138.46,WH-001,"Chicago, IL",Cancelled,Pending,,2025-02-21
ORD-00001760,,Montoya Inc,PRD-000015,Distributed 6thgeneration info-mediaries,Electronics,2024-02-23,2024-04-03,2024-04-12,4748,4698.0754,22306462.0,WH-013,"Los Angeles, CA",Ordered,Pending,,2025-12-08
ORD-00001761,SUP-00002,Jimenez Inc,PRD-000140,Quality-focused encompassing alliance,Electronics,2024-12-12,2025-01-07,2025-01-05,3901,3554.2161,13864997.01,WH-005,"Seattle, WA",Delivered,Fail,Gabriel Herrera,2025-07-13
ORD-00001762,SUP-00079,Mercado-Dorsey,PRD-000095,Programmable zero-defect infrastructure,Machinery,2024-09-09,2024-10-01,2024-10-11,-3307,6520.6627,21563831.55,WH-004,"Chicago, IL",Returned,Pending,Laura Torres,2025-06-14
ORD-00001763,SUP-00038,Thomas-Wagner,PRD-000199,Self-enabling user-facing collaboration,Raw Materials,2023-06-17,2023-07-15,2023-07-13,921,534.3317,492119.5,WH-002,"Los Angeles, CA",In Transit,Pending,,2025-03-10
ORD-00001764,SUP-00038,Thomas-Wagner,PRD-000104,Inverse context-sensitive hardware,Chemicals,2024-10-11,2024-11-02,2024-10-30,1845,8457.8915,15604809.82,WH-010,"New York, NY",In Transit,Pending,,2025-10-02
ORD-00001765,SUP-00009,Burton Ltd,PRD-000124,Polarized modular hardware,Packaging,2024-09-14,2024-11-11,2024-11-25,1924,1724.5839,3318099.42,WH-006,"Atlanta, GA",Returned,Fail,Dr. Brittany Ramos,2026-04-02
ORD-00001766,SUP-00035,Mann Ltd,PRD-000047,Customer-focused incremental collaboration,Packaging,2024-08-10,2024-09-15,2024-09-30,2686,8278.4909,22236026.56,WH-001,"Chicago, IL",Cancelled,Pending,,2024-05-01
ORD-00001767,SUP-00049,Arellano-Anderson,PRD-000167,Streamlined 24/7 success,Raw Materials,2023-06-15,2023-07-05,2023-07-09,1801,8212.5758,14790849.02,WH-002,"Chicago, IL",Cancelled,,,2025-04-15
ORD-00001768,SUP-00017,Griffin and Sons,PRD-000171,User-friendly encompassing database,Chemicals,2023-08-26,2023-09-08,2023-09-17,-1685,689.3378,1161534.19,WH-005,"Chicago, IL",Returned,Fail,Zachary Little,2025-10-17
ORD-00001769,SUP-00018,"Thomas, Dennis and Rodriguez",PRD-000027,Secured client-driven protocol,Electronics,2026-01-10,2026-01-04,2026-02-16,2003,7505.4743,15033465.02,WH-009,"Los Angeles, CA",Returned,Fail,,2024-08-20
ORD-00001770,SUP-00052,Vargas-Hunter,PRD-000145,Horizontal mobile knowledge user,Raw Materials,2026-03-04,2026-03-30,2026-04-05,3681,7226.2051,26599660.97,WH-003,"New York, NY",Cancelled,Pending,,2024-07-23
ORD-00001771,SUP-00012,"Hart, Hayes and Velez",PRD-000070,Intuitive dedicated functionalities,Packaging,2025-08-26,2025-10-25,2025-10-25,330,4397.7934,1451271.82,WH-003,"New York, NY",Returned,Pass,Tiffany Curtis,2026-04-06
ORD-00001772,SUP-00005,Williams LLC,PRD-000119,Enhanced local migration,Machinery,2023-11-06,2024-01-05,2024-01-22,305,4564.0333,1392030.16,WH-005,"Dallas, TX",Delivered,Pass,Brenda Rodriguez,2025-04-09
ORD-00001773,SUP-00020,"Reyes, Parker and Gibson",PRD-000110,Cross-platform encompassing complexity,Electronics,2023-08-08,2023-10-02,2023-07-31,3103,8168.2232,25345996.59,WH-014,"Seattle, WA",Cancelled,Pending,,2025-05-25
ORD-00001774,SUP-00067,Brooks and Sons,PRD-000166,Business-focused 24hour secured line,ELECTRONICS,2024-01-24,2024-02-19,,2438,6388.4941,15575148.62,WH-013,"Chicago, IL",In Transit,Pending,,2025-10-17
ORD-00001775,SUP-00029,"Lawrence, Sutton and Fowler",PRD-000032,Total radical methodology,Raw Materials,2025-03-18,2025-04-12,2025-04-24,1554,1104.2355,1715981.97,WH-004,"Atlanta, GA",Ordered,Pending,,2025-03-16
ORD-00001776,SUP-00006,Petersen-Kelly,PRD-000133,Digitized executive emulation,chemicals,2024-06-22,2024-07-09,,1331,8085.4318,8247893.93,WH-013,"Seattle, WA",In Transit,,,2024-11-07
ORD-00001777,SUP-00062,Chapman-Fuller,PRD-000155,Up-sized 24/7 migration,Machinery,2026-04-12,2026-05-13,2026-06-02,1660,6227.6977,10337978.18,WH-001,"Seattle, WA",Ordered,Pending,,2025-05-26
ORD-00001778,SUP-00076,Roberts-Edwards,PRD-000185,Decentralized incremental application,Chemicals,2023-08-10,2023-09-25,2023-09-24,1859,6722.8602,12497797.11,WH-014,"Chicago, IL",Ordered,Pending,,2024-12-18
ORD-00001779,SUP-00029,"Lawrence, Sutton and Fowler",PRD-000094,Reactive disintermediate methodology,Food & Beverage,2025-04-28,2025-05-21,2025-05-31,584,9460.1543,5524730.11,WH-004,"Chicago, IL",Returned,Pending,Ann Downs,2025-12-18
ORD-00001780,SUP-00051,Hancock LLC,PRD-000066,Pre-emptive context-sensitive portal,Electronics,2026-01-13,2026-01-21,2026-01-16,615,3192.4221,1963339.59,WH-005,"Seattle, WA",Ordered,Pending,,2025-11-03
ORD-00001781,SUP-00029,"Lawrence, Sutton and Fowler",PRD-000135,Switchable client-server success,Electronics,2024-06-21,2024-07-19,2024-07-30,3437,5857.9196,20133669.67,WH-004,"Dallas, TX",Delivered,Pending,Brenda Hanson,2025-07-03
ORD-00001782,SUP-00062,Chapman-Fuller,PRD-000007,Customer-focused context-sensitive attitude,Food & Beverage,2025-01-25,2025-02-18,2025-03-09,4903,1037.6775,5087732.78,WH-004,"Chicago, IL",Returned,Pass,Mark Haney,2024-11-26
ORD-00001783,SUP-00017,Griffin and Sons,PRD-000054,Reactive holistic flexibility,Packaging,2025-05-05,2025-06-27,2025-06-25,394,6246.894,2461276.24,WH-008,"Atlanta, GA",Returned,,Isaac Evans,2024-09-03
ORD-00001784,SUP-00012,"Hart, Hayes and Velez",PRD-000047,Customer-focused incremental collaboration,Machinery,2024-07-21,2024-09-09,2024-09-15,3192,9239.0279,29490977.06,WH-006,"Atlanta, GA",Cancelled,Pending,,2025-11-06
ORD-00001785,SUP-00063,Montoya Inc,PRD-000039,Profit-focused system-worthy paradigm,Chemicals,2023-11-26,2024-01-07,2024-01-04,1501,9151.6304,13736597.23,WH-009,"Atlanta, GA",In Transit,,,2025-07-22
ORD-00001786,SUP-00024,Kelly and Sons,PRD-000160,De-engineered needs-based emulation,food & beverage,2024-01-02,2024-02-06,2024-02-11,3529,5840.8544,20612375.18,WH-007,"Los Angeles, CA",Returned,Fail,Ashley Salazar,2024-12-12
ORD-00001787,SUP-00010,Robertson and Sons,PRD-000163,Secured 24hour knowledge user,Food & Beverage,2023-10-18,2023-11-10,2023-11-13,4958,4375.5404,21693929.3,WH-012,"Dallas, TX",Cancelled,Pending,,2025-04-09
ORD-00001788,SUP-00032,"Foster, Powell and Moore",PRD-000118,Function-based local orchestration,Packaging,2025-04-27,2025-06-20,2025-07-09,199,914.5044,181986.38,WH-005,"Dallas, TX",Returned,Fail,Jose Joseph,2024-12-15
ORD-00001789,SUP-00029,"Lawrence, Sutton and Fowler",PRD-000198,Universal 6thgeneration emulation,Electronics,2025-02-24,2025-03-14,2025-01-31,124,2678.0677,332080.39,WH-008,"Seattle, WA",Returned,Pass,Heather Rogers,2024-07-13
ORD-00001790,SUP-00077,Taylor-Evans,PRD-000197,Multi-tiered dedicated focus group,Packaging,2025-08-23,2025-10-19,2025-10-17,-1206,9166.53,11054835.18,WH-007,"Atlanta, GA",Returned,Pass,Donald Carlson,2024-07-26
ORD-00001791,SUP-00041,Webster and Sons,PRD-000024,Cloned cohesive open architecture,Raw Materials,2025-03-29,2025-05-23,2025-05-18,2081,8738.5201,18184860.33,WH-007,"Dallas, TX",In Transit,Pending,,2025-01-08
ORD-00001792,SUP-00039,"Wiley, Brown and Sampson",PRD-000078,Devolved didactic instruction set,Textiles,2025-08-11,2025-08-28,2025-08-28,-981,7037.7097,6903993.22,WH-010,"Chicago, IL",Cancelled,Pending,,2026-03-31
ORD-00001793,SUP-00076,Roberts-Edwards,PRD-000016,Automated didactic concept,Chemicals,2024-08-28,2024-10-01,2024-10-14,3197,9804.585,52454234.37,WH-012,"Seattle, WA",Ordered,Pending,,2026-01-09
ORD-00001794,SUP-00070,"Morales, Allen and Pittman",PRD-000170,Mandatory modular capacity,Chemicals,2025-01-20,2025-02-03,2025-01-29,138,8703.2507,1201048.6,WH-003,"Los Angeles, CA",Cancelled,Pending,,2024-12-07
ORD-00001795,SUP-00074,"Mcclain, Johnson and Gibson",PRD-000157,Monitored grid-enabled concept,Electronics,2023-10-19,2023-12-12,2023-12-10,2293,6002.2017,13763048.5,WH-014,"Seattle, WA",Cancelled,Pending,,2024-10-31
ORD-00001796,SUP-00037,Shah Inc,PRD-000042,Managed neutral algorithm,Textiles,2025-09-23,2025-10-20,,2367,6502.8236,15392183.46,WH-008,"Los Angeles, CA",Cancelled,Pending,,2025-02-05
ORD-00001797,SUP-00049,Arellano-Anderson,PRD-000185,Decentralized incremental application,Machinery,2024-09-17,2024-11-04,2024-11-11,1682,8589.4867,14447516.63,WH-002,"Atlanta, GA",In Transit,Pending,,2024-09-28
ORD-00001798,SUP-00032,"Foster, Powell and Moore",PRD-000052,Proactive dedicated focus group,Food & Beverage,2024-06-17,2024-07-07,2024-07-07,2452,3800.5166,9318866.7,WH-012,"Dallas, TX",Ordered,Pending,,2025-09-25
ORD-00001799,SUP-00063,Montoya Inc,PRD-000063,Implemented regional adapter,Textiles,2025-02-07,2025-04-02,2025-04-14,1335,9718.2175,12973820.36,WH-002,"Los Angeles, CA",Ordered,Pending,,2024-11-07
ORD-00001800,SUP-00045,Barnes-Rivers,PRD-000177,Ameliorated optimal encryption,Textiles,2025-03-28,2025-04-05,2025-04-11,1369,193.5844,265017.04,WH-013,"Atlanta, GA",Ordered,Pending,,2025-09-08
ORD-00001801,SUP-00054,Kane PLC,PRD-000010,Grass-roots systemic moderator,Raw Materials,2024-04-11,2024-05-01,2024-04-29,2498,3077.5455,7687708.66,WH-005,"Los Angeles, CA",Cancelled,Pending,,2024-08-17
ORD-00001802,SUP-00078,Wallace-Williams,PRD-000154,Ameliorated 6thgeneration access,Raw Materials,2026-02-23,2026-04-02,2026-04-09,4862,335.378,1630607.84,WH-003,"Dallas, TX",Cancelled,Pending,,2025-06-23
ORD-00001803,SUP-00061,Greene-Osborne,PRD-000042,Managed neutral algorithm,Machinery,2026-04-10,2026-04-18,2026-04-29,626,9578.6684,5996246.42,WH-002,"Los Angeles, CA",Ordered,Pending,,2024-10-21
ORD-00001804,SUP-00047,Fuller-Reyes,PRD-000086,Integrated 5thgeneration neural-net,Machinery,2025-07-07,2025-08-07,2025-08-10,2975,4756.5627,14150774.03,WH-001,"Chicago, IL",Cancelled,Pending,,2024-10-05
ORD-00001805,SUP-00072,Jackson Inc,PRD-000006,Intuitive bifurcated open system,Food & Beverage,2026-01-20,2026-03-19,2026-04-04,4223,444.4719,1877004.83,WH-010,"Los Angeles, CA",Delivered,Fail,Christine Mcconnell,2025-08-28
ORD-00001806,SUP-00020,"Reyes, Parker and Gibson",PRD-000129,Compatible methodical leverage,Food & Beverage,2024-09-16,2024-09-08,2024-10-09,2666,5388.959,14366964.69,WH-004,"Seattle, WA",Returned,Pass,Kathryn Patterson,2025-07-02
ORD-00001807,SUP-00019,Rivas-Whitaker,PRD-000077,Devolved hybrid core,Chemicals,2023-08-02,2023-10-01,2023-07-07,4864,4406.957,21435438.85,WH-007,"New York, NY",Returned,Pass,Ellen Cox,2025-05-25
ORD-00001808,SUP-00054,Kane PLC,PRD-000197,Multi-tiered dedicated focus group,Textiles,2024-11-29,2024-12-05,,260,4683.3105,1217660.73,WH-012,"Los Angeles, CA",Delivered,Pass,Diana Obrien,2026-02-07
ORD-00001809,SUP-00079,Mercado-Dorsey,PRD-000166,Business-focused 24hour secured line,Food & Beverage,2024-06-22,2024-07-31,2024-08-03,4805,889.694,4274979.67,WH-012,"Los Angeles, CA",Cancelled,Pending,,2025-09-23
ORD-00001810,SUP-00052,Vargas-Hunter,PRD-000017,Up-sized zero administration info-mediaries,Packaging,2023-07-14,2023-08-24,2023-08-29,3853,1848.2141,7121168.93,WH-009,"Atlanta, GA",Cancelled,Pending,,2024-09-21
ORD-00001811,SUP-00035,Mann Ltd,PRD-000002,Programmable object-oriented focus group,TEXTILES,2024-06-14,2024-08-07,2024-08-14,3276,6629.3332,24152559.62,WH-007,"Los Angeles, CA",Cancelled,Pending,,2025-03-26
ORD-00001812,SUP-00036,Thomas-Velasquez,PRD-000058,Pre-emptive context-sensitive process improvement,Packaging,2023-12-15,2024-01-22,2024-01-23,4159,384.4842,1599069.79,WH-004,"Los Angeles, CA",In Transit,Pending,,2025-02-22
ORD-00001813,SUP-00028,Padilla PLC,PRD-000040,Profit-focused zero tolerance info-mediaries,Food & Beverage,2026-01-21,2026-02-19,2026-03-02,4541,1868.9252,8486789.33,WH-009,"Chicago, IL",Cancelled,Pending,,2026-01-26
ORD-00001814,SUP-00045,Barnes-Rivers,PRD-000004,Open-source logistical challenge,Machinery,2023-06-03,2023-07-27,2023-06-01,2911,503.4079,1465420.4,WH-013,"Atlanta, GA",Ordered,Pending,,2026-03-15
ORD-00001815,SUP-00007,Anderson-Jackson,PRD-000125,Intuitive intangible artificial intelligence,Textiles,2025-04-11,2025-05-14,2025-05-26,1140,9119.8418,10396619.65,WH-008,"Seattle, WA",Ordered,Pending,,2025-09-30
ORD-00001816,SUP-00019,Rivas-Whitaker,PRD-000128,Compatible human-resource interface,Electronics,2023-11-17,2023-12-07,2023-12-15,3622,2984.2632,10809001.31,WH-012,"Los Angeles, CA",Returned,Pending,Michael White,2024-08-30
ORD-00001817,SUP-00068,Gaines-Jackson,PRD-000112,Innovative real-time neural-net,Textiles,2023-08-21,2023-10-01,2023-09-27,1577,38.2055,60250.07,WH-004,"New York, NY",Ordered,Pending,,2025-04-20
ORD-00001818,SUP-00011,"Hatfield, Lyons and Richards",PRD-000188,Secured real-time productivity,Electronics,2024-03-24,2024-05-22,2024-05-24,4038,6080.3921,24552623.3,WH-003,"New York, NY",Ordered,Pending,,2024-11-08
ORD-00001819,SUP-00025,Turner Ltd,PRD-000186,Enhanced asynchronous secured line,Raw Materials,2025-04-22,2025-05-24,2025-06-13,3776,6353.0505,23989118.69,WH-012,"Atlanta, GA",In Transit,Pending,,2024-06-13
ORD-00001820,SUP-00075,Barron Ltd,PRD-000073,Seamless non-volatile collaboration,Food & Beverage,2024-01-08,2024-01-29,2024-02-01,1966,4628.3384,9099313.29,WH-009,"Los Angeles, CA",Delivered,Pending,Mallory Burns,2024-06-09
ORD-00001821,SUP-00036,Thomas-Velasquez,PRD-000199,Self-enabling user-facing collaboration,Food & Beverage,2024-07-19,2024-09-06,2024-09-19,1147,1341.2257,1538385.88,WH-003,"Atlanta, GA",Returned,Pending,Antonio Hobbs,2025-12-05
ORD-00001822,SUP-00043,"Johnson, Brown and Coleman",PRD-000189,Balanced demand-driven database,Textiles,2026-01-08,2026-03-08,,1433,9515.9663,13636379.71,WH-012,"Atlanta, GA",Delivered,Fail,Mercedes Boyer,2025-11-12
ORD-00001823,SUP-00007,Anderson-Jackson,PRD-000106,Open-architected demand-driven frame,Machinery,2023-06-08,2023-07-28,2023-08-04,3675,8413.0233,30917860.63,WH-008,"Chicago, IL",Returned,Pass,Rachael Oliver,2026-02-20
ORD-00001824,SUP-00026,Velasquez-Flores,PRD-000156,Sharable disintermediate Graphical User Interface,Electronics,2023-12-25,2024-01-23,2024-02-02,3405,9373.6707,31917348.73,WH-003,"Dallas, TX",Cancelled,,,2025-12-21
ORD-00001825,,Turner Ltd,PRD-000118,Function-based local orchestration,Chemicals,2024-05-09,2024-05-28,2024-05-28,298,2092.4038,623536.33,WH-006,"Chicago, IL",Ordered,Pending,,2025-10-29
ORD-00001826,SUP-00047,Fuller-Reyes,PRD-000185,Decentralized incremental application,Chemicals,2023-05-29,2023-07-03,,3466,8426.548,43774342.14,WH-014,"Atlanta, GA",Ordered,Pending,,2024-09-16
ORD-00001827,SUP-00005,Williams LLC,PRD-000045,Balanced solution-oriented methodology,Textiles,2025-09-29,2025-11-12,2025-11-21,4540,8897.2666,40393590.36,WH-014,"Seattle, WA",In Transit,Pending,,2025-11-30
ORD-00001828,SUP-00011,"Hatfield, Lyons and Richards",PRD-000103,Universal demand-driven algorithm,Textiles,2025-04-21,2025-04-27,2025-05-01,4780,387.8756,1854045.37,WH-013,"Atlanta, GA",Returned,Pass,Heidi Lynn,2024-11-27
ORD-00001829,SUP-00054,Kane PLC,PRD-000087,Stand-alone cohesive approach,Chemicals,2024-03-05,2024-03-13,,4615,8465.8842,39070055.58,WH-009,"Dallas, TX",Delivered,Fail,,2025-03-29
ORD-00001830,SUP-00027,"Ellis, Webb and Rivera",PRD-000072,Realigned bandwidth-monitored benchmark,Machinery,2025-07-06,2025-08-08,2025-08-24,970,2078.2915,2015942.75,WH-010,"Los Angeles, CA",Ordered,Pending,,2024-10-07
ORD-00001831,SUP-00078,Wallace-Williams,PRD-000038,Organic actuating strategy,Chemicals,2025-02-26,2025-04-25,2025-05-13,2129,3832.1137,8158570.07,WH-003,"Chicago, IL",Ordered,Pending,,2025-05-06
ORD-00001832,SUP-00020,"Reyes, Parker and Gibson",PRD-000112,Innovative real-time neural-net,Raw Materials,2023-08-20,2023-09-27,2023-10-14,1768,4442.2389,7853878.38,WH-008,"Chicago, IL",Ordered,Pending,,2025-12-01
ORD-00001833,SUP-00035,Mann Ltd,PRD-000006,Intuitive bifurcated open system,Electronics,2023-12-11,2024-01-10,2024-01-29,2441,8362.4418,20412720.43,WH-003,"Dallas, TX",Ordered,Pending,,2025-08-28
ORD-00001834,,Pitts LLC,PRD-000025,Networked directional synergy,Raw Materials,2023-10-23,2023-11-26,2023-12-09,2699,4916.5907,13269878.3,WH-013,"Los Angeles, CA",In Transit,Pending,,2024-04-24
ORD-00001835,SUP-00078,Wallace-Williams,PRD-000050,Fundamental bi-directional customer loyalty,Electronics,2025-10-24,2025-12-18,2026-01-02,1559,9289.716,14482667.24,WH-001,"Atlanta, GA",In Transit,Pending,,2025-10-02
ORD-00001836,SUP-00048,Morgan-Ware,PRD-000164,Profit-focused transitional data-warehouse,Chemicals,2025-07-14,2025-08-10,2025-08-14,4770,5848.9472,27899478.14,WH-006,"Los Angeles, CA",Cancelled,,,2025-05-25
ORD-00001837,SUP-00039,"Wiley, Brown and Sampson",PRD-000018,Organic cohesive core,Chemicals,2025-03-09,2025-04-11,2025-04-17,4406,1393.6307,6140336.86,WH-006,"Atlanta, GA",Ordered,Pending,,2024-11-24
ORD-00001838,SUP-00054,Kane PLC,PRD-000070,Intuitive dedicated functionalities,Food & Beverage,2024-07-20,2024-08-23,2024-08-23,3512,276.7273,971866.28,WH-001,"Los Angeles, CA",Cancelled,Pending,,2024-04-15
ORD-00001839,SUP-00061,Greene-Osborne,PRD-000069,Decentralized systemic interface,Food & Beverage,2023-07-27,2023-08-13,2023-08-28,2360,8481.5752,20016517.47,WH-001,"Los Angeles, CA",Cancelled,Pending,,2026-03-11
ORD-00001840,SUP-00037,Shah Inc,PRD-000193,Multi-tiered bandwidth-monitored adapter,Packaging,2024-04-04,2024-05-20,2024-05-22,2760,7054.6874,19470937.22,WH-002,"Los Angeles, CA",Delivered,Pass,,2025-07-08
ORD-00001841,SUP-00006,Petersen-Kelly,PRD-000081,Integrated 4thgeneration parallelism,Machinery,2025-08-11,2025-08-28,2025-09-05,1984,9569.2065,18985305.7,WH-006,"Dallas, TX",Cancelled,Pending,,2025-11-22
ORD-00001842,SUP-00077,Taylor-Evans,PRD-000165,Integrated 5thgeneration contingency,Packaging,2025-04-14,2025-04-09,2025-06-24,534,6708.6656,3582427.43,WH-010,"New York, NY",Cancelled,Pending,,2025-11-07
ORD-00001843,SUP-00068,Gaines-Jackson,PRD-000089,Managed bandwidth-monitored customer loyalty,Textiles,2026-02-16,2026-02-25,2026-03-04,3982,2263.1104,9011705.61,WH-009,"Seattle, WA",Ordered,Pending,,2025-08-09
ORD-00001844,SUP-00056,Garcia Group,PRD-000151,Reactive incremental instruction set,Machinery,2025-11-25,2026-01-23,2026-02-12,2103,6662.4449,14011121.62,WH-008,"Los Angeles, CA",Returned,,William Blair,2025-03-13
ORD-00001845,SUP-00021,"Walker, Mathis and Acosta",PRD-000094,Reactive disintermediate methodology,Textiles,2024-07-28,2024-09-15,2024-10-04,4361,8468.402,36930701.12,WH-001,"Dallas, TX",Ordered,Pending,,2025-10-30
ORD-00001846,SUP-00047,Fuller-Reyes,PRD-000056,Exclusive bandwidth-monitored website,Food & Beverage,2024-10-20,2024-11-03,2024-11-07,2623,4387.3477,11508013.02,WH-012,"Dallas, TX",Returned,Pass,Roy Nelson,2024-06-23
ORD-00001847,SUP-00042,Peters Group,PRD-000024,Cloned cohesive open architecture,Chemicals,2024-05-14,2024-06-13,2024-06-23,3927,1879.6461,7381370.23,WH-008,"Dallas, TX",Cancelled,Pending,,2025-12-18
ORD-00001848,SUP-00060,"Smith, Hill and Steele",PRD-000132,Synchronized bottom-line intranet,Chemicals,2025-02-19,2025-03-30,2025-04-07,4461,7050.0053,31450073.64,WH-002,"Atlanta, GA",Cancelled,,,2025-01-07
ORD-00001849,SUP-00059,Campbell and Sons,PRD-000027,Secured client-driven protocol,packaging,2025-09-08,2025-10-29,2025-10-24,4972,6528.8259,32461322.37,WH-013,"Dallas, TX",In Transit,Pending,,2026-03-05
ORD-00001850,SUP-00053,"Osborn, Ryan and Garrett",PRD-000126,Organized 24hour attitude,Packaging,2025-10-06,2025-12-03,2025-12-03,1325,4801.6335,6362164.39,WH-008,"Dallas, TX",Cancelled,Pending,,2025-08-19
ORD-00001851,SUP-00029,"Lawrence, Sutton and Fowler",PRD-000041,Ameliorated content-based analyzer,Food & Beverage,2025-07-26,2025-08-13,2025-08-26,54,4610.9744,248992.62,WH-002,"Atlanta, GA",Cancelled,Pending,,2025-09-28
ORD-00001852,SUP-00072,Jackson Inc,PRD-000196,Assimilated non-volatile artificial intelligence,Chemicals,2025-03-22,2025-03-31,2025-04-05,3862,4456.5247,17211098.39,WH-007,"Seattle, WA",Delivered,Pending,Savannah Hendrix,2025-09-27
ORD-00001853,SUP-00053,"Osborn, Ryan and Garrett",PRD-000026,Monitored didactic productivity,Electronics,2025-01-31,2025-03-24,2025-03-22,3412,6082.2133,20752511.78,WH-010,"Seattle, WA",Ordered,Pending,,2025-05-06
ORD-00001854,SUP-00069,Thompson-Owens,PRD-000062,Mandatory heuristic standardization,Packaging,2025-02-19,2025-04-11,2025-04-07,4891,8893.2668,43496967.92,WH-006,"Chicago, IL",Delivered,Pass,Shane Miller,2025-04-14
ORD-00001855,SUP-00040,"Ford, Smith and Hodge",PRD-000160,De-engineered needs-based emulation,Chemicals,2025-12-24,2026-01-23,2026-02-07,422,5221.2824,2203381.17,WH-012,"Chicago, IL",In Transit,Pending,,2025-12-23
ORD-00001856,SUP-00051,Hancock LLC,PRD-000196,Assimilated non-volatile artificial intelligence,Chemicals,2025-11-10,2025-11-23,2025-12-02,440,454.0309,199773.6,WH-002,"New York, NY",In Transit,Pending,,2024-05-08
ORD-00001857,SUP-00056,Garcia Group,PRD-000147,Implemented content-based open architecture,Electronics,2026-01-24,2026-02-20,2026-02-24,1809,1804.7704,3264829.65,WH-012,"New York, NY",Delivered,Pending,Steven Salas,2025-03-22
ORD-00001858,SUP-00034,Krueger-Jackson,PRD-000101,Grass-roots scalable database,Electronics,2024-03-02,2024-03-08,,746,8719.32,6504612.72,WH-007,"New York, NY",Delivered,Pass,Christina Martin,2025-04-05
ORD-00001859,SUP-00061,Greene-Osborne,PRD-000046,Ergonomic demand-driven function,Raw Materials,2023-10-05,2023-11-13,2023-09-18,-4396,8743.73,38437437.08,WH-009,"Dallas, TX",Cancelled,Pending,,2026-01-17
ORD-00001860,SUP-00007,Anderson-Jackson,PRD-000151,Reactive incremental instruction set,PACKAGING,2023-04-29,2023-06-05,2023-06-13,3444,6543.3654,22535350.44,WH-007,"Los Angeles, CA",Ordered,Pending,,2025-02-20
ORD-00001861,,Bennett PLC,PRD-000122,Phased holistic policy,Food & Beverage,2023-10-21,2023-12-10,2023-12-16,3212,4807.9541,15443148.57,WH-013,"Los Angeles, CA",In Transit,Pending,,2025-05-01
ORD-00001862,SUP-00059,Campbell and Sons,PRD-000095,Programmable zero-defect infrastructure,raw materials,2024-01-28,2024-02-06,2024-02-03,2330,3580.8833,8343458.09,WH-002,"Los Angeles, CA",In Transit,,,2026-03-11
ORD-00001863,SUP-00076,Roberts-Edwards,PRD-000030,Inverse real-time database,Food & Beverage,2023-08-15,2023-09-30,2023-10-13,177,6287.7383,1112929.68,WH-014,"Chicago, IL",In Transit,Pending,,2025-11-24
ORD-00001864,SUP-00037,Shah Inc,PRD-000011,Organic 24/7 function,Electronics,2023-09-06,2023-09-14,2023-10-02,2378,2604.7927,6194197.04,WH-013,"New York, NY",Returned,Fail,Deborah Miller,2026-03-15
ORD-00001865,SUP-00073,Newman PLC,PRD-000059,Fundamental asynchronous application,Electronics,2026-03-01,2026-03-27,,1789,7046.0682,12830702.75,WH-013,"New York, NY",Ordered,Pending,,2024-06-24
ORD-00001866,SUP-00041,Webster and Sons,PRD-000132,Synchronized bottom-line intranet,Packaging,2026-04-09,2026-05-11,2026-05-27,4804,1806.692,8679348.37,WH-008,"Atlanta, GA",In Transit,Pending,,2026-04-10
ORD-00001867,SUP-00019,Rivas-Whitaker,PRD-000005,Fundamental methodical ability,Chemicals,2025-05-12,2025-06-11,2025-06-06,3907,8100.7982,31649818.57,WH-010,"New York, NY",Returned,Pass,Elizabeth Knight,2025-12-19
ORD-00001868,SUP-00077,Taylor-Evans,PRD-000009,Open-architected explicit complexity,Machinery,2026-03-23,2026-03-31,2026-04-02,4587,8238.1599,37788439.46,WH-009,"Dallas, TX",Delivered,Pass,Janice Brandt,2025-01-08
ORD-00001869,SUP-00076,Roberts-Edwards,PRD-000110,Cross-platform encompassing complexity,Food & Beverage,2026-03-19,2026-04-07,2026-04-14,1952,8883.4494,17340493.23,WH-014,"Seattle, WA",Returned,Pending,Patricia Decker,2025-07-22
ORD-00001870,SUP-00066,Willis-Olson,PRD-000114,Programmable national open architecture,Textiles,2023-11-20,2023-11-26,2023-12-06,3262,5027.4327,16399485.47,WH-004,"Los Angeles, CA",Cancelled,Pending,,2025-12-16
ORD-00001871,SUP-00034,Krueger-Jackson,PRD-000133,Digitized executive emulation,Electronics,2025-01-09,2025-03-07,2024-12-18,3304,9925.0445,28073121.88,WH-005,"Dallas, TX",Returned,Fail,,2025-07-22
ORD-00001872,SUP-00043,"Johnson, Brown and Coleman",PRD-000079,Multi-layered encompassing hierarchy,Food & Beverage,2026-01-03,2026-01-17,2026-02-06,2629,3455.9296,9085638.92,WH-003,"Seattle, WA",Returned,Pending,Lisa Martin,2025-05-28
ORD-00001873,SUP-00044,Pitts LLC,PRD-000173,Optional multimedia architecture,Raw Materials,2024-10-15,2024-11-04,2024-11-20,4572,8935.594,40853535.77,WH-011,"New York, NY",Cancelled,Pending,,2024-09-05
ORD-00001874,SUP-00048,Morgan-Ware,PRD-000143,Vision-oriented tangible secured line,Food & Beverage,2023-09-26,2023-10-10,2023-10-22,1866,2637.3552,4921304.8,WH-012,"Los Angeles, CA",Delivered,Pending,Tanner Rodriguez,2025-10-01
ORD-00001875,SUP-00027,"Ellis, Webb and Rivera",PRD-000150,Focused fresh-thinking paradigm,Chemicals,2024-04-25,2024-05-12,2024-05-08,2717,9499.1132,25809090.56,WH-012,"Atlanta, GA",In Transit,Pending,,2025-10-18
ORD-00001876,SUP-00021,"Walker, Mathis and Acosta",PRD-000147,Implemented content-based open architecture,Textiles,2024-11-11,2024-11-22,2024-12-05,2924,165.4852,483878.72,WH-002,"New York, NY",Cancelled,Pending,,2024-06-10
ORD-00001877,SUP-00017,Griffin and Sons,PRD-000117,Grass-roots neutral database,Food & Beverage,2023-12-17,2024-01-23,2024-01-29,2371,4868.5262,11543275.62,WH-001,"Los Angeles, CA",In Transit,Pending,,2024-11-23
ORD-00001878,SUP-00062,Chapman-Fuller,PRD-000135,Switchable client-server success,Packaging,2024-01-28,2024-03-10,2024-03-21,2165,1542.6586,3339855.87,WH-006,"Dallas, TX",Returned,Fail,Chad Ho,2025-04-02
ORD-00001879,SUP-00079,Mercado-Dorsey,PRD-000106,Open-architected demand-driven frame,Textiles,2025-05-21,2025-07-16,2025-07-23,4800,3832.9421,18398122.08,WH-002,"Dallas, TX",Returned,Pass,Cody Williams,2024-10-04
ORD-00001880,SUP-00070,"Morales, Allen and Pittman",PRD-000004,Open-source logistical challenge,Raw Materials,2025-04-14,2025-05-10,,2043,2229.7805,4555441.56,WH-003,"Los Angeles, CA",Ordered,Pending,,2024-08-10
ORD-00001881,SUP-00068,Gaines-Jackson,PRD-000196,Assimilated non-volatile artificial intelligence,Textiles,2024-10-05,2024-11-22,2024-12-09,1702,6289.9698,10705528.6,WH-007,"Atlanta, GA",Returned,Pass,Michael Galvan,2024-06-09
ORD-00001882,SUP-00044,Pitts LLC,PRD-000032,Total radical methodology,Packaging,2023-12-24,2023-12-22,2024-01-20,1665,8461.3116,14088083.81,WH-014,"Atlanta, GA",Delivered,Pass,Patrick Gonzales,2025-02-02
ORD-00001883,SUP-00058,"Browning, Wiley and Duran",PRD-000181,Profit-focused stable hardware,Food & Beverage,2026-01-05,2026-02-02,2025-12-13,4533,3474.8784,15751623.79,WH-006,"Dallas, TX",Cancelled,Pending,,2025-02-19
ORD-00001884,SUP-00012,"Hart, Hayes and Velez",PRD-000190,Virtual fresh-thinking function,Textiles,2023-04-14,2023-05-27,2023-05-29,-2843,9204.2668,26167730.51,WH-005,"Seattle, WA",Cancelled,,,2024-12-03
ORD-00001885,SUP-00022,"Reilly, Price and Galloway",PRD-000159,Automated dynamic superstructure,Chemicals,2025-04-15,2025-04-28,2025-05-18,3716,5339.7795,19842620.62,WH-009,"Chicago, IL",In Transit,Pending,,2024-10-27
ORD-00001886,SUP-00031,Lee Ltd,PRD-000021,Synergized zero tolerance approach,Food & Beverage,2026-03-29,2026-04-20,2026-04-19,23,2501.6833,57538.72,WH-013,"Dallas, TX",Delivered,Pending,Rebecca Poole,2025-11-22
ORD-00001887,SUP-00078,Wallace-Williams,PRD-000117,Grass-roots neutral database,Raw Materials,2025-05-12,2025-07-10,2025-07-18,4319,2605.3998,11252721.74,WH-010,"Chicago, IL",Returned,Pass,,2024-08-15
ORD-00001888,SUP-00002,Jimenez Inc,PRD-000097,Versatile static software,FOOD & BEVERAGE,2023-05-04,2023-06-21,2023-07-06,1591,1479.0943,2353239.03,WH-014,"New York, NY",In Transit,Pending,,2025-03-31
ORD-00001889,SUP-00075,Barron Ltd,PRD-000144,Reduced motivating open architecture,Raw Materials,2025-12-17,2026-01-30,2026-02-19,941,6925.4114,6516812.13,WH-007,"Seattle, WA",Delivered,Fail,,2026-01-27
ORD-00001890,SUP-00020,"Reyes, Parker and Gibson",PRD-000083,Profit-focused well-modulated function,Raw Materials,2023-10-27,2023-11-12,2023-11-12,2941,1024.1329,3011974.86,WH-012,"New York, NY",Cancelled,Pending,,2024-11-05
ORD-00001891,SUP-00043,"Johnson, Brown and Coleman",PRD-000058,Pre-emptive context-sensitive process improvement,Textiles,2025-05-11,2025-06-26,,1546,5388.9379,8331297.99,WH-005,"Chicago, IL",Delivered,Fail,Eric Wilson,2024-12-13
ORD-00001892,SUP-00058,"Browning, Wiley and Duran",PRD-000182,Fully-configurable solution-oriented open system,Chemicals,2024-10-02,2024-11-22,2024-11-28,732,3602.4065,2636961.56,WH-007,"Dallas, TX",Delivered,Pending,Mr. Paul Gutierrez MD,2025-09-14
ORD-00001893,SUP-00067,Brooks and Sons,PRD-000081,Integrated 4thgeneration parallelism,Chemicals,2023-12-15,2024-02-13,2024-02-15,379,1773.7167,672238.63,WH-008,"Dallas, TX",Ordered,Pending,,2025-09-11
ORD-00001894,SUP-00069,Thompson-Owens,PRD-000001,Ameliorated interactive software,Packaging,2025-07-27,2025-08-20,2025-08-28,3710,8408.4186,31195233.01,WH-009,"Seattle, WA",Cancelled,Pending,,2025-05-20
ORD-00001895,SUP-00032,"Foster, Powell and Moore",PRD-000156,Sharable disintermediate Graphical User Interface,Raw Materials,2025-05-17,2025-05-25,,1712,7009.7049,12000614.79,WH-012,"Los Angeles, CA",Returned,,Kyle Mcconnell,2025-07-09
ORD-00001896,SUP-00030,Shaw-Moore,PRD-000177,Ameliorated optimal encryption,Food & Beverage,2025-04-28,2025-06-22,2025-06-20,417,1995.6083,832168.66,WH-001,"Dallas, TX",Delivered,Pass,,2025-08-04
ORD-00001897,SUP-00043,"Johnson, Brown and Coleman",PRD-000086,Integrated 5thgeneration neural-net,Food & Beverage,2025-08-01,2025-09-13,,3327,673.1199,2239469.91,WH-012,"New York, NY",Returned,Pass,Michael Roberts,2025-03-18
ORD-00001898,SUP-00017,Griffin and Sons,PRD-000055,Streamlined dedicated moderator,Machinery,2023-05-28,2023-07-12,2023-07-27,1916,7411.7541,14200920.86,WH-007,"New York, NY",In Transit,Pending,,2024-07-01
ORD-00001899,SUP-00075,Barron Ltd,PRD-000141,Focused 24hour instruction set,Chemicals,2026-01-09,2026-01-29,2026-02-14,4652,9410.3742,43777060.78,WH-013,"Chicago, IL",Cancelled,,,2025-09-22
ORD-00001900,SUP-00017,Griffin and Sons,PRD-000099,Reduced dynamic knowledgebase,Machinery,2025-07-05,2025-08-31,2025-09-20,884,1095.3975,968331.39,WH-011,"Los Angeles, CA",Returned,Pending,Robert Franklin DDS,2025-05-13
ORD-00001901,SUP-00025,Turner Ltd,PRD-000186,Enhanced asynchronous secured line,Chemicals,2025-12-30,2026-01-13,2026-01-29,1731,1597.5041,2765279.6,WH-011,"Los Angeles, CA",Delivered,Fail,Troy Hawkins,2024-11-09
ORD-00001902,SUP-00040,"Ford, Smith and Hodge",PRD-000086,Integrated 5thgeneration neural-net,Raw Materials,2025-11-22,2026-01-06,2026-01-08,3039,5352.8534,16267321.48,WH-002,"Chicago, IL",Delivered,Pending,Logan Meadows,2025-12-15
ORD-00001903,SUP-00026,Velasquez-Flores,PRD-000043,Decentralized disintermediate database,Chemicals,2025-10-30,2025-12-20,2026-01-01,4499,8407.4436,37825088.76,WH-014,"Seattle, WA",Returned,Fail,,2024-05-12
ORD-00001904,SUP-00016,Acosta and Sons,PRD-000032,Total radical methodology,Electronics,2023-04-19,2023-05-09,,2063,2838.6322,5856098.23,WH-001,"Los Angeles, CA",Delivered,,Kelly Haynes,2024-11-15
ORD-00001905,SUP-00054,Kane PLC,PRD-000136,Cloned multi-state success,Chemicals,2023-06-18,2023-08-01,2023-08-09,1819,4571.3189,7371365.66,WH-002,"Seattle, WA",Cancelled,Pending,,2024-09-11
ORD-00001906,SUP-00034,Krueger-Jackson,PRD-000066,Pre-emptive context-sensitive portal,Machinery,2024-04-10,2024-05-29,2024-06-11,443,3898.0554,1726838.54,WH-008,"Atlanta, GA",Returned,Pass,Lisa Smith,2024-07-18
ORD-00001907,SUP-00001,"Taylor, Adams and Donaldson",PRD-000017,Up-sized zero administration info-mediaries,Electronics,2024-04-04,2024-04-22,2024-05-12,831,601.4914,499839.35,WH-007,"Atlanta, GA",Cancelled,Pending,,2025-11-27
ORD-00001908,SUP-00078,Wallace-Williams,PRD-000078,Devolved didactic instruction set,PACKAGING,2024-03-18,2024-04-06,2024-04-03,4310,7837.2587,33778585.0,WH-013,"New York, NY",Delivered,Pending,Shannon Griffin,2024-04-25
ORD-00001909,SUP-00056,Garcia Group,PRD-000194,Re-contextualized mission-critical algorithm,Food & Beverage,2024-12-15,2025-01-19,2025-01-31,2313,4487.6959,10380040.62,WH-007,"Seattle, WA",Delivered,Pass,Jeffery Mcdonald,2025-11-03
ORD-00001910,SUP-00012,"Hart, Hayes and Velez",PRD-000135,Switchable client-server success,Chemicals,2026-01-09,2026-02-14,2026-03-02,176,6402.3028,1126805.29,WH-001,"Seattle, WA",Delivered,Pass,John Nicholson DDS,2025-01-12
ORD-00001911,SUP-00020,"Reyes, Parker and Gibson",PRD-000076,Customer-focused cohesive middleware,PACKAGING,2025-06-21,2025-07-17,2025-07-16,3730,4955.4859,18483962.41,WH-004,"Chicago, IL",Ordered,Pending,,2025-12-14
ORD-00001912,SUP-00045,Barnes-Rivers,PRD-000157,Monitored grid-enabled concept,Electronics,2023-10-24,2023-12-16,2023-12-14,4439,6557.8319,29110215.8,WH-006,"Seattle, WA",Ordered,Pending,,2024-05-13
ORD-00001913,SUP-00048,Morgan-Ware,PRD-000032,Total radical methodology,Raw Materials,2025-07-23,2025-08-10,2025-08-08,1390,1969.8421,2738080.52,WH-001,"Seattle, WA",Ordered,Pending,,2026-01-07
ORD-00001914,SUP-00027,"Ellis, Webb and Rivera",PRD-000064,Multi-layered composite neural-net,Textiles,2025-08-05,2025-09-09,2025-09-19,0,6642.2811,26323360.0,WH-013,"New York, NY",Delivered,Fail,Norman Hendrix,2025-04-24
ORD-00001915,SUP-00056,Garcia Group,PRD-000122,Phased holistic policy,Electronics,2025-10-05,2025-10-25,2025-11-08,3393,7239.7075,24564327.55,WH-004,"Dallas, TX",Ordered,Pending,,2024-06-27
ORD-00001916,SUP-00005,Williams LLC,PRD-000097,Versatile static software,Electronics,2025-06-15,2025-07-15,2025-07-12,3895,8017.4975,31228152.76,WH-011,"Dallas, TX",Cancelled,Pending,,2024-05-30
ORD-00001917,SUP-00020,"Reyes, Parker and Gibson",PRD-000142,Ergonomic executive customer loyalty,Chemicals,2025-08-27,2025-09-04,2025-09-08,1031,2797.9679,2226460.75,WH-007,"Chicago, IL",Ordered,Pending,,2025-02-22
ORD-00001918,SUP-00063,Montoya Inc,PRD-000044,Pre-emptive discrete methodology,Raw Materials,2025-03-15,2025-04-27,2025-05-11,4217,7819.7167,32975745.32,WH-004,"Los Angeles, CA",Delivered,Fail,Danielle Kelly,2024-05-10
ORD-00001919,SUP-00063,Montoya Inc,PRD-000089,Managed bandwidth-monitored customer loyalty,Machinery,2026-02-26,2026-03-28,2026-04-17,1851,2957.6138,5474543.14,WH-011,"Dallas, TX",Returned,Fail,Anthony Page,2026-04-01
ORD-00001920,SUP-00062,Chapman-Fuller,PRD-000135,Switchable client-server success,Machinery,2023-04-22,2023-06-04,2023-06-15,2060,6384.5277,13152127.06,WH-004,"New York, NY",In Transit,Pending,,2025-01-21
ORD-00001921,SUP-00019,Rivas-Whitaker,PRD-000069,Decentralized systemic interface,packaging,2024-01-07,2024-03-01,2024-03-14,419,7944.6625,3328813.59,WH-002,"Atlanta, GA",Ordered,Pending,,2024-11-07
ORD-00001922,,Humphrey Group,PRD-000148,Pre-emptive clear-thinking initiative,Textiles,2024-04-22,2024-05-10,2024-05-30,3336,6751.518,22523064.05,WH-011,"Los Angeles, CA",Ordered,Pending,,2025-01-04
ORD-00001923,SUP-00060,"Smith, Hill and Steele",PRD-000049,Monitored systemic knowledge user,Textiles,2025-05-09,2025-05-27,2025-06-13,1029,611.6129,629349.67,WH-011,"Dallas, TX",Cancelled,Pending,,2026-02-23
ORD-00001924,SUP-00029,"Lawrence, Sutton and Fowler",PRD-000147,Implemented content-based open architecture,Packaging,2024-07-16,2024-08-29,2024-08-31,2301,1051.5297,2419569.84,WH-014,"Seattle, WA",In Transit,,,2024-05-09
ORD-00001925,SUP-00034,Krueger-Jackson,PRD-000185,Decentralized incremental application,Raw Materials,2024-04-27,2024-06-26,2024-07-02,2828,558.3325,1578964.31,WH-004,"Chicago, IL",Delivered,Pending,Elizabeth Holmes,2025-07-15
ORD-00001926,SUP-00063,Montoya Inc,PRD-000170,Mandatory modular capacity,Packaging,2024-06-26,2024-08-18,2024-08-19,423,298.1703,126126.04,WH-013,"Atlanta, GA",In Transit,,,2025-01-13
ORD-00001927,SUP-00001,"Taylor, Adams and Donaldson",PRD-000014,Upgradable composite firmware,Raw Materials,2024-01-22,2024-03-09,2024-03-11,3929,6595.313,25912984.78,WH-006,"Los Angeles, CA",Cancelled,Pending,,2025-03-23
ORD-00001928,SUP-00005,Williams LLC,PRD-000195,Cross-group background database,packaging,2024-10-05,2024-10-28,2024-11-15,3223,7640.8189,24626359.31,WH-001,"Seattle, WA",In Transit,Pending,,2025-08-10
ORD-00001929,SUP-00025,Turner Ltd,PRD-000103,Universal demand-driven algorithm,Machinery,2024-01-12,2024-02-24,2024-03-08,2744,4739.6142,13005501.36,WH-014,"Atlanta, GA",Delivered,Pass,John Miller,2026-03-14
ORD-00001930,SUP-00023,"Boyle, Miller and Ellis",PRD-000156,Sharable disintermediate Graphical User Interface,Textiles,2024-08-07,2024-09-18,2024-10-01,854,7207.9332,6155574.95,WH-001,"Dallas, TX",In Transit,Pending,,2025-02-20
ORD-00001931,SUP-00067,Brooks and Sons,PRD-000014,Upgradable composite firmware,Textiles,2026-02-01,2026-01-31,,-1410,6845.1755,9651697.46,WH-001,"Chicago, IL",Delivered,Pending,Diane Quinn,2025-11-01
ORD-00001932,SUP-00014,Thomas-Nguyen,PRD-000101,Grass-roots scalable database,Textiles,2023-05-08,2023-06-08,2023-06-22,1234,4424.0673,5459299.05,WH-001,"Atlanta, GA",In Transit,Pending,,2025-02-20
ORD-00001933,,"Hart, Hayes and Velez",PRD-000174,Seamless multimedia customer loyalty,Electronics,2025-05-29,2025-06-25,2025-07-01,258,4684.0927,1208495.92,WH-013,"Seattle, WA",Cancelled,Pending,,2025-10-03
ORD-00001934,SUP-00032,"Foster, Powell and Moore",PRD-000174,Seamless multimedia customer loyalty,Electronics,2023-05-06,2023-05-14,2023-05-25,2957,205.3434,401427.94,WH-011,"New York, NY",Ordered,Pending,,2024-07-18
ORD-00001935,,"Myers, Coleman and White",PRD-000185,Decentralized incremental application,Chemicals,2023-09-26,2023-11-06,2023-11-02,4780,6197.2863,29623028.51,WH-003,"New York, NY",Ordered,Pending,,2025-11-17
ORD-00001936,SUP-00070,"Morales, Allen and Pittman",PRD-000001,Ameliorated interactive software,raw materials,2025-07-02,2025-08-15,2025-08-30,4161,8058.0805,33529672.96,WH-014,"Atlanta, GA",In Transit,Pending,,2025-02-15
ORD-00001937,SUP-00037,Shah Inc,PRD-000106,Open-architected demand-driven frame,Raw Materials,2024-07-17,2024-08-03,,4339,8892.9945,38586703.14,WH-007,"Atlanta, GA",Cancelled,Pending,,2026-02-08
ORD-00001938,SUP-00049,Arellano-Anderson,PRD-000048,Vision-oriented neutral neural-net,Food & Beverage,2024-07-30,2024-09-27,2024-09-28,2271,1105.4425,2510459.92,WH-010,"Atlanta, GA",Delivered,Pending,,2024-09-27
ORD-00001939,SUP-00019,Rivas-Whitaker,PRD-000086,Integrated 5thgeneration neural-net,Food & Beverage,2024-07-20,2024-08-16,2024-08-22,4675,3703.1224,17312097.22,WH-014,"Atlanta, GA",In Transit,Pending,,2024-04-30
ORD-00001940,SUP-00020,"Reyes, Parker and Gibson",PRD-000024,Cloned cohesive open architecture,Raw Materials,2025-05-16,2025-06-17,2025-04-24,1067,8799.1428,9388685.37,WH-001,"Dallas, TX",In Transit,Pending,,2024-05-18
ORD-00001941,SUP-00071,"Robbins, Chapman and Morris",PRD-000118,Function-based local orchestration,Packaging,2023-05-10,2023-06-21,2023-06-27,3754,1903.3501,7145176.28,WH-011,"New York, NY",In Transit,Pending,,2025-03-09
ORD-00001942,SUP-00041,Webster and Sons,PRD-000155,Up-sized 24/7 migration,Chemicals,2024-03-25,2024-05-05,2024-05-04,2214,7522.8207,16655525.03,WH-009,"Atlanta, GA",Cancelled,Pending,,2024-07-24
ORD-00001943,SUP-00052,Vargas-Hunter,PRD-000127,Ameliorated contextually-based model,Machinery,2025-03-22,2025-04-20,2025-04-17,1773,4067.084,7210939.93,WH-007,"Atlanta, GA",Cancelled,Pending,,2025-01-23
ORD-00001944,,"Osborn, Ryan and Garrett",PRD-000087,Stand-alone cohesive approach,Chemicals,2025-11-18,2025-12-09,,1644,3217.1091,5288927.36,WH-013,"Los Angeles, CA",Returned,Pending,Michael Daniel,2025-02-27
ORD-00001945,,"Thomas, Dennis and Rodriguez",PRD-000158,Focused maximized focus group,Electronics,2025-06-16,2025-06-25,2025-07-12,-1644,170.5983,280463.61,WH-002,"Seattle, WA",In Transit,Pending,,2025-10-12
ORD-00001946,SUP-00030,Shaw-Moore,PRD-000009,Open-architected explicit complexity,Raw Materials,2026-04-05,2026-04-15,2026-05-04,589,7918.7944,4664169.9,WH-001,"Chicago, IL",Delivered,Pass,Brittany Knight,2026-02-02
ORD-00001947,SUP-00061,Greene-Osborne,PRD-000162,Front-line local website,Chemicals,2026-03-12,2026-05-05,2026-05-05,1132,3253.3256,3682764.58,WH-011,"Los Angeles, CA",Cancelled,Pending,,2024-06-05
ORD-00001948,SUP-00010,Robertson and Sons,PRD-000135,Switchable client-server success,Textiles,2024-01-06,2024-02-10,2024-03-01,2176,1520.4577,1792693.63,WH-013,"Atlanta, GA",Delivered,Pending,Heather Jackson,2024-07-02
ORD-00001949,SUP-00005,Williams LLC,PRD-000098,Total regional throughput,Food & Beverage,2024-01-28,2024-02-19,2024-03-09,381,3930.1261,1497378.04,WH-001,"Seattle, WA",Delivered,,Joshua Knight,2024-07-22
ORD-00001950,SUP-00050,Dixon Inc,PRD-000178,Cross-group intangible interface,Textiles,2023-05-01,2023-06-13,2023-07-02,2191,2364.1768,5179911.37,WH-010,"Los Angeles, CA",Delivered,Pending,,2026-03-11
ORD-00001951,SUP-00062,Chapman-Fuller,PRD-000153,Function-based reciprocal firmware,Chemicals,2025-10-19,2025-11-15,2025-11-15,1971,1502.459,2961346.69,WH-002,"Chicago, IL",Delivered,Fail,Kelly Klein,2025-11-10
ORD-00001952,SUP-00056,Garcia Group,PRD-000033,Streamlined methodical hierarchy,Food & Beverage,2026-01-30,2026-03-16,2026-03-25,3888,1444.5946,5616583.8,WH-011,"Chicago, IL",Ordered,Pending,,2025-02-15
ORD-00001953,SUP-00059,Campbell and Sons,PRD-000166,Business-focused 24hour secured line,Machinery,2026-04-07,2026-05-19,2026-05-31,1614,3194.2847,5155575.51,WH-009,"Chicago, IL",Delivered,Pass,Michael White,2026-01-22
ORD-00001954,SUP-00051,Hancock LLC,PRD-000111,Team-oriented value-added middleware,Raw Materials,2024-09-07,2024-10-07,,4539,7908.5211,35896777.27,WH-002,"Dallas, TX",Cancelled,Pending,,2025-10-26
ORD-00001955,SUP-00024,Kelly and Sons,PRD-000178,Cross-group intangible interface,Food & Beverage,2026-01-07,2026-01-13,2026-01-29,3251,2045.0835,6648566.46,WH-014,"Seattle, WA",Delivered,Fail,Brandon Moore,2025-06-04
ORD-00001956,SUP-00074,"Mcclain, Johnson and Gibson",PRD-000040,Profit-focused zero tolerance info-mediaries,ELECTRONICS,2023-12-01,2023-11-26,,2694,6146.1111,16557623.3,WH-014,"Dallas, TX",Cancelled,Pending,,2025-11-25
ORD-00001957,SUP-00073,Newman PLC,PRD-000153,Function-based reciprocal firmware,Raw Materials,2025-03-23,2025-05-02,2025-05-18,4455,5949.5022,26505032.3,WH-011,"Dallas, TX",Ordered,Pending,,2025-05-13
ORD-00001958,SUP-00013,Meza LLC,PRD-000087,Stand-alone cohesive approach,Machinery,2025-06-06,2025-06-19,2025-06-29,2429,1122.6379,2726887.46,WH-013,"Atlanta, GA",In Transit,Pending,,2025-08-30
ORD-00001959,SUP-00011,"Hatfield, Lyons and Richards",PRD-000081,Integrated 4thgeneration parallelism,Food & Beverage,2025-08-09,2025-08-26,2025-09-10,3554,849.6161,3019535.62,WH-013,"Atlanta, GA",Ordered,Pending,,2024-05-26
ORD-00001960,SUP-00058,"Browning, Wiley and Duran",PRD-000135,Switchable client-server success,Machinery,2024-07-12,2024-08-15,2024-08-20,4576,1324.2634,6059829.32,WH-006,"Seattle, WA",Cancelled,Pending,,2025-04-02
ORD-00001961,SUP-00053,"Osborn, Ryan and Garrett",PRD-000046,Ergonomic demand-driven function,Packaging,2026-02-26,2026-03-16,2026-03-14,264,98.3963,25976.62,WH-001,"Dallas, TX",Cancelled,Pending,,2024-09-02
ORD-00001962,SUP-00016,Acosta and Sons,PRD-000177,Ameliorated optimal encryption,electronics,2024-11-08,2024-12-02,2024-12-20,1292,3443.0614,4448435.33,WH-012,"Chicago, IL",Ordered,Pending,,2024-07-31
ORD-00001963,SUP-00012,"Hart, Hayes and Velez",PRD-000012,Up-sized actuating model,TEXTILES,2023-07-18,2023-09-13,2023-09-08,25,8739.5901,218489.75,WH-008,"Chicago, IL",In Transit,Pending,,2025-08-06
ORD-00001964,SUP-00073,Newman PLC,PRD-000131,User-friendly logistical groupware,Textiles,2023-11-02,2023-12-19,2024-01-04,983,7673.3707,7542923.4,WH-010,"Dallas, TX",In Transit,Pending,,2025-03-12
ORD-00001965,SUP-00070,"Morales, Allen and Pittman",PRD-000133,Digitized executive emulation,Machinery,2025-02-17,2025-03-07,2025-03-22,4745,9832.1996,46653787.1,WH-013,"New York, NY",Returned,,Mrs. Tiffany Brown,2024-10-07
ORD-00001966,SUP-00054,Kane PLC,PRD-000020,Universal methodical workforce,Food & Beverage,2025-11-20,2025-12-06,2025-11-16,438,4526.4076,1982566.53,WH-008,"Chicago, IL",Ordered,Pending,,2024-11-28
ORD-00001967,SUP-00062,Chapman-Fuller,PRD-000083,Profit-focused well-modulated function,Packaging,2025-04-17,2025-06-06,2025-06-06,4217,2157.8969,9099851.23,WH-007,"New York, NY",Returned,,Kathy Curry,2025-11-18
ORD-00001968,,Arellano-Anderson,PRD-000103,Universal demand-driven algorithm,Machinery,2025-02-27,2025-03-18,2025-03-25,1932,7346.1679,14192796.38,WH-013,"Dallas, TX",Cancelled,Pending,,2026-01-31
ORD-00001969,SUP-00043,"Johnson, Brown and Coleman",PRD-000065,Decentralized well-modulated encoding,Food & Beverage,2025-06-06,2025-07-10,2025-07-28,2282,306.2711,885137.07,WH-002,"Los Angeles, CA",Returned,Pending,Sarah Mcclure,2024-08-23
ORD-00001970,SUP-00013,Meza LLC,PRD-000003,Progressive object-oriented forecast,Electronics,2024-09-28,2024-11-07,2024-11-15,4380,7754.744,33965778.72,WH-006,"Los Angeles, CA",Cancelled,Pending,,2024-06-07
ORD-00001971,SUP-00048,Morgan-Ware,PRD-000050,Fundamental bi-directional customer loyalty,Machinery,2025-03-10,2025-04-04,2025-04-22,1944,3235.6251,6290055.19,WH-014,"Chicago, IL",Returned,Fail,Carl Carter,2025-12-31
ORD-00001972,SUP-00051,Hancock LLC,PRD-000107,Inverse 3rdgeneration architecture,chemicals,2025-01-27,2025-03-04,2025-03-21,4274,6243.2811,26683783.42,WH-009,"Los Angeles, CA",Returned,Pass,Tina Mendez,2024-10-24
ORD-00001973,SUP-00064,Mitchell Ltd,PRD-000085,Team-oriented exuding productivity,Packaging,2023-05-08,2023-06-29,2023-07-19,2398,6755.734,16200250.13,WH-007,"Seattle, WA",Cancelled,Pending,,2026-01-07
ORD-00001974,SUP-00017,Griffin and Sons,PRD-000051,Vision-oriented mobile throughput,Food & Beverage,2025-04-18,2025-05-12,2025-05-19,1493,9930.3126,14825956.71,WH-008,"New York, NY",Cancelled,Pending,,2025-08-17
ORD-00001975,SUP-00011,"Hatfield, Lyons and Richards",PRD-000198,Universal 6thgeneration emulation,Electronics,2025-08-14,2025-09-21,2025-09-16,2875,4771.794,13718907.75,WH-001,"Atlanta, GA",Returned,Pass,Donna Franklin,2025-09-05
ORD-00001976,SUP-00027,"Ellis, Webb and Rivera",PRD-000078,Devolved didactic instruction set,Raw Materials,2024-03-06,2024-04-30,2024-05-04,-1173,5849.7209,6861722.62,WH-004,"Chicago, IL",Cancelled,Pending,,2026-04-13
ORD-00001977,SUP-00020,"Reyes, Parker and Gibson",PRD-000030,Inverse real-time database,Textiles,2025-05-01,2025-06-07,2025-06-12,921,5272.5247,4855995.25,WH-011,"New York, NY",Ordered,Pending,,2024-09-17
ORD-00001978,SUP-00034,Krueger-Jackson,PRD-000197,Multi-tiered dedicated focus group,Food & Beverage,2024-05-07,2024-05-21,,93,514.1414,47815.15,WH-009,"New York, NY",Ordered,Pending,,2026-02-17
ORD-00001979,SUP-00069,Thompson-Owens,PRD-000098,Total regional throughput,Food & Beverage,2023-04-23,2023-06-17,2023-06-17,4404,7999.4729,35229678.65,WH-006,"New York, NY",Returned,Pending,Ricky Smith,2025-03-10
ORD-00001980,SUP-00015,"Nguyen, Cruz and Wilson",PRD-000189,Balanced demand-driven database,Machinery,2023-07-04,2023-08-29,2023-06-08,13,2375.2574,30878.35,WH-001,"Los Angeles, CA",Delivered,Pending,Sarah Delgado,2026-03-01
ORD-00001981,SUP-00034,Krueger-Jackson,PRD-000123,Ameliorated local concept,Packaging,2023-04-19,2023-05-20,2023-06-06,1556,6004.8926,9343612.89,WH-007,"Los Angeles, CA",Ordered,Pending,,2024-09-24
ORD-00001982,SUP-00063,Montoya Inc,PRD-000159,Automated dynamic superstructure,Machinery,2025-05-01,2025-06-25,2025-06-20,4037,2850.9962,11509471.66,WH-006,"Chicago, IL",In Transit,Pending,,2025-09-18
ORD-00001983,SUP-00022,"Reilly, Price and Galloway",PRD-000146,User-friendly web-enabled Internet solution,Machinery,2025-02-04,2025-02-16,2025-03-02,1843,6524.7472,12025109.09,WH-013,"Dallas, TX",Ordered,Pending,,2026-02-13
ORD-00001984,SUP-00075,Barron Ltd,PRD-000042,Managed neutral algorithm,Machinery,2024-02-19,2024-04-09,2024-04-06,2435,5677.8953,8123598.85,WH-004,"Chicago, IL",Cancelled,Pending,,2025-04-15
ORD-00001985,SUP-00006,Petersen-Kelly,PRD-000104,Inverse context-sensitive hardware,Machinery,2025-08-16,2025-08-22,,4770,7938.8018,37868084.59,WH-002,"Los Angeles, CA",Cancelled,Pending,,2025-07-27
ORD-00001986,SUP-00075,Barron Ltd,PRD-000168,Upgradable object-oriented product,Packaging,2024-12-18,2025-02-01,2025-02-13,276,3207.0935,885157.81,WH-012,"Seattle, WA",Cancelled,Pending,,2025-09-25
ORD-00001987,SUP-00076,Roberts-Edwards,PRD-000028,Future-proofed secondary collaboration,Packaging,2025-06-27,2025-08-12,2025-08-17,3101,2407.3304,7465131.57,WH-011,"Atlanta, GA",In Transit,Pending,,2025-08-20
ORD-00001988,SUP-00053,"Osborn, Ryan and Garrett",PRD-000088,User-centric client-server strategy,Packaging,2024-05-31,2024-06-11,2024-06-14,4368,6305.0799,37464760.07,WH-002,"Dallas, TX",Returned,Pending,Robert Weaver,2024-12-25
ORD-00001989,SUP-00007,Anderson-Jackson,PRD-000110,Cross-platform encompassing complexity,Electronics,2025-01-02,2025-01-28,2025-02-14,4413,1784.3855,7874493.21,WH-002,"Dallas, TX",In Transit,Pending,,2025-05-17
ORD-00001990,SUP-00046,Dunn LLC,PRD-000160,De-engineered needs-based emulation,Chemicals,2024-05-04,2024-05-16,2024-05-14,1588,4051.291,6433450.11,WH-001,"Los Angeles, CA",Delivered,,Eric Johnson,2024-07-19
ORD-00001991,SUP-00038,Thomas-Wagner,PRD-000179,Monitored stable artificial intelligence,Raw Materials,2023-05-11,2023-06-20,2023-07-10,4910,1664.1825,8171136.07,WH-008,"Atlanta, GA",Returned,Pass,Cheryl Bray,2025-12-30
ORD-00001992,SUP-00044,Pitts LLC,PRD-000003,Progressive object-oriented forecast,Machinery,2023-07-04,2023-07-15,2023-07-28,1856,6033.2964,11197798.12,WH-013,"Seattle, WA",In Transit,Pending,,2025-04-03
ORD-00001993,SUP-00056,Garcia Group,PRD-000026,Monitored didactic productivity,Textiles,2024-12-21,2025-01-15,2025-01-24,1480,4373.2201,6472365.75,WH-011,"Seattle, WA",Cancelled,Pending,,2025-09-09
ORD-00001994,SUP-00062,Chapman-Fuller,PRD-000018,Organic cohesive core,Textiles,2024-08-16,2024-09-16,2024-09-21,3164,1532.6659,4849354.91,WH-006,"New York, NY",Cancelled,Pending,,2025-09-06
ORD-00001995,SUP-00069,Thompson-Owens,PRD-000027,Secured client-driven protocol,Packaging,2025-01-14,2025-01-12,2025-03-04,2309,7973.7981,18411499.81,WH-009,"Chicago, IL",Delivered,,Michael Gonzalez,2025-02-19
ORD-00001996,SUP-00065,Ellis Group,PRD-000165,Integrated 5thgeneration contingency,Electronics,2025-12-25,2026-01-07,2026-01-03,0,6873.0352,7718418.53,WH-002,"Atlanta, GA",Ordered,Pending,,2026-01-24
ORD-00001997,SUP-00023,"Boyle, Miller and Ellis",PRD-000049,Monitored systemic knowledge user,Textiles,2025-04-05,2025-05-26,2025-05-25,3443,9538.1362,32839802.94,WH-002,"Atlanta, GA",Returned,Pass,Morgan Yates,2025-08-06
ORD-00001998,SUP-00047,Fuller-Reyes,PRD-000125,Intuitive intangible artificial intelligence,Raw Materials,2026-02-06,2026-02-21,2026-02-21,789,6898.508,5442922.81,WH-011,"Seattle, WA",Cancelled,Pending,,2026-01-19
ORD-00001999,SUP-00021,"Walker, Mathis and Acosta",PRD-000189,Balanced demand-driven database,Chemicals,2023-06-12,2023-07-03,2023-07-07,1679,9909.5983,16638215.55,WH-011,"Atlanta, GA",Delivered,Pending,,2025-10-21
ORD-00002000,SUP-00033,Henderson-Mcguire,PRD-000181,Profit-focused stable hardware,Electronics,2024-11-15,2024-11-21,2024-11-28,2817,7061.6509,19892670.59,WH-006,"Atlanta, GA",Cancelled,Pending,,2026-01-04
ORD-00002001,SUP-00011,"Hatfield, Lyons and Richards",PRD-000008,Optional zero-defect firmware,Food & Beverage,2024-10-29,2024-12-06,2024-12-19,2269,4480.7131,10166738.02,WH-012,"Seattle, WA",In Transit,Pending,,2025-06-24
ORD-00002002,SUP-00002,Jimenez Inc,PRD-000005,Fundamental methodical ability,Machinery,2025-12-10,2026-01-24,2026-02-01,0,1237.1602,1270563.53,WH-004,"Los Angeles, CA",Returned,,Lawrence Khan,2024-08-03
ORD-00002003,SUP-00018,"Thomas, Dennis and Rodriguez",PRD-000077,Devolved hybrid core,Textiles,2024-02-08,2024-03-31,2024-04-18,793,7420.7355,5884643.25,WH-001,"Seattle, WA",Delivered,Fail,John Jones,2025-07-27
ORD-00002004,SUP-00001,"Taylor, Adams and Donaldson",PRD-000104,Inverse context-sensitive hardware,Machinery,2025-01-07,2025-02-21,2025-02-19,3181,7491.6196,23830841.95,WH-002,"Dallas, TX",Returned,Pass,,2025-05-09
ORD-00002005,SUP-00014,Thomas-Nguyen,PRD-000155,Up-sized 24/7 migration,Food & Beverage,2023-10-13,2023-11-16,2023-11-25,883,5365.7026,4737915.4,WH-006,"Dallas, TX",In Transit,Pending,,2025-02-21
ORD-00002006,SUP-00012,"Hart, Hayes and Velez",PRD-000088,User-centric client-server strategy,Food & Beverage,2024-01-03,2024-02-10,2024-02-27,1348,1477.7512,1992008.62,WH-012,"Dallas, TX",Cancelled,Pending,,2024-10-19
ORD-00002007,SUP-00072,Jackson Inc,PRD-000151,Reactive incremental instruction set,Food & Beverage,2024-03-06,2024-04-05,2024-04-25,1229,8865.3396,10895502.37,WH-006,"Chicago, IL",Ordered,Pending,,2026-04-13
ORD-00002008,SUP-00020,"Reyes, Parker and Gibson",PRD-000083,Profit-focused well-modulated function,Raw Materials,2023-10-27,2023-11-12,2023-11-12,2941,1024.1329,3011974.86,WH-012,"New York, NY",Cancelled,Pending,,2024-11-05
ORD-00002009,SUP-00021,"Walker, Mathis and Acosta",PRD-000005,Fundamental methodical ability,Chemicals,2023-12-26,2024-02-01,2024-02-13,1731,616.1797,568712.44,WH-011,"Dallas, TX",Delivered,Pass,Dana Atkins,2025-08-12
ORD-00002010,SUP-00039,"Wiley, Brown and Sampson",PRD-000078,Devolved didactic instruction set,Textiles,2025-08-11,2025-08-28,2025-08-28,-981,7037.7097,6903993.22,WH-010,"Chicago, IL",Cancelled,Pending,,2026-03-31
ORD-00002011,SUP-00063,Montoya Inc,PRD-000067,Function-based human-resource secured line,Electronics,2026-03-06,2026-04-15,2026-04-21,2541,8812.7002,22393071.21,WH-009,"Seattle, WA",In Transit,Pending,,2025-01-23
ORD-00002012,SUP-00061,Greene-Osborne,PRD-000045,Balanced solution-oriented methodology,Machinery,2025-02-26,2025-03-30,2025-02-02,1168,2687.7833,3139330.89,WH-010,"Los Angeles, CA",Returned,Pass,David Reyes,2025-11-27
ORD-00002013,SUP-00056,Garcia Group,PRD-000147,Implemented content-based open architecture,Electronics,2026-01-24,2026-02-20,2026-02-24,1809,1804.7704,3264829.65,WH-012,"New York, NY",Delivered,Pending,Steven Salas,2025-03-22
ORD-00002014,SUP-00068,Gaines-Jackson,PRD-000117,Grass-roots neutral database,Raw Materials,2025-07-22,2025-08-11,2025-08-31,2442,1730.9165,4226898.09,WH-013,"Dallas, TX",Delivered,Fail,Carl Conway,2026-03-13
ORD-00002015,SUP-00018,"Thomas, Dennis and Rodriguez",PRD-000077,Devolved hybrid core,Machinery,2024-12-04,2024-12-29,2025-01-04,1861,7149.1069,13304487.94,WH-005,"Dallas, TX",Cancelled,Pending,,2025-01-26
ORD-00002016,SUP-00022,"Reilly, Price and Galloway",PRD-000183,Business-focused content-based encryption,Electronics,2024-04-02,2024-05-11,2024-05-20,2911,8386.5486,24413242.97,WH-013,"Atlanta, GA",In Transit,Pending,,2024-12-04
ORD-00002017,SUP-00054,Kane PLC,PRD-000118,Function-based local orchestration,Food & Beverage,2025-02-18,2025-03-04,2025-01-26,756,6625.3133,5008736.85,WH-003,"Atlanta, GA",Ordered,Pending,,2024-08-26
ORD-00002018,SUP-00005,Williams LLC,PRD-000044,Pre-emptive discrete methodology,Food & Beverage,2025-03-08,2025-03-13,2025-03-21,1026,8977.3438,9210754.74,WH-011,"Seattle, WA",Cancelled,,,2026-01-09
ORD-00002019,SUP-00027,"Ellis, Webb and Rivera",PRD-000085,Team-oriented exuding productivity,Chemicals,2023-12-08,2023-12-07,2024-01-25,2932,2083.7223,9449243.26,WH-011,"Atlanta, GA",Cancelled,Pending,,2025-10-29
ORD-00002020,SUP-00071,"Robbins, Chapman and Morris",PRD-000110,Cross-platform encompassing complexity,Textiles,2026-01-07,2026-03-05,2026-03-06,202,2532.5734,511579.83,WH-001,"Chicago, IL",Ordered,Pending,,2025-11-13
ORD-00002021,SUP-00039,"Wiley, Brown and Sampson",PRD-000132,Synchronized bottom-line intranet,Food & Beverage,2024-09-29,2024-10-30,2024-11-18,4338,1447.4053,6278844.19,WH-006,"Dallas, TX",Returned,Fail,Ryan Carpenter,2025-07-04
ORD-00002022,SUP-00007,Anderson-Jackson,PRD-000164,Profit-focused transitional data-warehouse,Food & Beverage,2023-09-09,2023-10-03,2023-10-15,432,2906.0251,1255402.84,WH-008,"Seattle, WA",Returned,Fail,,2025-08-20
ORD-00002023,SUP-00068,Gaines-Jackson,PRD-000112,Innovative real-time neural-net,Textiles,2023-08-21,2023-10-01,2023-09-27,1577,38.2055,60250.07,WH-004,"New York, NY",Ordered,Pending,,2025-04-20
ORD-00002024,SUP-00046,Dunn LLC,PRD-000160,De-engineered needs-based emulation,Chemicals,2024-05-04,2024-05-16,2024-05-14,0,4051.291,6433450.11,WH-001,"Los Angeles, CA",Delivered,,Eric Johnson,2024-07-19
ORD-00002025,SUP-00038,Thomas-Wagner,PRD-000104,Inverse context-sensitive hardware,Chemicals,2024-10-11,2024-11-02,2024-10-30,1845,8457.8915,15604809.82,WH-010,"New York, NY",In Transit,Pending,,2025-10-02
ORD-00002026,SUP-00011,"Hatfield, Lyons and Richards",PRD-000175,Triple-buffered secondary focus group,Raw Materials,2025-01-17,2025-02-20,2025-03-09,2496,2368.865,5912687.04,WH-004,"Dallas, TX",Delivered,Pass,Kelly Alvarez,2025-08-20
ORD-00002027,SUP-00060,"Smith, Hill and Steele",PRD-000024,Cloned cohesive open architecture,Textiles,2025-08-13,2025-09-21,,4880,3820.1815,18642485.72,WH-008,"New York, NY",Delivered,,James Suarez,2024-12-21
ORD-00002028,SUP-00003,Bennett PLC,PRD-000153,Function-based reciprocal firmware,Raw Materials,2024-02-06,2024-04-01,2024-04-15,444,5502.9879,2443326.63,WH-001,"Seattle, WA",Delivered,Fail,Chelsea Knight,2025-07-08
ORD-00002029,SUP-00021,"Walker, Mathis and Acosta",PRD-000132,Synchronized bottom-line intranet,chemicals,2025-06-20,2025-07-15,2025-07-25,843,1409.9735,1188607.66,WH-009,"Los Angeles, CA",Delivered,Fail,Travis Nguyen,2024-04-23
ORD-00002030,SUP-00002,Jimenez Inc,PRD-000130,Monitored empowering migration,Packaging,2024-11-12,2024-12-30,2024-12-25,2156,6682.7733,14408059.23,WH-008,"Dallas, TX",Cancelled,Pending,,2025-04-16
ORD-00002031,SUP-00029,"Lawrence, Sutton and Fowler",PRD-000163,Secured 24hour knowledge user,Packaging,2025-02-21,2025-03-03,2025-03-13,2221,6365.8871,14138635.25,WH-008,"Los Angeles, CA",In Transit,Pending,,2025-06-26
ORD-00002032,SUP-00077,Taylor-Evans,PRD-000009,Open-architected explicit complexity,Machinery,2026-03-23,2026-03-31,2026-04-02,4587,8238.1599,37788439.46,WH-009,"Dallas, TX",Delivered,Pass,Janice Brandt,2025-01-08
ORD-00002033,SUP-00009,Burton Ltd,PRD-000186,Enhanced asynchronous secured line,Packaging,2023-05-28,2023-07-05,2023-07-25,2610,8355.1044,21806822.48,WH-014,"Dallas, TX",Ordered,Pending,,2024-09-05
ORD-00002034,SUP-00028,Padilla PLC,PRD-000104,Inverse context-sensitive hardware,Chemicals,2023-06-25,2023-07-13,2023-07-18,4845,4871.807,23603904.91,WH-008,"Atlanta, GA",Delivered,Pending,,2024-08-27
ORD-00002035,,"Walker, Mathis and Acosta",PRD-000023,Total asymmetric hardware,Electronics,2023-12-12,2024-01-17,2024-01-28,2120,8512.5086,18046518.23,WH-011,"New York, NY",Delivered,Fail,Cynthia Nunez,2024-04-15
ORD-00002036,SUP-00011,"Hatfield, Lyons and Richards",PRD-000091,Ameliorated impactful instruction set,Raw Materials,2025-10-17,2025-11-25,2025-11-25,3896,7439.7901,28985422.23,WH-011,"Seattle, WA",In Transit,Pending,,2024-08-14
ORD-00002037,SUP-00050,Dixon Inc,PRD-000095,Programmable zero-defect infrastructure,Raw Materials,2025-03-09,2025-04-15,2025-04-19,4620,4479.3424,20694561.89,WH-011,"Chicago, IL",Cancelled,Pending,,2024-09-20
ORD-00002038,SUP-00054,Kane PLC,PRD-000006,Intuitive bifurcated open system,Raw Materials,2024-10-21,2024-12-14,2025-01-03,3318,2527.5642,8386458.02,WH-007,"Dallas, TX",Cancelled,Pending,,2025-05-29
ORD-00002039,SUP-00015,"Nguyen, Cruz and Wilson",PRD-000007,Customer-focused context-sensitive attitude,Raw Materials,2025-08-15,2025-09-08,2025-09-20,4265,101.7523,433973.56,WH-009,"Atlanta, GA",Delivered,Pass,Pamela Kramer,2025-04-04
ORD-00002040,SUP-00029,"Lawrence, Sutton and Fowler",PRD-000152,Focused background Internet solution,Electronics,2024-05-26,2024-06-21,2024-06-27,3728,2698.0919,10058486.6,WH-007,"New York, NY",Cancelled,Pending,,2025-08-01
ORD-00002041,SUP-00062,Chapman-Fuller,PRD-000001,Ameliorated interactive software,Electronics,2024-01-13,2024-02-14,2024-03-04,1843,6455.2971,11897112.56,WH-003,"Seattle, WA",Cancelled,Pending,,2025-09-26
ORD-00002042,SUP-00047,Fuller-Reyes,PRD-000070,Intuitive dedicated functionalities,Textiles,2023-11-06,2023-12-22,2023-12-23,478,2930.3351,1400700.18,WH-013,"Los Angeles, CA",Cancelled,,,2025-02-21
ORD-00002043,,Lee Ltd,PRD-000077,Devolved hybrid core,Packaging,2025-06-26,2025-08-21,2025-09-07,1958,6143.8904,12029737.4,WH-014,"Los Angeles, CA",Returned,Pass,Mary Morrison,2025-12-18
ORD-00002044,SUP-00027,"Ellis, Webb and Rivera",PRD-000071,Integrated well-modulated structure,Chemicals,2026-03-27,2026-04-09,2026-04-18,3561,7243.8287,25795274.0,WH-014,"Atlanta, GA",Returned,Fail,Dr. Laura Hill,2025-03-26
ORD-00002045,,Montoya Inc,PRD-000185,Decentralized incremental application,Textiles,2024-05-31,2024-06-13,2024-06-27,3022,988.8098,2988183.22,WH-014,"Chicago, IL",Returned,Pass,Sherry Burnett,2024-12-10
ORD-00002046,SUP-00072,Jackson Inc,PRD-000002,Programmable object-oriented focus group,Raw Materials,2023-07-20,2023-08-12,2023-08-25,2616,8299.1141,21710482.49,WH-006,"Los Angeles, CA",Cancelled,Pending,,2025-09-23
ORD-00002047,SUP-00012,"Hart, Hayes and Velez",PRD-000126,Organized 24hour attitude,Chemicals,2024-06-06,2024-06-21,2024-06-27,3342,4089.7075,13667802.46,WH-003,"New York, NY",Returned,Pending,Rebecca Boone,2025-01-24
ORD-00002048,SUP-00071,"Robbins, Chapman and Morris",PRD-000061,Profound upward-trending Graphic Interface,Machinery,2023-05-06,2023-06-21,2023-07-08,2400,1689.4397,4054655.28,WH-012,"Los Angeles, CA",Cancelled,Pending,,2024-11-01
ORD-00002049,SUP-00053,"Osborn, Ryan and Garrett",PRD-000046,Ergonomic demand-driven function,Packaging,2026-02-26,2026-03-16,2026-03-14,264,98.3963,25976.62,WH-001,"Dallas, TX",Cancelled,Pending,,2024-09-02
ORD-00002050,SUP-00029,"Lawrence, Sutton and Fowler",PRD-000180,Optimized 24/7 matrix,Electronics,2025-01-01,2025-02-08,2025-02-06,4738,3250.5376,14121596.12,WH-001,"Chicago, IL",Ordered,Pending,,2024-05-09
ORD-00002051,SUP-00030,Shaw-Moore,PRD-000108,Advanced next generation Graphic Interface,Machinery,2024-08-15,2024-10-05,2024-10-18,1104,2184.5809,2411777.31,WH-013,"Dallas, TX",Returned,Pass,,2026-01-28
ORD-00002052,SUP-00009,Burton Ltd,PRD-000195,Cross-group background database,Raw Materials,2023-07-07,2023-08-28,2023-09-01,2308,3489.2245,8053130.15,WH-006,"Dallas, TX",Cancelled,,,2024-12-15
ORD-00002053,SUP-00021,"Walker, Mathis and Acosta",PRD-000126,Organized 24hour attitude,RAW MATERIALS,2024-12-28,2025-01-22,2025-02-11,-2907,5245.2463,15247930.99,WH-004,"Chicago, IL",Ordered,Pending,,2024-05-01
ORD-00002054,SUP-00014,Thomas-Nguyen,PRD-000134,Cross-group neutral access,Packaging,2023-05-27,2023-07-01,,-457,2310.6165,1055951.74,WH-002,"Dallas, TX",In Transit,Pending,,2025-10-31
ORD-00002055,SUP-00039,"Wiley, Brown and Sampson",PRD-000072,Realigned bandwidth-monitored benchmark,Textiles,2024-12-26,2025-02-19,2025-03-02,445,1713.9577,762711.18,WH-008,"Chicago, IL",In Transit,Pending,,2025-04-07
ORD-00002056,SUP-00050,Dixon Inc,PRD-000075,Realigned coherent capacity,Raw Materials,2025-10-20,2025-12-04,2025-12-20,957,5453.3065,5218814.32,WH-010,"Atlanta, GA",Cancelled,Pending,,2024-04-15
ORD-00002057,SUP-00062,Chapman-Fuller,PRD-000054,Reactive holistic flexibility,Raw Materials,2024-10-26,2024-11-18,2024-12-08,3426,4825.6864,10799693.58,WH-011,"Atlanta, GA",Returned,Pending,Lisa King,2025-12-21
ORD-00002058,SUP-00055,"Myers, Coleman and White",PRD-000183,Business-focused content-based encryption,Raw Materials,2025-11-26,2025-12-20,2025-12-27,4089,8365.5912,34206902.42,WH-007,"Seattle, WA",Ordered,Pending,,2024-10-29
ORD-00002059,SUP-00040,"Ford, Smith and Hodge",PRD-000058,Pre-emptive context-sensitive process improvement,Chemicals,2023-06-05,2023-06-12,2023-06-10,1047,9860.3242,10323759.44,WH-004,"Dallas, TX",Cancelled,Pending,,2024-06-28
ORD-00002060,SUP-00029,"Lawrence, Sutton and Fowler",PRD-000063,Implemented regional adapter,Food & Beverage,2024-04-13,2024-06-11,2024-06-22,123,6085.4319,748508.12,WH-013,"Chicago, IL",Ordered,Pending,,2026-02-07
ORD-00002061,SUP-00018,"Thomas, Dennis and Rodriguez",PRD-000068,Synchronized next generation archive,chemicals,2024-07-06,2024-07-23,2024-06-17,1953,5840.4573,11406413.11,WH-002,"Seattle, WA",Ordered,Pending,,2026-02-07
ORD-00002062,SUP-00025,Turner Ltd,PRD-000025,Networked directional synergy,Raw Materials,2023-10-08,2023-11-22,2023-12-12,264,1304.792,344465.09,WH-001,"Atlanta, GA",Ordered,Pending,,2025-07-31
ORD-00002063,,Barnes-Rivers,PRD-000089,Managed bandwidth-monitored customer loyalty,Packaging,2025-10-22,2025-12-01,2025-12-12,2617,4986.7593,13050349.09,WH-002,"New York, NY",Cancelled,Pending,,2024-12-11
ORD-00002064,SUP-00058,"Browning, Wiley and Duran",PRD-000125,Intuitive intangible artificial intelligence,Raw Materials,2025-04-04,2025-05-13,2025-05-23,1655,1240.2269,2052575.52,WH-001,"Dallas, TX",In Transit,,,2025-03-26
ORD-00002065,,"Hart, Hayes and Velez",PRD-000174,Seamless multimedia customer loyalty,Electronics,2025-05-29,2025-06-25,2025-07-01,258,4684.0927,1208495.92,WH-013,"Seattle, WA",Cancelled,Pending,,2025-10-03
ORD-00002066,SUP-00002,Jimenez Inc,PRD-000162,Front-line local website,ELECTRONICS,2025-12-31,2026-02-20,2026-02-21,1420,5155.3338,10997853.9,WH-002,"Chicago, IL",In Transit,Pending,,2025-03-18
ORD-00002067,SUP-00043,"Johnson, Brown and Coleman",PRD-000062,Mandatory heuristic standardization,electronics,2024-07-02,2024-07-24,2024-07-27,2139,2708.5247,5793534.33,WH-014,"New York, NY",Delivered,Pass,Marie Harris,2024-12-30
ORD-00002068,SUP-00064,Mitchell Ltd,PRD-000162,Front-line local website,Chemicals,2023-10-27,2023-11-08,2023-11-05,4195,3127.0459,13117957.55,WH-012,"New York, NY",Ordered,Pending,,2025-08-30
ORD-00002069,SUP-00067,Brooks and Sons,PRD-000094,Reactive disintermediate methodology,Textiles,2026-02-21,2026-03-15,2026-03-23,3222,3543.1862,10389558.56,WH-012,"Chicago, IL",Returned,Pending,David Middleton,2025-07-16
ORD-00002070,,"Taylor, Adams and Donaldson",PRD-000106,Open-architected demand-driven frame,Machinery,2025-03-04,2025-04-16,,-4439,2987.1524,13259969.5,WH-009,"New York, NY",Ordered,Pending,,2025-01-20
ORD-00002071,SUP-00005,Williams LLC,PRD-000045,Balanced solution-oriented methodology,Textiles,2025-09-29,2025-11-12,2025-11-21,4540,8897.2666,40393590.36,WH-014,"Seattle, WA",In Transit,Pending,,2025-11-30
ORD-00002072,SUP-00058,"Browning, Wiley and Duran",PRD-000108,Advanced next generation Graphic Interface,Packaging,2026-02-04,2026-02-22,2026-03-05,3237,3339.2872,10809272.67,WH-012,"Dallas, TX",Cancelled,Pending,,2025-07-24
ORD-00002073,SUP-00039,"Wiley, Brown and Sampson",PRD-000199,Self-enabling user-facing collaboration,Food & Beverage,2026-01-13,2026-02-02,2026-01-31,2999,7435.0233,22297634.88,WH-009,"Seattle, WA",Returned,Pending,,2024-10-02
ORD-00002074,SUP-00064,Mitchell Ltd,PRD-000070,Intuitive dedicated functionalities,Machinery,2023-08-19,2023-09-29,2023-10-10,4959,6204.8044,30769625.02,WH-010,"New York, NY",Returned,Pass,Keith Bush,2024-07-07
ORD-00002075,SUP-00032,"Foster, Powell and Moore",PRD-000023,Total asymmetric hardware,Machinery,2025-12-15,2026-01-03,,3514,4211.2128,14798201.78,WH-011,"Dallas, TX",Ordered,,,2025-11-28
ORD-00002076,SUP-00042,Peters Group,PRD-000070,Intuitive dedicated functionalities,Chemicals,2024-11-20,2024-12-09,2024-12-14,2194,8823.3292,19358384.26,WH-014,"Seattle, WA",Ordered,,,2024-06-23
ORD-00002077,SUP-00012,"Hart, Hayes and Velez",PRD-000012,Up-sized actuating model,Textiles,2023-07-18,2023-09-13,2023-09-08,25,8739.5901,218489.75,WH-008,"Chicago, IL",In Transit,Pending,,2025-08-06
ORD-00002078,SUP-00015,"Nguyen, Cruz and Wilson",PRD-000142,Ergonomic executive customer loyalty,Textiles,2025-10-15,2025-11-12,2025-11-08,2997,6859.9423,20559247.07,WH-010,"Atlanta, GA",Ordered,Pending,,2025-02-24
ORD-00002079,SUP-00069,Thompson-Owens,PRD-000078,Devolved didactic instruction set,Chemicals,2025-07-01,2025-07-16,2025-07-25,1628,2296.24,3738278.72,WH-008,"Dallas, TX",Ordered,Pending,,2026-01-24
ORD-00002080,SUP-00016,Acosta and Sons,PRD-000147,Implemented content-based open architecture,Raw Materials,2023-09-15,2023-09-26,2023-09-26,3290,4203.2496,13828691.18,WH-006,"Dallas, TX",Delivered,Pending,,2024-09-03
ORD-00002081,SUP-00076,Roberts-Edwards,PRD-000082,Ergonomic methodical alliance,Electronics,2023-07-13,2023-09-08,2023-09-16,4981,7625.023,37980239.56,WH-003,"Chicago, IL",In Transit,Pending,,2024-07-01
ORD-00002082,SUP-00030,Shaw-Moore,PRD-000186,Enhanced asynchronous secured line,Electronics,2023-10-15,2023-11-24,2023-12-05,2451,6894.2013,16897687.39,WH-011,"Chicago, IL",Cancelled,Pending,,2024-07-30
ORD-00002083,SUP-00009,Burton Ltd,PRD-000015,Distributed 6thgeneration info-mediaries,Raw Materials,2025-05-14,2025-06-09,2025-06-17,174,8308.6689,1445708.39,WH-012,"Dallas, TX",Cancelled,,,2024-04-25
ORD-00002084,SUP-00057,Cohen PLC,PRD-000134,Cross-group neutral access,Raw Materials,2024-05-22,2024-05-31,2024-06-02,1535,3246.7541,4983767.54,WH-009,"Los Angeles, CA",Delivered,Pass,Brian Hebert,2025-04-28
ORD-00002085,SUP-00011,"Hatfield, Lyons and Richards",PRD-000031,Stand-alone systemic productivity,Food & Beverage,2024-11-10,2024-12-23,2024-12-19,3281,2862.3126,9391247.64,WH-013,"New York, NY",Cancelled,Pending,,2025-06-05
ORD-00002086,SUP-00043,"Johnson, Brown and Coleman",PRD-000058,Pre-emptive context-sensitive process improvement,Textiles,2025-05-11,2025-06-26,,1546,5388.9379,8331297.99,WH-005,"Chicago, IL",Delivered,Fail,Eric Wilson,2024-12-13
ORD-00002087,SUP-00027,"Ellis, Webb and Rivera",PRD-000158,Focused maximized focus group,Packaging,2023-12-14,2024-01-12,2024-01-08,4317,7807.795,33706251.02,WH-005,"Atlanta, GA",Ordered,Pending,,2025-06-19
ORD-00002088,SUP-00057,Cohen PLC,PRD-000165,Integrated 5thgeneration contingency,food & beverage,2025-12-07,2026-02-03,2026-02-10,1340,7630.4267,10224771.78,WH-005,"Atlanta, GA",Ordered,Pending,,2026-01-29
ORD-00002089,SUP-00008,"Barber, Davis and Barnett",PRD-000033,Streamlined methodical hierarchy,Textiles,2024-03-10,2024-04-05,2024-04-06,-4466,9971.3501,44532049.55,WH-007,"Seattle, WA",In Transit,Pending,,2024-08-16
ORD-00002090,SUP-00059,Campbell and Sons,PRD-000074,Reactive neutral collaboration,Raw Materials,2025-12-16,2026-01-23,,2250,1064.1307,2394294.07,WH-008,"Los Angeles, CA",Delivered,Pass,Ann Wilson,2025-08-05
ORD-00002091,SUP-00044,Pitts LLC,PRD-000116,Open-architected logistical matrices,Raw Materials,2025-01-01,2025-02-17,2025-02-26,1912,9766.244,18673058.53,WH-002,"New York, NY",In Transit,Pending,,2024-12-07
ORD-00002092,SUP-00071,"Robbins, Chapman and Morris",PRD-000176,Persistent clear-thinking adapter,Food & Beverage,2023-04-24,2023-06-05,2023-06-08,4672,422.5902,1974341.41,WH-010,"Atlanta, GA",Returned,Pass,Grace Schultz,2025-03-05
ORD-00002093,SUP-00053,"Osborn, Ryan and Garrett",PRD-000008,Optional zero-defect firmware,Raw Materials,2025-07-30,2025-08-31,2025-09-11,2228,3102.1351,6911557.0,WH-002,"Chicago, IL",Cancelled,Pending,,2024-07-03
ORD-00002094,SUP-00061,Greene-Osborne,PRD-000016,Automated didactic concept,Textiles,2023-07-26,2023-07-22,,872,820.2822,715286.08,WH-006,"Dallas, TX",Cancelled,Pending,,2024-07-16
ORD-00002095,SUP-00009,Burton Ltd,PRD-000124,Polarized modular hardware,Packaging,2024-09-14,2024-11-11,2024-11-25,1924,1724.5839,3318099.42,WH-006,"Atlanta, GA",Returned,Fail,Dr. Brittany Ramos,2026-04-02
ORD-00002096,SUP-00002,Jimenez Inc,PRD-000117,Grass-roots neutral database,Packaging,2023-12-02,2024-01-21,2024-01-16,3634,7499.6516,27253733.91,WH-004,"Los Angeles, CA",Delivered,Pending,Charles King,2025-10-05
ORD-00002097,SUP-00074,"Mcclain, Johnson and Gibson",PRD-000035,Programmable 6thgeneration open system,Chemicals,2024-10-01,2024-10-31,2024-11-14,1574,379.1436,596772.03,WH-011,"Los Angeles, CA",Ordered,,,2024-04-25
ORD-00002098,SUP-00010,Robertson and Sons,PRD-000136,Cloned multi-state success,Electronics,2024-08-07,2024-09-05,2024-09-22,1712,5317.0457,9102782.24,WH-012,"Atlanta, GA",Ordered,Pending,,2024-10-16
ORD-00002099,SUP-00059,Campbell and Sons,PRD-000037,Multi-channeled 3rdgeneration website,Raw Materials,2025-12-11,2025-12-17,2025-12-12,1486,5046.9246,7499729.96,WH-010,"New York, NY",In Transit,,,2026-03-30
ORD-00002100,SUP-00048,Morgan-Ware,PRD-000153,Function-based reciprocal firmware,Raw Materials,2023-05-25,2023-06-02,2023-06-05,1086,9994.191,10853691.43,WH-008,"New York, NY",Cancelled,Pending,,2025-04-13
